np_without_modification,surface_modification,size_tem,zeta_potential,incubation_protein_source,incubation_plasma_concentration,incubation_np_concentration,centrifugation_speed,centrifugation_time,centrifugation_temperature,np_type,np_shape,dispersion_medium,dispersion_medium_ph,size_dls,pdi,incubation_culture,incubation_time,incubation_temperature,centrifugation_repetitions,modification_type,P01871,P01024,P02647,P02649,P02768,P04004,P01834,P10909,P02652,P00734,P01009,P01042,P01857,P01859,P01023,P01619,P04196,P02656,P04114,P02787,P02766,P06396,P06727,P0C0L5,P02671,P08603,P02765,Q14624,P0DOY2,P01008,P68871,P01764,P04003,P0C0L4,P01876,P02749,P02675,P01860,P01011,P00747,P02774,P00751,P19823,P08697,P19827,P69905,P02760,P02748,P02679,P02790,B9A064,P07996,P05155,P01766,P12259,P00738,P02751,P02654,P04406,P00739,P02655,P00736,P07225,P05154,P09871,P60709,P03952,P02747,P05546,P02746,P27169,P01019,P35542,P04217,Q14520,P02743,P02763,P49908,O43866,P18428,P55056,P04264,P00748,P01591,P01861,Q92954,P02776,P0DJI8,P01031,P05156,P13671,Q03591,P06312,P00740,P01615,P00742,P04070,O14791,P05090,P02745,P00488,Q13103,P01877,P01700,P10643,Q9UK55,P03951,Q06033,Q96IY4,P13645,P04433,P07358,P27918,P05452,P20851,P07357,P07360,P01599,O95445,Q9BXR6,P02775,P02741,P35579,P15169,Q13790,P35858,P49747,P36955,P19652,P07737,P22891,P35908,P80748,P08514,P01593,Q04756,P06733,P23528,P63104,P18065,P08519,Q86UX7,P02753,Q5TB80,P22352,P00746,P35443,P62937,P10720,P48740,P25311,P43652,P35527,Q9Y490,P05106,P17936,P18206,P02788,P06702,P01701,Q6Q788,Q96PD5,Q9UGM5,O00391,P11142,P14618,P23142,P68366,P12814,P61224,Q13201,P67936,P0DOY3,P08709,P01034,P81605,P02533,P11226
PS,PEG,119.0,8.0,HP,80.0,822.2696,20000,60,25,other,sphere,water,7.0,119.0,2.5,water,1.0,37,1,Neutral,0.627216539,0.328085847,0.925258691,0.1428164,28.29049204,10.7819851,2.739201143,3.296315729,0.0,0.020899961,0.242744339,0.057692601,3.013077715,0.768291276,0.131495588,0.07249674,0.007184362,1.048916794,0.0,0.105370637,0.294341118,0.028084323,0.287156756,0.0,8.850915788,0.327650431,0.0,0.13867995,0.0,0.052032195,0.0,0.01153852,0.096226904,0.0,0.362265991,0.735852795,16.08012523,0.26255576,0.0,0.182656951,0.227722492,0.0,0.0,0.0,0.0,0.0,0.006966654,0.0,16.05269403,0.089477958,0.0,0.0,0.0,0.050072823,0.0,0.054209274,0.575837468,0.0,0.0,0.00522499,0.0,0.223150626,0.0,0.0,0.216837096,0.0,0.0,0.375328467,0.0,0.353775382,0.0,0.0,0.0,0.0,0.222279794,0.09448524,0.0,0.0,0.006095822,0.009796857,0.0,0.0,0.0,0.0,0.201162125,0.0,0.0,0.058345725,0.0,0.0,0.0,0.0,0.0,0.0,0.0,0.0,0.0,0.0,0.0,0.036574932,0.074020695,0.0,0.004354159,0.0,0.0,0.0,0.0,0.0,0.0,0.0,0.0,0.0,0.0,0.0,0.0,0.0,0.0,0.0,0.0,0.0,0.0,0.0,0.0,0.0,0.0,0.003265619,0.0,0.0,0.0,0.0,0.0,0.0,0.0,0.0,0.012844768,0.0,0.0,0.0,0.0,0.0,0.0,0.0,0.0,0.0,0.0,0.0,0.0,0.0,0.0,0.0,0.0,0.0,0.0,0.0,0.0,0.0,0.0,0.0,0.0,0.0,0.0,0.0,0.0,0.0,0.0,0.0,0.0,0.0,0.0,0.0,0.0,0.0,0.0,0.0,0.0,0.0,0.0,0.0
PS,PEG,117.0,14.0,HP,80.0,836.3325,20000,60,25,other,sphere,water,7.0,117.0,2.5,water,1.0,37,1,Neutral,1.545294627,0.89996404,17.11826849,1.319817675,2.68822952,5.667538122,2.470527636,33.97315658,0.397014374,0.0,0.179798431,0.0,1.293576823,1.17889458,0.0,0.303227625,0.0,5.317174152,0.111766592,0.0,0.242484912,0.0058313,1.909750906,0.067545897,1.873305278,0.093786749,0.0,0.064144305,0.0,0.019437668,0.0,0.0,0.110308767,0.084553857,0.376604822,0.212842467,3.120717639,0.311974576,0.0,0.0,0.037417511,0.0,0.028184619,0.0,0.0,0.0,0.011176659,0.103991525,2.965702234,0.0,0.0,0.0,0.018951727,0.155987288,0.0,0.0,3.086215778,0.0,0.0,0.050051996,0.276014889,0.878582605,0.0,0.0,0.676916797,0.103991525,0.0,2.42047564,0.0,2.314054406,0.006803184,0.0,0.022353318,0.0,0.0,0.0,0.0,0.0,0.069489664,0.004373475,0.109822826,0.114682243,0.0,0.01700796,0.027698677,0.0,0.0,0.060256772,0.0,0.0,0.0,0.0,0.0,0.0,0.026726794,0.0,0.0,0.016036076,0.032558094,0.740575161,0.0,0.0,0.016036076,0.0,0.0,0.0,0.0,0.0,0.0,0.014092309,0.0,0.0,0.197292333,0.0,0.0,0.0,0.003401592,0.0,0.0,0.0,0.0,0.0,0.0,0.0,0.0,0.040819103,0.0,0.0,0.0,0.003887534,0.0,0.0,0.0,0.0,0.0,0.0,0.0,0.0,0.0,0.0,0.0,0.0,0.0,0.0,0.0,0.0,0.0,0.0,0.0,0.0,0.0,0.0,0.009718834,0.0,0.0,0.0,0.0,0.0,0.0,0.0,0.008261009,0.0,0.0,0.0,0.0,0.0,0.0,0.0,0.0,0.0,0.0,0.0,0.0,0.0,0.0,0.0,0.0,0.0
PS,NH2,106.0,46.0,HP,80.0,923.114,20000,60,25,other,sphere,water,7.0,106.0,2.5,water,1.0,37,1,Anionic,2.35222229,0.99917407,12.28151461,0.682903245,0.428409312,3.92753302,2.637604668,52.29951049,0.053047548,0.0,0.073863675,0.0,1.269112226,1.116012973,0.014101247,0.43243824,0.004700416,4.533886639,0.040960765,0.004028928,0.3176138,0.0,1.038791859,0.096022777,1.249639075,0.07520665,0.0,0.020144639,0.0,0.034917373,0.0,0.0,0.118181879,0.055062012,0.364617957,0.089307897,2.000362603,0.349173734,0.0,0.0,0.0,0.0,0.068491771,0.0,0.0,0.0,0.0,0.05909094,2.064825447,0.0,0.0,0.0,0.087964921,0.215547632,0.0,0.0,2.761829939,0.0,0.0,0.059762428,0.235692271,0.756095432,0.0,0.0,0.637242065,0.076549626,0.0,0.78295495,0.0,1.065651377,0.0,0.0,0.0,0.0,0.0,0.004028928,0.0,0.0,0.119524855,0.0,0.0,0.122210807,0.0,0.092665337,0.0,0.0,0.0,0.038946301,0.0,0.0,0.0,0.0,0.0,0.0,0.166529012,0.0,0.0,0.0,0.05237606,0.201446385,0.0,0.0,0.015444223,0.0,0.0,0.0,0.0,0.0,0.0,0.008057855,0.0,0.0,0.157799668,0.0,0.0,0.0,0.0,0.0,0.0,0.0,0.0,0.0,0.0,0.0,0.0,0.00335744,0.0,0.0,0.0,0.0,0.0,0.023502078,0.0,0.0,0.0,0.0,0.0,0.0,0.0,0.0,0.0,0.0,0.0,0.0,0.0,0.0,0.0,0.0,0.0,0.0,0.0,0.0,0.036931837,0.0,0.0,0.0,0.0,0.0,0.0,0.0,0.0,0.0,0.0,0.0,0.0,0.0,0.0,0.0,0.0,0.0,0.0,0.0,0.0,0.0,0.0,0.0,0.0,0.0
PS,COOH,40.0,-43.5,HP,10.0,40.0,250,3,25,other,sphere,PBS,7.4,73.7,0.06,buffer,1.0,25,1,Anionic,3.2446269,0.3799306,1.3819722,3.8981574,4.8598362,3.4837138,1.8593206,0.2297801,0.0,0.0,0.1358354,11.7692691,0.8439808,0.265254,0.0,0.0,32.8407316,0.0,0.5479104,0.3295248,0.0,0.0814874,0.0,0.0,0.52807,0.1962618,0.0,3.0956702,0.0,0.0,0.0,0.0,0.2273007,0.2667553,0.2697579,0.0,0.7718863,0.0,0.0,0.679939,0.0,0.0,0.0,0.0,0.0,0.0,1.0743974,0.0,0.86271,0.0,0.0,0.0,0.679114,0.7199598,0.0,0.0,0.0410947,0.0,0.0,0.0,0.0,0.0,0.0,3.6394848,0.0,0.2433764,3.2913118,0.0,0.0,0.5939523,0.0,0.0,0.0,0.0,0.0,0.0,0.0,0.1433308,0.0,0.1189217,0.0,4.3066237,0.0,0.0,0.0,0.0,0.0,0.0,0.0,0.0,0.0,0.0,0.0,0.0,0.0,0.0,0.0,0.0,0.0,0.0,0.0,0.0,0.0,0.0,0.0,0.0,1.1953017,0.0,0.0,2.3849152,0.0,0.0,0.0,0.0,0.0,0.0,0.0,0.0,0.0,0.0,0.0,0.0,0.0,0.0,0.0,0.0,0.0,0.0,0.0,0.0,0.0,2.2799809,0.0,0.0,0.0,0.3143667,0.0,0.0,0.0,0.0,0.0,0.0,0.0,0.0,0.0,0.0,0.0,0.0,0.0,0.0,0.0,0.0,1.9536684,0.0,0.0,0.0,0.0,0.0,0.0,0.0,0.0,0.0,0.0,0.0,0.0,0.0,0.0,0.0,0.0,0.0,0.0,0.0,0.0,0.0,0.0,0.0,0.2093097,0.0
PS,COOH,40.0,-43.5,HP,25.0,40.0,250,3,25,other,sphere,PBS,7.4,73.7,0.06,buffer,1.0,25,1,Anionic,6.07,0.27,0.06,1.39,0.89,1.47,0.24,0.05,0.0,0.0,0.0,9.01,0.0,0.0,0.0,0.09,43.4,0.0,3.82,0.0,0.0,0.0,0.0,0.0,0.63,0.24,0.0,1.06,0.0,0.0,0.0,0.0,0.09,0.44,0.44,0.0,0.33,0.0,0.0,1.29,0.0,0.0,0.0,0.0,0.0,0.0,0.06,0.0,0.76,0.0,0.0,0.0,0.06,0.15,0.0,0.0,0.41,0.0,0.0,0.0,0.0,0.0,0.0,0.9,0.0,0.42,3.38,0.09,0.0,0.14,0.0,0.0,0.0,0.0,0.0,0.0,0.0,0.13,0.0,0.0,0.0,6.23,0.0,0.0,0.0,0.0,0.0,0.0,0.0,0.0,0.0,0.0,0.15,0.0,0.0,0.0,0.0,0.0,0.0,0.0,0.0,0.0,0.0,0.0,0.0,0.0,1.23,0.0,0.0,5.96,0.09,0.0,0.0,0.0,0.0,0.0,0.0,0.0,0.0,0.0,0.0,0.0,0.0,0.0,0.0,0.0,0.0,0.0,0.0,0.0,0.0,3.8,0.0,0.0,0.05,0.06,0.0,0.0,0.0,0.0,1.08,0.0,0.0,0.0,0.0,0.0,0.0,0.0,0.0,0.0,0.0,0.0,1.44,0.0,0.0,0.0,0.0,0.0,0.0,0.0,0.0,0.0,0.0,0.0,0.0,0.0,0.0,0.0,0.0,0.0,0.0,0.0,0.0,0.0,0.0,0.0,0.17,0.0
PS,COOH,40.0,-43.5,HP,55.0,40.0,250,3,25,other,sphere,PBS,7.4,73.7,0.06,buffer,1.0,25,1,Anionic,8.4423039,0.1489602,0.1471183,2.8564419,1.0960737,1.4467027,2.7834084,0.0,0.0,0.0,0.0,6.7533681,0.0,0.0,0.0,0.4427929,35.9973273,0.0,1.1685881,0.0,0.0,0.0,0.0,0.0,0.3001983,0.6651419,0.0,0.3317689,0.0,0.0,0.0,0.604266,0.4554189,0.269509,0.0,0.0,0.0348291,0.0,0.0,0.601628,0.0,0.0,0.0,0.0,0.0,0.0,0.0,0.0,1.7993991,0.0,0.0,0.0,0.0,0.4940457,0.0,0.0,0.4439008,0.0,0.0,0.0,0.0,0.0,0.0,0.7824506,0.0,0.4436291,1.2073623,0.2835582,0.0,1.8832076,0.0,0.0,0.0,0.0,0.0,0.0,0.0,0.0581118,0.0,0.0,0.0,7.5407207,0.0,0.2427572,0.0,0.0,0.0,0.0,0.0,0.0,0.0,0.0,1.3483916,0.0,0.0,0.0,0.0,0.0,0.0,0.0,0.0,0.0,0.0,0.0,0.0,0.0,1.2923229,0.0,0.0,6.6342644,0.081992,0.0,0.0,0.0,0.0,0.0,0.0,0.0,0.0,0.0,0.0,0.0,0.0335622,0.0,0.0,0.0,0.0,0.0,0.0,0.0,0.0,3.5632194,0.0,0.1812574,0.0,0.0,0.0,0.0,0.0,0.0,0.2161169,0.0,0.0,0.0,0.0,0.0,0.0,0.0,0.0,0.0,0.0,0.0,1.2351914,0.0,0.0,0.0,0.0,0.0,0.0,0.0,0.0,0.0,0.0,0.0,0.0,0.0,0.0,0.0,0.0,0.0,0.0,0.0,0.0,0.0,0.0,0.0,0.7128987,0.0
PS,COOH,40.0,-43.5,HP,75.0,40.0,250,3,25,other,sphere,PBS,7.4,73.7,0.06,buffer,1.0,25,1,Anionic,6.57,0.44,0.24,1.63,1.2,1.24,0.51,0.0,0.0,0.0,0.0,7.67,0.0,0.0,0.0,0.36,33.85,0.0,9.51,0.0,0.0,0.0,0.0,0.0,0.45,0.19,0.0,0.27,0.0,0.0,0.0,0.12,0.3,0.82,0.0,0.0,0.17,0.0,0.0,0.86,0.0,0.0,0.0,0.0,0.0,0.0,0.0,0.0,0.38,0.0,0.0,0.0,0.0,0.24,0.0,0.0,1.84,0.0,0.0,0.0,0.0,0.0,0.0,0.33,0.0,0.32,1.36,0.3,0.0,0.35,0.0,0.0,0.0,0.0,0.0,0.0,0.0,0.13,0.0,0.0,0.0,7.86,0.0,0.19,0.0,0.0,0.0,0.0,0.0,0.0,0.0,0.0,0.27,0.0,0.0,0.0,0.0,0.0,0.0,0.0,0.0,0.0,0.0,0.0,0.0,0.0,1.43,0.0,0.0,6.16,0.18,0.0,0.0,0.0,0.0,0.0,0.0,0.0,0.0,0.0,0.0,0.0,0.12,0.0,0.0,0.0,0.0,0.0,0.0,0.0,0.0,3.68,0.0,0.16,0.0,0.0,0.0,0.0,0.0,0.0,1.71,0.0,0.0,0.0,0.0,0.0,0.0,0.0,0.0,0.0,0.0,0.0,1.21,0.0,0.0,0.0,0.0,0.0,0.0,0.0,0.0,0.0,0.0,0.0,0.0,0.0,0.0,0.0,0.0,0.0,0.0,0.0,0.0,0.0,0.0,0.0,0.29,0.0
PS,COOH,100.0,-53.2,HP,10.0,5.0,250,3,25,other,sphere,PBS,7.4,116.3,0.05,buffer,1.0,25,1,Anionic,0.12,0.0,0.25,0.0,1.13,38.75,0.0,0.13,0.0,0.0,0.0,10.61,0.0,0.11,0.0,0.0,17.57,0.0,0.05,0.0,0.0,0.69,0.24,0.0,0.82,0.0,0.0,4.39,0.0,0.0,0.0,0.0,0.0,0.0,0.0,0.35,3.0,0.0,0.0,0.02,0.0,0.0,0.0,0.0,0.0,0.0,0.5,0.0,0.87,0.0,0.0,0.0,0.0,0.0,0.0,0.0,0.0,0.0,0.0,0.0,0.0,0.0,0.0,1.12,0.0,0.62,9.98,0.0,0.0,0.0,0.0,0.0,0.0,0.0,0.0,0.0,0.0,0.0,0.0,0.0,0.0,1.22,0.0,0.0,0.0,0.0,0.0,0.0,0.0,0.0,0.0,0.0,0.0,0.0,0.0,0.0,0.0,0.0,0.0,0.0,0.0,0.0,0.0,0.0,0.0,0.0,2.18,0.0,0.0,0.08,0.0,0.0,0.0,0.0,0.0,0.0,0.0,0.0,0.0,0.0,0.0,0.0,0.0,0.0,0.0,0.0,0.0,0.0,0.0,0.0,0.0,0.17,0.0,0.0,0.0,3.11,0.0,0.0,0.0,0.0,0.0,0.0,0.0,0.0,0.0,0.0,0.0,0.0,0.0,0.0,0.0,0.0,0.0,0.0,0.0,0.0,0.0,0.0,0.0,0.0,0.0,0.0,0.0,0.0,0.0,0.0,0.0,0.0,0.0,0.0,0.0,0.0,0.0,0.0,0.0,0.0,0.0,0.0
zeolite,none,13.0,-35.0,HP,10.0,100.0,10000,20,25,other,sphere,water,7.5,13.0,0.126944444,water,1.0,25,5,Neutral,1.66,2.43,4.93,1.62,4.21,1.08,6.03,0.0,4.18,0.0,0.0,0.0,3.88,1.63,0.0,7.95,0.39,0.0,0.43,0.46,0.0,0.55,1.8,0.73,4.3,0.59,0.0,0.11,4.15,0.67,0.0,0.01,0.87,0.73,1.55,0.31,2.92,1.98,0.0,0.39,0.0,0.96,0.22,0.0,0.35,0.0,0.0,0.55,4.08,0.0,1.01,0.0,0.0,0.88,0.0,0.0,0.27,1.25,0.0,0.0,0.0,0.0,0.0,0.0,0.31,0.0,0.0,0.0,0.0,0.0,0.0,0.0,0.0,0.0,0.0,0.0,0.0,0.0,0.0,0.0,0.0,0.0,0.0,0.0,0.0,0.0,0.0,0.0,0.0,0.0,0.0,0.0,0.0,0.0,0.93,0.0,0.0,0.0,0.0,0.0,0.0,0.0,0.0,4.95,0.0,0.0,0.0,0.0,0.0,0.0,0.93,0.0,0.0,0.0,0.0,0.0,0.0,1.98,0.0,0.0,0.0,0.0,0.0,0.0,0.0,0.18,0.0,0.0,0.0,0.0,0.0,0.0,2.94,0.0,5.92,0.0,0.0,0.0,0.0,0.0,0.0,0.0,0.0,0.0,0.0,0.0,0.0,0.0,0.0,0.0,0.0,0.0,0.0,0.0,0.0,0.0,0.0,0.0,0.0,0.0,0.0,0.0,0.0,0.0,0.0,0.0,0.3,0.0,0.0,0.0,0.0,0.0,0.0,0.0,0.0,0.0,0.0,0.0
zeolite,none,13.0,-35.0,HP,10.0,100.0,10000,20,25,other,sphere,water,7.5,13.0,0.126944444,water,1.0,25,5,Neutral,1.59,2.31,5.96,2.17,3.21,0.96,4.51,0.0,4.69,0.0,0.0,0.36,3.99,1.82,0.08,6.68,0.44,0.0,0.28,0.0,0.82,0.92,0.58,0.61,5.1,0.66,0.0,0.0,4.64,0.0,0.0,0.04,0.78,0.61,1.74,0.34,3.04,2.22,0.0,0.72,0.0,1.23,0.25,0.0,0.0,0.0,0.0,0.21,3.81,0.0,1.14,0.0,0.0,0.99,0.0,0.0,0.15,0.0,0.0,0.34,0.0,0.0,0.0,0.0,0.0,0.0,0.0,0.0,0.0,0.98,0.0,0.0,0.0,0.0,0.0,0.0,0.0,0.0,0.0,0.0,0.0,0.0,0.0,0.72,0.0,0.0,0.0,0.0,0.14,0.2,0.0,0.0,1.04,0.0,1.04,0.0,0.0,0.0,0.0,0.0,0.0,0.0,0.0,5.55,0.0,0.0,0.0,0.0,0.0,0.0,1.04,0.0,0.0,0.0,0.0,0.2,0.0,2.22,0.0,0.0,0.0,0.0,0.0,0.0,0.0,0.2,0.0,0.0,0.0,0.0,0.0,0.0,2.19,0.0,5.53,0.0,0.0,0.0,0.0,0.0,0.0,0.0,0.0,0.0,0.0,0.0,0.0,0.0,0.0,0.0,0.0,0.0,0.0,0.0,0.0,0.0,0.0,0.0,0.0,0.0,0.0,0.0,0.0,0.0,0.0,0.0,0.0,0.0,0.0,0.0,0.0,0.0,0.0,0.0,0.0,0.0,0.0,0.0
zeolite,none,13.0,-35.0,HP,10.0,100.0,10000,20,25,other,sphere,water,7.5,13.0,0.126944444,water,1.0,25,5,Neutral,2.13,1.89,5.12,2.54,4.16,1.21,5.65,0.75,4.7,0.0,0.0,0.0,4.0,1.83,0.08,6.69,0.22,0.0,0.26,0.51,0.83,0.46,0.87,0.55,4.7,0.85,0.0,0.0,4.65,0.0,0.0,0.04,0.98,0.55,1.39,0.34,3.29,2.23,0.0,0.58,0.0,1.07,0.0,0.0,0.26,0.0,0.0,0.21,4.33,0.0,1.71,0.0,0.0,0.99,0.0,0.29,0.25,0.0,0.0,0.0,0.0,0.0,0.0,0.0,0.51,0.0,0.0,0.0,0.0,0.98,0.0,0.0,0.0,0.0,0.0,0.0,0.0,0.0,0.0,0.0,0.0,0.0,0.0,0.73,0.0,0.0,0.0,0.0,0.0,0.0,0.0,0.0,0.0,0.0,1.05,0.0,0.0,0.0,0.0,0.0,0.0,0.0,0.0,3.34,0.0,0.0,0.0,0.0,0.0,0.0,0.0,0.0,0.0,0.0,0.0,0.2,0.0,2.22,0.0,0.0,0.0,0.0,0.0,0.0,0.0,0.2,0.0,0.0,0.0,0.0,0.0,0.0,0.0,0.0,5.54,0.0,0.0,0.0,0.0,0.0,0.0,0.0,0.0,0.0,0.0,0.0,0.0,0.0,0.0,0.0,0.0,0.0,0.0,0.0,0.0,0.0,0.0,0.0,0.0,0.0,0.0,0.0,0.0,0.0,0.0,0.0,0.0,0.0,0.0,0.0,0.0,0.0,0.0,0.0,0.0,0.0,0.0,0.0
zeolite,none,13.0,-35.0,HP,10.0,100.0,10000,20,25,other,sphere,water,7.5,13.0,0.126944444,water,1.0,25,5,Neutral,2.62,2.76,1.05,0.0,3.73,0.6,13.91,0.62,0.0,0.0,0.0,0.45,3.58,0.0,0.0,0.0,0.0,0.0,0.44,0.0,0.0,1.13,0.71,0.5,3.74,0.0,0.0,0.0,5.74,0.0,0.0,0.09,0.0,0.0,0.0,0.0,2.31,0.0,0.0,0.36,0.0,0.38,0.0,0.0,0.64,0.0,0.0,0.0,6.9,0.0,1.4,0.0,0.0,2.44,0.0,0.0,0.12,0.0,0.0,0.0,0.0,0.0,0.0,0.0,0.0,0.0,0.0,0.0,0.0,2.42,0.0,0.0,0.0,0.0,0.0,0.0,0.0,0.0,0.0,0.0,0.0,0.0,0.0,0.0,0.0,0.0,0.0,0.0,0.0,0.0,0.0,0.0,0.0,0.0,0.0,0.0,0.0,0.0,0.0,0.0,0.0,0.0,0.0,0.0,0.0,0.0,0.0,0.0,0.0,0.0,0.0,0.0,0.0,0.0,0.0,0.0,0.0,5.46,0.0,0.0,0.0,0.0,0.0,0.0,0.0,0.0,0.0,0.0,0.0,0.0,0.0,0.0,2.71,0.0,13.64,0.0,0.0,0.0,0.0,0.0,0.0,0.0,0.0,0.0,0.0,0.0,0.0,0.0,0.0,0.0,0.0,0.0,0.0,0.0,0.0,0.0,0.0,0.0,0.0,0.0,0.0,0.0,0.0,0.0,0.0,0.0,0.0,0.0,0.0,0.0,0.0,0.0,0.0,0.0,0.0,0.0,0.0,0.0
zeolite,none,13.0,-35.0,HP,100.0,100.0,10000,20,25,other,sphere,water,7.5,13.0,0.126944444,water,1.0,25,5,Neutral,3.627,2.227,0.0,6.917,4.807,6.14,0.0,0.0,0.0,0.0,0.0,0.0,0.0,0.0,0.0,0.0,0.0,0.0,0.0,0.0,0.0,5.836,0.0,0.0,17.554,0.599,0.0,0.0,0.0,0.0,0.0,0.0,0.0,0.0,0.0,0.0,22.357,0.0,0.0,0.0,0.0,0.0,0.0,0.0,0.0,0.0,0.0,0.0,24.274,0.0,0.0,0.0,0.0,0.0,0.0,0.0,0.0,0.0,0.0,0.0,0.0,0.0,0.0,0.0,0.0,0.0,0.0,0.0,0.0,0.0,0.0,0.0,5.653,0.0,0.0,0.0,0.0,0.008,0.0,0.0,0.0,0.0,0.0,0.0,0.0,0.0,0.0,0.0,0.0,0.0,0.0,0.0,0.0,0.0,0.0,0.0,0.0,0.0,0.0,0.0,0.0,0.0,0.0,0.0,0.0,0.0,0.0,0.0,0.0,0.0,0.0,0.0,0.0,0.0,0.0,0.0,0.0,0.0,0.0,0.0,0.0,0.0,0.0,0.0,0.0,0.0,0.0,0.0,0.0,0.0,0.0,0.0,0.0,0.0,0.0,0.0,0.0,0.0,0.0,0.0,0.0,0.0,0.0,0.0,0.0,0.0,0.0,0.0,0.0,0.0,0.0,0.0,0.0,0.0,0.0,0.0,0.0,0.0,0.0,0.0,0.0,0.0,0.0,0.0,0.0,0.0,0.0,0.0,0.0,0.0,0.0,0.0,0.0,0.0,0.0,0.0,0.0,0.0
zeolite,none,13.0,-35.0,HP,100.0,100.0,10000,20,25,other,sphere,water,7.5,13.0,0.126944444,water,1.0,25,5,Neutral,0.0,4.519,0.0,5.848,4.572,1.947,0.0,0.0,0.0,0.0,0.0,0.0,2.928,0.0,0.0,0.0,0.0,0.0,0.41,0.0,0.0,4.934,0.0,0.0,14.47,0.0,0.0,0.0,0.0,0.0,0.0,0.0,0.0,0.0,0.0,0.0,30.243,2.56,0.0,0.0,0.0,0.0,0.0,0.0,0.0,0.0,0.0,0.0,24.627,0.0,0.0,0.0,0.0,0.0,0.0,0.0,0.0,0.0,0.0,0.0,0.0,0.0,0.0,0.0,0.0,0.0,0.0,0.0,0.0,0.0,0.0,0.0,0.0,0.0,0.0,0.0,0.0,0.0,0.0,0.0,0.0,0.0,0.0,0.0,2.941,0.0,0.0,0.0,0.0,0.0,0.0,0.0,0.0,0.0,0.0,0.0,0.0,0.0,0.0,0.0,0.0,0.0,0.0,0.0,0.0,0.0,0.0,0.0,0.0,0.0,0.0,0.0,0.0,0.0,0.0,0.0,0.0,0.0,0.0,0.0,0.0,0.0,0.0,0.0,0.0,0.0,0.0,0.0,0.0,0.0,0.0,0.0,0.0,0.0,0.0,0.0,0.0,0.0,0.0,0.0,0.0,0.0,0.0,0.0,0.0,0.0,0.0,0.0,0.0,0.0,0.0,0.0,0.0,0.0,0.0,0.0,0.0,0.0,0.0,0.0,0.0,0.0,0.0,0.0,0.0,0.0,0.0,0.0,0.0,0.0,0.0,0.0,0.0,0.0,0.0,0.0,0.0,0.0
zeolite,none,13.0,-35.0,HP,100.0,100.0,10000,20,25,other,sphere,water,7.5,13.0,0.126944444,water,1.0,25,5,Neutral,0.0,6.452,0.0,6.072,3.165,2.021,0.0,0.0,9.823,0.0,0.0,0.0,0.0,0.0,0.0,0.0,0.0,0.0,0.426,0.0,0.0,5.124,0.0,0.0,13.869,0.0,0.0,0.0,0.0,0.0,0.0,0.0,0.0,0.0,0.0,0.0,27.477,0.0,0.0,0.0,0.0,0.0,0.0,0.0,0.0,0.0,0.0,0.0,25.571,0.0,0.0,0.0,0.0,0.0,0.0,0.0,0.0,0.0,0.0,0.0,0.0,0.0,0.0,0.0,0.0,0.0,0.0,0.0,0.0,0.0,0.0,0.0,0.0,0.0,0.0,0.0,0.0,0.0,0.0,0.0,0.0,0.0,0.0,0.0,0.0,0.0,0.0,0.0,0.0,0.0,0.0,0.0,0.0,0.0,0.0,0.0,0.0,0.0,0.0,0.0,0.0,0.0,0.0,0.0,0.0,0.0,0.0,0.0,0.0,0.0,0.0,0.0,0.0,0.0,0.0,0.0,0.0,0.0,0.0,0.0,0.0,0.0,0.0,0.0,0.0,0.0,0.0,0.0,0.0,0.0,0.0,0.0,0.0,0.0,0.0,0.0,0.0,0.0,0.0,0.0,0.0,0.0,0.0,0.0,0.0,0.0,0.0,0.0,0.0,0.0,0.0,0.0,0.0,0.0,0.0,0.0,0.0,0.0,0.0,0.0,0.0,0.0,0.0,0.0,0.0,0.0,0.0,0.0,0.0,0.0,0.0,0.0,0.0,0.0,0.0,0.0,0.0,0.0
zeolite,none,13.0,-35.0,HP,100.0,100.0,10000,20,25,other,sphere,water,7.5,13.0,0.126944444,water,1.0,25,5,Neutral,0.0,5.026,0.0,5.203,4.068,1.732,0.0,0.0,8.417,0.0,0.0,0.0,2.605,0.0,0.0,0.0,0.0,0.0,0.547,0.0,0.0,3.293,0.0,0.0,13.865,0.0,0.0,0.0,0.0,0.0,0.0,0.0,0.0,0.0,0.0,0.0,26.909,2.278,0.0,0.0,0.0,0.0,0.0,0.0,0.0,0.0,0.0,0.0,20.086,0.0,0.0,0.0,0.0,0.0,0.0,0.0,0.0,0.0,0.0,0.0,0.0,0.0,0.0,0.0,0.0,0.0,0.0,0.0,0.0,0.0,0.0,0.0,0.0,0.0,0.0,0.0,0.0,0.0,0.0,0.0,0.0,0.0,0.0,0.0,2.617,0.0,0.0,0.0,0.0,0.0,0.0,0.0,0.0,0.0,0.0,0.0,0.0,0.0,0.0,0.0,0.0,0.0,0.0,0.0,0.0,0.0,0.0,0.0,0.0,0.0,0.0,0.0,0.0,0.0,0.0,0.0,0.0,0.0,0.0,0.0,0.0,0.0,0.0,0.0,0.0,0.0,0.0,0.0,0.0,0.0,0.0,0.0,0.0,0.0,0.0,0.0,0.0,0.0,0.0,0.0,0.0,0.0,0.0,0.0,0.0,0.0,0.0,0.0,0.0,0.0,0.0,0.0,0.0,0.0,0.0,0.0,0.0,0.0,0.0,0.0,0.0,0.0,0.0,0.0,0.0,0.0,0.0,0.0,0.0,0.0,0.0,0.0,0.0,0.0,0.0,0.0,0.0,0.0
SiO2,none,95.0,-13.5,FBS,10.0,1000.0,16000,20,25,other,sphere,PBS,7.4,118.0,0.02,buffer,1.0,37,1,Neutral,0.0,1.71,0.0,2.81,4.56,0.0,2.19,0.0,0.0,0.0,1.87,0.0,1.49,1.65,1.33,2.17,1.33,0.0,1.65,2.71,2.14,0.0,2.24,0.0,0.0,0.0,0.0,0.0,0.0,1.67,1.41,0.0,0.0,0.0,0.0,0.0,0.0,1.44,0.0,0.0,0.0,0.0,0.0,0.0,0.0,0.0,0.0,0.0,0.0,0.0,0.0,0.0,0.0,1.5,0.0,2.31,0.0,0.0,0.0,1.67,0.0,0.0,0.0,0.0,0.0,0.0,0.0,0.0,0.0,0.0,0.0,0.0,1.92,0.0,0.0,0.0,0.0,0.0,0.0,0.0,0.0,0.0,0.0,0.0,0.0,0.0,0.0,0.0,0.0,0.0,0.0,0.0,0.0,0.0,0.0,0.0,0.0,0.0,1.59,0.0,0.0,0.0,0.0,0.0,0.0,0.0,0.0,0.0,0.0,0.0,0.0,0.0,0.0,1.76,0.0,0.0,0.0,0.0,0.0,0.0,0.0,0.0,0.0,0.0,0.0,0.0,0.0,0.0,0.0,0.0,0.0,0.0,0.0,0.0,0.0,0.0,0.0,0.0,0.0,0.0,0.0,0.0,0.0,0.0,0.0,0.0,0.0,0.0,0.0,0.0,0.0,0.0,0.0,0.0,0.0,0.0,0.0,0.0,0.0,0.0,0.0,0.0,0.0,0.0,0.0,0.0,0.0,0.0,0.0,0.0,0.0,0.0,0.0,0.0,0.0,0.0,0.0,0.0
SiO2,none,95.0,-13.5,FBS,30.0,1000.0,16000,20,25,other,sphere,PBS,7.4,118.0,0.02,buffer,1.0,37,1,Neutral,0.0,1.72,0.0,2.93,7.07,0.0,0.0,0.0,0.0,0.0,2.46,0.0,2.2,2.34,1.25,3.76,1.48,0.0,0.99,3.96,1.95,0.0,6.46,0.0,0.0,0.0,0.0,0.0,0.0,1.34,1.93,0.0,0.0,0.0,0.0,0.0,0.0,1.93,0.0,0.0,0.0,0.0,0.0,0.0,0.0,0.0,0.0,0.0,0.0,0.0,0.0,0.0,0.0,2.01,0.0,3.13,0.0,0.0,0.0,3.13,0.0,0.0,0.0,0.0,0.0,0.0,0.0,0.0,0.0,0.0,0.0,0.0,1.5,0.0,0.0,0.0,0.0,0.0,0.0,0.0,0.0,0.0,0.0,0.0,0.0,0.0,0.0,0.0,0.0,0.0,0.0,0.0,0.0,0.0,0.0,0.0,0.0,0.0,1.45,0.0,0.0,0.0,0.0,0.0,0.0,0.0,0.0,0.0,0.0,0.0,0.0,0.0,0.0,0.98,0.0,0.0,0.0,0.0,0.0,0.0,0.0,0.0,0.0,0.0,0.0,0.0,0.0,0.0,0.0,0.0,0.0,0.0,0.0,0.0,0.0,0.0,0.0,0.0,0.0,0.0,0.0,0.0,0.0,0.0,0.0,0.0,0.0,0.0,0.0,0.0,0.0,0.0,0.0,0.0,0.0,0.0,0.0,0.0,0.0,0.0,0.0,0.0,0.0,0.0,0.0,0.0,0.0,0.0,0.0,0.0,0.0,0.0,0.0,0.0,0.0,0.0,0.0,0.0
SiO2,none,95.0,-13.5,FBS,50.0,1000.0,16000,20,25,other,sphere,PBS,7.4,118.0,0.02,buffer,1.0,37,1,Neutral,0.0,2.11,0.0,2.57,6.76,0.0,3.67,0.0,0.0,0.0,2.65,0.0,2.04,2.05,1.52,3.96,1.43,0.0,1.18,3.92,0.0,0.0,5.16,0.0,0.0,0.0,0.0,0.0,0.0,1.62,0.0,0.0,0.0,0.0,0.0,0.0,0.0,1.97,0.0,0.0,0.0,0.0,0.0,0.0,0.0,0.0,0.0,0.0,0.0,0.0,0.0,0.0,0.0,2.34,0.0,1.97,0.0,0.0,0.0,1.97,0.0,0.0,0.0,0.0,0.0,0.0,0.0,0.0,0.0,0.0,0.0,0.0,1.22,0.0,0.0,0.0,0.0,0.0,0.0,0.0,0.0,0.0,0.0,0.0,0.0,0.0,0.0,0.0,0.0,0.0,0.0,0.0,0.0,0.0,0.0,0.0,0.0,0.0,1.27,0.0,0.0,0.0,0.0,0.0,0.0,0.0,0.0,0.0,0.0,0.0,0.0,0.0,0.0,0.69,0.0,0.0,0.0,0.0,0.0,0.0,0.0,0.0,0.0,0.0,0.0,0.0,0.0,0.0,0.0,0.0,0.0,0.0,0.0,0.0,0.0,0.0,0.0,0.0,0.0,0.0,0.0,0.0,0.0,0.0,0.0,0.0,0.0,0.0,0.0,0.0,0.0,0.0,0.0,0.0,0.0,0.0,0.0,0.0,0.0,0.0,0.0,0.0,0.0,0.0,0.0,0.0,0.0,0.0,0.0,0.0,0.0,0.0,0.0,0.0,0.0,0.0,0.0,0.0
PS,none,204.0,-13.5,FBS,80.0,1000.0,20000,20,25,other,sphere,PBS,7.4,240.0,0.02,buffer,1.0,37,3,Neutral,3.64,2.74,0.0,9.22,9.24,7.55,4.42,0.0,0.0,0.0,0.0,0.0,0.0,0.0,0.0,0.0,4.3,0.0,0.0,0.0,0.0,2.09,0.0,0.66,0.0,0.0,1.96,4.71,0.0,0.0,0.0,3.88,0.0,0.0,2.72,2.68,0.0,0.0,0.0,0.0,0.0,0.6,0.0,0.0,0.0,0.0,0.0,0.0,0.0,0.0,0.0,0.0,2.32,0.0,0.0,0.0,0.0,0.0,0.0,0.0,0.0,0.0,0.0,4.49,0.0,7.98,0.0,0.0,0.0,0.0,0.0,0.0,0.0,0.0,0.0,0.0,0.0,3.56,0.0,0.0,0.0,0.0,2.65,0.0,0.0,0.0,0.0,0.0,0.0,0.0,0.0,0.0,0.0,0.0,1.74,0.0,0.0,0.0,0.0,0.0,0.0,0.0,0.0,0.0,0.0,0.0,4.39,0.0,0.0,0.0,0.0,0.0,0.0,0.0,0.0,0.0,0.0,0.0,0.0,0.0,0.0,2.05,1.02,0.0,0.0,0.0,0.0,0.0,0.0,0.0,0.0,0.0,0.0,0.0,0.0,0.0,0.0,0.0,0.0,0.0,0.0,0.0,0.0,0.0,0.0,0.0,0.0,0.0,0.0,0.0,0.0,0.0,0.0,0.0,0.0,0.0,0.83,0.0,0.0,0.0,0.0,0.0,0.0,0.0,0.0,0.0,0.0,0.0,0.0,0.0,0.0,0.0,0.0,0.0,0.0,0.0,0.0,0.0
SiO2,none,79.0,-13.5,FBS,80.0,1000.0,20000,20,25,other,sphere,PBS,7.4,112.0,0.02,buffer,1.0,37,3,Neutral,0.0,2.47,11.14,9.48,5.89,3.64,3.41,2.41,0.0,0.0,0.0,0.0,0.0,0.0,0.73,0.0,2.43,0.0,0.9,2.57,0.0,1.23,0.0,1.3,0.0,0.0,0.0,0.0,0.0,0.0,0.0,5.98,0.0,2.28,3.5,0.0,0.0,0.0,0.0,0.0,0.0,0.0,0.0,0.0,0.0,0.0,0.0,0.0,0.0,0.0,0.0,0.0,0.0,0.0,0.0,2.63,0.0,7.06,0.0,0.0,0.0,0.0,0.0,0.0,0.0,0.0,0.0,0.0,0.0,0.0,0.0,0.0,0.0,0.0,0.0,0.0,0.0,2.75,0.0,0.0,0.0,0.0,3.5,0.0,0.0,0.0,0.0,4.47,0.0,0.0,0.0,0.0,0.0,0.0,0.0,0.0,0.0,0.0,3.72,0.0,0.0,0.0,0.0,0.0,0.0,0.0,4.33,0.0,0.0,0.0,0.0,0.0,0.0,0.0,0.0,0.0,0.0,0.0,0.0,0.0,0.0,0.0,0.0,0.0,0.0,0.0,0.0,0.0,0.0,0.0,0.0,0.0,0.0,0.0,0.0,0.0,0.0,0.0,0.0,0.0,0.0,0.0,0.0,0.0,0.0,0.0,0.0,0.0,0.0,0.0,0.0,0.0,0.0,0.0,0.0,0.0,0.0,0.0,0.0,0.0,0.0,0.0,0.0,0.0,0.0,0.0,0.0,0.0,0.0,0.0,0.0,0.0,0.0,0.0,0.0,0.0,0.0,0.0
PS,COOH,200.0,-13.5,HP,80.0,1000.0,20000,10,25,other,sphere,plasma,7.4,220.0,0.126944444,buffer,1.0,25,1,Anionic,0.0,0.0,1.93,2.1,1.43,4.09,0.0,0.7,0.0,0.0,0.0,8.02,0.0,0.014,0.0,0.0,2.07,0.0,0.0,0.013,0.0,0.0,1.22,0.0,12.91,0.0,0.0,9.85,0.0,0.0,0.77,0.0,0.0,0.0,0.0,0.0,18.74,0.0,0.0,0.0,0.0,0.0,0.0,0.0,0.0,0.0,0.0,0.0,14.06,0.0,0.0,0.0,0.0,0.0,0.0,0.0,0.0,1.78,0.0,0.0,0.0,0.0,0.0,0.85,0.0,2.08,0.0,0.0,0.0,0.0,0.0,0.0,0.0,0.0,0.0,0.0,0.0,0.0,0.0,0.0,0.0,0.0,0.0,0.0,0.0,0.0,0.95,0.0,0.0,0.0,0.0,0.0,0.0,0.0,0.0,0.0,0.0,0.0,0.0,0.0,0.0,0.0,0.0,0.0,0.0,0.0,1.02,0.0,0.0,0.0,0.0,0.0,0.0,0.0,0.0,0.0,0.0,0.0,0.0,0.0,0.0,0.0,0.0,0.0,0.0,0.0,0.0,0.0,0.0,0.0,0.0,0.0,0.0,0.0,0.0,0.0,0.0,0.0,0.0,0.0,0.0,0.0,0.0,0.0,0.0,0.0,0.0,0.0,0.0,0.0,0.0,0.0,0.0,0.0,0.0,0.0,0.0,0.0,0.0,0.0,0.0,0.0,0.0,0.0,0.0,0.0,0.0,0.0,0.0,0.0,0.0,0.0,0.0,0.0,0.0,0.0,0.0,0.0
SiO2,none,9.6,-11.0,HP,50.0,1660.0,12000,10,4,other,sphere,buffer,7.4,12.5,0.126944444,buffer,1.0,4,1,Neutral,0.690786321,2.168297954,14.99964697,0.421653645,7.248045966,0.357317938,2.596352571,3.215090132,8.021978393,1.225388298,0.665079938,3.969380884,0.882827215,0.796332387,0.403245658,0.110912661,0.0,3.573486105,0.355324417,0.395709179,0.372091708,0.154002054,1.723341977,0.195449756,0.34272354,4.299273025,0.263456494,1.119037124,1.875634955,0.790059672,0.082648741,0.154787998,2.512265704,0.145030022,0.86466111,2.096625543,0.0,0.17898224,0.462876872,0.13603483,0.175820657,0.64114832,1.200639541,0.103533058,0.719613834,0.0,0.642600434,0.540981828,0.0,0.616723915,0.0,0.227991635,4.019943619,0.189271439,0.045675485,0.522246954,0.573090036,0.803775044,0.0,0.874597857,0.311512239,0.746705037,0.538703739,0.0,0.626884657,0.099922292,0.157246977,0.093275692,0.0,0.0,1.988086158,0.120286386,0.256910537,0.145744006,0.078707627,1.824128885,0.114594513,0.072785156,0.157486833,0.101979166,0.0,0.050451766,0.08368261,0.084468707,0.2586329,0.0,0.0,0.0,0.110714094,0.395619602,0.069343122,0.074949295,0.0,0.058384014,0.259434255,0.107936363,0.0,0.285039508,1.965050734,0.0,0.0,0.0,0.08072717,0.0,0.218955638,0.0,0.0,0.0,0.0,0.105504444,0.0,0.0,0.0,0.575841173,0.404622638,0.048313273,0.051260004,0.0,0.256240529,0.036841729,0.17272044,0.0,0.0,0.0,0.390456199,0.106830361,0.059529042,0.121352668,0.252692949,0.0,0.0,0.021133494,0.13683836,0.0,0.111364064,0.0,0.0,0.0,0.0,0.0,0.0,0.0,0.091789022,0.722297165,0.0,0.02912868,0.0,0.0,0.0,0.0,0.048398171,0.0,0.014567401,0.0,0.0,0.0,0.0,0.0,0.0,0.0,0.0,0.063676512,0.0,0.0,0.0,0.0,0.201468476,0.0,0.0,0.0,0.0,0.0,0.0,0.0,0.0,0.0,0.0,0.054671438
SiO2,none,15.7,-25.0,HP,50.0,1660.0,12000,10,4,other,sphere,buffer,7.4,17.6,0.126944444,buffer,1.0,4,1,Neutral,0.668650267,2.685907324,12.91979688,0.588890542,11.04467862,0.298749275,3.420490864,1.736317494,9.660571401,1.392228096,0.772184232,2.317158273,1.805927691,0.592905668,0.494432992,0.181897013,0.0,3.403760305,0.356747405,0.669789286,0.371416113,0.298701548,1.642558706,0.227639955,0.24192148,3.90851233,0.195519609,1.080264862,1.611367772,0.506438619,0.127114216,0.183329313,2.229555392,0.143947079,0.795437762,2.885915362,0.0,0.328367037,0.234738003,0.219860216,0.18152928,0.728140297,0.578783468,0.083304817,0.507670178,0.0,0.300335511,0.624346713,0.0,0.523317992,0.0,0.369811703,2.700197558,0.293941503,0.040242932,0.595888158,1.241330619,1.334840642,0.0,0.561466608,0.469657325,0.725186447,0.341020215,0.0,0.589575082,0.090276259,0.145066569,0.142323059,0.0,0.0,1.673980155,0.099845009,0.347452075,0.165903043,0.112206171,1.227362451,0.153391133,0.088427776,0.106251045,0.103949674,0.0,0.044320034,0.050787516,0.059585125,0.306909999,0.0,0.0,0.0,0.100988334,0.184339101,0.075526195,0.084969837,0.0,0.03851744,0.294926295,0.089941022,0.0,0.249606373,1.666520115,0.0,0.0,0.0,0.074846112,0.0,0.127476113,0.0,0.0,0.0,0.0,0.337906112,0.0,0.0,0.0,0.48264888,0.35598667,0.061887793,0.065857384,0.0,0.224282884,0.049553335,0.274221576,0.0,0.0,0.0,0.404042932,0.129311315,0.060853136,0.187875659,0.184755178,0.0,0.0,0.021279078,0.111649076,0.0,0.124115307,0.0,0.0,0.0,0.0,0.0,0.0,0.0,0.066252861,0.288656614,0.0,0.042804553,0.0,0.0,0.0,0.0,0.059495162,0.0,0.018331416,0.0,0.0,0.0,0.0,0.0,0.0,0.0,0.0,0.063315044,0.0,0.0,0.0,0.0,0.185847126,0.0,0.0,0.0,0.0,0.0,0.0,0.0,0.0,0.0,0.0,0.048471353
SiO2,none,54.9,-32.0,HP,50.0,1660.0,12000,10,4,other,sphere,buffer,7.4,71.3,0.126944444,buffer,1.0,4,1,Neutral,0.418571084,1.5587836,20.41731878,2.24577641,11.31982558,1.262972112,3.437049945,1.309930207,3.155608254,6.010374845,0.931422134,1.191403377,2.276116074,1.487538162,0.717922627,0.135226718,0.0,0.275519295,0.811765793,0.859674366,0.335893462,1.898474624,0.686179491,0.180478089,0.280046029,1.986681694,0.321293076,1.234938908,1.615875752,1.355659266,0.078573528,0.170935649,0.269282646,0.1473754,0.963478704,1.552155125,0.0,0.188030276,0.202399255,0.236702863,0.162425398,0.277198761,0.146600479,0.149035398,0.143810218,0.0,0.167440638,0.385436163,0.0,0.527911693,0.0,1.411143569,2.388744487,0.322543133,0.137542625,0.922327487,0.635966502,0.33297621,0.0,0.23089303,0.109365583,0.457103011,0.075316367,0.0,0.434910964,0.13320321,0.523648733,0.222099685,0.0,0.0,1.435977442,0.145991681,0.609544931,0.12646757,0.587982984,1.201851033,0.106358761,0.229619789,0.075885988,0.164291835,0.0,0.195702536,0.192391894,0.064519472,0.514044713,0.0,0.0,0.0,0.068984332,0.093173711,0.108209591,0.47697954,0.0,0.06234229,0.408331517,0.121772272,0.0,0.274030105,0.641695062,0.0,0.0,0.0,0.10869447,0.0,0.09913123,0.0,0.0,0.0,0.0,0.143249274,0.0,0.0,0.0,1.014940095,0.063983838,0.130503618,0.109949878,0.0,0.090057357,0.136623134,0.333723232,0.0,0.0,0.0,0.051816055,0.144226321,0.068579078,0.909906753,0.087866719,0.0,0.0,0.055132528,0.105530947,0.0,0.112144903,0.0,0.0,0.0,0.0,0.0,0.0,0.0,0.061666266,0.213994812,0.0,0.194005051,0.0,0.0,0.0,0.0,0.065097364,0.0,0.064427361,0.0,0.0,0.0,0.0,0.0,0.0,0.0,0.0,0.076068298,0.0,0.0,0.0,0.0,0.373009344,0.0,0.0,0.0,0.0,0.0,0.0,0.0,0.0,0.0,0.0,0.064744414
SiO2,none,245.8,-11.1,HP,10.0,1250.0,18000,3,4,other,sphere,plasma,7.4,245.8,0.07,buffer,1.0,0,1,Neutral,1.045,0.037,9.451,3.129,1.801,0.253,3.258,0.0,0.0,0.0,0.0,1.541,0.332,0.095,0.16,0.0,4.02,0.0,0.962,0.019,0.0,0.0,0.114,0.0,15.429,0.158,0.0,0.042,0.0,0.0,0.0,0.0,0.331,0.097,0.314,0.0,23.919,0.569,0.0,0.872,0.0,0.0,0.0,0.031,0.0,0.0,0.0,0.0,18.396,0.0,0.0,0.013,0.372,0.0,0.0,0.0,0.449,0.0,0.0,0.0,0.0,0.0,0.0,0.379,0.0,0.0,0.853,1.706,0.0,2.275,0.379,0.0,0.0,0.0,0.0,0.0,0.0,0.29,0.0,0.0,0.0,0.0,1.054,0.0,0.0,0.0,0.0,0.0,0.0,0.0,0.18,0.0,0.0,0.0,0.0,0.0,0.0,0.0,0.0,0.0,0.021,0.0,0.0,0.0,0.131,0.0,0.756,0.0,0.0,0.0,0.0,0.0,0.0,0.0,0.0,0.0,0.0,0.0,0.0,0.0,0.0,0.0,0.0,0.0,0.0,0.159,0.0,0.0,0.0,0.0,0.0,0.0,0.0,0.0,0.0,0.0,0.0,0.0,0.0,0.0,0.048,0.097,0.0,0.0,0.0,0.0,0.0,0.0,0.0,0.0,0.0,0.0,0.0,0.0,0.0,0.0,0.0,0.0,1.838,0.0,0.0,0.0,0.0,0.0,0.0,0.0,0.299,0.0,0.0,0.0,0.0,0.0,0.0,0.0,0.0,0.0,0.0,0.0
SiO2,none,245.8,-11.1,HP,55.0,1250.0,18000,3,4,other,sphere,plasma,7.4,245.8,0.07,buffer,1.0,0,1,Neutral,1.152,0.251,14.83,3.866,9.666,1.742,5.13,0.0,0.0,0.0,0.0,2.22,2.264,0.348,0.0,0.0,13.932,0.0,0.909,0.522,0.0,0.0,0.07,0.0,4.876,0.022,0.0,0.466,0.0,0.0,0.0,0.0,0.234,0.162,0.907,0.0,7.994,0.174,0.0,3.274,0.0,0.0,0.0,0.855,0.0,0.0,0.0,0.0,6.52,0.0,0.0,1.374,0.342,0.0,0.0,0.0,0.144,0.0,0.0,0.0,0.0,0.0,0.0,0.139,0.0,0.0,0.784,0.313,0.0,0.581,0.0,0.0,0.0,0.0,0.0,0.0,0.0,0.063,0.0,0.0,0.0,0.0,4.149,0.0,0.0,0.0,0.0,0.0,0.0,0.0,0.0,0.0,0.0,0.0,0.0,0.0,0.0,0.0,0.0,0.0,0.378,0.0,0.0,0.0,0.06,0.0,1.836,0.0,0.0,0.0,0.0,0.0,0.0,0.0,0.0,0.0,0.0,0.0,0.0,0.0,0.0,0.0,0.0,0.0,0.0,0.875,0.0,0.0,0.0,0.0,0.0,0.0,0.0,0.0,0.0,0.0,0.0,0.0,0.0,0.0,0.069,0.033,0.0,0.0,0.0,0.0,0.0,0.0,0.0,0.0,0.0,0.0,0.0,0.0,0.0,0.0,0.0,0.0,0.241,0.0,0.0,0.0,0.0,0.0,0.0,0.0,0.392,0.0,0.0,0.0,0.0,0.0,0.0,0.0,0.0,0.0,0.0,0.0
SiO2,none,205.0,-25.2,HP,10.0,1250.0,18000,3,4,other,sphere,PBS,7.4,205.0,0.041,buffer,1.0,0,1,Neutral,1.045,0.037,9.451,3.129,1.801,0.253,3.258,0.0,0.0,0.0,0.0,1.541,0.332,0.095,0.16,0.0,4.02,0.0,0.962,0.019,0.0,0.0,0.114,0.0,15.429,0.158,0.0,0.042,0.0,0.0,0.0,0.0,0.331,0.097,0.314,0.0,23.919,0.569,0.0,0.872,0.0,0.0,0.0,0.031,0.0,0.0,0.0,0.0,18.396,0.0,0.0,0.013,0.372,0.0,0.0,0.0,0.449,0.0,0.0,0.0,0.0,0.0,0.0,0.379,0.0,0.0,0.853,1.706,0.0,2.275,0.379,0.0,0.0,0.0,0.0,0.0,0.0,0.29,0.0,0.0,0.0,0.0,1.054,0.0,0.0,0.0,0.0,0.0,0.0,0.0,0.18,0.0,0.0,0.0,0.0,0.0,0.0,0.0,0.0,0.0,0.021,0.0,0.0,0.0,0.131,0.0,0.756,0.0,0.0,0.0,0.0,0.0,0.0,0.0,0.0,0.0,0.0,0.0,0.0,0.0,0.0,0.0,0.0,0.0,0.0,0.159,0.0,0.0,0.0,0.0,0.0,0.0,0.0,0.0,0.0,0.0,0.0,0.0,0.0,0.0,0.048,0.097,0.0,0.0,0.0,0.0,0.0,0.0,0.0,0.0,0.0,0.0,0.0,0.0,0.0,0.0,0.0,0.0,1.838,0.0,0.0,0.0,0.0,0.0,0.0,0.0,0.299,0.0,0.0,0.0,0.0,0.0,0.0,0.0,0.0,0.0,0.0,0.0
SiO2,none,205.0,-25.2,HP,55.0,1250.0,18000,3,4,other,sphere,PBS,7.4,205.0,0.041,buffer,1.0,0,1,Neutral,1.152,0.251,14.83,3.866,9.666,1.742,5.13,0.0,0.0,0.0,0.0,2.22,2.264,0.348,0.0,0.0,13.932,0.0,0.909,0.522,0.0,0.0,0.07,0.0,4.876,0.022,0.0,0.466,0.0,0.0,0.0,0.0,0.234,0.162,0.907,0.0,7.994,0.174,0.0,3.274,0.0,0.0,0.0,0.855,0.0,0.0,0.0,0.0,6.52,0.0,0.0,1.374,0.342,0.0,0.0,0.0,0.144,0.0,0.0,0.0,0.0,0.0,0.0,0.139,0.0,0.0,0.784,0.313,0.0,0.581,0.0,0.0,0.0,0.0,0.0,0.0,0.0,0.063,0.0,0.0,0.0,0.0,4.149,0.0,0.0,0.0,0.0,0.0,0.0,0.0,0.0,0.0,0.0,0.0,0.0,0.0,0.0,0.0,0.0,0.0,0.378,0.0,0.0,0.0,0.06,0.0,1.836,0.0,0.0,0.0,0.0,0.0,0.0,0.0,0.0,0.0,0.0,0.0,0.0,0.0,0.0,0.0,0.0,0.0,0.0,0.875,0.0,0.0,0.0,0.0,0.0,0.0,0.0,0.0,0.0,0.0,0.0,0.0,0.0,0.0,0.069,0.033,0.0,0.0,0.0,0.0,0.0,0.0,0.0,0.0,0.0,0.0,0.0,0.0,0.0,0.0,0.0,0.0,0.241,0.0,0.0,0.0,0.0,0.0,0.0,0.0,0.392,0.0,0.0,0.0,0.0,0.0,0.0,0.0,0.0,0.0,0.0,0.0
Au,PEG,59.3,-9.618166667,HS,100.0,1888.699399,1500,45,4,metal,sphere,PBS,7.4,88.32,0.050333333,buffer,1.0,37,1,Neutral,1.1625,2.6169,5.4393,2.314,0.0,0.6495,4.5608,1.0077,3.9364,0.1889,0.0,14.6345,1.0991,0.2456,0.027,0.0,0.074,10.9207,0.0769,0.0572,0.2773,0.1029,1.2624,0.0457,0.4641,0.2537,0.5609,2.5682,0.3736,0.0,0.0,0.0,0.0,2.4442,1.1694,1.4964,0.0,0.0,0.0,0.0,0.0,0.0,0.0,0.0,0.0,0.0,0.0,0.0,0.0,0.0,0.7634,0.0,0.0,0.334,0.0,0.0,0.0,8.0331,0.0,0.113,2.7311,0.2752,0.0,0.0487,0.0,0.0,0.0,0.0,0.0,0.0,0.0,0.0,4.1988,0.0,0.0,0.5207,0.0,0.0,0.0,0.0826,3.3216,0.0,0.0,0.2436,0.0,0.1168,0.4082,8.1643,0.0,0.0,0.0,1.1694,0.0,0.0,0.0,0.0,0.0,0.0,0.0,0.0,0.0,0.0,0.0,0.0,0.0,0.0,0.0,0.0,0.0,0.0,0.0,0.0,0.0,0.0,0.0,0.0,0.0,0.0,0.0,0.0,1.2687,0.0,0.0,0.0,0.2491,0.0,0.0,0.0,0.0,0.0,0.0,0.0,0.0,0.0,0.0,0.0,0.0,0.0,0.0,0.2534,0.0,0.0,0.0,0.0,0.0,0.0,0.0,0.0,0.7601,0.0,0.0,0.0,0.0,0.0,0.0,0.0,0.0,0.0,0.0,0.0,0.0,0.0,0.0,0.0,0.0,0.0,0.0,0.0,0.0,0.0,0.0,0.0,2.7311,0.0,1.1161,1.1705,0.0,0.0
Au,PEG,59.3,-8.9875,HS,100.0,474.087541,15000,45,4,metal,sphere,PBS,7.4,39.99,0.146333333,buffer,1.0,37,1,Neutral,2.4372,2.8914,3.5109,2.6553,0.0,1.5489,19.6801,0.4577,0.0,1.0299,1.801,3.0038,4.9925,1.3387,0.0737,0.0,0.0,2.2046,0.9547,0.7792,0.0,0.0,0.0,0.0,0.0,0.0,7.6433,1.7498,0.0,18.0457,0.0,0.0,0.0,1.2451,3.1871,0.0,0.0,0.0,0.0,0.0,0.0,0.0,0.0,0.0,0.0,0.0,0.0,0.0,0.0,0.0,1.5604,0.0,0.0,0.9102,0.0,0.5316,0.0,0.0,0.0,0.0,0.0,0.6,0.0,0.0,0.0,0.0,0.0,0.0,0.0,0.0,0.0,0.0,0.0,0.0,0.0,0.0,0.0,0.0,0.3154,0.0,5.7607,0.0,0.0,0.0,0.0,0.0,0.0,0.0,0.0,0.0,0.0,0.0,0.0,0.0,0.0,0.0,0.0,0.0,0.0,0.0,0.0,0.0,0.3292,0.0,0.0,0.0,0.0,0.0,0.0,0.0,0.0,0.0,0.0,0.0,0.0,0.0,0.0,0.0,0.0,0.0,0.0,0.0,0.0,0.0,0.0,0.0,0.0,0.0,0.0,0.0,0.0,0.0,0.0,0.0,0.0,0.0,0.0,0.0,0.0,0.0,0.0,0.0,0.0,0.0,0.0,0.0,0.0,0.0,0.0,0.0,0.0,0.0,0.0,0.0,0.0,0.0,0.0,0.0,0.0,0.0,0.0,0.0,0.0,0.0,0.0,0.0,0.0,0.0,0.0,0.0,0.0,0.0,8.5063,0.0,0.0,0.0,0.0,0.0
Au,PEG,59.3,-8.713333333,HS,100.0,1007.212946,4500,45,4,metal,sphere,PBS,7.4,65.58,0.046444444,buffer,1.0,37,1,Neutral,6.4599,4.3223,4.9723,2.3503,0.0,0.7834,16.1361,0.6482,0.0,0.1215,4.919,1.0635,4.7136,1.659,0.2088,0.0,2.2841,0.7806,0.2473,0.7725,5.8861,0.0,0.0,0.0441,0.0,0.0,0.6495,0.826,1.4421,0.4853,0.0,0.7335,0.127,0.3968,3.8366,0.4443,0.0,0.618,0.0,0.0,0.0,0.0,0.0,0.0,0.0,0.0,5.8902,0.0,0.0,0.3291,2.5782,0.0,0.0,1.2891,0.0,0.5647,0.0,0.0,0.2357,0.6545,0.7529,0.3187,0.0,0.0,0.0,0.0,0.0,0.0,0.0,0.0,0.0,0.0,0.0,0.0,0.0,0.0,0.0,0.0,0.6699,0.0,1.1655,0.0,0.0,1.4102,0.0,0.0,0.0,0.0,0.0,0.0,0.0,0.0,0.6752,0.0,0.0,0.0,0.0,0.1934,0.0,0.0,0.0,0.0,0.2331,0.0,0.0,0.0,0.0,0.0,0.0,0.0,0.0,0.0,0.0,0.0,0.0,0.0,0.0,0.0,0.0,0.0,0.0,0.0,0.0,0.0,0.0,0.0,0.0,0.0,0.0,0.0,0.0,0.0,0.0,0.0,0.0,0.0,0.0,0.0,0.0,0.0,0.0,0.0,0.0,0.0,0.0,0.0,0.0,0.0,0.0,0.0,0.0,0.0,0.0,0.0,0.0,0.0,0.0,0.0,1.2891,0.0,0.0,0.0,0.0,0.0,0.0,0.0,0.0,0.0,0.0,0.0,0.0,0.0,9.0352,0.0,0.0,1.5059,0.0,0.0
Au,PEG,59.3,-7.48,HS,100.0,474.087541,15000,45,4,metal,sphere,PBS,7.4,44.6,0.092888889,buffer,1.0,37,1,Neutral,1.5003,1.7301,2.3342,2.5819,0.0,1.3902,13.0154,1.4379,0.0,0.3595,0.7698,5.442,2.2903,0.4005,0.3088,0.0,1.2666,6.9256,0.0,0.0932,0.4522,1.7617,0.7918,0.0,0.4541,2.5861,0.2744,4.9908,1.2186,0.6151,0.0,0.3099,0.5365,0.7636,3.3373,5.913,0.0,0.6963,0.1037,0.0,0.0678,0.2523,0.0,0.0,0.0,0.0,0.0,0.0,0.0,0.1391,2.1786,0.0,1.1071,0.2723,0.1284,0.0,0.0,2.3117,0.0,0.0,0.0,0.359,0.0,0.8739,0.1875,0.0,1.158,0.0,0.0,0.0,0.0,0.0,0.7336,0.0,0.0,0.0,0.0,0.0,0.0,0.202,2.4622,0.0,0.4242,0.1986,0.0,0.4285,0.6657,2.929,0.0,0.0,0.0,2.0024,0.0,0.0,0.0,0.0,0.0,0.0,0.0,0.0,0.0,0.0,0.0,0.0,0.0,0.0,0.9743,0.0,0.0,0.0,0.0,0.0,0.0701,2.2367,0.0,0.0,0.0,0.0,0.0,0.0,1.2931,0.0,0.0,0.0,0.0,0.0,0.0,0.2329,0.0,0.0,0.0,0.0,0.0,0.0,0.0,0.0,0.0,0.0,0.0,0.2066,0.0,0.0,0.0,0.0,0.0,1.1982,0.0,0.0,1.5495,0.0,0.0,0.0,0.0,0.0,0.0,0.0,0.0,0.0,0.0,0.0,0.0,0.0,0.0,0.087,0.0,0.0,0.0,0.0,0.0,0.0,0.0,0.0,4.1355,0.0,0.0,0.0,0.0,0.0
Au,PEG,59.3,-6.628333333,HS,100.0,474.087541,15000,45,4,metal,sphere,PBS,7.4,29.68,0.151777778,buffer,1.0,37,1,Neutral,1.4571,2.593,1.1662,7.9376,0.0,4.2995,9.289,0.0,0.0,5.3876,1.1537,0.0,2.9848,0.0,0.0,0.0,3.3145,0.0,0.174,2.3293,0.0,0.0,0.0,0.0931,0.0,1.6796,0.0,0.0,0.0,37.5564,0.0,0.0,8.3093,0.2792,0.0,0.0,0.0,0.0,0.1727,0.0,0.0,0.0,0.0,0.0,0.0,0.0,0.0,0.0,0.0,0.0,1.5549,0.0,0.0,0.0,0.1425,0.0,0.0,0.0,0.0,0.0,0.0,0.0,1.4348,0.0,0.0,0.0,0.0,0.0,0.0,0.0,0.0,0.0,0.0,0.0,0.2864,1.4141,0.0,0.0,0.0,0.0,0.0,0.0,0.0,0.0,0.0,0.0,0.0,1.3303,0.0,0.0,0.0,0.0,0.0,1.0401,0.0,2.2982,0.0,0.0,0.0,0.0,0.0,0.0,0.0,0.0,0.0,0.0,0.0,0.0,0.0,0.0,0.0,0.0,0.0,0.0,0.0,0.0,0.0,0.0,0.0,0.0,0.0,0.0,0.0,0.0,0.0,0.0,0.0,0.0,0.0,0.0,0.0,0.0,0.0,0.0,0.0,0.0,0.0,0.0,0.0,0.0,0.0,0.0,0.0,0.0,0.0,0.0,0.0,0.0,0.0,0.0,0.0,0.0,0.0,0.0,0.0,0.0,0.0,0.0,0.0,0.0,0.0,0.0,0.0,0.0,0.0,0.0,0.0,0.0,0.0,0.0,0.0,0.0,0.0,0.0,0.0,0.0,0.0,0.0
Au,PEG,59.3,-5.993333333,HS,100.0,474.087541,15000,45,4,metal,sphere,PBS,7.4,52.02,0.193666667,buffer,1.0,37,1,Neutral,0.4109,1.4926,3.9464,4.166,0.0,0.7047,4.2689,0.4287,1.4068,1.1254,0.4338,2.501,0.8106,0.1254,0.0,0.0,0.0755,23.335,0.0044,0.0,0.1416,0.5778,1.1403,0.0,0.308,0.0,0.6873,2.7754,0.1908,0.0856,0.0,0.0,0.0,1.3879,0.7762,3.4087,0.0,0.0,0.0,0.0,0.0,0.0,0.0,0.0,0.0,0.0,0.0,0.0,0.0,0.0,0.1949,0.0,0.0,0.1705,0.0,0.0,0.0,6.2726,0.0,0.0,2.1911,0.0,0.0,0.199,0.0,0.0,0.0,0.0,0.0,0.0,0.0,0.0,2.45,0.0,0.0,0.0,0.0,0.0,0.0,0.0,10.792,0.0,0.0,0.0,0.0,0.0,0.0,10.1707,0.0,0.0,0.0,0.1194,0.0,0.0,0.0,0.0,0.0,0.0,0.0,0.0,0.0,0.0,0.185,0.0,0.0,0.0,0.0,0.0,0.0,0.0,0.0,0.0,0.0,0.0,0.0,0.0,0.0,0.0,0.0,0.0,6.6393,0.0,0.0,0.0,0.0,0.0,0.0,0.0,0.0,0.0,0.0,0.0,0.0,0.0,0.0,0.0,0.0,0.0,0.0,0.8409,0.0,0.0,0.0,0.0,0.2429,0.0,0.0,0.0,0.0,0.0,0.0,0.0,0.0,0.0,0.0,0.0,0.0,0.0,0.0,0.0,0.0,0.0,0.0,0.0,0.0,0.0,0.0,0.0,0.0,0.0,0.0,0.0,1.7927,0.0,0.4274,0.0,0.0,0.0
Au,PEG,59.3,-5.913333333,HS,100.0,474.087541,15000,45,4,metal,sphere,PBS,7.4,38.69,0.153555556,buffer,1.0,37,1,Neutral,1.3092,2.0386,1.7802,1.4426,0.0,0.9617,9.0035,1.3428,1.3988,0.3357,0.615,5.4396,3.3271,0.5091,0.2243,0.0,0.7009,6.2281,0.0354,0.0,1.3137,1.7366,0.9777,0.0271,0.3848,2.5922,0.7308,3.1434,0.4425,0.0993,0.0,0.4323,0.8963,1.2582,5.1251,11.7939,0.0,0.6322,0.0753,0.0288,0.0493,0.3359,0.0,0.1435,0.0517,0.0,0.0,0.0,0.0,0.0,1.8085,0.0,1.1825,0.5934,0.0,0.0,0.0,1.6791,0.0,0.2008,0.0,0.163,0.0,0.6924,0.1021,0.0,1.3531,0.3036,0.0,0.0,0.0,0.0,1.0657,0.0,0.0,0.0,0.0,0.0626,0.1371,0.1956,2.146,0.0,0.4621,0.577,0.0727,0.3112,0.0,3.288,0.0,0.0397,0.0,3.1166,0.0,0.0,0.0,0.0,0.0,0.0,0.0,0.0,0.0,0.0,0.2146,0.0,0.0,0.0,0.9684,0.0,0.0,0.0,0.0,0.0,0.0,1.6246,0.0,0.0,0.0,0.0,0.0,0.0,1.8784,0.0,0.0,0.0,0.0,0.0,0.0,0.0,0.0,0.0,0.0,0.0,0.2194,0.0,0.0,0.0,0.0,0.0,0.0,0.2251,0.0,0.0,0.0,0.0,0.0,0.967,0.0,0.0,0.0,0.0,0.0,0.0,0.0,0.0,0.0,0.0,0.0,0.0,0.0,0.0,0.0,0.0,0.0,0.0,0.0,0.0,0.0,0.0,0.0,0.0,0.0,0.0,3.0038,0.0,0.3305,0.0,0.0,0.0
Au,PEG,59.3,-5.0435,HS,100.0,474.087541,15000,45,4,metal,sphere,PBS,7.4,51.18,0.162888889,buffer,1.0,37,1,Neutral,1.5038,2.6572,1.8065,1.3583,0.0,1.6205,11.0435,1.75,0.5777,0.6285,0.8313,5.14,3.226,0.5407,0.8732,0.0,1.0421,4.986,0.0752,0.1343,1.2207,1.0569,0.5415,0.0268,0.3269,2.3832,0.8231,4.5227,0.7676,1.353,0.1617,0.6339,0.3283,1.1063,5.2515,7.2977,0.0,0.4386,0.0498,0.0,0.0977,0.3027,0.0,0.3081,0.1025,0.0,0.1327,0.0,0.0,0.025,2.2407,0.0,0.7736,0.7842,0.0719,0.2004,0.0,1.3869,0.0,0.4977,0.229,0.5654,0.0,0.9437,0.2193,0.0,1.2324,0.1003,0.0,0.0969,0.0,0.0,0.5282,0.0,0.0,0.2038,0.0,0.0931,0.0,0.2908,1.9498,0.0,0.3435,0.5004,0.2163,0.3342,0.3594,2.8755,0.0,0.0787,0.0,1.9564,0.0,0.0,0.0,0.0,0.0,0.0,0.0,0.0,0.0,0.0,0.0709,0.0,0.0,0.0,1.3475,0.0,0.0,0.0,0.0,0.0,0.0,1.3227,0.0,0.0,0.0,0.0,0.0,0.0,0.9309,0.0,0.0,0.0,0.0,0.0,0.0,0.0,0.0,0.0,0.0,0.0,0.2175,0.0,0.1078,0.0,0.0,0.0,0.0,0.3347,0.0,0.0,0.0,0.0,0.0,0.8627,0.0,0.0,0.6693,0.0,0.0377,0.0,0.0,0.0,0.0,0.0408,0.0,0.0,0.0,0.0,0.0,0.0,0.0307,0.0627,0.0,0.0,0.0,0.0,0.0,0.0,0.0,0.0,3.2063,0.0,0.2457,0.0,0.0,0.0
Au,PEG,59.3,-4.4106,HS,100.0,1007.212946,4500,45,4,metal,sphere,PBS,7.4,84.87,0.037888889,buffer,1.0,37,1,Neutral,0.5074,2.6755,4.1965,2.9946,0.0,0.1536,3.9537,0.3971,2.6059,0.4765,0.625,11.2342,0.8085,0.2323,0.0,0.0,0.2798,15.3005,0.3232,0.0,0.5245,0.0,1.3776,0.0,0.9217,0.0,0.6365,1.4573,0.7067,0.0,0.7818,0.0,0.0,2.3979,0.3318,0.0,0.0,0.0,0.0,0.0,0.0,0.0,0.0,0.0,0.0,0.0,0.0,0.0,0.0,0.0,0.1805,0.0,0.0,0.3159,0.0,0.0,0.0,6.7032,0.0,0.0,2.5828,0.2082,0.0,0.0,0.0,0.0,0.0,0.0,0.0,0.0,0.0,0.0,4.8218,0.0,0.0,0.4924,0.0,0.0,0.0,0.0,5.9971,0.0,0.0,0.0,0.0,0.0,1.1582,12.9715,0.0,0.0,0.0,0.0,0.0,0.0,0.0,0.0,0.0,0.0948,0.0,0.0,0.0,0.0,0.0,0.0,0.0,0.0,0.0,0.0,0.0,0.0,0.0,0.0,0.0,0.0,0.0,0.0,0.0,0.0,0.0,0.0,2.3997,0.0,0.0,0.0,0.0,0.0,0.0,0.0,0.0,0.0,0.0,0.0,0.0,0.0,0.0,0.0,0.0,0.0,0.0,0.3594,0.0,0.0,0.0,0.0,0.0,0.0,0.0,0.0,2.1566,0.0,0.0,0.0,0.0,0.0,0.0,0.0,0.0,0.0,0.0,0.0,0.0,0.0,0.0,0.0,0.0,0.0,0.0,0.0,0.0,0.0,0.0,0.0,0.0,0.0,1.0555,0.369,0.0,0.0
Au,PEG,59.3,-3.772566667,HS,100.0,474.087541,15000,45,4,metal,sphere,PBS,7.4,47.07,0.124555556,buffer,1.0,37,1,Neutral,0.0,1.4249,0.0,2.4535,0.0,4.3618,22.9702,0.0,0.0,2.9606,2.5358,0.0,0.0,0.0,0.5449,0.0,0.0,0.0,0.3443,0.0,0.0,0.0,0.0,0.0,0.0,0.426,0.0,0.0,0.0,55.7223,0.0,0.0,0.0,0.0,0.0,0.0,0.0,0.0,1.1387,0.0,0.0,0.0,0.0,0.0,0.0,0.0,0.0,0.0,0.0,0.0,0.0,0.0,0.0,0.0,0.1175,0.0,0.0,0.0,0.0,0.0,0.0,0.0,1.1827,0.0,0.0,0.0,0.0,0.0,0.0,0.0,0.0,0.0,0.0,0.0,0.9444,2.3312,0.0,0.0,0.0,0.0,0.0,0.0,0.0,0.0,0.0,0.0,0.0,0.0,0.0,0.0,0.0,0.0,0.0,0.0,0.0,0.5412,0.0,0.0,0.0,0.0,0.0,0.0,0.0,0.0,0.0,0.0,0.0,0.0,0.0,0.0,0.0,0.0,0.0,0.0,0.0,0.0,0.0,0.0,0.0,0.0,0.0,0.0,0.0,0.0,0.0,0.0,0.0,0.0,0.0,0.0,0.0,0.0,0.0,0.0,0.0,0.0,0.0,0.0,0.0,0.0,0.0,0.0,0.0,0.0,0.0,0.0,0.0,0.0,0.0,0.0,0.0,0.0,0.0,0.0,0.0,0.0,0.0,0.0,0.0,0.0,0.0,0.0,0.0,0.0,0.0,0.0,0.0,0.0,0.0,0.0,0.0,0.0,0.0,0.0,0.0,0.0,0.0,0.0
Au,PEG,59.3,-2.935,HS,100.0,474.087541,15000,45,4,metal,sphere,PBS,7.4,48.76,0.133888889,buffer,1.0,37,1,Neutral,2.527,2.6648,4.7482,1.6459,0.0,0.4988,12.1404,0.619,0.0,0.1548,3.0156,0.1505,5.5515,2.2632,0.7975,0.0,0.2726,0.4969,0.7033,2.0373,2.044,0.1264,0.2386,0.0281,0.0,0.0,0.2756,0.4733,0.918,2.9863,1.0156,0.4669,0.2425,0.6455,2.4424,0.0,0.0,0.7869,0.2083,0.0,0.1022,0.0634,0.2044,0.0,0.2681,0.0,0.0,0.0857,0.0,0.3143,1.8758,0.0,0.0,0.4103,0.0,1.1983,0.0,0.0,0.4501,1.25,0.0,0.0,0.0,0.0,0.0,0.0,0.0,0.0,0.0,0.2029,0.0,0.2036,0.0,0.0,0.0,0.6397,0.0,0.0,0.4265,0.0,0.0,0.0,0.0,0.0,0.1509,0.0,0.0,0.0,0.0,0.0,0.0,0.0,0.4299,0.0,0.0,0.0,0.0,0.3693,0.0,0.0,0.0,0.0,1.484,0.0,0.0,0.0,0.0,0.0,0.0,0.0,0.0,0.0,0.0,0.0,0.0,0.0,0.0,0.0,0.0,0.0,0.0,0.0,0.0,0.0,0.0,0.0,0.0,0.0,0.0,0.0,0.0,0.0,0.0,0.0,0.9143,0.0,0.1148,0.0,0.0246,0.0,0.0,0.0,0.0,0.1776,0.0,0.0,0.0,0.0,0.0,0.0,0.3158,0.0,0.0,0.0,0.0,0.0,0.0,2.2857,3.6931,0.0,0.0,0.0,0.0,0.0,0.0,0.0,0.0,0.0,0.0,0.0,0.0,0.0,8.1487,0.0,0.0,1.9173,0.0,0.0
Au,PEG,59.3,-2.753333333,HS,100.0,474.087541,15000,45,4,metal,sphere,PBS,7.4,33.05,0.158222222,buffer,1.0,37,1,Neutral,3.5065,3.1431,6.1739,2.0693,0.0,0.5306,15.896,0.8781,0.0,0.4116,3.0847,0.6403,6.3848,3.3707,0.9898,0.0,0.29,0.5287,0.9045,2.9148,2.8993,0.2017,1.2692,0.0299,0.0,0.0,0.2932,0.5594,0.9767,4.4915,0.7203,0.4968,0.344,0.6568,2.9041,0.0,0.0,0.8371,0.2216,0.0,0.1087,0.4718,0.4349,0.0,0.3423,0.0,0.0,0.2735,0.0,0.5573,2.744,0.0,0.0,1.3096,0.0,1.5298,0.0,0.0,0.3192,1.773,0.0,0.0,0.0,0.0,0.0,0.0,0.0,0.0,0.0,0.2158,0.2903,0.1083,0.0,0.0,0.0,0.9074,0.0,0.0,0.4537,0.0,0.0,0.0,0.0,0.6367,0.321,0.0,0.0,0.0,0.0,0.0,0.0549,0.0,0.4573,0.0,0.0,0.0,0.0,0.131,0.0,0.0,0.0,0.0,0.3157,0.0,0.0,0.0,0.0,0.0,0.0,0.0,0.0,0.0,0.1123,0.0,0.0,0.0884,0.0,0.0,0.0,0.0,0.0,0.0,0.0,0.0,0.0,0.0,0.0,0.0,0.0,0.0,0.0,0.0,0.0,0.0,1.4529,0.0,0.0,0.0,0.0,0.0,0.0,0.0,0.0,0.4251,0.0,0.0,0.0,0.0,0.0,0.0,0.0,0.0,0.0,0.0,0.0,0.0,0.0,0.0,0.8731,0.0,0.0,0.0,0.0,0.0,0.0,0.0,0.0,0.0,0.0,0.0,0.0,0.0,7.6491,0.0,0.0,1.5298,0.0,0.0
Au,PEG,59.3,-2.232166667,HS,100.0,1888.699399,1500,45,4,metal,sphere,PBS,7.4,110.75,0.077777778,buffer,1.0,37,1,Neutral,3.3258,3.5379,6.3563,1.3054,0.0,0.4973,12.2213,0.5143,3.0138,0.0,5.2041,1.8752,3.3661,0.9402,0.497,0.0,13.5923,1.2387,0.1439,1.5761,4.2458,0.0,0.0,0.035,0.0,0.0,1.0307,1.2453,1.1442,0.8984,0.0,0.582,0.1008,0.9444,2.686,0.705,0.0,0.4904,0.0649,0.0,0.0,0.0,0.0,0.0,0.0,0.0,8.828,0.0,0.0,0.0,1.7535,0.0,0.0,2.0457,0.0,0.5974,0.0,0.0,0.0,0.6924,0.0,0.1686,0.0,0.0,0.0,0.0,0.0,0.5233,0.0,0.2528,0.0,0.0,1.3777,0.0,0.0,0.0,0.0,0.0,0.0,0.0,0.4624,0.0,0.0,0.7459,0.0,0.0,0.0,0.5001,0.0,0.0,0.0,0.0,0.5358,0.0,0.0,0.0,0.0,0.1534,0.0,0.0,0.0,0.0,0.0,0.0,0.0,0.0,0.0,0.0,0.0,0.0,0.0,0.0,0.0,0.0,0.0,0.0,0.0,0.0,0.0,0.0,0.0,0.0,0.0,0.0,0.0,0.0,0.0,0.0,0.0,0.0,0.0,0.0,0.0,0.0,0.0,0.0,0.0,0.0,0.0,0.0,0.0,0.0,0.0,0.0,0.0,0.0,0.0,0.0,0.0,0.0,0.0,0.0,0.0,0.0,0.0,0.0,0.0,0.0,0.0,0.0,0.0,0.0,0.0,0.0,0.0,0.0,0.0,0.0,0.0,0.0,0.0,0.0,4.1819,0.0,0.0,1.7923,0.0,0.0
Au,PEG,59.3,-2.015,HS,100.0,1888.699399,1500,45,4,metal,sphere,PBS,7.4,98.21,0.044222222,buffer,1.0,37,1,Neutral,3.141,3.0549,7.8469,3.237,0.0,1.7534,19.5723,0.558,3.9235,0.5231,3.1365,0.5086,7.9122,1.632,1.1682,0.0,0.8602,0.6719,0.4116,0.8549,1.3819,0.0,0.0,0.1138,0.0,0.0,0.9318,0.9955,1.862,1.8101,0.0,0.6314,0.4372,0.7969,2.3312,0.0,0.0,1.064,0.0704,0.0,0.0,0.0,0.0,0.0,0.0,0.0,0.939,0.0,0.0,0.0,3.1705,0.0,0.0,1.6645,0.0,0.8102,0.0,0.0,0.0,0.939,0.0,0.2743,0.0,0.0,0.0,0.0,0.0,0.0,0.0,0.0,0.0,0.0,4.484,0.0,0.0,0.2883,0.0,0.0,0.0,0.0,1.0033,0.0,0.0,0.0,0.0,0.0,0.0,0.0,0.0,0.0,0.0,0.0,0.5813,0.0,0.0,0.0,0.0,0.1665,0.0,0.0,0.0,0.0,0.0,0.0,0.0,0.0,0.0,0.0,0.0,0.0,0.0,0.0,0.0,0.0,0.0,0.0,0.0,0.0,0.0,0.0,0.0,0.0,0.0,0.0,0.0,0.0,0.0,0.0,0.0,0.0,0.0,0.0,0.0,0.0,0.0,0.0,0.0,0.0,0.0,0.0,0.0,0.0,0.0,0.0,0.0,0.0,0.0,0.0,0.0,0.0,0.0,0.0,0.0,0.0,0.0,0.0,0.0,0.0,2.2193,0.0,0.0,0.0,0.0,0.0,0.0,0.0,0.0,0.0,0.0,0.0,0.0,0.0,3.8887,0.0,0.0,2.5925,0.0,0.0
Au,PEG,59.3,-1.730833333,HS,100.0,474.087541,15000,45,4,metal,sphere,PBS,7.4,34.77,0.134666667,buffer,1.0,37,1,Neutral,0.0,1.2703,0.0,1.3124,0.0,5.2496,8.1912,0.0,0.0,4.7509,0.0,0.0,0.0,0.0,0.0,0.0,0.0,0.0,0.3683,0.0,0.0,0.0,0.0,0.0,0.0,0.6836,0.0,0.0,0.0,75.8698,0.0,0.0,0.0,0.0,0.0,0.0,0.0,0.0,0.9136,0.0,0.0,0.0,0.0,0.0,0.0,0.0,0.0,0.0,0.0,0.0,0.0,0.0,0.0,0.0,0.0,0.0,0.0,0.0,0.0,0.0,0.0,0.0,0.6326,0.0,0.0,0.0,0.0,0.0,0.0,0.0,0.0,0.0,0.0,0.0,0.7577,0.0,0.0,0.0,0.0,0.0,0.0,0.0,0.0,0.0,0.0,0.0,0.0,0.0,0.0,0.0,0.0,0.0,0.0,0.0,0.0,0.0,0.0,0.0,0.0,0.0,0.0,0.0,0.0,0.0,0.0,0.0,0.0,0.0,0.0,0.0,0.0,0.0,0.0,0.0,0.0,0.0,0.0,0.0,0.0,0.0,0.0,0.0,0.0,0.0,0.0,0.0,0.0,0.0,0.0,0.0,0.0,0.0,0.0,0.0,0.0,0.0,0.0,0.0,0.0,0.0,0.0,0.0,0.0,0.0,0.0,0.0,0.0,0.0,0.0,0.0,0.0,0.0,0.0,0.0,0.0,0.0,0.0,0.0,0.0,0.0,0.0,0.0,0.0,0.0,0.0,0.0,0.0,0.0,0.0,0.0,0.0,0.0,0.0,0.0,0.0,0.0,0.0,0.0
Au,PEG,59.3,-0.61,HS,100.0,1888.699399,1500,45,4,metal,sphere,PBS,7.4,127.22,0.027666667,buffer,1.0,37,1,Neutral,3.6995,5.8736,6.2648,1.6401,0.0,0.5467,15.3545,0.5654,3.9757,1.4843,4.1318,4.7414,4.1116,0.4134,0.0,0.0,0.9962,1.3617,0.7767,0.0,0.0,0.0,0.0,0.0,0.0,0.0,0.0,1.441,2.5157,0.0,0.0,0.0,0.0,3.23,1.9685,0.0,0.0,0.0,0.0,0.0,0.0,0.0,0.0,0.0,0.0,0.0,1.9029,0.0,0.0,0.0,2.5702,0.0,0.0,1.1244,0.0,0.0,0.0,0.0,0.0,0.3806,0.0,0.0,0.0,0.0,0.0,0.0,0.0,0.0,0.0,0.0,0.0,0.0,3.0291,0.0,0.0,0.0,0.0,0.0,0.0,0.0,2.0332,0.0,0.0,0.0,0.0,0.0,0.0,12.0941,0.0,0.0,0.0,0.0,0.0,0.0,0.0,0.0,0.0,0.3373,0.0,0.0,0.0,0.0,0.0,0.0,0.0,0.0,0.0,0.0,0.0,0.0,0.0,0.0,0.0,0.0,0.0,0.0,0.0,0.0,0.0,0.0,0.0,0.0,0.0,0.0,0.0,0.0,0.0,0.0,0.0,0.0,0.0,0.0,0.0,0.0,0.0,0.0,0.0,0.0,0.0,0.0,0.0,0.0,0.0,0.1217,0.0,0.0,0.0,0.0,0.0,0.0,0.0,0.0,0.0,0.0,0.0,0.0,0.0,0.0,0.0,0.0,0.0,0.0,0.0,0.0,0.0,0.0,0.0,0.0,0.0,0.0,0.0,0.0,0.0,0.0,0.0,5.2541,0.0,0.0
Ag,PEG,38.4,-13.5,HS,100.0,671.2825,5000,45,4,metal,sphere,PBS,7.4,38.4,0.126944444,buffer,1.0,37,1,Neutral,3.2635,3.4736,2.8758,1.0486,0.0,0.8545,10.5448,0.3214,3.766,0.5423,4.6966,11.6578,5.2578,1.8798,1.7596,0.0,1.3446,0.387,0.2044,3.0636,1.5917,0.0,0.1858,0.0656,0.0,0.1214,0.5366,0.86,0.7149,1.2028,0.5272,1.3967,0.5036,1.1583,2.4614,0.4405,0.0,0.5106,0.3245,0.0,1.2733,0.2467,0.5173,0.0773,0.5429,0.0,1.1897,0.0667,0.0,0.4079,1.4607,0.0,0.5349,0.9586,0.067,1.9596,0.0,0.0,0.0,1.6223,0.0,0.158,0.0,0.0,0.0,0.0,0.9452,0.0,0.0,0.0,0.1062,0.0,0.0,0.6214,0.0,0.0,2.5128,0.0,0.5535,0.0,0.0,0.0,0.0,0.0,0.8224,0.0,0.0,0.0,0.0,0.0,0.0,0.0,0.0,0.0,0.0,0.0,0.0,0.0,0.0,0.0,0.0,0.0,0.4622,0.0,0.0,0.0,1.3237,0.0,0.0,0.0,0.0,0.0,0.0822,0.0,0.0,0.0,0.0,0.0,0.0,0.0,0.0,0.0,0.0,0.0,0.0,0.0,0.0,0.0,0.0,0.0,0.0,0.0,0.0,0.0,0.703,0.0,0.0,0.0,0.0,0.0,0.0084,0.0,0.0,0.6223,0.0,0.0,0.0,0.0,0.0,0.0,0.4919,0.061,0.0,0.0,0.0,0.0,0.0,0.0,0.0,0.0,0.0,0.0,0.0,0.0,0.0,0.0,0.0,0.0,0.0,0.0,0.0,0.0,4.8525,0.0,0.0,0.0,0.0,0.0
Ag,PEG,38.4,-13.5,HS,100.0,671.2825,5000,45,4,metal,sphere,PBS,7.4,38.4,0.126944444,buffer,1.0,37,1,Neutral,2.478,3.3734,3.9446,0.6454,0.0,0.4303,12.8905,0.534,3.7549,0.534,5.003,5.7112,5.0482,2.6032,2.0641,0.0,0.6272,0.0,0.1268,3.4546,1.7633,0.0,0.2059,0.0242,0.0,0.0672,1.0701,0.6351,0.792,1.066,0.5841,1.1445,0.5579,1.8643,3.0987,0.366,0.0,0.5657,0.4942,0.0,2.0278,0.0,0.7494,0.0,0.7402,0.0,0.9585,0.0,0.0,0.2711,1.6183,0.0,0.5926,0.708,0.0,2.998,0.0,0.0,0.0,2.3963,0.0,0.2333,0.0,0.0,0.0,0.0,0.0,0.0,0.0,0.0,0.3531,0.0878,0.0,0.8606,0.0,0.0,2.7838,0.0,0.3679,0.0,0.0,0.0,0.0,1.0327,1.0413,0.0,0.0,0.0,0.0,0.0,0.0,0.0,0.0,0.0,0.3862,0.0854,0.0,0.0,0.0,0.0,0.0,0.0,0.5121,0.0,0.0,0.0,0.0,0.0,0.0,0.0,0.0,0.0,0.0,0.0,0.0,0.0,0.0,0.0,0.0,0.0,0.0,0.0,0.0,0.0,0.0,0.0,0.0,0.0,0.0,0.0,0.0,0.0,0.0,0.0,0.3894,0.0,0.0,0.0,0.0,0.0,0.0,0.0,0.0,0.8426,0.0,0.0,0.0,0.0,0.0,0.0,0.5449,0.1352,0.0,0.0,0.0,0.0,0.0,0.0,0.354,0.0,0.0,0.0,0.0,0.0,0.0,0.0,0.0,0.0,0.0,0.0,0.0,0.0,3.7217,0.0,0.0,1.2406,0.0,0.0
Ag,PEG,38.4,-13.5,HS,100.0,671.2825,5000,45,4,metal,sphere,PBS,7.4,38.4,0.126944444,buffer,1.0,37,1,Neutral,2.2534,2.3844,2.8954,0.9854,0.0,1.5766,11.3778,0.5436,3.5034,1.172,4.3538,9.4627,3.656,1.7885,1.5319,0.0,4.1297,0.3273,0.2143,2.5446,1.5704,0.0416,0.3143,0.0185,0.0,0.0,0.6354,0.9004,0.9069,2.2379,0.2229,0.8737,0.3194,0.7578,2.1762,1.6764,0.0,0.4319,0.3087,0.0,1.1442,0.1252,0.5384,0.4573,0.3885,0.0,4.4817,0.0,0.0,0.276,1.2354,0.0,0.6462,0.8107,0.0566,1.894,0.0,0.0,0.0,1.7378,0.0,0.0,0.0,0.3153,0.0,0.0,1.5987,0.0,0.0,0.0,0.4493,0.0,0.0,0.7226,0.0,0.0,1.5179,0.0,0.0,0.0,0.2443,0.0,0.0,1.1825,0.8943,0.0,0.0,0.0,0.0,0.0,0.0,0.0,0.5662,0.0,0.2948,0.0,0.0,0.0,0.0,0.0,0.0,0.0,0.2932,0.0,0.0,0.0,1.2721,0.0357,0.0,0.0,0.0,0.0,0.0,0.0,0.0,0.0,0.0,0.0,0.0,0.0,0.0,0.0,0.0,0.0,0.0,0.0,0.0,0.0,0.0,0.0,0.0,0.0,0.2998,0.0,0.3049,0.0,0.0,0.0,0.0,0.0,0.0071,0.0,0.0,0.4386,0.0,0.0,0.0,0.0,0.0,0.0,0.52,0.2065,0.0,0.0,0.0,0.0,0.0,0.0,0.0,0.0,0.0,0.0,0.0,0.0,0.0,0.0,0.0,0.0,0.0,0.0,0.0,0.0,4.4194,0.0,0.0,0.0,0.0,0.0
PS,NH2,116.0,42.8,HP,76.92,100.0,20000,60,25,other,sphere,water,7.0,116.0,0.126944444,water,1.0,37,1,Anionic,0.42,0.9,2.09,0.36,58.15,9.58,0.56,18.71,0.0,2.5,0.3,0.78,0.67,0.25,0.0,0.01,0.0,0.47,0.0,0.0,0.41,0.09,0.47,0.0,0.0,0.0,0.0,0.61,0.0,0.23,0.0,0.0,0.17,0.17,0.03,0.02,0.0,0.0,0.0,0.0,0.38,0.09,0.01,0.06,0.0,0.0,0.0,0.23,0.01,0.03,0.0,0.0,0.0,0.0,0.0,0.0,0.0,0.0,0.03,0.0,0.0,0.01,0.0,0.0,0.0,0.0,0.0,0.0,0.01,0.0,0.0,0.0,0.0,0.0,0.01,0.0,0.0,0.0,0.0,0.07,0.0,0.0,0.0,0.0,0.0,0.0,0.0,0.04,0.01,0.0,0.01,0.0,0.0,0.0,0.0,0.0,0.0,0.0,0.0,0.0,0.0,0.0,0.01,0.0,0.02,0.0,0.0,0.0,0.09,0.0,0.0,0.0,0.28,0.0,0.0,0.0,0.01,0.0,0.0,0.0,0.0,0.0,0.0,0.0,0.0,0.0,0.0,0.0,0.0,0.0,0.0,0.0,0.0,0.0,0.0,0.0,0.0,0.0,0.0,0.0,0.0,0.0,0.0,0.0,0.0,0.0,0.0,0.0,0.0,0.0,0.0,0.0,0.0,0.0,0.0,0.0,0.0,0.0,0.0,0.0,0.0,0.0,0.0,0.0,0.0,0.0,0.0,0.0,0.0,0.0,0.0,0.0,0.0,0.0,0.0,0.0,0.0,0.0
PS,NH2,116.0,42.8,HP,76.92,100.0,20000,60,25,other,sphere,water,7.0,116.0,0.126944444,water,1.0,37,1,Anionic,0.67,0.5,0.26,0.0,53.19,0.2,6.45,0.14,0.0,0.14,1.18,0.19,15.97,2.16,0.84,0.33,0.05,0.0,0.2,2.78,0.6,0.03,0.09,0.0,0.0,0.35,0.33,0.16,0.0,0.05,0.0,0.16,0.1,0.25,0.91,0.22,0.0,0.49,0.17,0.21,0.25,0.13,0.17,0.0,0.59,0.0,0.08,0.0,0.0,1.2,0.98,0.0,0.09,0.2,0.0,1.22,0.03,0.0,0.0,0.1,0.0,0.0,0.0,0.0,0.0,0.0,0.0,0.0,0.01,0.0,0.04,0.06,0.0,0.22,0.0,0.01,0.61,0.0,0.05,0.0,0.0,0.0,0.0,0.01,0.74,0.0,0.0,0.0,0.0,0.0,0.0,0.0,0.15,0.0,0.28,0.0,0.0,0.0,0.0,0.0,0.0,0.0,0.38,0.0,0.0,0.0,0.0,0.0,0.0,0.0,0.06,0.0,0.0,0.0,0.0,0.0,0.0,0.0,0.0,0.0,0.0,0.0,0.0,0.0,0.0,0.0,0.0,0.0,0.22,0.0,0.0,0.0,0.0,0.0,0.29,0.0,0.0,0.0,0.0,0.0,0.0,0.0,0.07,0.23,0.0,0.0,0.0,0.0,0.0,0.0,0.1,0.01,0.0,0.0,0.0,0.0,0.0,0.0,0.0,0.0,0.0,0.0,0.0,0.0,0.0,0.0,0.0,0.0,0.0,0.0,0.0,0.0,0.0,0.0,0.0,0.0,0.0,0.0
PS,NH2,116.0,42.8,HP,76.92,100.0,20000,60,25,other,sphere,water,7.0,116.0,0.126944444,water,1.0,37,1,Anionic,0.41,0.63,0.54,0.12,46.68,19.03,0.48,7.28,0.0,0.0,0.07,0.08,0.45,0.11,0.0,0.0,0.0,0.25,0.0,0.0,0.7,0.01,0.25,0.0,4.48,0.0,0.0,0.14,0.0,0.0,0.0,0.0,0.0,0.0,0.0,0.2,6.3,0.0,0.0,0.0,0.27,0.0,0.0,0.0,0.0,0.0,0.0,0.01,10.77,0.0,0.0,0.0,0.0,0.0,0.0,0.0,0.0,0.0,0.0,0.0,0.0,0.0,0.0,0.0,0.0,0.0,0.0,0.0,0.0,0.0,0.0,0.0,0.0,0.0,0.18,0.0,0.0,0.0,0.0,0.0,0.0,0.05,0.0,0.0,0.0,0.0,0.0,0.02,0.0,0.0,0.0,0.0,0.0,0.0,0.0,0.0,0.0,0.0,0.0,0.0,0.0,0.0,0.0,0.0,0.0,0.0,0.0,0.0,0.0,0.0,0.0,0.0,0.04,0.0,0.0,0.0,0.0,0.0,0.0,0.0,0.0,0.0,0.0,0.0,0.0,0.0,0.0,0.0,0.0,0.0,0.0,0.0,0.0,0.0,0.0,0.0,0.0,0.0,0.0,0.0,0.0,0.0,0.0,0.0,0.0,0.0,0.0,0.0,0.0,0.0,0.0,0.0,0.03,0.0,0.0,0.0,0.0,0.0,0.0,0.0,0.0,0.0,0.0,0.0,0.0,0.0,0.0,0.0,0.0,0.0,0.0,0.0,0.0,0.0,0.0,0.0,0.0,0.0
PS,NH2,116.0,42.8,HP,76.92,100.0,20000,60,25,other,sphere,water,7.0,116.0,0.126944444,water,1.0,37,1,Anionic,0.49,0.5,0.24,0.0,58.88,0.18,7.33,0.17,0.0,0.15,1.31,0.18,10.85,1.81,0.8,0.34,0.07,0.0,0.16,2.18,0.5,0.05,0.0,0.08,0.19,0.29,0.37,0.1,0.0,0.09,0.0,0.11,0.1,0.06,0.95,0.21,0.23,0.48,0.16,0.19,0.25,0.11,0.17,0.02,0.11,0.0,0.08,0.0,0.45,1.13,0.87,0.0,0.11,0.3,0.0,1.03,0.0,0.0,0.0,0.12,0.0,0.0,0.0,0.0,0.0,0.0,0.0,0.01,0.01,0.0,0.06,0.08,0.0,0.19,0.0,0.0,0.44,0.0,0.02,0.0,0.0,0.0,0.0,0.0,1.1,0.0,0.0,0.0,0.0,0.0,0.0,0.0,0.15,0.0,0.26,0.0,0.0,0.0,0.0,0.0,0.0,0.0,0.19,0.0,0.0,0.0,0.0,0.0,0.0,0.0,0.06,0.0,0.0,0.0,0.0,0.0,0.0,0.0,0.0,0.0,0.0,0.0,0.0,0.0,0.0,0.01,0.0,0.0,0.2,0.0,0.0,0.0,0.0,0.0,0.28,0.0,0.0,0.0,0.0,0.0,0.0,0.0,0.07,0.2,0.0,0.0,0.0,0.0,0.0,0.0,0.08,0.01,0.0,0.0,0.0,0.0,0.0,0.0,0.0,0.0,0.0,0.0,0.0,0.0,0.0,0.0,0.0,0.0,0.0,0.0,0.0,0.0,0.0,0.0,0.0,0.0,0.0,0.0
PS,NH2,116.0,42.8,HP,76.92,100.0,20000,60,25,other,sphere,water,7.0,116.0,0.126944444,water,1.0,37,1,Anionic,0.45,0.05,0.09,0.03,39.35,10.5,1.11,5.44,0.0,0.01,0.02,0.01,0.64,0.05,0.0,0.04,0.0,0.21,0.0,0.0,0.26,0.1,0.14,0.02,7.62,0.0,0.0,0.0,0.0,0.0,0.0,0.0,0.72,0.09,0.17,0.01,11.15,0.44,0.0,0.0,0.22,0.0,0.0,0.01,0.0,0.0,0.0,0.0,19.74,0.03,0.0,0.0,0.0,0.0,0.0,0.0,0.0,0.0,0.0,0.0,0.0,0.0,0.22,0.0,0.0,0.0,0.0,0.0,0.0,0.0,0.0,0.0,0.0,0.0,0.21,0.0,0.0,0.0,0.0,0.0,0.0,0.12,0.0,0.0,0.04,0.0,0.0,0.01,0.0,0.0,0.0,0.0,0.0,0.05,0.0,0.0,0.11,0.0,0.0,0.0,0.0,0.04,0.0,0.0,0.0,0.0,0.0,0.0,0.0,0.0,0.0,0.0,0.0,0.0,0.0,0.0,0.0,0.0,0.0,0.0,0.0,0.0,0.0,0.0,0.0,0.0,0.0,0.0,0.0,0.0,0.0,0.0,0.0,0.0,0.0,0.0,0.0,0.0,0.0,0.0,0.0,0.0,0.0,0.0,0.0,0.0,0.0,0.0,0.0,0.0,0.0,0.0,0.01,0.0,0.0,0.0,0.0,0.0,0.0,0.0,0.0,0.0,0.0,0.0,0.0,0.0,0.0,0.0,0.0,0.0,0.0,0.0,0.0,0.02,0.0,0.0,0.0,0.0
PS,NH2,116.0,42.8,HP,76.92,100.0,20000,60,25,other,sphere,water,7.0,116.0,0.126944444,water,1.0,37,1,Anionic,0.61,0.55,0.23,0.0,45.04,0.16,9.77,0.11,0.0,0.13,1.13,0.14,15.45,0.87,0.77,0.59,0.06,0.0,0.12,2.21,0.55,0.04,0.05,0.11,0.53,0.19,0.38,0.14,0.0,0.09,0.0,0.09,0.1,0.2,0.65,0.22,0.61,0.46,0.18,0.16,0.2,0.1,0.14,0.02,0.08,0.0,0.04,0.0,1.18,1.05,0.47,0.0,0.03,0.2,0.0,1.94,0.16,0.0,0.0,0.14,0.0,0.0,0.0,0.0,0.0,0.0,0.0,0.0,0.01,0.0,0.02,0.01,0.0,0.18,0.0,0.0,0.47,0.0,0.05,0.0,0.0,0.0,0.0,0.0,6.39,0.0,0.0,0.0,0.0,0.0,0.0,0.0,0.16,0.0,0.13,0.0,0.0,0.0,0.0,0.0,0.0,0.0,0.22,0.0,0.0,0.0,0.0,0.0,0.0,0.0,0.03,0.0,0.0,0.0,0.0,0.0,0.0,0.0,0.0,0.0,0.0,0.0,0.0,0.0,0.0,0.0,0.0,0.0,0.2,0.0,0.0,0.0,0.0,0.0,0.59,0.0,0.0,0.0,0.0,0.0,0.0,0.0,0.05,0.18,0.0,0.0,0.0,0.0,0.0,0.0,0.05,0.02,0.0,0.0,0.0,0.0,0.0,0.0,0.0,0.0,0.0,0.0,0.0,0.0,0.0,0.0,0.0,0.0,0.0,0.0,0.0,0.0,0.0,0.0,0.0,0.0,0.0,0.0
PS,none,115.0,51.0,HP,90.0,600.0,15300,20,4,other,sphere,buffer,7.4,117.0,0.011,buffer,0.5,37,1,Neutral,2.59,0.6,10.59,0.59,20.87,2.08,9.9,0.94,0.76,0.63,1.15,0.72,7.88,1.1,0.41,0.69,0.2,1.51,0.0,0.75,0.17,0.31,1.23,0.0,0.48,0.21,0.47,1.7,3.89,0.24,0.59,0.51,0.3,0.4,1.3,0.41,0.05,2.95,0.11,0.11,0.28,0.22,0.17,0.57,0.12,0.37,0.08,0.07,0.09,0.4,0.0,0.13,0.13,0.87,0.0,0.98,0.0,0.46,0.06,0.11,0.2,1.24,0.05,0.0,0.91,0.71,0.0,0.92,0.28,0.56,0.1,0.06,0.08,0.08,0.16,0.27,0.15,0.0,0.15,0.21,0.0,0.81,0.0,0.16,1.03,0.0,0.37,0.35,0.04,0.0,0.0,0.06,0.17,0.0,0.33,0.05,0.0,0.0,0.27,0.56,0.11,0.1,0.1,0.29,0.0,0.0,0.0,0.0,0.0,0.37,0.0,0.0,0.04,0.13,0.0,0.0,0.0,0.11,0.0,0.0,0.12,0.06,0.0,0.0,0.11,0.0,0.0,0.0,0.06,0.05,0.0,0.1,0.28,0.09,0.24,0.0,0.0,0.0,0.06,0.0,0.0,0.06,0.0,0.0,0.1,0.0,0.0,0.0,0.0,0.0,0.05,0.1,0.26,0.0,0.06,0.0,0.04,0.0,0.0,0.0,0.0,0.0,0.0,0.0,0.0,0.0,0.0,0.0,0.04,0.03,0.0,0.0,0.0,0.0,0.0,0.0,0.04,0.0
PS,none,115.0,51.0,HP,90.0,600.0,15300,20,4,other,sphere,buffer,7.4,117.0,0.011,buffer,2.0,37,1,Neutral,2.32,0.44,13.93,0.85,18.78,3.35,9.34,1.97,0.86,0.71,0.89,0.48,7.22,1.01,0.32,0.68,0.12,3.79,0.0,0.54,0.22,0.32,1.76,0.0,0.46,0.19,0.3,1.89,3.13,0.31,0.62,0.42,0.35,0.39,1.04,0.31,0.06,2.37,0.09,0.1,0.24,0.26,0.15,0.5,0.09,0.36,0.06,0.07,0.09,0.31,0.0,0.09,0.09,0.76,0.0,0.63,0.0,0.57,0.08,0.1,0.33,0.65,0.05,0.0,0.54,0.93,0.0,0.61,0.17,0.35,0.07,0.04,0.06,0.06,0.19,0.2,0.11,0.0,0.13,0.44,0.0,0.7,0.0,0.15,0.83,0.0,0.2,0.18,0.03,0.0,0.0,0.04,0.15,0.0,0.28,0.05,0.0,0.0,0.29,0.46,0.12,0.09,0.07,0.23,0.0,0.0,0.0,0.0,0.0,0.33,0.0,0.0,0.03,0.13,0.0,0.0,0.0,0.08,0.0,0.0,0.12,0.07,0.0,0.0,0.11,0.0,0.0,0.0,0.05,0.06,0.0,0.13,0.24,0.14,0.19,0.0,0.0,0.0,0.09,0.0,0.0,0.08,0.0,0.0,0.16,0.0,0.0,0.0,0.0,0.0,0.04,0.08,0.27,0.0,0.08,0.0,0.05,0.0,0.0,0.0,0.0,0.0,0.0,0.0,0.0,0.0,0.0,0.0,0.06,0.04,0.0,0.0,0.0,0.0,0.0,0.0,0.04,0.0
PS,none,115.0,51.0,HP,90.0,600.0,15300,20,4,other,sphere,buffer,7.4,117.0,0.011,buffer,5.0,37,1,Neutral,1.06,0.79,14.26,0.92,23.06,3.91,7.39,3.55,1.1,0.76,1.19,0.24,5.82,1.14,0.52,0.55,0.1,5.2,0.0,1.07,0.23,0.2,1.98,0.0,0.06,0.16,0.27,0.35,2.8,0.29,0.52,0.37,0.23,0.4,1.29,0.23,0.01,1.21,0.12,0.08,0.26,0.13,0.15,0.12,0.1,0.3,0.06,0.08,0.02,0.59,0.0,0.07,0.12,0.76,0.0,1.09,0.0,0.67,0.08,0.07,0.44,0.48,0.04,0.0,0.35,0.74,0.0,0.45,0.1,0.25,0.07,0.08,0.07,0.11,0.09,0.53,0.26,0.0,0.07,0.19,0.0,0.48,0.0,0.07,1.12,0.0,0.13,0.15,0.05,0.0,0.0,0.04,0.14,0.0,0.29,0.04,0.0,0.0,0.25,0.25,0.05,0.08,0.12,0.2,0.0,0.0,0.0,0.0,0.0,0.28,0.0,0.0,0.07,0.08,0.0,0.0,0.0,0.07,0.0,0.0,0.08,0.04,0.0,0.0,0.1,0.0,0.0,0.0,0.1,0.05,0.0,0.1,0.21,0.11,0.19,0.0,0.0,0.0,0.08,0.0,0.0,0.07,0.0,0.0,0.12,0.0,0.0,0.0,0.0,0.0,0.09,0.08,0.27,0.0,0.06,0.0,0.04,0.0,0.0,0.0,0.0,0.0,0.0,0.0,0.0,0.0,0.0,0.0,0.06,0.05,0.0,0.0,0.0,0.0,0.0,0.0,0.04,0.0
PS,none,115.0,51.0,HP,90.0,600.0,15300,20,4,other,sphere,buffer,7.4,117.0,0.011,buffer,15.0,37,1,Neutral,1.73,2.42,10.21,0.94,14.54,2.96,5.97,3.92,0.89,0.52,0.45,0.22,7.35,1.62,0.16,0.68,0.1,4.63,0.0,0.27,0.24,0.39,1.86,0.0,0.18,0.27,0.58,0.5,2.43,0.23,1.39,0.46,0.22,0.46,0.95,0.2,0.0,0.86,0.0,0.08,0.14,0.17,0.14,0.15,0.05,0.9,0.0,0.23,0.0,0.17,0.0,0.19,0.18,0.73,0.0,0.17,0.0,1.0,0.16,0.09,0.37,1.0,0.08,0.0,0.99,2.58,0.0,1.3,0.1,0.7,0.02,0.0,0.0,0.0,0.04,0.76,0.04,0.0,0.1,0.23,0.0,2.12,0.0,0.17,0.53,0.0,0.19,0.23,0.08,0.0,0.0,0.06,0.14,0.0,0.57,0.21,0.0,0.0,0.31,1.24,0.18,0.26,0.3,0.4,0.0,0.0,0.0,0.0,0.0,1.44,0.0,0.0,0.21,0.06,0.0,0.0,0.0,0.13,0.0,0.0,0.24,0.26,0.0,0.0,0.12,0.0,0.0,0.0,0.01,0.16,0.0,0.55,0.25,0.37,0.28,0.0,0.0,0.0,0.25,0.0,0.0,0.23,0.0,0.0,0.05,0.0,0.0,0.0,0.0,0.0,0.0,0.02,0.99,0.0,0.23,0.0,0.14,0.0,0.0,0.0,0.0,0.0,0.0,0.0,0.0,0.0,0.0,0.0,0.17,0.12,0.0,0.0,0.0,0.0,0.0,0.0,0.15,0.0
PS,none,115.0,51.0,HP,90.0,600.0,15300,20,4,other,sphere,buffer,7.4,117.0,0.011,buffer,30.0,37,1,Neutral,1.19,1.47,8.37,1.21,18.98,5.66,6.89,6.69,1.42,0.82,0.75,0.26,7.93,0.87,0.24,0.51,0.14,5.59,0.0,0.24,0.23,0.33,2.5,0.0,0.04,0.23,0.2,0.37,2.18,0.32,0.91,0.37,0.27,0.46,0.76,0.19,0.0,2.23,0.07,0.11,0.27,0.13,0.17,0.12,0.09,0.52,0.05,0.24,0.01,0.13,0.0,0.14,0.15,0.63,0.0,0.38,0.0,0.72,0.1,0.05,0.4,0.67,0.05,0.0,0.54,1.15,0.0,1.21,0.16,0.6,0.07,0.05,0.09,0.04,0.11,0.61,0.06,0.0,0.07,0.2,0.0,0.88,0.0,0.06,0.57,0.0,0.17,0.15,0.1,0.0,0.0,0.06,0.11,0.0,0.24,0.11,0.0,0.0,0.25,0.7,0.09,0.13,0.06,0.23,0.0,0.0,0.0,0.0,0.0,0.48,0.0,0.0,0.11,0.07,0.0,0.0,0.0,0.08,0.0,0.0,0.06,0.13,0.0,0.0,0.15,0.0,0.0,0.0,0.03,0.07,0.0,0.17,0.15,0.22,0.1,0.0,0.0,0.0,0.14,0.0,0.0,0.11,0.0,0.0,0.09,0.0,0.0,0.0,0.0,0.0,0.01,0.09,0.41,0.0,0.11,0.0,0.07,0.0,0.0,0.0,0.0,0.0,0.0,0.0,0.0,0.0,0.0,0.0,0.09,0.07,0.0,0.0,0.0,0.0,0.0,0.0,0.07,0.0
PS,none,115.0,51.0,HP,90.0,600.0,15300,20,4,other,sphere,buffer,7.4,117.0,0.011,buffer,60.0,37,1,Neutral,1.04,1.58,11.1,0.78,20.84,2.24,6.12,4.13,0.78,0.62,0.62,0.28,5.31,1.31,0.34,0.4,0.09,4.47,0.0,0.63,0.2,0.32,1.46,0.0,0.11,0.17,0.76,0.42,2.54,0.19,1.36,0.15,0.21,0.53,1.07,0.22,0.0,0.86,0.11,0.09,0.17,0.18,0.14,0.1,0.09,0.7,0.07,0.23,0.0,0.28,0.0,0.09,0.18,0.65,0.0,0.51,0.0,1.13,0.11,0.05,0.37,0.54,0.09,0.0,0.38,1.36,0.0,0.53,0.09,0.3,0.06,0.08,0.1,0.08,0.08,0.46,0.16,0.0,0.08,0.26,0.0,2.28,0.0,0.09,0.87,0.0,0.1,0.12,0.09,0.0,0.0,0.07,0.11,0.0,0.22,0.23,0.0,0.0,0.23,0.81,0.11,0.2,0.09,0.2,0.0,0.0,0.0,0.0,0.0,0.9,0.0,0.0,0.12,0.06,0.0,0.0,0.0,0.11,0.0,0.0,0.15,0.26,0.0,0.0,0.1,0.0,0.0,0.0,0.05,0.1,0.0,0.29,0.18,0.25,0.22,0.0,0.0,0.0,0.19,0.0,0.0,0.12,0.0,0.0,0.09,0.0,0.0,0.0,0.0,0.0,0.07,0.04,1.13,0.0,0.17,0.0,0.09,0.0,0.0,0.0,0.0,0.0,0.0,0.0,0.0,0.0,0.0,0.0,0.12,0.07,0.0,0.0,0.0,0.0,0.0,0.0,0.55,0.0
PS,none,115.0,51.0,HP,90.0,600.0,15300,20,4,other,sphere,buffer,7.4,117.0,0.011,buffer,120.0,37,1,Neutral,1.57,1.34,7.55,0.82,17.26,1.82,7.9,3.59,0.68,0.64,0.64,0.29,6.69,1.59,0.4,0.61,0.21,3.19,0.0,0.68,0.21,0.4,1.41,0.0,0.14,0.21,0.89,0.52,2.96,0.16,1.63,0.42,0.29,0.66,1.22,0.23,0.0,1.42,0.14,0.1,0.13,0.28,0.16,0.11,0.1,0.85,0.06,0.3,0.0,0.27,0.0,0.13,0.23,0.67,0.0,0.59,0.0,0.89,0.12,0.08,0.31,0.64,0.11,0.0,0.55,1.36,0.0,1.33,0.09,0.82,0.07,0.07,0.12,0.08,0.11,0.46,0.16,0.0,0.09,0.3,0.0,2.1,0.0,0.11,1.0,0.0,0.14,0.1,0.09,0.0,0.0,0.08,0.14,0.0,0.29,0.3,0.0,0.0,0.22,0.72,0.1,0.22,0.11,0.28,0.0,0.0,0.0,0.0,0.0,1.04,0.0,0.0,0.13,0.03,0.0,0.0,0.0,0.13,0.0,0.0,0.2,0.22,0.0,0.0,0.15,0.0,0.0,0.0,0.06,0.11,0.0,0.39,0.26,0.29,0.24,0.0,0.0,0.0,0.25,0.0,0.0,0.12,0.0,0.0,0.11,0.0,0.0,0.0,0.0,0.0,0.07,0.09,0.86,0.0,0.2,0.0,0.12,0.0,0.0,0.0,0.0,0.0,0.0,0.0,0.0,0.0,0.0,0.0,0.13,0.08,0.0,0.0,0.0,0.0,0.0,0.0,0.67,0.0
SiO2,NH2,30.2,-10.0,HP,90.0,60.0,15300,20,4,other,sphere,buffer,7.4,31.0,0.104,buffer,0.5,37,1,Anionic,1.32,2.12,3.13,1.41,2.33,1.14,2.05,0.77,1.04,1.08,0.34,0.96,0.77,0.27,0.62,0.33,1.92,0.25,2.95,0.76,0.06,1.65,1.0,0.38,0.65,2.05,0.19,0.83,1.28,0.31,0.31,0.46,1.36,0.74,1.17,1.53,0.07,1.06,0.18,0.6,0.16,1.15,0.44,0.27,0.29,0.14,0.24,0.66,0.03,0.4,0.52,1.06,1.03,0.64,0.5,0.61,1.41,0.73,0.13,0.23,0.17,1.45,0.42,0.1,0.81,0.04,0.72,1.21,0.08,0.87,1.64,0.13,0.66,0.12,0.41,0.93,0.3,0.49,0.23,0.27,0.18,0.47,0.74,0.13,1.4,0.35,0.5,0.02,0.44,0.25,0.33,0.29,0.15,0.11,0.33,0.16,0.05,0.33,0.94,0.46,0.05,0.07,0.1,0.38,0.19,0.31,0.14,0.0,0.08,0.0,0.17,0.75,0.24,0.85,0.4,0.8,0.4,0.15,0.62,0.4,0.44,0.08,0.02,0.03,0.33,0.57,0.38,0.71,0.04,0.03,0.22,0.0,0.37,0.09,0.0,0.14,0.24,0.18,0.18,0.06,0.63,0.0,0.09,0.0,0.02,0.11,0.08,0.06,0.05,0.1,0.43,0.05,0.0,0.0,0.1,0.22,0.08,1.03,0.02,0.23,0.02,0.05,0.0,0.49,0.06,0.09,0.22,0.29,0.2,0.02,0.2,0.04,0.0,0.02,0.34,0.6,0.0,0.07
SiO2,NH2,30.2,-10.0,HP,90.0,60.0,15300,20,4,other,sphere,buffer,7.4,31.0,0.104,buffer,2.0,37,1,Anionic,1.15,2.07,2.67,1.4,2.36,1.14,2.22,0.89,1.38,1.16,0.33,1.0,0.82,0.3,0.6,0.33,1.69,0.24,2.75,0.74,0.06,1.68,0.85,0.36,0.51,2.26,0.22,0.8,1.28,0.37,0.29,0.51,1.4,0.93,1.15,1.68,0.04,0.86,0.18,0.64,0.18,0.97,0.43,0.22,0.27,0.21,0.22,0.71,0.03,0.46,0.53,1.0,1.0,0.59,0.53,0.58,1.71,0.82,0.17,0.2,0.18,1.4,0.39,0.1,0.9,0.05,0.59,1.1,0.1,0.85,1.53,0.12,0.63,0.11,0.46,0.93,0.29,0.42,0.21,0.27,0.21,0.54,0.64,0.12,1.25,0.35,0.46,0.02,0.37,0.25,0.36,0.25,0.13,0.11,0.32,0.2,0.07,0.38,1.07,0.44,0.06,0.14,0.08,0.37,0.16,0.32,0.14,0.0,0.08,0.0,0.15,0.73,0.22,0.92,0.31,0.72,0.44,0.13,0.63,0.26,0.52,0.1,0.02,0.02,0.33,0.55,0.46,0.89,0.07,0.02,0.19,0.0,0.39,0.06,0.0,0.12,0.26,0.19,0.19,0.06,0.54,0.0,0.1,0.0,0.03,0.14,0.03,0.07,0.04,0.1,0.44,0.05,0.0,0.0,0.04,0.21,0.08,0.46,0.0,0.22,0.03,0.04,0.0,0.41,0.18,0.08,0.28,0.33,0.19,0.1,0.26,0.04,0.0,0.0,0.35,0.69,0.0,0.08
SiO2,NH2,30.2,-10.0,HP,90.0,60.0,15300,20,4,other,sphere,buffer,7.4,31.0,0.104,buffer,5.0,37,1,Anionic,1.33,2.15,2.45,1.27,2.37,1.15,2.17,0.49,1.28,1.23,0.39,1.05,1.25,0.56,0.56,0.31,1.89,0.38,2.68,0.83,0.16,1.52,1.07,0.59,0.67,2.31,0.19,0.65,1.37,0.34,0.29,0.56,1.0,0.74,1.12,1.71,0.03,0.76,0.18,0.7,0.16,1.09,0.66,0.38,0.27,0.16,0.24,0.72,0.03,0.42,0.49,0.81,1.04,0.55,0.56,0.61,1.59,0.91,0.11,0.15,0.23,1.15,0.29,0.03,0.63,0.07,0.65,1.1,0.08,0.82,1.21,0.11,0.67,0.13,0.55,1.17,0.35,0.41,0.21,0.28,0.2,0.47,0.78,0.15,1.2,0.42,0.67,0.02,0.55,0.27,0.49,0.4,0.14,0.2,0.3,0.09,0.05,0.29,0.8,0.42,0.12,0.08,0.13,0.34,0.13,0.34,0.2,0.0,0.09,0.0,0.22,0.74,0.22,0.77,0.23,1.01,0.44,0.11,0.43,0.4,0.38,0.09,0.03,0.05,0.23,0.52,0.49,0.57,0.05,0.06,0.16,0.0,0.38,0.09,0.0,0.15,0.22,0.17,0.12,0.06,1.02,0.02,0.12,0.0,0.02,0.11,0.06,0.05,0.07,0.1,0.47,0.06,0.0,0.0,0.05,0.18,0.04,0.58,0.03,0.25,0.02,0.07,0.0,0.43,0.06,0.07,0.24,0.2,0.17,0.03,0.32,0.07,0.0,0.01,0.31,0.59,0.0,0.1
SiO2,NH2,30.2,-10.0,HP,90.0,60.0,15300,20,4,other,sphere,buffer,7.4,31.0,0.104,buffer,15.0,37,1,Anionic,1.29,1.98,3.02,1.3,2.37,1.25,2.2,0.65,1.22,1.26,0.35,0.93,1.25,0.32,0.62,0.43,1.71,0.26,2.55,0.79,0.06,1.62,1.1,0.48,0.61,2.41,0.17,0.76,1.34,0.38,0.28,0.51,1.09,0.72,1.14,1.75,0.03,0.86,0.19,0.75,0.27,0.92,0.54,0.26,0.42,0.13,0.25,0.83,0.02,0.41,0.5,0.96,1.03,0.44,0.4,0.6,1.51,0.85,0.02,0.17,0.17,1.2,0.35,0.05,0.76,0.05,0.61,1.09,0.09,0.78,1.42,0.11,0.59,0.11,0.57,1.08,0.33,0.37,0.22,0.3,0.18,0.57,0.56,0.14,1.37,0.41,0.53,0.03,0.6,0.24,0.38,0.39,0.15,0.14,0.34,0.13,0.05,0.36,0.85,0.4,0.07,0.1,0.08,0.36,0.16,0.54,0.11,0.0,0.14,0.0,0.21,0.64,0.16,0.88,0.19,0.93,0.43,0.13,0.54,0.45,0.41,0.12,0.03,0.03,0.27,0.46,0.44,0.61,0.05,0.05,0.15,0.0,0.32,0.08,0.0,0.14,0.23,0.18,0.15,0.06,0.72,0.0,0.09,0.0,0.02,0.11,0.1,0.07,0.06,0.13,0.4,0.05,0.0,0.0,0.04,0.15,0.14,0.69,0.03,0.24,0.02,0.05,0.0,0.4,0.1,0.1,0.33,0.17,0.2,0.03,0.26,0.22,0.0,0.02,0.41,0.61,0.0,0.1
SiO2,NH2,30.2,-10.0,HP,90.0,60.0,15300,20,4,other,sphere,buffer,7.4,31.0,0.104,buffer,30.0,37,1,Anionic,1.31,2.04,2.92,1.21,2.37,1.15,2.43,0.54,1.28,1.23,0.38,1.09,1.06,0.43,0.62,0.41,1.72,0.31,2.43,0.87,0.1,1.65,1.25,0.69,0.67,2.48,0.22,0.67,1.45,0.34,0.27,0.58,0.84,0.86,1.12,1.77,0.05,0.76,0.19,0.71,0.18,1.05,0.43,0.29,0.25,0.13,0.24,0.84,0.04,0.46,0.54,0.85,1.05,0.64,0.42,0.6,1.66,0.85,0.06,0.18,0.23,0.89,0.28,0.03,0.66,0.06,0.54,1.08,0.08,0.78,1.22,0.11,0.6,0.12,0.58,1.14,0.35,0.38,0.22,0.29,0.18,0.26,0.81,0.16,1.56,0.46,0.57,0.02,0.56,0.34,0.37,0.38,0.16,0.24,0.34,0.18,0.06,0.37,0.74,0.37,0.09,0.07,0.09,0.41,0.16,0.46,0.14,0.0,0.12,0.0,0.26,0.64,0.2,0.8,0.15,0.88,0.44,0.11,0.44,0.52,0.42,0.11,0.04,0.05,0.29,0.45,0.49,0.53,0.06,0.1,0.14,0.0,0.33,0.11,0.0,0.12,0.22,0.18,0.13,0.07,0.59,0.01,0.12,0.0,0.02,0.13,0.15,0.08,0.07,0.14,0.45,0.05,0.0,0.0,0.1,0.16,0.09,0.7,0.02,0.28,0.02,0.06,0.0,0.34,0.04,0.1,0.25,0.18,0.18,0.06,0.33,0.07,0.0,0.02,0.37,0.51,0.0,0.06
SiO2,NH2,30.2,-10.0,HP,90.0,60.0,15300,20,4,other,sphere,buffer,7.4,31.0,0.104,buffer,60.0,37,1,Anionic,1.15,2.39,2.31,1.35,1.76,1.21,2.09,0.49,1.45,1.46,0.21,1.15,1.4,0.21,0.41,0.28,2.07,0.58,2.7,0.46,0.11,1.56,1.14,1.01,0.57,2.31,0.12,0.51,1.34,0.32,0.26,0.42,0.69,0.95,0.97,1.92,0.05,0.78,0.1,0.76,0.15,1.12,0.4,0.31,0.28,0.17,0.24,0.73,0.03,0.33,0.4,0.78,1.11,0.33,0.28,0.35,1.59,0.96,0.11,0.14,0.51,0.94,0.37,0.03,0.64,0.07,0.69,1.25,0.07,0.96,1.16,0.09,0.8,0.06,0.52,1.18,0.19,0.43,0.18,0.33,0.2,0.3,1.03,0.14,1.09,0.37,0.88,0.03,0.51,0.27,0.58,0.5,0.11,0.14,0.32,0.13,0.05,0.37,0.75,0.48,0.22,0.06,0.15,0.31,0.14,0.44,0.21,0.0,0.21,0.0,0.19,0.95,0.31,0.78,0.11,1.1,0.65,0.13,0.47,0.78,0.52,0.05,0.1,0.07,0.22,0.56,0.55,0.63,0.07,0.17,0.09,0.0,0.29,0.09,0.0,0.22,0.28,0.17,0.16,0.06,0.84,0.04,0.05,0.0,0.01,0.13,0.1,0.03,0.11,0.15,0.35,0.03,0.0,0.0,0.05,0.24,0.05,1.07,0.06,0.19,0.03,0.05,0.0,0.43,0.04,0.08,0.26,0.26,0.16,0.02,0.15,0.1,0.0,0.04,0.59,0.39,0.0,0.07
SiO2,NH2,30.2,-10.0,HP,90.0,60.0,15300,20,4,other,sphere,buffer,7.4,31.0,0.104,buffer,120.0,37,1,Anionic,1.07,2.37,3.01,1.38,1.49,1.34,1.96,0.48,1.32,1.42,0.16,1.05,1.03,0.2,0.34,0.32,2.16,0.48,2.84,0.36,0.09,1.67,1.11,1.06,0.55,2.31,0.1,0.5,1.28,0.37,0.25,0.37,0.75,0.96,1.04,1.78,0.03,0.78,0.1,0.71,0.15,1.18,0.56,0.23,0.36,0.1,0.25,0.77,0.02,0.34,0.48,0.85,1.14,0.49,0.36,0.31,1.67,0.97,0.03,0.14,0.34,1.17,0.33,0.05,0.61,0.09,0.69,1.33,0.1,0.97,1.63,0.08,0.82,0.08,0.55,1.14,0.16,0.38,0.18,0.31,0.2,0.32,1.13,0.11,0.89,0.35,0.99,0.03,0.58,0.28,0.61,0.5,0.12,0.16,0.39,0.09,0.06,0.43,0.77,0.53,0.09,0.05,0.08,0.28,0.21,0.34,0.2,0.0,0.16,0.0,0.17,0.92,0.31,0.79,0.11,1.13,0.49,0.1,0.54,0.49,0.46,0.06,0.03,0.12,0.28,0.58,0.47,0.69,0.08,0.12,0.2,0.0,0.26,0.06,0.0,0.23,0.29,0.17,0.19,0.05,0.8,0.02,0.05,0.0,0.02,0.13,0.1,0.08,0.12,0.15,0.32,0.03,0.0,0.0,0.05,0.23,0.05,0.68,0.04,0.2,0.02,0.06,0.0,0.53,0.1,0.07,0.26,0.28,0.17,0.04,0.16,0.1,0.0,0.02,0.29,0.35,0.0,0.07
SiO2,none,31.4,-14.0,HP,90.0,60.0,15300,20,4,other,sphere,plasma,7.4,48.0,0.004,buffer,0.5,37,1,Neutral,0.71,1.85,15.16,0.4,13.21,1.15,8.72,0.93,1.57,0.47,0.78,1.91,4.67,1.74,0.5,0.83,0.66,0.57,0.0,1.25,0.15,1.09,0.77,0.0,0.13,1.06,1.38,0.63,4.44,0.3,0.91,0.3,0.79,0.68,1.73,1.75,0.0,2.05,0.57,0.42,0.3,0.63,0.39,0.0,0.46,0.35,0.32,0.27,0.0,1.35,0.0,0.13,1.09,0.62,0.0,1.42,0.0,0.67,0.0,0.34,0.05,0.83,0.22,0.0,0.61,0.55,0.17,0.64,0.0,0.4,0.69,0.1,0.17,0.14,0.04,0.15,0.17,0.0,0.07,0.02,0.0,0.33,0.0,0.03,1.89,0.0,0.0,0.03,0.11,0.15,0.07,0.23,0.2,0.0,0.62,0.0,0.0,0.08,0.89,0.0,0.0,0.0,0.08,0.1,0.18,0.0,0.0,0.0,0.04,0.13,0.23,0.0,0.0,0.23,0.1,0.12,0.16,0.0,0.13,0.0,0.59,0.0,0.0,0.0,0.14,0.17,0.0,0.27,0.11,0.0,0.0,0.3,0.27,0.0,0.21,0.0,0.0,0.0,0.0,0.0,0.0,0.0,0.0,0.0,0.0,0.0,0.0,0.0,0.0,0.0,0.0,0.0,0.14,0.0,0.0,0.0,0.0,0.0,0.0,0.0,0.0,0.0,0.0,0.0,0.0,0.0,0.09,0.0,0.0,0.0,0.0,0.0,0.0,0.0,0.0,0.0,0.03,0.0
SiO2,COOH,27.2,-14.0,HP,90.0,60.0,15300,20,4,other,sphere,plasma,7.4,69.0,0.068,buffer,0.5,37,1,Anionic,1.71,2.24,2.06,1.08,2.92,0.91,2.64,0.45,0.63,1.11,0.5,1.28,1.42,0.54,0.63,0.43,1.78,0.21,1.76,0.92,0.14,1.45,1.17,0.72,0.66,1.84,0.19,1.45,1.96,0.26,0.23,0.58,1.21,0.87,1.39,1.75,0.04,0.92,0.51,0.54,0.21,1.61,0.91,0.32,0.78,0.13,0.48,0.96,0.02,0.63,0.68,0.85,1.08,0.84,0.76,0.65,0.89,0.38,0.04,0.26,0.09,0.76,0.37,0.09,0.56,0.06,0.56,1.37,0.08,0.82,1.11,0.14,0.39,0.14,0.27,0.69,0.36,0.25,0.27,0.28,0.07,0.51,0.51,0.16,2.01,0.26,0.55,0.06,0.55,0.41,0.58,0.24,0.12,0.14,0.32,0.12,0.09,0.27,0.76,0.59,0.06,0.07,0.24,0.45,0.3,0.29,0.09,0.0,0.08,0.0,0.23,0.62,0.18,0.51,0.3,0.75,0.32,0.14,0.32,0.66,0.32,0.28,0.02,0.07,0.19,0.46,0.41,0.44,0.08,0.06,0.09,0.0,0.33,0.1,0.0,0.06,0.29,0.12,0.1,0.08,0.64,0.01,0.13,0.0,0.04,0.09,0.15,0.09,0.09,0.09,0.57,0.06,0.0,0.0,0.08,0.14,0.05,0.39,0.02,0.34,0.01,0.16,0.0,0.48,0.05,0.06,0.15,0.16,0.23,0.06,0.29,0.07,0.0,0.02,0.31,0.59,0.0,0.08
SiO2,none,31.4,-14.0,HP,90.0,60.0,15300,20,4,other,sphere,plasma,7.4,48.0,0.004,buffer,2.0,37,1,Neutral,1.27,1.38,20.01,1.05,8.0,2.0,3.31,0.84,8.64,0.92,0.37,1.59,2.54,0.71,0.55,0.49,0.04,2.67,0.0,0.53,0.07,0.64,0.83,0.0,0.16,3.91,0.44,1.46,2.31,0.46,0.36,0.14,2.5,0.17,0.76,4.22,0.0,0.98,0.18,0.33,0.06,0.28,0.25,0.0,0.21,0.1,0.15,0.6,0.0,0.24,0.0,0.21,3.24,0.32,0.0,0.54,0.0,2.94,0.0,0.21,0.85,0.77,0.38,0.0,0.68,0.1,0.06,0.08,0.0,0.07,1.48,0.02,0.3,0.04,0.19,0.72,0.15,0.0,0.09,0.02,0.0,0.38,0.0,0.02,0.58,0.0,0.0,0.04,0.0,0.06,0.05,0.14,0.07,0.0,0.25,0.0,0.0,0.1,1.29,0.0,0.0,0.0,0.01,0.12,0.13,0.0,0.0,0.0,0.03,0.19,0.07,0.0,0.0,0.35,0.3,0.12,0.16,0.0,0.35,0.0,0.87,0.0,0.0,0.0,0.3,0.12,0.0,0.28,0.1,0.0,0.0,0.14,0.15,0.0,0.03,0.0,0.0,0.0,0.0,0.0,0.0,0.0,0.0,0.0,0.0,0.0,0.0,0.0,0.0,0.0,0.0,0.0,0.15,0.0,0.0,0.0,0.0,0.0,0.0,0.0,0.0,0.0,0.0,0.0,0.0,0.0,0.2,0.0,0.0,0.0,0.0,0.0,0.0,0.0,0.0,0.0,0.04,0.0
SiO2,COOH,27.2,-14.0,HP,90.0,60.0,15300,20,4,other,sphere,plasma,7.4,69.0,0.068,buffer,2.0,37,1,Anionic,1.8,2.23,2.24,0.97,2.97,0.88,2.91,0.42,0.55,1.09,0.52,1.37,1.81,0.66,0.54,0.47,1.73,0.17,1.48,0.87,0.14,1.46,1.1,0.88,0.76,1.95,0.16,1.23,1.92,0.21,0.17,0.71,1.21,0.68,1.4,1.91,0.03,0.88,0.42,0.61,0.34,1.76,0.85,0.32,0.79,0.12,0.52,1.01,0.02,0.62,0.73,0.79,1.06,0.84,0.74,0.54,0.77,0.35,0.02,0.32,0.07,0.65,0.35,0.09,0.57,0.05,0.51,1.14,0.07,0.79,0.72,0.13,0.31,0.14,0.28,0.76,0.32,0.24,0.31,0.28,0.07,0.28,0.52,0.17,1.73,0.37,0.52,0.06,0.53,0.32,0.65,0.31,0.14,0.27,0.3,0.1,0.05,0.21,0.68,0.61,0.06,0.09,0.24,0.5,0.29,0.31,0.12,0.0,0.08,0.0,0.32,0.82,0.19,0.49,0.2,0.78,0.38,0.16,0.28,0.49,0.36,0.27,0.03,0.07,0.15,0.49,0.5,0.46,0.1,0.05,0.09,0.0,0.35,0.07,0.0,0.09,0.27,0.11,0.09,0.12,0.54,0.01,0.15,0.0,0.05,0.11,0.14,0.07,0.08,0.11,0.66,0.06,0.0,0.0,0.1,0.14,0.04,0.48,0.02,0.26,0.03,0.15,0.0,0.38,0.1,0.05,0.16,0.14,0.22,0.03,0.34,0.08,0.0,0.02,0.32,0.61,0.0,0.07
SiO2,none,31.4,-14.0,HP,90.0,60.0,15300,20,4,other,sphere,plasma,7.4,48.0,0.004,buffer,5.0,37,1,Neutral,1.67,1.15,18.48,0.69,8.17,0.83,5.04,0.87,9.25,0.47,0.28,1.89,3.67,0.68,0.46,0.53,0.04,2.3,0.0,0.5,0.11,0.28,1.11,0.0,0.18,3.47,0.24,1.53,2.69,0.39,0.3,0.21,2.98,0.27,0.83,4.17,0.0,1.59,0.17,0.49,0.07,0.29,0.4,0.0,0.32,0.09,0.28,0.81,0.0,0.28,0.0,0.12,3.11,0.45,0.0,0.46,0.0,1.93,0.0,0.32,0.57,0.84,0.47,0.0,0.59,0.15,0.1,0.06,0.0,0.04,1.39,0.03,0.18,0.04,0.1,0.44,0.17,0.0,0.13,0.01,0.0,0.24,0.0,0.02,0.74,0.0,0.0,0.05,0.0,0.13,0.03,0.13,0.09,0.0,0.35,0.0,0.0,0.06,1.01,0.0,0.0,0.0,0.02,0.16,0.32,0.0,0.0,0.0,0.05,0.14,0.11,0.0,0.0,0.32,0.38,0.08,0.1,0.0,0.37,0.0,0.36,0.0,0.0,0.0,0.26,0.12,0.0,0.15,0.17,0.0,0.0,0.16,0.2,0.0,0.1,0.0,0.0,0.0,0.0,0.0,0.0,0.0,0.0,0.0,0.0,0.0,0.0,0.0,0.0,0.0,0.0,0.0,0.14,0.0,0.0,0.0,0.0,0.0,0.0,0.0,0.0,0.0,0.0,0.0,0.0,0.0,0.24,0.0,0.0,0.0,0.0,0.0,0.0,0.0,0.0,0.0,0.02,0.0
SiO2,COOH,27.2,-14.0,HP,90.0,60.0,15300,20,4,other,sphere,plasma,7.4,69.0,0.068,buffer,5.0,37,1,Anionic,1.62,2.36,2.09,1.18,2.8,1.12,2.66,0.3,0.67,1.33,0.4,0.95,1.56,0.49,0.5,0.45,1.95,0.32,2.27,0.78,0.1,1.57,1.04,1.03,0.65,2.43,0.13,1.11,1.68,0.32,0.19,0.57,1.11,1.06,1.3,2.0,0.03,0.75,0.24,0.76,0.14,1.48,0.39,0.26,0.37,0.08,0.26,0.85,0.02,0.43,0.67,0.79,1.15,0.76,0.62,0.54,1.17,0.71,0.03,0.19,0.11,0.74,0.38,0.09,0.57,0.07,0.55,1.26,0.05,0.84,1.15,0.1,0.53,0.11,0.46,0.93,0.28,0.28,0.28,0.4,0.1,0.36,0.56,0.16,1.32,0.31,0.74,0.09,0.41,0.18,0.57,0.35,0.11,0.24,0.3,0.11,0.07,0.21,0.77,0.54,0.06,0.05,0.2,0.41,0.16,0.24,0.17,0.0,0.09,0.0,0.25,0.84,0.23,0.58,0.26,0.84,0.4,0.12,0.34,0.47,0.37,0.34,0.02,0.08,0.17,0.5,0.55,0.5,0.09,0.11,0.16,0.0,0.29,0.11,0.0,0.09,0.32,0.12,0.13,0.07,0.79,0.02,0.09,0.0,0.03,0.11,0.16,0.08,0.1,0.09,0.6,0.05,0.0,0.0,0.05,0.17,0.03,0.48,0.03,0.23,0.01,0.08,0.0,0.47,0.06,0.07,0.22,0.2,0.2,0.02,0.34,0.09,0.0,0.03,0.28,0.56,0.0,0.08
SiO2,none,31.4,-14.0,HP,90.0,60.0,15300,20,4,other,sphere,plasma,7.4,48.0,0.004,buffer,15.0,37,1,Neutral,1.38,0.95,17.25,0.76,10.63,0.87,4.78,0.78,8.51,0.37,0.38,1.88,3.94,0.65,0.54,0.6,0.07,1.66,0.0,0.49,0.04,0.36,0.78,0.0,0.17,4.12,0.31,1.62,3.08,0.39,0.41,0.17,2.18,0.22,0.87,4.09,0.0,1.5,0.2,0.49,0.08,0.21,0.19,0.0,0.21,0.12,0.14,0.72,0.0,0.24,0.0,0.14,3.43,0.48,0.0,0.52,0.0,1.93,0.0,0.3,0.66,1.12,0.27,0.0,0.66,0.18,0.1,0.11,0.0,0.06,1.42,0.02,0.2,0.04,0.06,0.62,0.15,0.0,0.12,0.02,0.0,0.45,0.0,0.03,0.94,0.0,0.0,0.02,0.0,0.12,0.03,0.13,0.1,0.0,0.45,0.0,0.0,0.07,1.01,0.0,0.0,0.0,0.01,0.17,0.26,0.0,0.0,0.0,0.05,0.18,0.11,0.0,0.0,0.42,0.25,0.08,0.12,0.0,0.23,0.0,0.55,0.0,0.0,0.0,0.23,0.07,0.0,0.14,0.09,0.0,0.0,0.21,0.19,0.0,0.09,0.0,0.0,0.0,0.0,0.0,0.0,0.0,0.0,0.0,0.0,0.0,0.0,0.0,0.0,0.0,0.0,0.0,0.16,0.0,0.0,0.0,0.0,0.0,0.0,0.0,0.0,0.0,0.0,0.0,0.0,0.0,0.17,0.0,0.0,0.0,0.0,0.0,0.0,0.0,0.0,0.0,0.04,0.0
SiO2,COOH,27.2,-14.0,HP,90.0,60.0,15300,20,4,other,sphere,plasma,7.4,69.0,0.068,buffer,15.0,37,1,Anionic,1.14,2.13,2.24,1.27,2.75,1.22,2.38,0.41,0.69,1.47,0.42,0.98,1.45,0.37,0.55,0.33,1.91,0.43,2.55,0.77,0.1,1.47,1.05,0.75,0.53,2.31,0.16,1.29,1.34,0.44,0.2,0.45,0.88,0.97,1.17,1.78,0.03,0.81,0.28,0.59,0.24,1.08,0.38,0.32,0.31,0.1,0.27,0.77,0.02,0.37,0.59,0.8,1.12,0.58,0.69,0.57,1.46,0.76,0.04,0.15,0.14,0.87,0.35,0.11,0.68,0.06,0.54,1.34,0.07,0.9,1.28,0.11,0.68,0.12,0.64,1.17,0.28,0.32,0.18,0.34,0.14,0.51,0.61,0.11,1.18,0.28,0.83,0.12,0.47,0.45,0.41,0.33,0.11,0.19,0.34,0.14,0.04,0.23,0.93,0.59,0.08,0.04,0.18,0.3,0.16,0.3,0.13,0.0,0.13,0.0,0.27,0.87,0.25,0.75,0.15,0.94,0.4,0.09,0.4,0.68,0.38,0.32,0.07,0.07,0.18,0.44,0.48,0.51,0.06,0.07,0.11,0.0,0.25,0.05,0.0,0.12,0.33,0.13,0.14,0.07,0.84,0.01,0.08,0.0,0.03,0.1,0.14,0.08,0.11,0.11,0.57,0.05,0.0,0.0,0.05,0.17,0.06,0.46,0.03,0.21,0.02,0.07,0.0,0.55,0.08,0.06,0.26,0.23,0.22,0.08,0.29,0.08,0.0,0.02,0.27,0.57,0.0,0.09
SiO2,none,31.4,-14.0,HP,90.0,60.0,15300,20,4,other,sphere,plasma,7.4,48.0,0.004,buffer,30.0,37,1,Neutral,2.34,1.4,2.11,1.45,8.09,7.88,9.65,0.49,0.25,2.74,0.31,0.65,8.61,0.7,0.16,0.59,0.28,0.13,0.0,0.45,0.09,0.86,0.11,0.31,0.06,0.97,0.59,1.42,4.26,0.82,0.18,0.33,1.38,0.21,0.39,1.94,0.01,2.77,0.1,0.26,0.08,0.06,0.09,0.13,0.1,0.08,0.86,0.14,0.0,0.18,0.0,0.55,0.44,0.53,0.0,0.72,0.0,0.58,0.0,0.05,0.0,2.0,0.18,0.0,1.7,0.11,0.05,1.29,0.0,1.29,0.0,0.07,0.0,0.05,0.19,1.72,0.14,0.07,0.16,1.73,0.0,1.27,0.0,0.13,0.14,0.24,0.23,8.14,0.34,0.04,0.07,0.74,0.15,0.03,0.22,0.18,0.08,0.0,0.0,0.55,0.0,0.07,0.04,0.37,0.01,0.09,0.06,0.0,0.0,0.58,0.19,0.0,0.2,0.08,0.13,0.0,0.0,0.13,0.0,0.26,1.13,0.62,0.0,0.0,0.0,0.0,0.0,0.15,0.04,0.0,0.07,0.24,0.24,0.0,0.15,0.0,0.0,0.0,0.0,0.0,0.0,0.0,0.0,0.0,0.0,0.0,0.0,0.0,0.0,0.0,0.02,0.0,0.41,0.0,0.0,0.05,0.0,0.0,0.0,0.0,0.0,0.0,0.0,0.0,0.0,0.0,0.0,0.0,0.0,0.0,0.0,0.0,0.0,0.0,0.0,0.0,0.08,0.0
SiO2,COOH,27.2,-14.0,HP,90.0,60.0,15300,20,4,other,sphere,plasma,7.4,69.0,0.068,buffer,30.0,37,1,Anionic,1.38,2.02,2.22,1.26,2.52,1.22,2.41,0.4,0.86,1.56,0.39,0.96,1.38,0.33,0.53,0.26,1.87,0.44,2.41,0.72,0.1,1.52,1.21,0.92,0.57,2.44,0.16,1.15,1.56,0.48,0.19,0.48,0.83,1.0,1.16,1.78,0.06,0.86,0.27,0.63,0.13,1.01,0.53,0.32,0.29,0.09,0.26,0.81,0.02,0.33,0.53,0.8,1.22,0.65,0.64,0.52,1.52,0.86,0.08,0.14,0.19,0.86,0.41,0.09,0.65,0.07,0.55,1.33,0.06,0.94,0.94,0.1,0.62,0.11,0.63,1.17,0.28,0.31,0.2,0.36,0.13,0.41,0.59,0.12,1.23,0.3,0.88,0.14,0.49,0.43,0.38,0.32,0.09,0.13,0.39,0.14,0.04,0.22,0.87,0.59,0.06,0.11,0.16,0.32,0.14,0.25,0.15,0.0,0.13,0.0,0.2,0.79,0.19,0.74,0.12,0.89,0.41,0.11,0.39,0.38,0.36,0.35,0.04,0.08,0.19,0.41,0.55,0.53,0.07,0.1,0.08,0.0,0.24,0.09,0.0,0.15,0.33,0.16,0.14,0.08,0.85,0.02,0.08,0.0,0.02,0.1,0.14,0.04,0.13,0.11,0.58,0.04,0.0,0.0,0.06,0.15,0.08,0.69,0.02,0.22,0.03,0.07,0.0,0.56,0.05,0.08,0.26,0.18,0.19,0.03,0.23,0.08,0.0,0.02,0.29,0.55,0.0,0.06
SiO2,none,31.4,-14.0,HP,90.0,60.0,15300,20,4,other,sphere,plasma,7.4,48.0,0.004,buffer,60.0,37,1,Neutral,1.17,1.42,20.7,0.43,6.68,1.43,4.9,0.95,8.46,0.78,0.27,1.3,3.47,0.62,0.27,0.49,0.03,2.57,0.0,0.37,0.09,0.63,1.42,0.0,0.12,3.59,0.18,1.07,2.5,0.45,0.18,0.11,2.34,0.35,0.86,4.42,0.0,1.39,0.18,0.56,0.05,0.43,0.55,0.0,0.52,0.06,0.34,0.82,0.0,0.18,0.0,0.2,3.11,0.33,0.0,0.5,0.0,1.98,0.0,0.41,0.51,0.99,0.37,0.0,0.68,0.1,0.12,0.11,0.0,0.09,1.54,0.03,0.14,0.04,0.17,0.75,0.1,0.0,0.09,0.02,0.0,0.39,0.0,0.02,0.84,0.0,0.0,0.02,0.07,0.09,0.06,0.18,0.09,0.0,0.27,0.0,0.0,0.06,1.0,0.0,0.0,0.0,0.01,0.12,0.18,0.0,0.0,0.0,0.05,0.18,0.11,0.0,0.0,0.36,0.26,0.16,0.15,0.0,0.17,0.0,0.51,0.0,0.0,0.0,0.3,0.14,0.0,0.28,0.16,0.0,0.0,0.15,0.17,0.0,0.08,0.0,0.0,0.0,0.0,0.0,0.0,0.0,0.0,0.0,0.0,0.0,0.0,0.0,0.0,0.0,0.0,0.0,0.16,0.0,0.0,0.0,0.0,0.0,0.0,0.0,0.0,0.0,0.0,0.0,0.0,0.0,0.26,0.0,0.0,0.0,0.0,0.0,0.0,0.0,0.0,0.0,0.03,0.0
SiO2,COOH,27.2,-14.0,HP,90.0,60.0,15300,20,4,other,sphere,plasma,7.4,69.0,0.068,buffer,60.0,37,1,Anionic,1.17,2.36,2.18,1.24,2.64,1.22,2.45,0.36,1.07,1.49,0.39,1.12,1.32,0.35,0.45,0.31,1.99,0.57,2.38,0.67,0.12,1.66,1.19,1.05,0.6,2.33,0.17,1.04,1.38,0.43,0.2,0.43,0.71,1.15,1.1,1.77,0.03,0.87,0.24,0.72,0.13,1.14,0.65,0.32,0.37,0.06,0.28,0.82,0.02,0.31,0.67,0.76,1.17,0.49,0.66,0.49,1.42,0.81,0.07,0.13,0.32,0.84,0.37,0.09,0.64,0.06,0.58,1.34,0.06,0.96,0.96,0.1,0.64,0.11,0.56,1.15,0.26,0.28,0.16,0.38,0.14,0.26,0.74,0.12,1.12,0.31,1.0,0.16,0.49,0.27,0.48,0.4,0.09,0.29,0.32,0.16,0.06,0.27,0.81,0.6,0.08,0.1,0.15,0.3,0.17,0.22,0.18,0.0,0.14,0.0,0.21,0.87,0.29,0.68,0.12,0.89,0.46,0.09,0.34,0.34,0.38,0.27,0.05,0.14,0.16,0.46,0.53,0.54,0.07,0.13,0.07,0.0,0.24,0.07,0.0,0.14,0.36,0.15,0.15,0.11,0.93,0.02,0.07,0.0,0.03,0.11,0.16,0.03,0.14,0.12,0.62,0.04,0.0,0.0,0.05,0.18,0.04,0.49,0.02,0.21,0.02,0.08,0.0,0.46,0.05,0.07,0.27,0.22,0.17,0.02,0.32,0.1,0.0,0.05,0.33,0.49,0.0,0.04
SiO2,none,31.4,-14.0,HP,90.0,60.0,15300,20,4,other,sphere,plasma,7.4,48.0,0.004,buffer,120.0,37,1,Neutral,1.02,0.57,23.17,0.19,8.57,0.53,4.38,1.56,10.24,0.48,0.48,2.56,2.38,0.92,0.39,0.43,0.02,2.99,0.0,0.55,0.16,0.07,2.39,0.0,0.1,2.0,0.33,1.53,1.91,0.61,0.28,0.16,3.01,0.43,0.96,1.32,0.0,0.7,0.29,0.2,0.12,0.26,0.29,0.0,0.15,0.1,0.25,0.28,0.0,0.4,0.0,0.03,2.47,0.33,0.0,0.86,0.0,0.55,0.0,0.8,0.95,0.98,0.82,0.0,0.46,0.1,0.07,0.06,0.0,0.05,2.49,0.08,0.0,0.08,0.03,0.71,0.2,0.0,0.09,0.0,0.0,0.34,0.0,0.01,0.91,0.0,0.0,0.03,0.01,0.23,0.03,0.05,0.1,0.0,0.36,0.0,0.0,0.09,1.61,0.0,0.0,0.0,0.04,0.11,0.22,0.0,0.0,0.0,0.07,0.19,0.09,0.0,0.0,0.22,0.46,0.0,0.0,0.0,0.06,0.0,0.03,0.0,0.0,0.0,0.43,0.03,0.0,0.03,0.33,0.0,0.0,0.16,0.18,0.0,0.13,0.0,0.0,0.0,0.0,0.0,0.0,0.0,0.0,0.0,0.0,0.0,0.0,0.0,0.0,0.0,0.0,0.0,0.14,0.0,0.0,0.0,0.0,0.0,0.0,0.0,0.0,0.0,0.0,0.0,0.0,0.0,0.22,0.0,0.0,0.0,0.0,0.0,0.0,0.0,0.0,0.0,0.04,0.0
SiO2,COOH,27.2,-14.0,HP,90.0,60.0,15300,20,4,other,sphere,plasma,7.4,69.0,0.068,buffer,120.0,37,1,Anionic,1.15,2.15,2.49,1.23,2.62,1.18,2.41,0.58,1.18,1.54,0.44,0.95,1.44,0.32,0.52,0.35,1.72,0.5,2.27,0.79,0.12,1.37,1.26,0.99,0.51,2.4,0.21,0.99,1.55,0.43,0.18,0.47,0.79,1.13,1.22,1.76,0.03,0.88,0.28,0.62,0.16,1.1,0.73,0.35,0.43,0.11,0.32,0.87,0.02,0.35,0.58,0.64,1.18,0.56,0.67,0.54,1.52,0.77,0.08,0.15,0.33,0.92,0.33,0.08,0.66,0.06,0.53,1.23,0.07,0.89,1.28,0.11,0.65,0.12,0.6,1.11,0.27,0.28,0.16,0.31,0.16,0.58,0.59,0.12,1.23,0.3,0.78,0.15,0.51,0.43,0.42,0.32,0.08,0.16,0.31,0.15,0.06,0.26,0.82,0.54,0.05,0.05,0.18,0.3,0.18,0.24,0.16,0.0,0.19,0.0,0.2,0.83,0.23,0.68,0.15,0.79,0.35,0.08,0.39,0.52,0.41,0.31,0.04,0.13,0.22,0.41,0.5,0.51,0.06,0.13,0.08,0.0,0.23,0.07,0.0,0.11,0.32,0.16,0.15,0.07,0.8,0.02,0.08,0.0,0.03,0.1,0.1,0.06,0.11,0.1,0.61,0.05,0.0,0.0,0.04,0.15,0.03,0.57,0.02,0.23,0.01,0.07,0.0,0.51,0.05,0.1,0.26,0.21,0.16,0.02,0.25,0.08,0.0,0.02,0.28,0.56,0.0,0.1
SiO2,none,31.6,-15.0,HP,90.0,60.0,15300,20,4,other,sphere,buffer,7.4,33.0,0.045,buffer,0.5,37,1,Neutral,1.6,2.51,1.84,1.25,2.3,0.99,2.5,0.79,0.99,1.13,0.36,1.51,1.21,0.33,0.5,0.31,2.04,0.14,1.24,0.66,0.14,1.81,0.9,0.44,0.58,2.83,0.38,1.44,1.67,0.3,0.5,0.59,1.8,0.7,1.24,1.89,0.04,1.03,0.16,0.73,0.24,1.29,0.68,0.2,0.48,0.26,0.32,0.84,0.03,0.42,0.58,0.77,1.23,0.73,0.48,0.48,1.3,0.32,0.03,0.31,0.1,1.23,0.8,0.03,0.79,0.1,0.61,1.47,0.06,1.3,1.05,0.12,0.28,0.09,0.23,0.96,0.26,0.34,0.28,0.32,0.07,0.41,0.74,0.19,1.06,0.32,0.58,0.02,0.5,0.26,0.62,0.35,0.12,0.15,0.38,0.22,0.09,0.21,0.69,0.63,0.09,0.2,0.15,0.48,0.21,0.25,0.17,0.0,0.05,0.0,0.25,0.79,0.22,0.65,0.53,0.8,0.58,0.09,0.28,0.12,0.35,0.11,0.04,0.04,0.16,0.62,0.7,0.64,0.1,0.04,0.1,0.0,0.31,0.11,0.0,0.12,0.34,0.13,0.09,0.06,0.4,0.08,0.1,0.0,0.03,0.13,0.13,0.13,0.08,0.1,0.47,0.05,0.0,0.0,0.05,0.2,0.05,0.55,0.0,0.24,0.01,0.05,0.0,0.45,0.02,0.06,0.24,0.1,0.23,0.02,0.19,0.1,0.0,0.03,0.26,0.51,0.0,0.06
SiO2,none,31.6,-15.0,HP,90.0,60.0,15300,20,4,other,sphere,buffer,7.4,33.0,0.045,buffer,2.0,37,1,Neutral,1.48,2.43,2.6,1.62,2.04,1.2,1.99,0.9,1.84,1.46,0.32,1.26,1.05,0.23,0.5,0.28,1.58,0.21,1.28,0.63,0.15,2.11,0.9,0.35,0.5,2.74,0.34,1.1,1.41,0.54,0.69,0.47,1.02,0.62,1.24,1.8,0.05,0.9,0.16,0.63,0.14,0.89,0.26,0.19,0.28,0.35,0.19,0.7,0.03,0.28,0.48,0.81,1.13,0.64,0.47,0.5,1.32,0.59,0.06,0.28,0.26,1.46,0.38,0.05,0.95,0.08,0.71,1.46,0.08,1.18,1.4,0.12,0.42,0.09,0.27,1.08,0.26,0.38,0.29,0.31,0.13,0.55,0.75,0.23,0.96,0.35,0.83,0.04,0.52,0.27,0.36,0.45,0.09,0.17,0.29,0.25,0.11,0.29,0.87,0.53,0.07,0.25,0.15,0.33,0.24,0.46,0.14,0.0,0.08,0.0,0.16,0.71,0.14,0.88,0.24,0.81,0.59,0.11,0.42,0.3,0.44,0.13,0.07,0.03,0.25,0.62,0.5,0.76,0.06,0.01,0.1,0.0,0.29,0.15,0.0,0.21,0.45,0.22,0.1,0.06,0.31,0.01,0.09,0.0,0.04,0.14,0.11,0.08,0.12,0.13,0.39,0.05,0.0,0.0,0.05,0.24,0.06,0.53,0.01,0.23,0.02,0.05,0.0,0.51,0.03,0.08,0.25,0.1,0.24,0.08,0.24,0.07,0.0,0.03,0.29,0.51,0.0,0.06
SiO2,none,31.6,-15.0,HP,90.0,60.0,15300,20,4,other,sphere,buffer,7.4,33.0,0.045,buffer,5.0,37,1,Neutral,1.08,2.02,2.76,2.0,2.22,1.36,1.66,1.03,2.31,1.73,0.32,1.34,0.72,0.17,0.47,0.28,1.39,0.28,1.57,0.57,0.13,2.04,0.99,0.25,0.43,1.87,0.39,1.03,1.23,0.78,1.04,0.29,0.67,0.81,0.99,0.99,0.1,1.08,0.16,0.61,0.23,0.62,0.34,0.22,0.19,0.54,0.13,0.68,0.06,0.24,0.36,0.79,0.92,0.64,0.5,0.5,2.01,0.66,0.11,0.24,0.39,1.27,0.22,0.07,0.91,0.2,0.88,1.12,0.1,0.88,1.78,0.1,0.58,0.08,0.35,0.94,0.27,0.35,0.19,0.33,0.31,0.71,0.77,0.17,0.87,0.4,1.02,0.06,0.56,0.29,0.18,0.29,0.07,0.2,0.3,0.33,0.12,0.36,1.03,0.36,0.09,0.4,0.09,0.28,0.61,0.6,0.14,0.0,0.08,0.0,0.14,0.63,0.07,1.13,0.15,0.71,0.38,0.08,0.49,0.23,0.47,0.2,0.08,0.02,0.31,0.47,0.31,0.73,0.03,0.05,0.15,0.0,0.27,0.17,0.0,0.3,0.53,0.33,0.22,0.06,0.37,0.07,0.07,0.0,0.04,0.15,0.06,0.11,0.14,0.16,0.59,0.04,0.0,0.0,0.08,0.23,0.13,0.32,0.02,0.19,0.02,0.04,0.0,0.56,0.07,0.11,0.29,0.09,0.26,0.07,0.3,0.03,0.0,0.03,0.37,0.51,0.0,0.04
SiO2,none,31.6,-15.0,HP,90.0,60.0,15300,20,4,other,sphere,buffer,7.4,33.0,0.045,buffer,15.0,37,1,Neutral,1.23,2.0,2.79,2.05,2.31,1.33,1.62,0.83,2.55,1.6,0.3,1.22,0.95,0.23,0.47,0.28,1.59,0.39,2.29,0.57,0.11,2.07,0.99,0.4,0.4,1.93,0.43,0.78,1.16,0.82,0.82,0.26,0.64,0.98,1.04,1.25,0.07,0.84,0.16,0.71,0.21,0.73,0.35,0.2,0.18,0.46,0.11,0.64,0.04,0.24,0.37,0.99,0.89,0.62,0.43,0.48,1.5,0.62,0.1,0.22,0.52,1.23,0.31,0.06,0.82,0.14,0.85,1.36,0.11,1.04,1.53,0.1,0.66,0.08,0.41,0.96,0.22,0.32,0.21,0.29,0.26,0.65,0.73,0.19,0.84,0.35,0.86,0.06,0.69,0.31,0.2,0.32,0.07,0.19,0.26,0.34,0.13,0.35,0.97,0.47,0.07,0.45,0.1,0.24,0.45,0.47,0.17,0.0,0.06,0.0,0.11,0.4,0.13,1.09,0.15,0.69,0.45,0.08,0.5,0.28,0.43,0.29,0.09,0.07,0.34,0.42,0.34,0.71,0.05,0.04,0.12,0.0,0.18,0.21,0.0,0.19,0.46,0.3,0.17,0.06,0.52,0.05,0.06,0.0,0.03,0.15,0.05,0.09,0.13,0.15,0.46,0.04,0.0,0.0,0.08,0.14,0.11,0.58,0.02,0.18,0.02,0.04,0.0,0.52,0.08,0.1,0.29,0.12,0.22,0.13,0.35,0.02,0.0,0.03,0.37,0.48,0.0,0.04
SiO2,none,31.6,-15.0,HP,90.0,60.0,15300,20,4,other,sphere,buffer,7.4,33.0,0.045,buffer,30.0,37,1,Neutral,1.05,1.84,3.2,2.14,2.59,1.34,1.5,1.02,2.26,1.86,0.43,1.06,0.54,0.19,0.56,0.2,1.35,0.42,2.23,0.73,0.13,1.91,1.07,0.43,0.41,1.58,0.48,0.91,1.06,0.95,0.94,0.26,0.62,1.17,0.99,0.89,0.08,0.98,0.22,0.59,0.26,0.73,0.32,0.23,0.21,0.57,0.16,0.65,0.04,0.34,0.27,0.9,0.92,0.52,0.64,0.68,1.56,0.55,0.14,0.2,0.68,1.0,0.32,0.06,0.75,0.19,0.85,1.05,0.13,0.85,1.77,0.12,0.68,0.13,0.45,0.9,0.31,0.25,0.17,0.28,0.3,0.85,0.59,0.16,0.92,0.37,0.88,0.06,0.7,0.4,0.22,0.24,0.05,0.21,0.23,0.37,0.15,0.4,1.01,0.41,0.09,0.58,0.13,0.2,0.53,0.36,0.23,0.0,0.08,0.0,0.1,0.32,0.09,1.09,0.16,0.65,0.45,0.07,0.55,0.24,0.34,0.22,0.1,0.03,0.49,0.35,0.22,0.66,0.06,0.05,0.13,0.0,0.16,0.27,0.0,0.17,0.45,0.29,0.21,0.06,0.63,0.04,0.08,0.0,0.04,0.12,0.03,0.09,0.12,0.17,0.65,0.06,0.0,0.0,0.1,0.12,0.17,0.41,0.03,0.2,0.04,0.03,0.0,0.47,0.07,0.11,0.27,0.11,0.19,0.1,0.53,0.03,0.0,0.03,0.27,0.63,0.0,0.05
SiO2,none,31.6,-15.0,HP,90.0,60.0,15300,20,4,other,sphere,buffer,7.4,33.0,0.045,buffer,60.0,37,1,Neutral,1.14,1.81,2.77,2.05,2.7,1.36,1.85,0.89,2.19,1.83,0.41,1.15,0.69,0.25,0.56,0.28,1.33,0.37,2.05,0.77,0.15,1.79,1.02,0.36,0.41,1.56,0.52,0.91,1.42,0.87,0.81,0.36,0.47,1.1,1.01,1.12,0.06,1.01,0.22,0.65,0.26,0.72,0.32,0.22,0.22,0.46,0.13,0.64,0.03,0.34,0.39,0.81,0.99,0.61,0.64,0.67,1.2,0.66,0.1,0.18,0.62,0.76,0.28,0.05,0.63,0.12,0.82,1.02,0.12,0.88,1.65,0.11,0.7,0.12,0.49,1.0,0.35,0.3,0.2,0.28,0.32,0.71,0.75,0.18,1.1,0.45,1.09,0.06,0.63,0.4,0.24,0.31,0.07,0.25,0.28,0.35,0.14,0.43,0.89,0.4,0.06,0.48,0.14,0.29,0.45,0.58,0.22,0.0,0.08,0.0,0.15,0.53,0.11,1.03,0.13,0.64,0.4,0.09,0.48,0.27,0.41,0.17,0.13,0.06,0.45,0.34,0.27,0.68,0.06,0.04,0.14,0.0,0.2,0.23,0.0,0.23,0.42,0.26,0.18,0.07,0.52,0.03,0.07,0.0,0.05,0.14,0.09,0.11,0.15,0.16,0.59,0.05,0.0,0.0,0.07,0.15,0.16,0.34,0.03,0.25,0.04,0.05,0.0,0.36,0.04,0.1,0.23,0.2,0.21,0.04,0.48,0.02,0.0,0.03,0.29,0.6,0.0,0.04
SiO2,none,31.6,-15.0,HP,90.0,60.0,15300,20,4,other,sphere,buffer,7.4,33.0,0.045,buffer,120.0,37,1,Neutral,0.84,1.46,4.07,2.13,2.7,1.51,1.09,0.98,2.6,1.77,0.61,1.39,0.49,0.12,0.75,0.14,1.18,0.44,1.8,0.94,0.15,1.56,1.35,0.39,0.3,1.01,0.37,0.95,0.85,1.03,0.7,0.16,0.43,0.82,0.97,0.75,0.05,1.0,0.29,0.43,0.29,0.83,0.34,0.27,0.27,0.39,0.15,0.71,0.03,0.46,0.19,0.95,1.1,0.41,0.56,0.8,0.73,1.01,0.07,0.16,0.73,0.65,0.24,0.05,0.55,0.16,0.9,0.94,0.15,0.74,2.35,0.15,0.86,0.19,0.57,0.89,0.46,0.36,0.14,0.23,0.35,0.81,1.04,0.12,0.67,0.47,1.16,0.08,0.59,0.21,0.38,0.35,0.05,0.21,0.55,0.27,0.13,0.56,1.08,0.42,0.06,0.43,0.12,0.19,0.46,0.59,0.23,0.0,0.12,0.0,0.08,0.63,0.08,1.28,0.17,0.53,0.36,0.03,0.56,0.27,0.39,0.11,0.2,0.16,0.54,0.35,0.3,0.71,0.06,0.03,0.07,0.0,0.11,0.22,0.0,0.23,0.44,0.35,0.27,0.09,0.53,0.05,0.08,0.0,0.06,0.12,0.06,0.08,0.17,0.22,0.93,0.07,0.0,0.0,0.07,0.17,0.19,0.11,0.02,0.14,0.03,0.04,0.0,0.53,0.11,0.1,0.24,0.13,0.14,0.08,0.51,0.02,0.0,0.02,0.4,0.7,0.0,0.06
SiO2,COOH,27.2,-18.0,HP,90.0,60.0,15300,20,4,other,sphere,buffer,7.4,28.0,0.063,buffer,0.5,37,1,Anionic,1.71,2.24,2.06,1.08,2.92,0.91,2.64,0.45,0.63,1.11,0.5,1.28,1.42,0.54,0.63,0.43,1.78,0.21,1.76,0.92,0.14,1.45,1.17,0.72,0.66,1.84,0.19,1.45,1.96,0.26,0.23,0.58,1.21,0.87,1.39,1.75,0.04,0.92,0.51,0.54,0.21,1.61,0.91,0.32,0.78,0.13,0.48,0.96,0.02,0.63,0.68,0.85,1.08,0.84,0.76,0.65,0.89,0.38,0.04,0.26,0.09,0.76,0.37,0.09,0.56,0.06,0.56,1.37,0.08,0.82,1.11,0.14,0.39,0.14,0.27,0.69,0.36,0.25,0.27,0.28,0.07,0.51,0.51,0.16,2.01,0.26,0.55,0.06,0.55,0.41,0.58,0.24,0.12,0.14,0.32,0.12,0.09,0.27,0.76,0.59,0.06,0.07,0.24,0.45,0.3,0.29,0.09,0.0,0.08,0.0,0.23,0.62,0.18,0.51,0.3,0.75,0.32,0.14,0.32,0.66,0.32,0.28,0.02,0.07,0.19,0.46,0.41,0.44,0.08,0.06,0.09,0.0,0.33,0.1,0.0,0.06,0.29,0.12,0.1,0.08,0.64,0.01,0.13,0.0,0.04,0.09,0.15,0.09,0.09,0.09,0.57,0.06,0.0,0.0,0.08,0.14,0.05,0.39,0.02,0.34,0.01,0.16,0.0,0.48,0.05,0.06,0.15,0.16,0.23,0.06,0.29,0.07,0.0,0.02,0.31,0.59,0.0,0.08
SiO2,NH2,144.8,-18.0,HP,90.0,60.0,15300,20,4,other,sphere,buffer,7.4,148.0,0.004,buffer,0.5,37,1,Anionic,1.57,2.12,1.9,1.73,1.91,0.91,1.78,0.78,1.55,1.22,0.3,0.87,0.45,0.17,0.47,0.27,0.78,0.18,0.82,0.46,0.06,3.32,0.36,0.26,0.38,2.86,0.16,1.55,1.28,0.46,0.48,0.25,1.16,0.59,1.13,1.54,0.05,0.95,0.22,1.29,0.2,0.77,0.31,0.14,0.27,0.17,0.18,0.51,0.04,0.3,0.5,1.6,1.31,0.55,0.63,0.3,0.91,0.43,0.18,0.31,0.26,2.61,0.3,0.16,1.4,0.15,1.04,1.5,0.08,1.21,0.55,0.08,0.19,0.08,0.18,0.68,0.43,0.19,0.29,0.48,0.08,1.05,0.26,0.24,0.83,0.27,0.68,0.06,0.43,0.32,0.2,0.21,0.09,0.36,0.51,0.19,0.03,0.28,0.47,0.59,0.07,0.17,0.08,0.26,0.36,0.35,0.18,0.0,0.03,0.0,0.1,0.22,0.03,2.07,0.22,1.54,0.83,0.11,0.21,0.34,0.96,0.45,0.42,0.03,0.11,0.45,0.71,1.25,0.02,0.06,0.12,0.0,0.35,0.2,0.0,0.16,0.71,0.2,0.12,0.15,0.44,0.03,0.04,0.0,0.04,0.42,0.03,0.22,0.12,0.27,0.37,0.02,0.0,0.0,0.11,0.12,0.08,0.8,0.0,0.23,0.04,0.03,0.0,0.67,0.04,0.03,0.35,0.05,0.16,0.03,0.34,0.04,0.0,0.01,0.28,0.42,0.0,0.06
PS,none,115.0,-18.0,HP,90.0,600.0,15300,20,4,other,sphere,plasma,7.4,156.0,0.011,buffer,0.5,37,1,Neutral,2.59,0.6,10.59,0.59,20.87,2.08,9.9,0.94,0.76,0.63,1.15,0.72,7.88,1.1,0.41,0.69,0.2,1.51,0.0,0.75,0.17,0.31,1.23,0.0,0.48,0.21,0.47,1.7,3.89,0.24,0.59,0.51,0.3,0.4,1.3,0.41,0.05,2.95,0.11,0.11,0.28,0.22,0.17,0.57,0.12,0.37,0.08,0.07,0.09,0.4,0.0,0.13,0.13,0.87,0.0,0.98,0.0,0.46,0.06,0.11,0.2,1.24,0.05,0.0,0.91,0.71,0.0,0.92,0.28,0.56,0.1,0.06,0.08,0.08,0.16,0.27,0.15,0.0,0.15,0.21,0.0,0.81,0.0,0.16,1.03,0.0,0.37,0.35,0.04,0.0,0.0,0.06,0.17,0.0,0.33,0.05,0.0,0.0,0.27,0.56,0.11,0.1,0.1,0.29,0.0,0.0,0.0,0.0,0.0,0.37,0.0,0.0,0.04,0.13,0.0,0.0,0.0,0.11,0.0,0.0,0.12,0.06,0.0,0.0,0.11,0.0,0.0,0.0,0.06,0.05,0.0,0.1,0.28,0.09,0.24,0.0,0.0,0.0,0.06,0.0,0.0,0.06,0.0,0.0,0.1,0.0,0.0,0.0,0.0,0.0,0.05,0.1,0.26,0.0,0.06,0.0,0.04,0.0,0.0,0.0,0.0,0.0,0.0,0.0,0.0,0.0,0.0,0.0,0.04,0.03,0.0,0.0,0.0,0.0,0.0,0.0,0.04,0.0
SiO2,COOH,27.2,-18.0,HP,90.0,60.0,15300,20,4,other,sphere,buffer,7.4,28.0,0.063,buffer,2.0,37,1,Anionic,1.8,2.23,2.24,0.97,2.97,0.88,2.91,0.42,0.55,1.09,0.52,1.37,1.81,0.66,0.54,0.47,1.73,0.17,1.48,0.87,0.14,1.46,1.1,0.88,0.76,1.95,0.16,1.23,1.92,0.21,0.17,0.71,1.21,0.68,1.4,1.91,0.03,0.88,0.42,0.61,0.34,1.76,0.85,0.32,0.79,0.12,0.52,1.01,0.02,0.62,0.73,0.79,1.06,0.84,0.74,0.54,0.77,0.35,0.02,0.32,0.07,0.65,0.35,0.09,0.57,0.05,0.51,1.14,0.07,0.79,0.72,0.13,0.31,0.14,0.28,0.76,0.32,0.24,0.31,0.28,0.07,0.28,0.52,0.17,1.73,0.37,0.52,0.06,0.53,0.32,0.65,0.31,0.14,0.27,0.3,0.1,0.05,0.21,0.68,0.61,0.06,0.09,0.24,0.5,0.29,0.31,0.12,0.0,0.08,0.0,0.32,0.82,0.19,0.49,0.2,0.78,0.38,0.16,0.28,0.49,0.36,0.27,0.03,0.07,0.15,0.49,0.5,0.46,0.1,0.05,0.09,0.0,0.35,0.07,0.0,0.09,0.27,0.11,0.09,0.12,0.54,0.01,0.15,0.0,0.05,0.11,0.14,0.07,0.08,0.11,0.66,0.06,0.0,0.0,0.1,0.14,0.04,0.48,0.02,0.26,0.03,0.15,0.0,0.38,0.1,0.05,0.16,0.14,0.22,0.03,0.34,0.08,0.0,0.02,0.32,0.61,0.0,0.07
SiO2,NH2,144.8,-18.0,HP,90.0,60.0,15300,20,4,other,sphere,buffer,7.4,148.0,0.004,buffer,2.0,37,1,Anionic,1.43,2.09,1.82,1.68,2.02,1.03,1.75,0.68,1.51,1.36,0.36,1.18,0.59,0.21,0.53,0.29,0.7,0.16,0.77,0.55,0.06,2.73,0.36,0.31,0.43,3.1,0.17,1.7,1.21,0.54,0.41,0.27,1.24,0.67,1.07,1.56,0.05,0.75,0.26,1.41,0.21,0.79,0.27,0.15,0.26,0.15,0.19,0.6,0.03,0.26,0.48,1.57,1.24,0.63,0.71,0.37,0.97,0.46,0.15,0.23,0.23,2.68,0.37,0.15,1.33,0.12,0.96,1.46,0.07,1.16,0.55,0.08,0.19,0.07,0.19,0.76,0.3,0.41,0.27,0.47,0.09,0.89,0.24,0.22,0.96,0.27,0.47,0.07,0.42,0.27,0.27,0.26,0.09,0.33,0.56,0.2,0.03,0.29,0.46,0.54,0.07,0.16,0.08,0.27,0.37,0.34,0.13,0.0,0.04,0.0,0.09,0.23,0.02,1.99,0.26,1.55,0.81,0.1,0.19,0.32,0.96,0.4,0.43,0.02,0.11,0.49,0.65,1.17,0.04,0.06,0.11,0.0,0.36,0.19,0.0,0.13,0.64,0.18,0.1,0.16,0.35,0.04,0.04,0.0,0.03,0.44,0.06,0.21,0.14,0.27,0.39,0.03,0.0,0.0,0.1,0.13,0.07,0.85,0.0,0.2,0.03,0.04,0.0,0.67,0.04,0.03,0.39,0.05,0.18,0.02,0.35,0.04,0.0,0.01,0.27,0.45,0.0,0.06
PS,none,115.0,-18.0,HP,90.0,600.0,15300,20,4,other,sphere,plasma,7.4,156.0,0.011,buffer,2.0,37,1,Neutral,2.32,0.44,13.93,0.85,18.78,3.35,9.34,1.97,0.86,0.71,0.89,0.48,7.22,1.01,0.32,0.68,0.12,3.79,0.0,0.54,0.22,0.32,1.76,0.0,0.46,0.19,0.3,1.89,3.13,0.31,0.62,0.42,0.35,0.39,1.04,0.31,0.06,2.37,0.09,0.1,0.24,0.26,0.15,0.5,0.09,0.36,0.06,0.07,0.09,0.31,0.0,0.09,0.09,0.76,0.0,0.63,0.0,0.57,0.08,0.1,0.33,0.65,0.05,0.0,0.54,0.93,0.0,0.61,0.17,0.35,0.07,0.04,0.06,0.06,0.19,0.2,0.11,0.0,0.13,0.44,0.0,0.7,0.0,0.15,0.83,0.0,0.2,0.18,0.03,0.0,0.0,0.04,0.15,0.0,0.28,0.05,0.0,0.0,0.29,0.46,0.12,0.09,0.07,0.23,0.0,0.0,0.0,0.0,0.0,0.33,0.0,0.0,0.03,0.13,0.0,0.0,0.0,0.08,0.0,0.0,0.12,0.07,0.0,0.0,0.11,0.0,0.0,0.0,0.05,0.06,0.0,0.13,0.24,0.14,0.19,0.0,0.0,0.0,0.09,0.0,0.0,0.08,0.0,0.0,0.16,0.0,0.0,0.0,0.0,0.0,0.04,0.08,0.27,0.0,0.08,0.0,0.05,0.0,0.0,0.0,0.0,0.0,0.0,0.0,0.0,0.0,0.0,0.0,0.06,0.04,0.0,0.0,0.0,0.0,0.0,0.0,0.04,0.0
SiO2,COOH,27.2,-18.0,HP,90.0,60.0,15300,20,4,other,sphere,buffer,7.4,28.0,0.063,buffer,5.0,37,1,Anionic,1.62,2.36,2.09,1.18,2.8,1.12,2.66,0.3,0.67,1.33,0.4,0.95,1.56,0.49,0.5,0.45,1.95,0.32,2.27,0.78,0.1,1.57,1.04,1.03,0.65,2.43,0.13,1.11,1.68,0.32,0.19,0.57,1.11,1.06,1.3,2.0,0.03,0.75,0.24,0.76,0.14,1.48,0.39,0.26,0.37,0.08,0.26,0.85,0.02,0.43,0.67,0.79,1.15,0.76,0.62,0.54,1.17,0.71,0.03,0.19,0.11,0.74,0.38,0.09,0.57,0.07,0.55,1.26,0.05,0.84,1.15,0.1,0.53,0.11,0.46,0.93,0.28,0.28,0.28,0.4,0.1,0.36,0.56,0.16,1.32,0.31,0.74,0.09,0.41,0.18,0.57,0.35,0.11,0.24,0.3,0.11,0.07,0.21,0.77,0.54,0.06,0.05,0.2,0.41,0.16,0.24,0.17,0.0,0.09,0.0,0.25,0.84,0.23,0.58,0.26,0.84,0.4,0.12,0.34,0.47,0.37,0.34,0.02,0.08,0.17,0.5,0.55,0.5,0.09,0.11,0.16,0.0,0.29,0.11,0.0,0.09,0.32,0.12,0.13,0.07,0.79,0.02,0.09,0.0,0.03,0.11,0.16,0.08,0.1,0.09,0.6,0.05,0.0,0.0,0.05,0.17,0.03,0.48,0.03,0.23,0.01,0.08,0.0,0.47,0.06,0.07,0.22,0.2,0.2,0.02,0.34,0.09,0.0,0.03,0.28,0.56,0.0,0.08
SiO2,NH2,144.8,-18.0,HP,90.0,60.0,15300,20,4,other,sphere,buffer,7.4,148.0,0.004,buffer,5.0,37,1,Anionic,1.59,1.78,2.28,1.75,1.79,1.33,2.35,0.69,1.89,1.61,0.29,1.36,0.92,0.31,0.58,0.43,0.73,0.17,0.8,0.36,0.06,2.77,0.5,0.23,0.58,2.39,0.11,1.46,1.55,0.77,0.37,0.34,1.04,0.44,0.92,1.08,0.05,1.21,0.26,1.5,0.29,0.77,0.25,0.15,0.2,0.13,0.15,0.76,0.03,0.29,0.58,1.64,1.01,0.71,0.51,0.27,0.94,0.66,0.15,0.35,0.34,2.07,0.27,0.11,1.13,0.12,0.85,1.04,0.06,0.89,1.2,0.08,0.27,0.06,0.25,1.09,0.26,0.48,0.31,0.32,0.13,1.28,0.21,0.25,1.05,0.44,0.43,0.11,0.61,0.22,0.16,0.22,0.13,0.2,0.46,0.15,0.05,0.3,0.65,0.4,0.06,0.19,0.05,0.38,0.53,0.45,0.08,0.0,0.08,0.0,0.2,0.18,0.01,1.97,0.23,0.92,0.47,0.15,0.29,0.21,0.87,0.47,0.12,0.01,0.17,0.29,0.31,0.95,0.12,0.05,0.16,0.0,0.5,0.18,0.0,0.08,0.62,0.22,0.12,0.18,0.28,0.02,0.03,0.0,0.03,0.35,0.12,0.22,0.13,0.24,0.35,0.02,0.0,0.0,0.12,0.11,0.07,0.58,0.03,0.28,0.03,0.04,0.0,0.39,0.09,0.04,0.25,0.08,0.22,0.04,0.32,0.03,0.0,0.01,0.25,0.41,0.0,0.06
PS,none,115.0,-18.0,HP,90.0,600.0,15300,20,4,other,sphere,plasma,7.4,156.0,0.011,buffer,5.0,37,1,Neutral,1.06,0.79,14.26,0.92,23.06,3.91,7.39,3.55,1.1,0.76,1.19,0.24,5.82,1.14,0.52,0.55,0.1,5.2,0.0,1.07,0.23,0.2,1.98,0.0,0.06,0.16,0.27,0.35,2.8,0.29,0.52,0.37,0.23,0.4,1.29,0.23,0.01,1.21,0.12,0.08,0.26,0.13,0.15,0.12,0.1,0.3,0.06,0.08,0.02,0.59,0.0,0.07,0.12,0.76,0.0,1.09,0.0,0.67,0.08,0.07,0.44,0.48,0.04,0.0,0.35,0.74,0.0,0.45,0.1,0.25,0.07,0.08,0.07,0.11,0.09,0.53,0.26,0.0,0.07,0.19,0.0,0.48,0.0,0.07,1.12,0.0,0.13,0.15,0.05,0.0,0.0,0.04,0.14,0.0,0.29,0.04,0.0,0.0,0.25,0.25,0.05,0.08,0.12,0.2,0.0,0.0,0.0,0.0,0.0,0.28,0.0,0.0,0.07,0.08,0.0,0.0,0.0,0.07,0.0,0.0,0.08,0.04,0.0,0.0,0.1,0.0,0.0,0.0,0.1,0.05,0.0,0.1,0.21,0.11,0.19,0.0,0.0,0.0,0.08,0.0,0.0,0.07,0.0,0.0,0.12,0.0,0.0,0.0,0.0,0.0,0.09,0.08,0.27,0.0,0.06,0.0,0.04,0.0,0.0,0.0,0.0,0.0,0.0,0.0,0.0,0.0,0.0,0.0,0.06,0.05,0.0,0.0,0.0,0.0,0.0,0.0,0.04,0.0
SiO2,COOH,27.2,-18.0,HP,90.0,60.0,15300,20,4,other,sphere,buffer,7.4,28.0,0.063,buffer,15.0,37,1,Anionic,1.14,2.13,2.24,1.27,2.75,1.22,2.38,0.41,0.69,1.47,0.42,0.98,1.45,0.37,0.55,0.33,1.91,0.43,2.55,0.77,0.1,1.47,1.05,0.75,0.53,2.31,0.16,1.29,1.34,0.44,0.2,0.45,0.88,0.97,1.17,1.78,0.03,0.81,0.28,0.59,0.24,1.08,0.38,0.32,0.31,0.1,0.27,0.77,0.02,0.37,0.59,0.8,1.12,0.58,0.69,0.57,1.46,0.76,0.04,0.15,0.14,0.87,0.35,0.11,0.68,0.06,0.54,1.34,0.07,0.9,1.28,0.11,0.68,0.12,0.64,1.17,0.28,0.32,0.18,0.34,0.14,0.51,0.61,0.11,1.18,0.28,0.83,0.12,0.47,0.45,0.41,0.33,0.11,0.19,0.34,0.14,0.04,0.23,0.93,0.59,0.08,0.04,0.18,0.3,0.16,0.3,0.13,0.0,0.13,0.0,0.27,0.87,0.25,0.75,0.15,0.94,0.4,0.09,0.4,0.68,0.38,0.32,0.07,0.07,0.18,0.44,0.48,0.51,0.06,0.07,0.11,0.0,0.25,0.05,0.0,0.12,0.33,0.13,0.14,0.07,0.84,0.01,0.08,0.0,0.03,0.1,0.14,0.08,0.11,0.11,0.57,0.05,0.0,0.0,0.05,0.17,0.06,0.46,0.03,0.21,0.02,0.07,0.0,0.55,0.08,0.06,0.26,0.23,0.22,0.08,0.29,0.08,0.0,0.02,0.27,0.57,0.0,0.09
SiO2,NH2,144.8,-18.0,HP,90.0,60.0,15300,20,4,other,sphere,buffer,7.4,148.0,0.004,buffer,15.0,37,1,Anionic,1.44,2.31,2.36,2.31,1.72,1.37,1.85,0.73,1.59,1.68,0.23,1.15,0.77,0.2,0.63,0.27,1.08,0.19,0.78,0.34,0.05,2.77,0.54,0.45,0.39,2.2,0.13,1.27,1.25,1.18,0.19,0.3,0.62,0.67,0.71,0.91,0.08,0.8,0.35,1.6,0.47,0.51,0.27,0.25,0.21,0.08,0.09,0.83,0.02,0.21,0.39,1.73,1.2,0.57,0.46,0.28,0.82,0.66,0.26,0.31,0.39,1.93,0.16,0.12,1.15,0.11,0.9,1.09,0.12,0.87,0.76,0.07,0.39,0.07,0.76,1.65,0.22,0.4,0.23,0.38,0.33,1.07,0.54,0.18,0.84,0.44,0.5,0.15,0.68,0.28,0.31,0.24,0.1,0.22,0.59,0.12,0.04,0.36,0.52,0.38,0.12,0.21,0.05,0.22,0.76,0.6,0.08,0.0,0.07,0.0,0.13,0.18,0.04,2.07,0.13,0.97,0.6,0.12,0.25,0.35,1.04,0.48,0.18,0.02,0.09,0.14,0.34,1.01,0.06,0.05,0.08,0.0,0.32,0.15,0.0,0.09,0.71,0.37,0.1,0.16,0.32,0.04,0.03,0.0,0.03,0.43,0.07,0.22,0.17,0.38,0.37,0.02,0.0,0.0,0.17,0.09,0.06,0.49,0.01,0.17,0.07,0.04,0.0,0.46,0.08,0.04,0.32,0.14,0.17,0.05,0.4,0.05,0.0,0.01,0.17,0.35,0.0,0.08
PS,none,115.0,-18.0,HP,90.0,600.0,15300,20,4,other,sphere,plasma,7.4,156.0,0.011,buffer,15.0,37,1,Neutral,1.73,2.42,10.21,0.94,14.54,2.96,5.97,3.92,0.89,0.52,0.45,0.22,7.35,1.62,0.16,0.68,0.1,4.63,0.0,0.27,0.24,0.39,1.86,0.0,0.18,0.27,0.58,0.5,2.43,0.23,1.39,0.46,0.22,0.46,0.95,0.2,0.0,0.86,0.0,0.08,0.14,0.17,0.14,0.15,0.05,0.9,0.0,0.23,0.0,0.17,0.0,0.19,0.18,0.73,0.0,0.17,0.0,1.0,0.16,0.09,0.37,1.0,0.08,0.0,0.99,2.58,0.0,1.3,0.1,0.7,0.02,0.0,0.0,0.0,0.04,0.76,0.04,0.0,0.1,0.23,0.0,2.12,0.0,0.17,0.53,0.0,0.19,0.23,0.08,0.0,0.0,0.06,0.14,0.0,0.57,0.21,0.0,0.0,0.31,1.24,0.18,0.26,0.3,0.4,0.0,0.0,0.0,0.0,0.0,1.44,0.0,0.0,0.21,0.06,0.0,0.0,0.0,0.13,0.0,0.0,0.24,0.26,0.0,0.0,0.12,0.0,0.0,0.0,0.01,0.16,0.0,0.55,0.25,0.37,0.28,0.0,0.0,0.0,0.25,0.0,0.0,0.23,0.0,0.0,0.05,0.0,0.0,0.0,0.0,0.0,0.0,0.02,0.99,0.0,0.23,0.0,0.14,0.0,0.0,0.0,0.0,0.0,0.0,0.0,0.0,0.0,0.0,0.0,0.17,0.12,0.0,0.0,0.0,0.0,0.0,0.0,0.15,0.0
SiO2,COOH,27.2,-18.0,HP,90.0,60.0,15300,20,4,other,sphere,buffer,7.4,28.0,0.063,buffer,30.0,37,1,Anionic,1.38,2.02,2.22,1.26,2.52,1.22,2.41,0.4,0.86,1.56,0.39,0.96,1.38,0.33,0.53,0.26,1.87,0.44,2.41,0.72,0.1,1.52,1.21,0.92,0.57,2.44,0.16,1.15,1.56,0.48,0.19,0.48,0.83,1.0,1.16,1.78,0.06,0.86,0.27,0.63,0.13,1.01,0.53,0.32,0.29,0.09,0.26,0.81,0.02,0.33,0.53,0.8,1.22,0.65,0.64,0.52,1.52,0.86,0.08,0.14,0.19,0.86,0.41,0.09,0.65,0.07,0.55,1.33,0.06,0.94,0.94,0.1,0.62,0.11,0.63,1.17,0.28,0.31,0.2,0.36,0.13,0.41,0.59,0.12,1.23,0.3,0.88,0.14,0.49,0.43,0.38,0.32,0.09,0.13,0.39,0.14,0.04,0.22,0.87,0.59,0.06,0.11,0.16,0.32,0.14,0.25,0.15,0.0,0.13,0.0,0.2,0.79,0.19,0.74,0.12,0.89,0.41,0.11,0.39,0.38,0.36,0.35,0.04,0.08,0.19,0.41,0.55,0.53,0.07,0.1,0.08,0.0,0.24,0.09,0.0,0.15,0.33,0.16,0.14,0.08,0.85,0.02,0.08,0.0,0.02,0.1,0.14,0.04,0.13,0.11,0.58,0.04,0.0,0.0,0.06,0.15,0.08,0.69,0.02,0.22,0.03,0.07,0.0,0.56,0.05,0.08,0.26,0.18,0.19,0.03,0.23,0.08,0.0,0.02,0.29,0.55,0.0,0.06
SiO2,NH2,144.8,-18.0,HP,90.0,60.0,15300,20,4,other,sphere,buffer,7.4,148.0,0.004,buffer,30.0,37,1,Anionic,1.48,2.06,1.96,2.28,1.6,1.36,2.87,0.64,1.22,1.97,0.24,1.64,1.15,0.3,0.76,0.26,1.21,0.13,1.03,0.29,0.06,2.63,0.6,0.37,0.47,1.87,0.13,1.11,1.34,1.12,0.17,0.42,0.65,0.49,0.73,0.85,0.06,0.85,0.36,1.58,0.36,0.56,0.24,0.25,0.2,0.07,0.09,0.86,0.02,0.15,0.46,1.53,1.13,0.68,0.44,0.25,0.76,0.67,0.27,0.29,0.18,1.58,0.18,0.1,1.01,0.11,0.79,1.06,0.13,1.01,0.63,0.07,0.43,0.05,0.74,1.71,0.2,0.56,0.25,0.36,0.3,1.23,0.69,0.16,0.66,0.52,0.44,0.1,0.77,0.33,0.26,0.46,0.13,0.15,0.59,0.12,0.05,0.38,0.53,0.4,0.12,0.13,0.07,0.25,0.75,0.67,0.13,0.0,0.1,0.0,0.18,0.17,0.06,1.98,0.12,0.8,0.63,0.11,0.24,0.33,0.84,0.48,0.25,0.04,0.09,0.15,0.22,0.89,0.09,0.04,0.1,0.0,0.38,0.16,0.0,0.09,0.74,0.3,0.09,0.16,0.25,0.04,0.04,0.0,0.03,0.37,0.11,0.16,0.16,0.33,0.57,0.02,0.0,0.0,0.19,0.07,0.09,0.49,0.02,0.2,0.08,0.03,0.0,0.35,0.05,0.03,0.26,0.27,0.2,0.08,0.38,0.04,0.0,0.01,0.2,0.46,0.0,0.08
PS,none,115.0,-18.0,HP,90.0,600.0,15300,20,4,other,sphere,plasma,7.4,156.0,0.011,buffer,30.0,37,1,Neutral,1.19,1.47,8.37,1.21,18.98,5.66,6.89,6.69,1.42,0.82,0.75,0.26,7.93,0.87,0.24,0.51,0.14,5.59,0.0,0.24,0.23,0.33,2.5,0.0,0.04,0.23,0.2,0.37,2.18,0.32,0.91,0.37,0.27,0.46,0.76,0.19,0.0,2.23,0.07,0.11,0.27,0.13,0.17,0.12,0.09,0.52,0.05,0.24,0.01,0.13,0.0,0.14,0.15,0.63,0.0,0.38,0.0,0.72,0.1,0.05,0.4,0.67,0.05,0.0,0.54,1.15,0.0,1.21,0.16,0.6,0.07,0.05,0.09,0.04,0.11,0.61,0.06,0.0,0.07,0.2,0.0,0.88,0.0,0.06,0.57,0.0,0.17,0.15,0.1,0.0,0.0,0.06,0.11,0.0,0.24,0.11,0.0,0.0,0.25,0.7,0.09,0.13,0.06,0.23,0.0,0.0,0.0,0.0,0.0,0.48,0.0,0.0,0.11,0.07,0.0,0.0,0.0,0.08,0.0,0.0,0.06,0.13,0.0,0.0,0.15,0.0,0.0,0.0,0.03,0.07,0.0,0.17,0.15,0.22,0.1,0.0,0.0,0.0,0.14,0.0,0.0,0.11,0.0,0.0,0.09,0.0,0.0,0.0,0.0,0.0,0.01,0.09,0.41,0.0,0.11,0.0,0.07,0.0,0.0,0.0,0.0,0.0,0.0,0.0,0.0,0.0,0.0,0.0,0.09,0.07,0.0,0.0,0.0,0.0,0.0,0.0,0.07,0.0
SiO2,COOH,27.2,-18.0,HP,90.0,60.0,15300,20,4,other,sphere,buffer,7.4,28.0,0.063,buffer,60.0,37,1,Anionic,1.17,2.36,2.18,1.24,2.64,1.22,2.45,0.36,1.07,1.49,0.39,1.12,1.32,0.35,0.45,0.31,1.99,0.57,2.38,0.67,0.12,1.66,1.19,1.05,0.6,2.33,0.17,1.04,1.38,0.43,0.2,0.43,0.71,1.15,1.1,1.77,0.03,0.87,0.24,0.72,0.13,1.14,0.65,0.32,0.37,0.06,0.28,0.82,0.02,0.31,0.67,0.76,1.17,0.49,0.66,0.49,1.42,0.81,0.07,0.13,0.32,0.84,0.37,0.09,0.64,0.06,0.58,1.34,0.06,0.96,0.96,0.1,0.64,0.11,0.56,1.15,0.26,0.28,0.16,0.38,0.14,0.26,0.74,0.12,1.12,0.31,1.0,0.16,0.49,0.27,0.48,0.4,0.09,0.29,0.32,0.16,0.06,0.27,0.81,0.6,0.08,0.1,0.15,0.3,0.17,0.22,0.18,0.0,0.14,0.0,0.21,0.87,0.29,0.68,0.12,0.89,0.46,0.09,0.34,0.34,0.38,0.27,0.05,0.14,0.16,0.46,0.53,0.54,0.07,0.13,0.07,0.0,0.24,0.07,0.0,0.14,0.36,0.15,0.15,0.11,0.93,0.02,0.07,0.0,0.03,0.11,0.16,0.03,0.14,0.12,0.62,0.04,0.0,0.0,0.05,0.18,0.04,0.49,0.02,0.21,0.02,0.08,0.0,0.46,0.05,0.07,0.27,0.22,0.17,0.02,0.32,0.1,0.0,0.05,0.33,0.49,0.0,0.04
SiO2,NH2,144.8,-18.0,HP,90.0,60.0,15300,20,4,other,sphere,buffer,7.4,148.0,0.004,buffer,60.0,37,1,Anionic,1.59,1.01,2.15,2.15,2.04,1.42,1.82,0.64,1.42,2.04,0.42,1.38,1.05,0.25,0.77,0.28,0.78,0.14,0.87,0.61,0.08,2.55,0.65,0.34,0.59,1.06,0.38,1.07,1.36,1.17,0.26,0.39,0.85,0.52,0.89,0.81,0.06,0.96,0.44,1.58,0.47,0.52,0.31,0.26,0.13,0.12,0.1,0.66,0.02,0.26,0.49,1.83,0.95,0.66,0.54,0.43,0.63,0.73,0.23,0.33,0.26,1.58,0.18,0.1,0.99,0.09,0.83,1.36,0.14,1.16,0.41,0.09,0.49,0.08,0.8,1.48,0.33,0.44,0.28,0.33,0.36,0.8,0.41,0.22,0.81,0.57,0.7,0.1,0.74,0.33,0.29,0.35,0.13,0.2,0.64,0.25,0.11,0.4,0.52,0.58,0.07,0.21,0.08,0.32,0.82,0.46,0.11,0.0,0.09,0.0,0.2,0.16,0.03,2.05,0.11,0.47,0.41,0.08,0.24,0.3,0.91,0.47,0.15,0.04,0.11,0.12,0.19,0.77,0.1,0.05,0.13,0.0,0.42,0.21,0.0,0.09,0.48,0.31,0.12,0.15,0.44,0.04,0.05,0.0,0.04,0.37,0.11,0.19,0.26,0.44,0.42,0.04,0.0,0.0,0.15,0.05,0.07,0.46,0.0,0.25,0.09,0.04,0.0,0.24,0.05,0.05,0.3,0.08,0.13,0.08,0.76,0.03,0.0,0.02,0.17,0.55,0.0,0.08
PS,none,115.0,-18.0,HP,90.0,600.0,15300,20,4,other,sphere,plasma,7.4,156.0,0.011,buffer,60.0,37,1,Neutral,1.04,1.58,11.1,0.78,20.84,2.24,6.12,4.13,0.78,0.62,0.62,0.28,5.31,1.31,0.34,0.4,0.09,4.47,0.0,0.63,0.2,0.32,1.46,0.0,0.11,0.17,0.76,0.42,2.54,0.19,1.36,0.15,0.21,0.53,1.07,0.22,0.0,0.86,0.11,0.09,0.17,0.18,0.14,0.1,0.09,0.7,0.07,0.23,0.0,0.28,0.0,0.09,0.18,0.65,0.0,0.51,0.0,1.13,0.11,0.05,0.37,0.54,0.09,0.0,0.38,1.36,0.0,0.53,0.09,0.3,0.06,0.08,0.1,0.08,0.08,0.46,0.16,0.0,0.08,0.26,0.0,2.28,0.0,0.09,0.87,0.0,0.1,0.12,0.09,0.0,0.0,0.07,0.11,0.0,0.22,0.23,0.0,0.0,0.23,0.81,0.11,0.2,0.09,0.2,0.0,0.0,0.0,0.0,0.0,0.9,0.0,0.0,0.12,0.06,0.0,0.0,0.0,0.11,0.0,0.0,0.15,0.26,0.0,0.0,0.1,0.0,0.0,0.0,0.05,0.1,0.0,0.29,0.18,0.25,0.22,0.0,0.0,0.0,0.19,0.0,0.0,0.12,0.0,0.0,0.09,0.0,0.0,0.0,0.0,0.0,0.07,0.04,1.13,0.0,0.17,0.0,0.09,0.0,0.0,0.0,0.0,0.0,0.0,0.0,0.0,0.0,0.0,0.0,0.12,0.07,0.0,0.0,0.0,0.0,0.0,0.0,0.55,0.0
SiO2,COOH,27.2,-18.0,HP,90.0,60.0,15300,20,4,other,sphere,buffer,7.4,28.0,0.063,buffer,120.0,37,1,Anionic,1.15,2.15,2.49,1.23,2.62,1.18,2.41,0.58,1.18,1.54,0.44,0.95,1.44,0.32,0.52,0.35,1.72,0.5,2.27,0.79,0.12,1.37,1.26,0.99,0.51,2.4,0.21,0.99,1.55,0.43,0.18,0.47,0.79,1.13,1.22,1.76,0.03,0.88,0.28,0.62,0.16,1.1,0.73,0.35,0.43,0.11,0.32,0.87,0.02,0.35,0.58,0.64,1.18,0.56,0.67,0.54,1.52,0.77,0.08,0.15,0.33,0.92,0.33,0.08,0.66,0.06,0.53,1.23,0.07,0.89,1.28,0.11,0.65,0.12,0.6,1.11,0.27,0.28,0.16,0.31,0.16,0.58,0.59,0.12,1.23,0.3,0.78,0.15,0.51,0.43,0.42,0.32,0.08,0.16,0.31,0.15,0.06,0.26,0.82,0.54,0.05,0.05,0.18,0.3,0.18,0.24,0.16,0.0,0.19,0.0,0.2,0.83,0.23,0.68,0.15,0.79,0.35,0.08,0.39,0.52,0.41,0.31,0.04,0.13,0.22,0.41,0.5,0.51,0.06,0.13,0.08,0.0,0.23,0.07,0.0,0.11,0.32,0.16,0.15,0.07,0.8,0.02,0.08,0.0,0.03,0.1,0.1,0.06,0.11,0.1,0.61,0.05,0.0,0.0,0.04,0.15,0.03,0.57,0.02,0.23,0.01,0.07,0.0,0.51,0.05,0.1,0.26,0.21,0.16,0.02,0.25,0.08,0.0,0.02,0.28,0.56,0.0,0.1
SiO2,NH2,144.8,-18.0,HP,90.0,60.0,15300,20,4,other,sphere,buffer,7.4,148.0,0.004,buffer,120.0,37,1,Anionic,1.86,1.29,2.13,2.27,2.16,1.64,1.34,1.42,1.79,2.4,0.41,1.46,0.27,0.16,0.5,0.26,0.58,0.4,0.75,0.62,0.13,3.12,0.71,0.19,0.23,1.8,0.36,1.15,1.23,1.48,0.29,0.21,0.87,0.69,0.91,1.04,0.09,1.26,0.37,1.16,0.5,0.46,0.19,0.31,0.18,0.08,0.13,0.76,0.0,0.27,0.37,1.48,1.38,0.75,0.51,0.32,0.5,0.75,0.16,0.58,0.57,1.54,0.15,0.1,1.24,0.06,0.72,1.43,0.12,1.41,0.89,0.08,0.42,0.07,0.85,1.55,0.33,0.53,0.29,0.28,0.18,0.99,0.59,0.27,0.69,0.26,0.32,0.21,0.85,0.18,0.37,0.07,0.13,0.18,0.91,0.21,0.05,0.3,0.64,0.49,0.04,0.27,0.08,0.32,0.59,0.46,0.08,0.0,0.08,0.0,0.04,0.17,0.02,2.1,0.18,0.58,0.21,0.07,0.24,0.28,1.13,0.42,0.15,0.06,0.16,0.09,0.22,1.01,0.03,0.04,0.09,0.0,0.31,0.19,0.0,0.13,0.62,0.3,0.11,0.16,0.89,0.0,0.03,0.0,0.06,0.37,0.07,0.24,0.11,0.28,0.47,0.02,0.0,0.0,0.07,0.06,0.04,0.24,0.0,0.21,0.06,0.04,0.0,0.39,0.03,0.04,0.25,0.2,0.17,0.0,0.45,0.04,0.0,0.0,0.16,0.58,0.0,0.06
PS,none,115.0,-18.0,HP,90.0,600.0,15300,20,4,other,sphere,plasma,7.4,156.0,0.011,buffer,120.0,37,1,Neutral,1.57,1.34,7.55,0.82,17.26,1.82,7.9,3.59,0.68,0.64,0.64,0.29,6.69,1.59,0.4,0.61,0.21,3.19,0.0,0.68,0.21,0.4,1.41,0.0,0.14,0.21,0.89,0.52,2.96,0.16,1.63,0.42,0.29,0.66,1.22,0.23,0.0,1.42,0.14,0.1,0.13,0.28,0.16,0.11,0.1,0.85,0.06,0.3,0.0,0.27,0.0,0.13,0.23,0.67,0.0,0.59,0.0,0.89,0.12,0.08,0.31,0.64,0.11,0.0,0.55,1.36,0.0,1.33,0.09,0.82,0.07,0.07,0.12,0.08,0.11,0.46,0.16,0.0,0.09,0.3,0.0,2.1,0.0,0.11,1.0,0.0,0.14,0.1,0.09,0.0,0.0,0.08,0.14,0.0,0.29,0.3,0.0,0.0,0.22,0.72,0.1,0.22,0.11,0.28,0.0,0.0,0.0,0.0,0.0,1.04,0.0,0.0,0.13,0.03,0.0,0.0,0.0,0.13,0.0,0.0,0.2,0.22,0.0,0.0,0.15,0.0,0.0,0.0,0.06,0.11,0.0,0.39,0.26,0.29,0.24,0.0,0.0,0.0,0.25,0.0,0.0,0.12,0.0,0.0,0.11,0.0,0.0,0.0,0.0,0.0,0.07,0.09,0.86,0.0,0.2,0.0,0.12,0.0,0.0,0.0,0.0,0.0,0.0,0.0,0.0,0.0,0.0,0.0,0.13,0.08,0.0,0.0,0.0,0.0,0.0,0.0,0.67,0.0
SiO2,none,141.0,-21.0,HP,90.0,60.0,15300,20,4,other,sphere,buffer,7.4,141.0,0.002,buffer,0.5,37,1,Neutral,1.24,2.0,2.73,1.55,1.4,1.69,2.1,0.76,1.93,2.13,0.19,1.79,1.15,0.2,0.52,0.2,0.78,0.14,1.21,0.34,0.07,2.23,0.72,0.82,0.41,3.02,0.17,0.8,1.07,1.03,0.21,0.27,0.62,0.56,0.72,1.59,0.09,0.73,0.1,1.44,0.28,0.89,0.2,0.18,0.26,0.09,0.1,1.09,0.05,0.18,0.3,1.15,1.26,0.41,0.36,0.29,1.6,1.13,0.19,0.17,0.27,1.94,0.18,0.08,1.12,0.12,0.85,0.82,0.13,0.61,1.14,0.06,0.61,0.06,0.45,0.85,0.12,0.52,0.17,0.26,0.22,1.14,0.3,0.16,0.51,0.47,0.25,0.06,0.72,0.2,0.27,0.31,0.07,0.18,0.33,0.13,0.05,0.47,0.52,0.22,0.25,0.2,0.08,0.15,0.68,0.48,0.19,0.0,0.18,0.0,0.15,0.36,0.06,1.42,0.16,1.38,0.93,0.09,0.23,0.47,0.67,0.1,0.2,0.05,0.09,0.55,0.57,0.95,0.07,0.05,0.08,0.0,0.15,0.12,0.0,0.1,0.75,0.26,0.1,0.14,0.31,0.01,0.06,0.0,0.05,0.36,0.09,0.11,0.07,0.25,0.45,0.02,0.0,0.0,0.16,0.2,0.12,0.52,0.04,0.15,0.07,0.05,0.0,0.51,0.03,0.17,0.69,0.07,0.18,0.07,0.41,0.04,0.0,0.02,0.3,0.34,0.0,0.11
SiO2,none,141.0,-21.0,HP,90.0,60.0,15300,20,4,other,sphere,buffer,7.4,141.0,0.002,buffer,2.0,37,1,Neutral,1.6,2.68,1.46,1.64,1.77,0.79,1.9,0.75,1.25,0.96,0.3,2.16,0.72,0.26,0.57,0.19,0.67,0.13,0.93,0.58,0.08,2.84,0.36,0.53,0.43,3.21,0.28,1.3,1.03,0.33,0.66,0.22,1.46,0.57,0.98,1.84,0.09,0.73,0.17,1.06,0.19,0.83,0.26,0.15,0.25,0.35,0.2,0.8,0.09,0.32,0.42,1.17,1.26,0.52,0.62,0.45,1.47,0.31,0.15,0.14,0.19,2.21,0.59,0.15,1.01,0.18,1.24,1.69,0.09,1.67,0.66,0.08,0.16,0.08,0.19,0.62,0.2,0.31,0.3,0.25,0.09,1.03,0.97,0.25,0.73,0.44,0.6,0.02,0.5,0.2,0.44,0.4,0.1,0.3,0.29,0.21,0.08,0.28,0.29,0.95,0.09,0.28,0.09,0.23,0.34,0.49,0.18,0.0,0.04,0.0,0.11,0.26,0.03,2.02,0.31,1.21,0.62,0.1,0.09,0.27,0.64,0.06,0.19,0.02,0.06,0.63,0.58,1.02,0.07,0.06,0.09,0.0,0.21,0.12,0.0,0.16,0.68,0.16,0.07,0.21,0.25,0.05,0.07,0.0,0.03,0.51,0.08,0.19,0.17,0.16,0.43,0.04,0.0,0.0,0.14,0.18,0.05,0.3,0.01,0.1,0.03,0.04,0.0,0.62,0.03,0.05,0.33,0.04,0.16,0.03,0.52,0.07,0.0,0.02,0.22,0.51,0.0,0.04
SiO2,none,141.0,-21.0,HP,90.0,60.0,15300,20,4,other,sphere,buffer,7.4,141.0,0.002,buffer,5.0,37,1,Neutral,1.58,2.69,1.23,1.67,2.06,0.65,1.94,0.6,0.71,0.74,0.39,2.47,0.63,0.32,0.6,0.18,0.59,0.1,0.95,0.67,0.09,3.05,0.28,0.62,0.41,3.47,0.27,1.3,1.12,0.26,0.6,0.23,1.41,0.69,0.95,1.86,0.1,0.7,0.19,1.29,0.15,0.66,0.6,0.22,0.18,0.32,0.12,0.68,0.06,0.3,0.33,1.12,1.34,0.59,0.79,0.54,1.26,0.21,0.14,0.13,0.13,2.15,0.53,0.13,1.01,0.21,1.21,1.57,0.09,1.52,0.53,0.08,0.13,0.1,0.2,0.55,0.25,0.53,0.3,0.23,0.06,1.6,0.77,0.21,0.67,0.33,0.51,0.02,0.46,0.28,0.37,0.27,0.08,0.37,0.29,0.19,0.06,0.25,0.19,0.85,0.12,0.18,0.09,0.22,0.33,0.42,0.31,0.0,0.05,0.0,0.1,0.25,0.06,1.92,0.33,1.36,0.71,0.09,0.07,0.27,0.59,0.05,0.27,0.02,0.04,0.56,0.59,1.19,0.07,0.08,0.08,0.0,0.2,0.13,0.0,0.13,0.78,0.13,0.07,0.18,0.17,0.05,0.07,0.0,0.03,0.54,0.07,0.17,0.12,0.15,0.47,0.05,0.0,0.0,0.15,0.17,0.06,0.34,0.02,0.09,0.08,0.04,0.0,0.64,0.05,0.06,0.44,0.04,0.17,0.03,0.45,0.06,0.0,0.02,0.18,0.63,0.0,0.06
SiO2,none,141.0,-21.0,HP,90.0,60.0,15300,20,4,other,sphere,buffer,7.4,141.0,0.002,buffer,15.0,37,1,Neutral,1.61,1.68,1.48,1.93,1.9,1.15,1.55,0.71,1.55,1.62,0.27,2.98,0.82,0.44,0.72,0.23,0.51,0.13,1.08,0.49,0.08,2.72,0.35,0.65,0.73,2.08,0.28,1.17,1.22,0.75,0.73,0.3,0.96,0.72,0.82,0.95,0.08,0.73,0.16,1.62,0.21,0.45,0.23,0.24,0.16,0.39,0.23,0.57,0.06,0.18,0.39,1.76,1.3,0.53,0.65,0.42,1.19,0.39,0.29,0.15,0.21,1.68,0.31,0.13,0.92,0.13,1.45,1.29,0.1,1.35,0.41,0.08,0.2,0.07,0.26,0.63,0.2,0.68,0.3,0.22,0.1,1.12,1.37,0.27,0.69,0.95,0.93,0.01,0.62,0.28,0.15,0.44,0.1,0.34,0.32,0.18,0.08,0.2,0.28,0.68,0.05,0.29,0.07,0.23,0.46,0.59,0.33,0.0,0.06,0.0,0.13,0.45,0.11,2.06,0.2,0.58,0.41,0.1,0.09,0.42,0.74,0.05,0.25,0.03,0.07,0.17,0.25,1.05,0.06,0.05,0.09,0.0,0.31,0.15,0.0,0.61,0.6,0.22,0.09,0.24,0.2,0.05,0.05,0.0,0.03,0.43,0.15,0.17,0.43,0.18,0.34,0.02,0.0,0.0,0.26,0.2,0.08,0.53,0.02,0.15,0.04,0.05,0.0,0.43,0.05,0.05,0.26,0.04,0.22,0.03,0.48,0.04,0.0,0.02,0.14,0.57,0.0,0.05
SiO2,none,141.0,-21.0,HP,90.0,60.0,15300,20,4,other,sphere,buffer,7.4,141.0,0.002,buffer,30.0,37,1,Neutral,0.99,1.31,1.41,1.89,1.41,1.7,1.48,0.54,1.09,1.86,0.34,1.77,1.0,0.28,0.91,0.26,0.46,0.15,1.16,1.12,0.1,1.67,0.47,0.34,0.43,1.17,0.31,0.69,0.89,0.89,0.41,0.43,0.46,0.33,0.65,0.62,0.11,0.59,0.17,1.46,0.19,0.52,0.32,0.36,0.22,0.25,0.12,0.71,0.04,0.34,0.32,1.53,1.39,0.37,0.7,0.37,0.75,0.5,1.01,0.14,0.23,0.82,0.21,0.1,0.48,0.39,0.69,0.57,0.19,0.67,0.42,0.14,0.37,0.07,0.48,0.49,0.2,0.6,0.18,0.31,0.37,1.54,1.67,0.15,0.41,0.46,1.04,0.06,0.5,0.34,0.16,0.56,0.13,0.15,0.56,0.22,0.09,0.18,0.32,0.37,0.19,0.22,0.28,0.27,0.6,0.44,0.55,0.0,0.14,0.0,0.21,0.21,0.08,1.54,0.07,0.65,0.46,0.1,0.19,0.32,0.84,0.1,0.35,0.06,0.1,0.17,0.26,0.96,0.09,0.16,0.12,0.0,0.24,0.18,0.0,0.26,0.82,0.39,0.55,0.27,0.32,0.1,0.09,0.0,0.04,0.35,0.15,0.3,0.3,0.34,0.39,0.05,0.0,0.0,0.33,0.27,0.14,0.41,0.3,0.17,0.13,0.05,0.0,0.38,0.33,0.57,0.36,0.47,0.26,0.12,0.47,0.11,0.0,0.03,0.22,0.43,0.0,0.25
SiO2,none,141.0,-21.0,HP,90.0,60.0,15300,20,4,other,sphere,buffer,7.4,141.0,0.002,buffer,60.0,37,1,Neutral,1.2,1.22,2.09,2.62,2.11,1.95,2.06,0.78,1.76,2.31,0.37,2.26,1.08,0.27,0.82,0.38,0.81,0.24,1.38,0.52,0.1,2.0,0.54,0.32,0.59,1.27,0.35,0.79,1.29,1.5,0.5,0.37,0.39,0.36,0.62,0.56,0.08,0.93,0.16,1.73,0.22,0.55,0.33,0.37,0.18,0.24,0.09,0.73,0.04,0.2,0.43,2.18,1.48,0.59,0.62,0.43,0.84,0.57,0.44,0.21,0.31,0.86,0.18,0.13,0.54,0.12,0.75,0.64,0.21,0.68,0.93,0.07,0.39,0.07,0.45,0.52,0.29,0.64,0.18,0.23,0.41,0.96,1.63,0.15,0.66,0.56,1.3,0.02,0.63,0.05,0.22,0.45,0.13,0.16,0.57,0.31,0.09,0.2,0.33,0.31,0.08,0.24,0.04,0.29,0.96,0.57,0.42,0.0,0.09,0.0,0.15,0.19,0.08,2.39,0.14,0.48,0.38,0.1,0.12,0.34,0.84,0.1,0.25,0.07,0.05,0.12,0.14,0.69,0.07,0.05,0.11,0.0,0.37,0.15,0.0,0.22,0.43,0.33,0.11,0.23,0.5,0.04,0.05,0.0,0.03,0.38,0.11,0.17,0.27,0.4,0.39,0.02,0.0,0.0,0.33,0.07,0.06,0.08,0.05,0.21,0.1,0.04,0.0,0.32,0.07,0.07,0.33,0.13,0.28,0.05,0.66,0.03,0.0,0.02,0.17,0.54,0.0,0.22
SiO2,none,141.0,-21.0,HP,90.0,60.0,15300,20,4,other,sphere,buffer,7.4,141.0,0.002,buffer,120.0,37,1,Neutral,1.8,1.19,2.47,2.7,1.83,1.5,1.77,1.11,2.14,2.44,0.34,2.12,0.57,0.11,0.75,0.26,0.91,0.41,1.43,0.42,0.07,1.61,0.81,0.33,0.3,1.25,0.48,0.65,1.05,1.57,0.37,0.29,0.39,0.45,0.62,0.67,0.11,1.02,0.14,1.47,0.21,0.71,0.33,0.4,0.26,0.18,0.09,0.74,0.02,0.3,0.3,2.18,1.72,0.44,0.6,0.35,0.97,0.79,0.4,0.41,0.46,0.77,0.26,0.11,0.57,0.08,0.71,0.76,0.15,0.8,1.15,0.07,0.54,0.06,0.38,0.47,0.17,0.45,0.22,0.26,0.35,0.77,1.94,0.18,0.63,0.49,1.05,0.02,0.8,0.22,0.29,0.18,0.1,0.13,0.61,0.39,0.13,0.42,0.56,0.34,0.07,0.38,0.04,0.21,0.84,0.86,0.36,0.0,0.09,0.0,0.1,0.16,0.05,2.48,0.16,0.49,0.41,0.07,0.28,0.28,0.79,0.15,0.4,0.19,0.09,0.16,0.15,0.89,0.08,0.03,0.13,0.0,0.26,0.14,0.0,0.15,0.4,0.39,0.15,0.16,0.46,0.02,0.05,0.0,0.04,0.27,0.05,0.13,0.27,0.44,0.54,0.02,0.0,0.0,0.31,0.05,0.12,0.52,0.02,0.17,0.11,0.02,0.0,0.3,0.13,0.09,0.31,0.2,0.25,0.04,0.48,0.03,0.0,0.03,0.12,0.47,0.0,0.24
PS,none,112.0,-24.0,HP,90.0,600.0,15300,20,4,other,sphere,plasma,7.4,126.0,0.011,buffer,0.5,37,1,Neutral,1.95,3.36,3.26,0.34,9.54,2.68,6.73,1.03,0.47,0.83,0.72,3.52,6.66,0.86,0.31,0.37,1.18,0.35,0.0,0.74,0.15,1.35,0.24,0.41,0.59,3.25,1.03,2.37,3.25,0.24,0.55,0.27,1.12,0.31,0.69,7.82,0.06,2.96,0.2,0.49,0.23,0.28,0.27,0.17,0.18,0.29,0.54,0.18,0.0,0.55,0.0,0.34,0.39,0.38,0.0,1.24,0.0,0.3,0.0,0.07,0.0,1.75,0.23,0.0,1.35,0.21,0.24,1.47,0.0,1.16,0.0,0.15,0.0,0.11,0.12,0.83,0.21,0.11,0.14,2.25,0.0,0.54,0.0,0.12,0.2,0.33,0.49,0.64,0.61,0.12,0.14,1.19,0.09,0.04,0.17,0.18,0.11,0.0,0.0,0.65,0.0,0.1,0.05,0.3,0.1,0.07,0.16,0.0,0.0,0.31,0.13,0.0,0.15,0.14,0.13,0.0,0.0,0.06,0.0,0.22,1.71,0.31,0.0,0.0,0.0,0.0,0.0,0.17,0.08,0.0,0.08,0.13,0.22,0.0,0.11,0.0,0.0,0.0,0.0,0.0,0.0,0.0,0.0,0.0,0.0,0.0,0.0,0.0,0.0,0.0,0.05,0.0,0.25,0.0,0.0,0.08,0.0,0.0,0.0,0.0,0.0,0.0,0.0,0.0,0.0,0.0,0.0,0.0,0.0,0.0,0.0,0.0,0.0,0.0,0.0,0.0,0.03,0.0
PS,none,112.0,-24.0,HP,90.0,600.0,15300,20,4,other,sphere,plasma,7.4,126.0,0.011,buffer,2.0,37,1,Neutral,1.81,2.0,2.72,0.65,14.23,3.34,5.56,0.45,0.35,1.16,0.55,3.08,5.21,0.92,0.37,0.32,0.63,0.2,0.0,0.97,0.16,1.44,0.15,0.6,0.47,2.21,0.78,2.87,3.1,0.34,0.62,0.24,2.08,0.55,0.76,8.34,0.03,2.34,0.18,0.19,0.15,0.12,0.12,0.11,0.1,0.31,0.55,0.13,0.0,0.47,0.0,0.38,0.3,0.41,0.0,1.51,0.0,0.44,0.0,0.05,0.0,1.69,0.29,0.0,1.51,0.2,0.32,1.15,0.0,0.99,0.0,0.09,0.0,0.11,0.1,0.89,0.32,0.13,0.12,2.6,0.0,0.71,0.0,0.11,0.22,0.28,0.24,1.85,0.45,0.07,0.06,1.18,0.13,0.03,0.17,0.17,0.11,0.0,0.0,0.54,0.0,0.1,0.05,0.25,0.02,0.04,0.1,0.0,0.0,0.38,0.13,0.0,0.16,0.13,0.21,0.0,0.0,0.05,0.0,0.25,1.38,0.38,0.0,0.0,0.0,0.0,0.0,0.15,0.09,0.0,0.08,0.16,0.21,0.0,0.12,0.0,0.0,0.0,0.0,0.0,0.0,0.0,0.0,0.0,0.0,0.0,0.0,0.0,0.0,0.0,0.06,0.0,0.3,0.0,0.0,0.1,0.0,0.0,0.0,0.0,0.0,0.0,0.0,0.0,0.0,0.0,0.0,0.0,0.0,0.0,0.0,0.0,0.0,0.0,0.0,0.0,0.04,0.0
PS,none,112.0,-24.0,HP,90.0,600.0,15300,20,4,other,sphere,plasma,7.4,126.0,0.011,buffer,5.0,37,1,Neutral,1.55,2.69,2.76,1.0,12.25,7.41,4.87,0.48,0.33,1.98,0.48,2.05,4.28,0.78,0.3,0.25,0.62,0.2,0.0,0.76,0.15,0.92,0.16,1.06,0.14,1.75,0.53,2.28,2.4,0.61,0.39,0.16,3.74,0.95,0.62,3.46,0.0,2.33,0.16,0.21,0.15,0.11,0.11,0.12,0.09,0.2,0.7,0.15,0.0,0.35,0.0,0.4,0.44,0.36,0.0,1.11,0.0,0.53,0.0,0.05,0.0,1.34,0.47,0.0,1.28,0.17,0.17,1.3,0.0,1.18,0.0,0.08,0.0,0.09,0.18,1.14,0.25,0.1,0.1,2.52,0.0,0.83,0.0,0.1,0.2,0.27,0.25,7.72,0.31,0.19,0.06,0.87,0.12,0.04,0.15,0.16,0.08,0.0,0.0,0.55,0.0,0.11,0.04,0.22,0.03,0.05,0.11,0.0,0.0,0.41,0.11,0.0,0.23,0.08,0.34,0.0,0.0,0.04,0.0,0.27,1.15,0.34,0.0,0.0,0.0,0.0,0.0,0.16,0.09,0.0,0.07,0.25,0.16,0.0,0.09,0.0,0.0,0.0,0.0,0.0,0.0,0.0,0.0,0.0,0.0,0.0,0.0,0.0,0.0,0.0,0.05,0.0,0.33,0.0,0.0,0.07,0.0,0.0,0.0,0.0,0.0,0.0,0.0,0.0,0.0,0.0,0.0,0.0,0.0,0.0,0.0,0.0,0.0,0.0,0.0,0.0,0.05,0.0
PS,none,112.0,-24.0,HP,90.0,600.0,15300,20,4,other,sphere,plasma,7.4,126.0,0.011,buffer,15.0,37,1,Neutral,1.66,2.37,2.62,1.46,12.62,7.78,4.99,0.54,0.34,2.78,0.53,1.07,3.91,0.76,0.41,0.27,0.42,0.21,0.0,0.86,0.17,0.87,0.15,1.06,0.08,1.63,0.93,1.43,2.85,0.77,0.44,0.26,4.56,0.86,0.62,2.44,0.01,1.98,0.16,0.24,0.18,0.1,0.3,0.12,0.12,0.12,0.79,0.17,0.0,0.42,0.0,0.46,0.36,0.37,0.0,1.18,0.0,0.64,0.0,0.05,0.0,1.26,0.57,0.0,1.34,0.21,0.07,1.61,0.0,1.32,0.0,0.08,0.0,0.09,0.18,1.51,0.28,0.06,0.1,1.95,0.0,0.56,0.0,0.1,0.19,0.32,0.2,7.27,0.27,0.19,0.06,0.84,0.12,0.04,0.14,0.2,0.1,0.0,0.0,0.67,0.0,0.13,0.05,0.25,0.02,0.06,0.1,0.0,0.0,0.29,0.08,0.0,0.27,0.07,0.46,0.0,0.0,0.07,0.0,0.32,1.1,0.26,0.0,0.0,0.0,0.0,0.0,0.21,0.07,0.0,0.07,0.15,0.18,0.0,0.08,0.0,0.0,0.0,0.0,0.0,0.0,0.0,0.0,0.0,0.0,0.0,0.0,0.0,0.0,0.0,0.04,0.0,0.27,0.0,0.0,0.06,0.0,0.0,0.0,0.0,0.0,0.0,0.0,0.0,0.0,0.0,0.0,0.0,0.0,0.0,0.0,0.0,0.0,0.0,0.0,0.0,0.03,0.0
PS,none,112.0,-24.0,HP,90.0,600.0,15300,20,4,other,sphere,plasma,7.4,126.0,0.011,buffer,30.0,37,1,Neutral,0.97,1.61,21.74,0.63,6.0,1.6,5.06,0.82,6.78,0.87,0.23,1.13,3.98,0.37,0.25,0.47,0.04,2.09,0.0,0.31,0.07,0.88,1.53,0.0,0.12,3.41,0.13,1.23,2.41,0.4,0.43,0.14,1.63,0.32,0.75,4.54,0.0,1.44,0.11,0.47,0.04,0.49,0.51,0.0,0.43,0.15,0.28,0.75,0.0,0.22,0.0,0.24,2.66,0.38,0.0,0.44,0.0,1.97,0.0,0.33,0.41,0.91,0.34,0.0,0.65,0.14,0.09,0.12,0.0,0.08,1.47,0.02,0.17,0.01,0.21,0.95,0.07,0.0,0.07,0.03,0.0,1.35,0.0,0.01,0.86,0.0,0.0,0.03,0.05,0.08,0.08,0.2,0.11,0.0,0.26,0.0,0.0,0.06,1.02,0.0,0.0,0.0,0.02,0.2,0.14,0.0,0.0,0.0,0.04,1.02,0.15,0.0,0.0,0.39,0.19,0.21,0.25,0.0,0.23,0.0,0.71,0.0,0.0,0.0,0.21,0.15,0.0,0.41,0.09,0.0,0.0,0.38,0.15,0.0,0.09,0.0,0.0,0.0,0.0,0.0,0.0,0.0,0.0,0.0,0.0,0.0,0.0,0.0,0.0,0.0,0.0,0.0,0.29,0.0,0.0,0.0,0.0,0.0,0.0,0.0,0.0,0.0,0.0,0.0,0.0,0.0,0.23,0.0,0.0,0.0,0.0,0.0,0.0,0.0,0.0,0.0,0.09,0.0
PS,none,112.0,-24.0,HP,90.0,600.0,15300,20,4,other,sphere,plasma,7.4,126.0,0.011,buffer,60.0,37,1,Neutral,1.69,1.67,2.46,1.49,8.44,10.27,8.07,0.59,0.21,3.15,0.27,0.84,8.46,0.69,0.12,0.54,0.37,0.11,0.0,0.35,0.11,0.95,0.13,0.42,0.05,1.17,0.53,1.38,3.52,1.12,0.17,0.27,1.37,0.32,0.34,1.56,0.0,2.58,0.08,0.29,0.05,0.07,0.08,0.16,0.13,0.08,1.06,0.18,0.0,0.15,0.0,0.6,0.42,0.42,0.0,0.58,0.0,0.55,0.0,0.03,0.0,1.59,0.22,0.0,1.51,0.13,0.05,1.12,0.0,1.06,0.0,0.06,0.0,0.04,0.2,1.93,0.11,0.1,0.12,1.78,0.0,1.75,0.0,0.11,0.1,0.25,0.23,7.02,0.48,0.05,0.11,0.81,0.12,0.05,0.19,0.24,0.09,0.0,0.0,0.48,0.0,0.08,0.03,0.29,0.03,0.1,0.07,0.0,0.0,0.93,0.14,0.0,0.16,0.08,0.13,0.0,0.0,0.09,0.0,0.25,0.99,0.64,0.0,0.0,0.0,0.0,0.0,0.15,0.03,0.0,0.08,0.38,0.21,0.0,0.14,0.0,0.0,0.0,0.0,0.0,0.0,0.0,0.0,0.0,0.0,0.0,0.0,0.0,0.0,0.0,0.0,0.0,0.62,0.0,0.0,0.07,0.0,0.0,0.0,0.0,0.0,0.0,0.0,0.0,0.0,0.0,0.0,0.0,0.0,0.0,0.0,0.0,0.0,0.0,0.0,0.0,0.13,0.0
PS,none,112.0,-24.0,HP,90.0,600.0,15300,20,4,other,sphere,plasma,7.4,126.0,0.011,buffer,120.0,37,1,Neutral,2.06,1.63,2.69,1.59,8.88,10.68,8.55,0.61,0.28,3.64,0.3,0.75,7.26,0.62,0.17,0.49,0.36,0.12,0.0,0.41,0.13,0.96,0.13,0.49,0.08,1.05,0.88,1.16,4.03,1.32,0.16,0.31,2.02,0.55,0.42,1.63,0.0,2.56,0.09,0.26,0.06,0.08,0.09,0.16,0.19,0.1,1.06,0.19,0.0,0.17,0.0,0.48,0.39,0.45,0.0,0.76,0.0,0.42,0.0,0.05,0.0,1.74,0.29,0.0,1.43,0.12,0.07,1.04,0.0,0.97,0.0,0.06,0.0,0.05,0.16,1.58,0.15,0.08,0.13,1.73,0.0,1.17,0.0,0.12,0.13,0.29,0.24,5.3,0.49,0.06,0.1,0.9,0.11,0.07,0.2,0.32,0.12,0.0,0.0,0.44,0.0,0.08,0.03,0.25,0.03,0.11,0.06,0.0,0.0,0.57,0.16,0.0,0.16,0.08,0.19,0.0,0.0,0.09,0.0,0.27,1.04,0.5,0.0,0.0,0.0,0.0,0.0,0.21,0.04,0.0,0.11,0.25,0.22,0.0,0.13,0.0,0.0,0.0,0.0,0.0,0.0,0.0,0.0,0.0,0.0,0.0,0.0,0.0,0.0,0.0,0.02,0.0,0.36,0.0,0.0,0.06,0.0,0.0,0.0,0.0,0.0,0.0,0.0,0.0,0.0,0.0,0.0,0.0,0.0,0.0,0.0,0.0,0.0,0.0,0.0,0.0,0.07,0.0
SiO2,none,31.4,-25.0,HP,90.0,60.0,15300,20,4,other,sphere,buffer,7.4,35.2,0.0001,buffer,0.5,37,1,Neutral,0.71,1.85,15.16,0.4,13.21,1.15,8.72,0.93,1.57,0.47,0.78,1.91,4.67,1.74,0.5,0.83,0.66,0.57,0.0,1.25,0.15,1.09,0.77,0.0,0.13,1.06,1.38,0.63,4.44,0.3,0.91,0.3,0.79,0.68,1.73,1.75,0.0,2.05,0.57,0.42,0.3,0.63,0.39,0.0,0.46,0.35,0.32,0.27,0.0,1.35,0.0,0.13,1.09,0.62,0.0,1.42,0.0,0.67,0.0,0.34,0.05,0.83,0.22,0.0,0.61,0.55,0.17,0.64,0.0,0.4,0.69,0.1,0.17,0.14,0.04,0.15,0.17,0.0,0.07,0.02,0.0,0.33,0.0,0.03,1.89,0.0,0.0,0.03,0.11,0.15,0.07,0.23,0.2,0.0,0.62,0.0,0.0,0.08,0.89,0.0,0.0,0.0,0.08,0.1,0.18,0.0,0.0,0.0,0.04,0.13,0.23,0.0,0.0,0.23,0.1,0.12,0.16,0.0,0.13,0.0,0.59,0.0,0.0,0.0,0.14,0.17,0.0,0.27,0.11,0.0,0.0,0.3,0.27,0.0,0.21,0.0,0.0,0.0,0.0,0.0,0.0,0.0,0.0,0.0,0.0,0.0,0.0,0.0,0.0,0.0,0.0,0.0,0.14,0.0,0.0,0.0,0.0,0.0,0.0,0.0,0.0,0.0,0.0,0.0,0.0,0.0,0.09,0.0,0.0,0.0,0.0,0.0,0.0,0.0,0.0,0.0,0.03,0.0
SiO2,none,31.4,-25.0,HP,90.0,60.0,15300,20,4,other,sphere,buffer,7.4,35.2,0.0001,buffer,2.0,37,1,Neutral,1.27,1.38,20.01,1.05,8.0,2.0,3.31,0.84,8.64,0.92,0.37,1.59,2.54,0.71,0.55,0.49,0.04,2.67,0.0,0.53,0.07,0.64,0.83,0.0,0.16,3.91,0.44,1.46,2.31,0.46,0.36,0.14,2.5,0.17,0.76,4.22,0.0,0.98,0.18,0.33,0.06,0.28,0.25,0.0,0.21,0.1,0.15,0.6,0.0,0.24,0.0,0.21,3.24,0.32,0.0,0.54,0.0,2.94,0.0,0.21,0.85,0.77,0.38,0.0,0.68,0.1,0.06,0.08,0.0,0.07,1.48,0.02,0.3,0.04,0.19,0.72,0.15,0.0,0.09,0.02,0.0,0.38,0.0,0.02,0.58,0.0,0.0,0.04,0.0,0.06,0.05,0.14,0.07,0.0,0.25,0.0,0.0,0.1,1.29,0.0,0.0,0.0,0.01,0.12,0.13,0.0,0.0,0.0,0.03,0.19,0.07,0.0,0.0,0.35,0.3,0.12,0.16,0.0,0.35,0.0,0.87,0.0,0.0,0.0,0.3,0.12,0.0,0.28,0.1,0.0,0.0,0.14,0.15,0.0,0.03,0.0,0.0,0.0,0.0,0.0,0.0,0.0,0.0,0.0,0.0,0.0,0.0,0.0,0.0,0.0,0.0,0.0,0.15,0.0,0.0,0.0,0.0,0.0,0.0,0.0,0.0,0.0,0.0,0.0,0.0,0.0,0.2,0.0,0.0,0.0,0.0,0.0,0.0,0.0,0.0,0.0,0.04,0.0
SiO2,none,31.4,-25.0,HP,90.0,60.0,15300,20,4,other,sphere,buffer,7.4,35.2,0.0001,buffer,5.0,37,1,Neutral,1.67,1.15,18.48,0.69,8.17,0.83,5.04,0.87,9.25,0.47,0.28,1.89,3.67,0.68,0.46,0.53,0.04,2.3,0.0,0.5,0.11,0.28,1.11,0.0,0.18,3.47,0.24,1.53,2.69,0.39,0.3,0.21,2.98,0.27,0.83,4.17,0.0,1.59,0.17,0.49,0.07,0.29,0.4,0.0,0.32,0.09,0.28,0.81,0.0,0.28,0.0,0.12,3.11,0.45,0.0,0.46,0.0,1.93,0.0,0.32,0.57,0.84,0.47,0.0,0.59,0.15,0.1,0.06,0.0,0.04,1.39,0.03,0.18,0.04,0.1,0.44,0.17,0.0,0.13,0.01,0.0,0.24,0.0,0.02,0.74,0.0,0.0,0.05,0.0,0.13,0.03,0.13,0.09,0.0,0.35,0.0,0.0,0.06,1.01,0.0,0.0,0.0,0.02,0.16,0.32,0.0,0.0,0.0,0.05,0.14,0.11,0.0,0.0,0.32,0.38,0.08,0.1,0.0,0.37,0.0,0.36,0.0,0.0,0.0,0.26,0.12,0.0,0.15,0.17,0.0,0.0,0.16,0.2,0.0,0.1,0.0,0.0,0.0,0.0,0.0,0.0,0.0,0.0,0.0,0.0,0.0,0.0,0.0,0.0,0.0,0.0,0.0,0.14,0.0,0.0,0.0,0.0,0.0,0.0,0.0,0.0,0.0,0.0,0.0,0.0,0.0,0.24,0.0,0.0,0.0,0.0,0.0,0.0,0.0,0.0,0.0,0.02,0.0
SiO2,none,31.4,-25.0,HP,90.0,60.0,15300,20,4,other,sphere,buffer,7.4,35.2,0.0001,buffer,15.0,37,1,Neutral,1.38,0.95,17.25,0.76,10.63,0.87,4.78,0.78,8.51,0.37,0.38,1.88,3.94,0.65,0.54,0.6,0.07,1.66,0.0,0.49,0.04,0.36,0.78,0.0,0.17,4.12,0.31,1.62,3.08,0.39,0.41,0.17,2.18,0.22,0.87,4.09,0.0,1.5,0.2,0.49,0.08,0.21,0.19,0.0,0.21,0.12,0.14,0.72,0.0,0.24,0.0,0.14,3.43,0.48,0.0,0.52,0.0,1.93,0.0,0.3,0.66,1.12,0.27,0.0,0.66,0.18,0.1,0.11,0.0,0.06,1.42,0.02,0.2,0.04,0.06,0.62,0.15,0.0,0.12,0.02,0.0,0.45,0.0,0.03,0.94,0.0,0.0,0.02,0.0,0.12,0.03,0.13,0.1,0.0,0.45,0.0,0.0,0.07,1.01,0.0,0.0,0.0,0.01,0.17,0.26,0.0,0.0,0.0,0.05,0.18,0.11,0.0,0.0,0.42,0.25,0.08,0.12,0.0,0.23,0.0,0.55,0.0,0.0,0.0,0.23,0.07,0.0,0.14,0.09,0.0,0.0,0.21,0.19,0.0,0.09,0.0,0.0,0.0,0.0,0.0,0.0,0.0,0.0,0.0,0.0,0.0,0.0,0.0,0.0,0.0,0.0,0.0,0.16,0.0,0.0,0.0,0.0,0.0,0.0,0.0,0.0,0.0,0.0,0.0,0.0,0.0,0.17,0.0,0.0,0.0,0.0,0.0,0.0,0.0,0.0,0.0,0.04,0.0
SiO2,none,31.4,-25.0,HP,90.0,60.0,15300,20,4,other,sphere,buffer,7.4,35.2,0.0001,buffer,30.0,37,1,Neutral,2.34,1.4,2.11,1.45,8.09,7.88,9.65,0.49,0.25,2.74,0.31,0.65,8.61,0.7,0.16,0.59,0.28,0.13,0.0,0.45,0.09,0.86,0.11,0.31,0.06,0.97,0.59,1.42,4.26,0.82,0.18,0.33,1.38,0.21,0.39,1.94,0.01,2.77,0.1,0.26,0.08,0.06,0.09,0.13,0.1,0.08,0.86,0.14,0.0,0.18,0.0,0.55,0.44,0.53,0.0,0.72,0.0,0.58,0.0,0.05,0.0,2.0,0.18,0.0,1.7,0.11,0.05,1.29,0.0,1.29,0.0,0.07,0.0,0.05,0.19,1.72,0.14,0.07,0.16,1.73,0.0,1.27,0.0,0.13,0.14,0.24,0.23,8.14,0.34,0.04,0.07,0.74,0.15,0.03,0.22,0.18,0.08,0.0,0.0,0.55,0.0,0.07,0.04,0.37,0.01,0.09,0.06,0.0,0.0,0.58,0.19,0.0,0.2,0.08,0.13,0.0,0.0,0.13,0.0,0.26,1.13,0.62,0.0,0.0,0.0,0.0,0.0,0.15,0.04,0.0,0.07,0.24,0.24,0.0,0.15,0.0,0.0,0.0,0.0,0.0,0.0,0.0,0.0,0.0,0.0,0.0,0.0,0.0,0.0,0.0,0.02,0.0,0.41,0.0,0.0,0.05,0.0,0.0,0.0,0.0,0.0,0.0,0.0,0.0,0.0,0.0,0.0,0.0,0.0,0.0,0.0,0.0,0.0,0.0,0.0,0.0,0.08,0.0
SiO2,none,31.4,-25.0,HP,90.0,60.0,15300,20,4,other,sphere,buffer,7.4,35.2,0.0001,buffer,60.0,37,1,Neutral,1.17,1.42,20.7,0.43,6.68,1.43,4.9,0.95,8.46,0.78,0.27,1.3,3.47,0.62,0.27,0.49,0.03,2.57,0.0,0.37,0.09,0.63,1.42,0.0,0.12,3.59,0.18,1.07,2.5,0.45,0.18,0.11,2.34,0.35,0.86,4.42,0.0,1.39,0.18,0.56,0.05,0.43,0.55,0.0,0.52,0.06,0.34,0.82,0.0,0.18,0.0,0.2,3.11,0.33,0.0,0.5,0.0,1.98,0.0,0.41,0.51,0.99,0.37,0.0,0.68,0.1,0.12,0.11,0.0,0.09,1.54,0.03,0.14,0.04,0.17,0.75,0.1,0.0,0.09,0.02,0.0,0.39,0.0,0.02,0.84,0.0,0.0,0.02,0.07,0.09,0.06,0.18,0.09,0.0,0.27,0.0,0.0,0.06,1.0,0.0,0.0,0.0,0.01,0.12,0.18,0.0,0.0,0.0,0.05,0.18,0.11,0.0,0.0,0.36,0.26,0.16,0.15,0.0,0.17,0.0,0.51,0.0,0.0,0.0,0.3,0.14,0.0,0.28,0.16,0.0,0.0,0.15,0.17,0.0,0.08,0.0,0.0,0.0,0.0,0.0,0.0,0.0,0.0,0.0,0.0,0.0,0.0,0.0,0.0,0.0,0.0,0.0,0.16,0.0,0.0,0.0,0.0,0.0,0.0,0.0,0.0,0.0,0.0,0.0,0.0,0.0,0.26,0.0,0.0,0.0,0.0,0.0,0.0,0.0,0.0,0.0,0.03,0.0
SiO2,none,31.4,-25.0,HP,90.0,60.0,15300,20,4,other,sphere,buffer,7.4,35.2,0.0001,buffer,120.0,37,1,Neutral,1.02,0.57,23.17,0.19,8.57,0.53,4.38,1.56,10.24,0.48,0.48,2.56,2.38,0.92,0.39,0.43,0.02,2.99,0.0,0.55,0.16,0.07,2.39,0.0,0.1,2.0,0.33,1.53,1.91,0.61,0.28,0.16,3.01,0.43,0.96,1.32,0.0,0.7,0.29,0.2,0.12,0.26,0.29,0.0,0.15,0.1,0.25,0.28,0.0,0.4,0.0,0.03,2.47,0.33,0.0,0.86,0.0,0.55,0.0,0.8,0.95,0.98,0.82,0.0,0.46,0.1,0.07,0.06,0.0,0.05,2.49,0.08,0.0,0.08,0.03,0.71,0.2,0.0,0.09,0.0,0.0,0.34,0.0,0.01,0.91,0.0,0.0,0.03,0.01,0.23,0.03,0.05,0.1,0.0,0.36,0.0,0.0,0.09,1.61,0.0,0.0,0.0,0.04,0.11,0.22,0.0,0.0,0.0,0.07,0.19,0.09,0.0,0.0,0.22,0.46,0.0,0.0,0.0,0.06,0.0,0.03,0.0,0.0,0.0,0.43,0.03,0.0,0.03,0.33,0.0,0.0,0.16,0.18,0.0,0.13,0.0,0.0,0.0,0.0,0.0,0.0,0.0,0.0,0.0,0.0,0.0,0.0,0.0,0.0,0.0,0.0,0.0,0.14,0.0,0.0,0.0,0.0,0.0,0.0,0.0,0.0,0.0,0.0,0.0,0.0,0.0,0.22,0.0,0.0,0.0,0.0,0.0,0.0,0.0,0.0,0.0,0.04,0.0
SiO2,COOH,129.0,-28.0,HP,90.0,60.0,15300,20,4,other,sphere,buffer,7.4,133.0,0.006,buffer,0.5,37,1,Anionic,2.1,2.58,1.72,1.53,2.19,1.02,1.46,0.79,0.93,1.24,0.42,1.2,0.2,0.14,0.58,0.2,0.91,0.19,1.23,0.67,0.12,2.89,0.36,0.31,0.33,3.96,0.23,1.17,0.81,0.53,0.52,0.27,1.36,0.54,1.05,2.5,0.04,0.98,0.2,0.69,0.25,0.55,0.55,0.21,0.33,0.2,0.31,0.78,0.04,0.28,0.51,1.48,1.4,0.51,0.81,0.59,1.43,0.34,0.13,0.21,0.29,2.18,0.47,0.09,1.34,0.12,0.72,1.09,0.11,0.9,0.47,0.08,0.14,0.09,0.28,0.68,0.31,0.19,0.31,0.46,0.05,0.98,0.79,0.25,0.83,0.34,0.39,0.02,0.59,0.18,0.21,0.16,0.08,0.33,0.47,0.29,0.05,0.2,0.29,0.39,0.1,0.23,0.11,0.24,0.43,0.32,0.14,0.0,0.05,0.0,0.08,0.3,0.03,1.96,0.32,1.46,0.72,0.07,0.21,0.19,1.06,0.09,0.67,0.02,0.06,0.32,1.08,1.3,0.04,0.04,0.08,0.0,0.22,0.17,0.0,0.2,0.63,0.13,0.07,0.04,0.24,0.02,0.06,0.0,0.03,0.14,0.05,0.14,0.06,0.19,0.55,0.05,0.0,0.0,0.13,0.19,0.05,0.87,0.0,0.11,0.0,0.05,0.0,0.96,0.02,0.03,0.36,0.06,0.13,0.02,0.47,0.05,0.0,0.02,0.11,0.51,0.0,0.06
SiO2,COOH,129.0,-28.0,HP,90.0,60.0,15300,20,4,other,sphere,buffer,7.4,133.0,0.006,buffer,2.0,37,1,Anionic,1.57,2.58,1.49,1.28,2.21,0.9,1.71,0.57,0.71,1.12,0.47,1.47,0.42,0.21,0.62,0.24,1.04,0.13,1.1,0.8,0.1,2.79,0.29,0.5,0.34,3.8,0.23,1.14,1.29,0.45,0.55,0.29,1.27,0.67,1.09,2.33,0.05,0.79,0.21,1.08,0.23,0.64,0.53,0.22,0.27,0.24,0.24,0.58,0.04,0.34,0.42,1.41,1.33,0.57,0.82,0.62,1.31,0.31,0.11,0.18,0.18,2.32,0.41,0.07,1.25,0.13,0.83,1.1,0.09,0.93,0.4,0.08,0.12,0.11,0.29,0.63,0.36,0.42,0.33,0.43,0.06,0.83,0.86,0.25,0.96,0.3,0.31,0.01,0.48,0.19,0.25,0.19,0.09,0.32,0.42,0.24,0.05,0.21,0.24,0.41,0.13,0.15,0.11,0.31,0.36,0.32,0.23,0.0,0.05,0.0,0.1,0.23,0.04,1.78,0.28,1.57,0.91,0.1,0.14,0.19,0.88,0.07,0.36,0.06,0.06,0.43,1.03,1.23,0.04,0.04,0.09,0.0,0.27,0.16,0.0,0.15,0.7,0.11,0.05,0.1,0.28,0.02,0.06,0.0,0.02,0.39,0.07,0.16,0.07,0.17,0.6,0.05,0.0,0.0,0.13,0.17,0.06,0.85,0.01,0.15,0.02,0.06,0.0,0.89,0.04,0.06,0.35,0.06,0.17,0.01,0.52,0.05,0.0,0.02,0.25,0.58,0.0,0.05
SiO2,COOH,129.0,-28.0,HP,90.0,60.0,15300,20,4,other,sphere,buffer,7.4,133.0,0.006,buffer,5.0,37,1,Anionic,1.95,2.01,1.53,1.52,1.79,1.37,1.5,0.89,0.58,1.83,0.3,2.38,0.42,0.18,0.54,0.18,1.18,0.14,1.06,0.47,0.08,2.58,0.4,0.51,0.34,3.03,0.21,1.32,1.08,0.88,0.57,0.3,1.31,0.65,0.94,1.89,0.06,0.94,0.14,1.42,0.44,0.4,0.23,0.25,0.23,0.26,0.19,0.67,0.04,0.18,0.33,1.49,1.11,0.52,0.68,0.43,1.01,0.28,0.15,0.16,0.2,2.47,0.41,0.11,1.37,0.1,1.06,1.56,0.1,1.36,0.17,0.07,0.13,0.07,0.55,1.59,0.21,0.66,0.29,0.41,0.08,0.9,0.69,0.25,0.78,0.27,0.25,0.0,0.66,0.22,0.19,0.26,0.08,0.31,0.35,0.24,0.06,0.2,0.27,0.59,0.11,0.13,0.1,0.26,0.5,0.3,0.12,0.0,0.05,0.0,0.09,0.27,0.03,1.75,0.3,1.32,0.71,0.09,0.14,0.23,0.92,0.12,0.29,0.0,0.05,0.24,0.76,1.11,0.04,0.04,0.08,0.0,0.25,0.14,0.0,0.12,0.65,0.14,0.05,0.16,0.24,0.03,0.04,0.0,0.03,0.46,0.1,0.17,0.07,0.21,0.42,0.03,0.0,0.0,0.16,0.22,0.04,0.65,0.02,0.13,0.03,0.05,0.0,0.7,0.03,0.02,0.32,0.09,0.21,0.02,0.4,0.03,0.0,0.01,0.15,0.55,0.0,0.07
SiO2,COOH,129.0,-28.0,HP,90.0,60.0,15300,20,4,other,sphere,buffer,7.4,133.0,0.006,buffer,15.0,37,1,Anionic,1.7,1.89,1.62,2.2,1.86,1.73,1.13,0.99,0.88,2.02,0.31,2.54,0.33,0.05,0.65,0.11,1.23,0.26,1.3,0.51,0.09,2.93,0.48,0.72,0.19,2.45,0.27,1.2,0.84,1.59,0.32,0.15,1.28,0.81,0.66,1.09,0.08,0.83,0.12,1.44,0.56,0.29,0.36,0.4,0.17,0.13,0.13,0.68,0.04,0.16,0.17,1.8,1.33,0.39,0.58,0.35,1.1,0.38,0.27,0.23,0.3,1.85,0.4,0.08,1.24,0.08,0.8,1.24,0.19,0.87,0.2,0.07,0.2,0.08,1.15,1.76,0.15,0.69,0.19,0.32,0.13,1.16,1.36,0.18,0.53,0.32,0.27,0.0,0.56,0.12,0.35,0.27,0.12,0.2,0.51,0.26,0.09,0.3,0.27,0.4,0.14,0.19,0.06,0.13,0.84,0.49,0.13,0.0,0.06,0.0,0.06,0.18,0.05,2.16,0.26,0.68,0.41,0.06,0.17,0.34,1.08,0.09,0.59,0.02,0.05,0.14,0.41,1.06,0.04,0.05,0.06,0.0,0.17,0.12,0.0,0.14,0.77,0.26,0.1,0.2,0.46,0.02,0.05,0.0,0.02,0.54,0.09,0.2,0.12,0.33,0.37,0.02,0.0,0.0,0.19,0.16,0.04,0.39,0.03,0.07,0.05,0.04,0.0,0.57,0.04,0.02,0.25,0.1,0.19,0.04,0.53,0.03,0.0,0.02,0.11,0.51,0.0,0.06
SiO2,COOH,129.0,-28.0,HP,90.0,60.0,15300,20,4,other,sphere,buffer,7.4,133.0,0.006,buffer,30.0,37,1,Anionic,1.37,1.97,1.65,2.24,2.3,1.85,1.34,1.07,0.99,2.0,0.42,2.24,0.41,0.08,0.7,0.14,1.19,0.28,1.01,0.53,0.11,2.88,0.49,0.58,0.22,2.25,0.23,1.21,0.92,1.31,0.34,0.18,0.35,0.63,0.65,1.04,0.06,0.92,0.15,1.44,0.55,0.29,0.36,0.35,0.22,0.15,0.13,0.82,0.03,0.24,0.23,1.81,1.25,0.36,0.68,0.46,1.01,0.44,0.29,0.24,0.33,1.99,0.17,0.08,1.31,0.07,0.6,1.2,0.19,0.81,0.22,0.08,0.29,0.1,1.25,1.86,0.21,0.73,0.15,0.39,0.2,1.01,0.66,0.15,0.66,0.29,0.34,0.0,0.85,0.06,0.38,0.28,0.1,0.17,0.54,0.21,0.07,0.32,0.3,0.34,0.15,0.17,0.07,0.16,0.82,0.48,0.11,0.0,0.05,0.0,0.07,0.18,0.05,2.15,0.07,0.82,0.46,0.08,0.18,0.26,1.06,0.08,0.41,0.03,0.06,0.15,0.37,1.08,0.03,0.03,0.06,0.0,0.21,0.13,0.0,0.14,0.71,0.28,0.09,0.23,0.41,0.03,0.05,0.0,0.03,0.56,0.09,0.17,0.11,0.34,0.42,0.03,0.0,0.0,0.19,0.17,0.03,0.33,0.03,0.1,0.06,0.04,0.0,0.53,0.02,0.06,0.25,0.19,0.19,0.02,0.57,0.04,0.0,0.02,0.19,0.58,0.0,0.07
SiO2,COOH,129.0,-28.0,HP,90.0,60.0,15300,20,4,other,sphere,buffer,7.4,133.0,0.006,buffer,60.0,37,1,Anionic,1.65,1.79,1.59,2.34,2.06,1.93,1.25,1.08,0.82,2.04,0.35,2.15,0.33,0.07,0.7,0.14,1.22,0.28,1.27,0.46,0.12,3.09,0.5,0.55,0.19,2.25,0.28,1.22,0.94,1.52,0.21,0.16,0.37,0.6,0.63,0.95,0.08,0.95,0.13,1.54,0.57,0.25,0.41,0.43,0.2,0.09,0.12,0.83,0.04,0.19,0.2,1.85,1.38,0.4,0.61,0.3,0.92,0.39,0.31,0.38,0.28,1.69,0.21,0.07,1.19,0.05,0.63,1.23,0.2,0.89,0.18,0.07,0.26,0.08,1.28,1.87,0.18,0.76,0.17,0.41,0.15,0.95,1.21,0.16,0.61,0.36,0.37,0.02,0.99,0.07,0.45,0.36,0.1,0.16,0.59,0.27,0.11,0.33,0.28,0.38,0.15,0.19,0.07,0.15,0.86,0.43,0.17,0.0,0.11,0.0,0.08,0.2,0.05,2.23,0.07,0.75,0.42,0.08,0.17,0.36,1.03,0.1,0.53,0.08,0.06,0.11,0.36,1.15,0.03,0.03,0.06,0.0,0.2,0.12,0.0,0.14,0.79,0.32,0.11,0.22,0.38,0.02,0.05,0.0,0.03,0.57,0.08,0.19,0.14,0.35,0.41,0.02,0.0,0.0,0.2,0.16,0.03,0.28,0.04,0.08,0.06,0.04,0.0,0.53,0.04,0.05,0.25,0.16,0.21,0.07,0.55,0.05,0.0,0.02,0.16,0.54,0.0,0.08
SiO2,COOH,129.0,-28.0,HP,90.0,60.0,15300,20,4,other,sphere,buffer,7.4,133.0,0.006,buffer,120.0,37,1,Anionic,1.77,1.43,1.61,2.4,1.82,1.77,1.28,1.16,0.75,2.44,0.38,1.58,0.33,0.09,0.7,0.16,1.03,0.23,1.02,0.42,0.1,3.03,0.49,0.48,0.21,2.54,0.35,1.19,0.98,1.5,0.38,0.18,0.67,0.63,0.79,1.32,0.07,1.0,0.14,1.51,0.52,0.31,0.31,0.39,0.29,0.15,0.17,0.91,0.05,0.17,0.25,1.67,1.35,0.51,0.54,0.33,0.94,0.46,0.24,0.39,0.34,1.68,0.26,0.06,1.2,0.05,0.74,1.29,0.16,1.08,0.22,0.06,0.35,0.08,1.28,1.8,0.17,0.62,0.23,0.43,0.16,1.08,0.88,0.18,0.69,0.34,0.31,0.0,0.59,0.06,0.37,0.32,0.13,0.24,0.56,0.33,0.1,0.33,0.35,0.47,0.16,0.16,0.07,0.18,0.76,0.38,0.13,0.0,0.16,0.0,0.06,0.22,0.07,1.97,0.1,0.85,0.43,0.08,0.23,0.33,1.05,0.09,0.54,0.12,0.07,0.15,0.53,1.21,0.03,0.02,0.11,0.0,0.24,0.15,0.0,0.16,0.77,0.25,0.11,0.18,0.39,0.02,0.04,0.0,0.02,0.49,0.05,0.19,0.07,0.27,0.39,0.02,0.0,0.0,0.14,0.11,0.03,0.37,0.03,0.09,0.06,0.05,0.0,0.57,0.05,0.0,0.32,0.19,0.23,0.02,0.38,0.02,0.0,0.03,0.18,0.46,0.0,0.06
PS,none,112.0,-55.0,HP,90.0,600.0,15300,20,4,other,sphere,buffer,7.4,134.0,0.009,buffer,0.5,37,1,Neutral,1.95,3.36,3.26,0.34,9.54,2.68,6.73,1.03,0.47,0.83,0.72,3.52,6.66,0.86,0.31,0.37,1.18,0.35,0.0,0.74,0.15,1.35,0.24,0.41,0.59,3.25,1.03,2.37,3.25,0.24,0.55,0.27,1.12,0.31,0.69,7.82,0.06,2.96,0.2,0.49,0.23,0.28,0.27,0.17,0.18,0.29,0.54,0.18,0.0,0.55,0.0,0.34,0.39,0.38,0.0,1.24,0.0,0.3,0.0,0.07,0.0,1.75,0.23,0.0,1.35,0.21,0.24,1.47,0.0,1.16,0.0,0.15,0.0,0.11,0.12,0.83,0.21,0.11,0.14,2.25,0.0,0.54,0.0,0.12,0.2,0.33,0.49,0.64,0.61,0.12,0.14,1.19,0.09,0.04,0.17,0.18,0.11,0.0,0.0,0.65,0.0,0.1,0.05,0.3,0.1,0.07,0.16,0.0,0.0,0.31,0.13,0.0,0.15,0.14,0.13,0.0,0.0,0.06,0.0,0.22,1.71,0.31,0.0,0.0,0.0,0.0,0.0,0.17,0.08,0.0,0.08,0.13,0.22,0.0,0.11,0.0,0.0,0.0,0.0,0.0,0.0,0.0,0.0,0.0,0.0,0.0,0.0,0.0,0.0,0.0,0.05,0.0,0.25,0.0,0.0,0.08,0.0,0.0,0.0,0.0,0.0,0.0,0.0,0.0,0.0,0.0,0.0,0.0,0.0,0.0,0.0,0.0,0.0,0.0,0.0,0.0,0.03,0.0
PS,none,112.0,-55.0,HP,90.0,600.0,15300,20,4,other,sphere,buffer,7.4,134.0,0.009,buffer,2.0,37,1,Neutral,1.81,2.0,2.72,0.65,14.23,3.34,5.56,0.45,0.35,1.16,0.55,3.08,5.21,0.92,0.37,0.32,0.63,0.2,0.0,0.97,0.16,1.44,0.15,0.6,0.47,2.21,0.78,2.87,3.1,0.34,0.62,0.24,2.08,0.55,0.76,8.34,0.03,2.34,0.18,0.19,0.15,0.12,0.12,0.11,0.1,0.31,0.55,0.13,0.0,0.47,0.0,0.38,0.3,0.41,0.0,1.51,0.0,0.44,0.0,0.05,0.0,1.69,0.29,0.0,1.51,0.2,0.32,1.15,0.0,0.99,0.0,0.09,0.0,0.11,0.1,0.89,0.32,0.13,0.12,2.6,0.0,0.71,0.0,0.11,0.22,0.28,0.24,1.85,0.45,0.07,0.06,1.18,0.13,0.03,0.17,0.17,0.11,0.0,0.0,0.54,0.0,0.1,0.05,0.25,0.02,0.04,0.1,0.0,0.0,0.38,0.13,0.0,0.16,0.13,0.21,0.0,0.0,0.05,0.0,0.25,1.38,0.38,0.0,0.0,0.0,0.0,0.0,0.15,0.09,0.0,0.08,0.16,0.21,0.0,0.12,0.0,0.0,0.0,0.0,0.0,0.0,0.0,0.0,0.0,0.0,0.0,0.0,0.0,0.0,0.0,0.06,0.0,0.3,0.0,0.0,0.1,0.0,0.0,0.0,0.0,0.0,0.0,0.0,0.0,0.0,0.0,0.0,0.0,0.0,0.0,0.0,0.0,0.0,0.0,0.0,0.0,0.04,0.0
PS,none,112.0,-55.0,HP,90.0,600.0,15300,20,4,other,sphere,buffer,7.4,134.0,0.009,buffer,5.0,37,1,Neutral,1.55,2.69,2.76,1.0,12.25,7.41,4.87,0.48,0.33,1.98,0.48,2.05,4.28,0.78,0.3,0.25,0.62,0.2,0.0,0.76,0.15,0.92,0.16,1.06,0.14,1.75,0.53,2.28,2.4,0.61,0.39,0.16,3.74,0.95,0.62,3.46,0.0,2.33,0.16,0.21,0.15,0.11,0.11,0.12,0.09,0.2,0.7,0.15,0.0,0.35,0.0,0.4,0.44,0.36,0.0,1.11,0.0,0.53,0.0,0.05,0.0,1.34,0.47,0.0,1.28,0.17,0.17,1.3,0.0,1.18,0.0,0.08,0.0,0.09,0.18,1.14,0.25,0.1,0.1,2.52,0.0,0.83,0.0,0.1,0.2,0.27,0.25,7.72,0.31,0.19,0.06,0.87,0.12,0.04,0.15,0.16,0.08,0.0,0.0,0.55,0.0,0.11,0.04,0.22,0.03,0.05,0.11,0.0,0.0,0.41,0.11,0.0,0.23,0.08,0.34,0.0,0.0,0.04,0.0,0.27,1.15,0.34,0.0,0.0,0.0,0.0,0.0,0.16,0.09,0.0,0.07,0.25,0.16,0.0,0.09,0.0,0.0,0.0,0.0,0.0,0.0,0.0,0.0,0.0,0.0,0.0,0.0,0.0,0.0,0.0,0.05,0.0,0.33,0.0,0.0,0.07,0.0,0.0,0.0,0.0,0.0,0.0,0.0,0.0,0.0,0.0,0.0,0.0,0.0,0.0,0.0,0.0,0.0,0.0,0.0,0.0,0.05,0.0
PS,none,112.0,-55.0,HP,90.0,600.0,15300,20,4,other,sphere,buffer,7.4,134.0,0.009,buffer,15.0,37,1,Neutral,1.66,2.37,2.62,1.46,12.62,7.78,4.99,0.54,0.34,2.78,0.53,1.07,3.91,0.76,0.41,0.27,0.42,0.21,0.0,0.86,0.17,0.87,0.15,1.06,0.08,1.63,0.93,1.43,2.85,0.77,0.44,0.26,4.56,0.86,0.62,2.44,0.01,1.98,0.16,0.24,0.18,0.1,0.3,0.12,0.12,0.12,0.79,0.17,0.0,0.42,0.0,0.46,0.36,0.37,0.0,1.18,0.0,0.64,0.0,0.05,0.0,1.26,0.57,0.0,1.34,0.21,0.07,1.61,0.0,1.32,0.0,0.08,0.0,0.09,0.18,1.51,0.28,0.06,0.1,1.95,0.0,0.56,0.0,0.1,0.19,0.32,0.2,7.27,0.27,0.19,0.06,0.84,0.12,0.04,0.14,0.2,0.1,0.0,0.0,0.67,0.0,0.13,0.05,0.25,0.02,0.06,0.1,0.0,0.0,0.29,0.08,0.0,0.27,0.07,0.46,0.0,0.0,0.07,0.0,0.32,1.1,0.26,0.0,0.0,0.0,0.0,0.0,0.21,0.07,0.0,0.07,0.15,0.18,0.0,0.08,0.0,0.0,0.0,0.0,0.0,0.0,0.0,0.0,0.0,0.0,0.0,0.0,0.0,0.0,0.0,0.04,0.0,0.27,0.0,0.0,0.06,0.0,0.0,0.0,0.0,0.0,0.0,0.0,0.0,0.0,0.0,0.0,0.0,0.0,0.0,0.0,0.0,0.0,0.0,0.0,0.0,0.03,0.0
PS,none,112.0,-55.0,HP,90.0,600.0,15300,20,4,other,sphere,buffer,7.4,134.0,0.009,buffer,30.0,37,1,Neutral,0.97,1.61,21.74,0.63,6.0,1.6,5.06,0.82,6.78,0.87,0.23,1.13,3.98,0.37,0.25,0.47,0.04,2.09,0.0,0.31,0.07,0.88,1.53,0.0,0.12,3.41,0.13,1.23,2.41,0.4,0.43,0.14,1.63,0.32,0.75,4.54,0.0,1.44,0.11,0.47,0.04,0.49,0.51,0.0,0.43,0.15,0.28,0.75,0.0,0.22,0.0,0.24,2.66,0.38,0.0,0.44,0.0,1.97,0.0,0.33,0.41,0.91,0.34,0.0,0.65,0.14,0.09,0.12,0.0,0.08,1.47,0.02,0.17,0.01,0.21,0.95,0.07,0.0,0.07,0.03,0.0,1.35,0.0,0.01,0.86,0.0,0.0,0.03,0.05,0.08,0.08,0.2,0.11,0.0,0.26,0.0,0.0,0.06,1.02,0.0,0.0,0.0,0.02,0.2,0.14,0.0,0.0,0.0,0.04,1.02,0.15,0.0,0.0,0.39,0.19,0.21,0.25,0.0,0.23,0.0,0.71,0.0,0.0,0.0,0.21,0.15,0.0,0.41,0.09,0.0,0.0,0.38,0.15,0.0,0.09,0.0,0.0,0.0,0.0,0.0,0.0,0.0,0.0,0.0,0.0,0.0,0.0,0.0,0.0,0.0,0.0,0.0,0.29,0.0,0.0,0.0,0.0,0.0,0.0,0.0,0.0,0.0,0.0,0.0,0.0,0.0,0.23,0.0,0.0,0.0,0.0,0.0,0.0,0.0,0.0,0.0,0.09,0.0
PS,none,112.0,-55.0,HP,90.0,600.0,15300,20,4,other,sphere,buffer,7.4,134.0,0.009,buffer,60.0,37,1,Neutral,1.69,1.67,2.46,1.49,8.44,10.27,8.07,0.59,0.21,3.15,0.27,0.84,8.46,0.69,0.12,0.54,0.37,0.11,0.0,0.35,0.11,0.95,0.13,0.42,0.05,1.17,0.53,1.38,3.52,1.12,0.17,0.27,1.37,0.32,0.34,1.56,0.0,2.58,0.08,0.29,0.05,0.07,0.08,0.16,0.13,0.08,1.06,0.18,0.0,0.15,0.0,0.6,0.42,0.42,0.0,0.58,0.0,0.55,0.0,0.03,0.0,1.59,0.22,0.0,1.51,0.13,0.05,1.12,0.0,1.06,0.0,0.06,0.0,0.04,0.2,1.93,0.11,0.1,0.12,1.78,0.0,1.75,0.0,0.11,0.1,0.25,0.23,7.02,0.48,0.05,0.11,0.81,0.12,0.05,0.19,0.24,0.09,0.0,0.0,0.48,0.0,0.08,0.03,0.29,0.03,0.1,0.07,0.0,0.0,0.93,0.14,0.0,0.16,0.08,0.13,0.0,0.0,0.09,0.0,0.25,0.99,0.64,0.0,0.0,0.0,0.0,0.0,0.15,0.03,0.0,0.08,0.38,0.21,0.0,0.14,0.0,0.0,0.0,0.0,0.0,0.0,0.0,0.0,0.0,0.0,0.0,0.0,0.0,0.0,0.0,0.0,0.0,0.62,0.0,0.0,0.07,0.0,0.0,0.0,0.0,0.0,0.0,0.0,0.0,0.0,0.0,0.0,0.0,0.0,0.0,0.0,0.0,0.0,0.0,0.0,0.0,0.13,0.0
PS,none,112.0,-55.0,HP,90.0,600.0,15300,20,4,other,sphere,buffer,7.4,134.0,0.009,buffer,120.0,37,1,Neutral,2.06,1.63,2.69,1.59,8.88,10.68,8.55,0.61,0.28,3.64,0.3,0.75,7.26,0.62,0.17,0.49,0.36,0.12,0.0,0.41,0.13,0.96,0.13,0.49,0.08,1.05,0.88,1.16,4.03,1.32,0.16,0.31,2.02,0.55,0.42,1.63,0.0,2.56,0.09,0.26,0.06,0.08,0.09,0.16,0.19,0.1,1.06,0.19,0.0,0.17,0.0,0.48,0.39,0.45,0.0,0.76,0.0,0.42,0.0,0.05,0.0,1.74,0.29,0.0,1.43,0.12,0.07,1.04,0.0,0.97,0.0,0.06,0.0,0.05,0.16,1.58,0.15,0.08,0.13,1.73,0.0,1.17,0.0,0.12,0.13,0.29,0.24,5.3,0.49,0.06,0.1,0.9,0.11,0.07,0.2,0.32,0.12,0.0,0.0,0.44,0.0,0.08,0.03,0.25,0.03,0.11,0.06,0.0,0.0,0.57,0.16,0.0,0.16,0.08,0.19,0.0,0.0,0.09,0.0,0.27,1.04,0.5,0.0,0.0,0.0,0.0,0.0,0.21,0.04,0.0,0.11,0.25,0.22,0.0,0.13,0.0,0.0,0.0,0.0,0.0,0.0,0.0,0.0,0.0,0.0,0.0,0.0,0.0,0.0,0.0,0.02,0.0,0.36,0.0,0.0,0.06,0.0,0.0,0.0,0.0,0.0,0.0,0.0,0.0,0.0,0.0,0.0,0.0,0.0,0.0,0.0,0.0,0.0,0.0,0.0,0.0,0.07,0.0
SiO2,none,141.0,-6.0,HP,90.0,60.0,15300,20,4,other,sphere,plasma,7.4,158.0,0.007,buffer,0.5,37,1,Neutral,1.24,2.0,2.73,1.55,1.4,1.69,2.1,0.76,1.93,2.13,0.19,1.79,1.15,0.2,0.52,0.2,0.78,0.14,1.21,0.34,0.07,2.23,0.72,0.82,0.41,3.02,0.17,0.8,1.07,1.03,0.21,0.27,0.62,0.56,0.72,1.59,0.09,0.73,0.1,1.44,0.28,0.89,0.2,0.18,0.26,0.09,0.1,1.09,0.05,0.18,0.3,1.15,1.26,0.41,0.36,0.29,1.6,1.13,0.19,0.17,0.27,1.94,0.18,0.08,1.12,0.12,0.85,0.82,0.13,0.61,1.14,0.06,0.61,0.06,0.45,0.85,0.12,0.52,0.17,0.26,0.22,1.14,0.3,0.16,0.51,0.47,0.25,0.06,0.72,0.2,0.27,0.31,0.07,0.18,0.33,0.13,0.05,0.47,0.52,0.22,0.25,0.2,0.08,0.15,0.68,0.48,0.19,0.0,0.18,0.0,0.15,0.36,0.06,1.42,0.16,1.38,0.93,0.09,0.23,0.47,0.67,0.1,0.2,0.05,0.09,0.55,0.57,0.95,0.07,0.05,0.08,0.0,0.15,0.12,0.0,0.1,0.75,0.26,0.1,0.14,0.31,0.01,0.06,0.0,0.05,0.36,0.09,0.11,0.07,0.25,0.45,0.02,0.0,0.0,0.16,0.2,0.12,0.52,0.04,0.15,0.07,0.05,0.0,0.51,0.03,0.17,0.69,0.07,0.18,0.07,0.41,0.04,0.0,0.02,0.3,0.34,0.0,0.11
SiO2,none,141.0,-6.0,HP,90.0,60.0,15300,20,4,other,sphere,plasma,7.4,158.0,0.007,buffer,2.0,37,1,Neutral,1.6,2.68,1.46,1.64,1.77,0.79,1.9,0.75,1.25,0.96,0.3,2.16,0.72,0.26,0.57,0.19,0.67,0.13,0.93,0.58,0.08,2.84,0.36,0.53,0.43,3.21,0.28,1.3,1.03,0.33,0.66,0.22,1.46,0.57,0.98,1.84,0.09,0.73,0.17,1.06,0.19,0.83,0.26,0.15,0.25,0.35,0.2,0.8,0.09,0.32,0.42,1.17,1.26,0.52,0.62,0.45,1.47,0.31,0.15,0.14,0.19,2.21,0.59,0.15,1.01,0.18,1.24,1.69,0.09,1.67,0.66,0.08,0.16,0.08,0.19,0.62,0.2,0.31,0.3,0.25,0.09,1.03,0.97,0.25,0.73,0.44,0.6,0.02,0.5,0.2,0.44,0.4,0.1,0.3,0.29,0.21,0.08,0.28,0.29,0.95,0.09,0.28,0.09,0.23,0.34,0.49,0.18,0.0,0.04,0.0,0.11,0.26,0.03,2.02,0.31,1.21,0.62,0.1,0.09,0.27,0.64,0.06,0.19,0.02,0.06,0.63,0.58,1.02,0.07,0.06,0.09,0.0,0.21,0.12,0.0,0.16,0.68,0.16,0.07,0.21,0.25,0.05,0.07,0.0,0.03,0.51,0.08,0.19,0.17,0.16,0.43,0.04,0.0,0.0,0.14,0.18,0.05,0.3,0.01,0.1,0.03,0.04,0.0,0.62,0.03,0.05,0.33,0.04,0.16,0.03,0.52,0.07,0.0,0.02,0.22,0.51,0.0,0.04
SiO2,none,141.0,-6.0,HP,90.0,60.0,15300,20,4,other,sphere,plasma,7.4,158.0,0.007,buffer,5.0,37,1,Neutral,1.58,2.69,1.23,1.67,2.06,0.65,1.94,0.6,0.71,0.74,0.39,2.47,0.63,0.32,0.6,0.18,0.59,0.1,0.95,0.67,0.09,3.05,0.28,0.62,0.41,3.47,0.27,1.3,1.12,0.26,0.6,0.23,1.41,0.69,0.95,1.86,0.1,0.7,0.19,1.29,0.15,0.66,0.6,0.22,0.18,0.32,0.12,0.68,0.06,0.3,0.33,1.12,1.34,0.59,0.79,0.54,1.26,0.21,0.14,0.13,0.13,2.15,0.53,0.13,1.01,0.21,1.21,1.57,0.09,1.52,0.53,0.08,0.13,0.1,0.2,0.55,0.25,0.53,0.3,0.23,0.06,1.6,0.77,0.21,0.67,0.33,0.51,0.02,0.46,0.28,0.37,0.27,0.08,0.37,0.29,0.19,0.06,0.25,0.19,0.85,0.12,0.18,0.09,0.22,0.33,0.42,0.31,0.0,0.05,0.0,0.1,0.25,0.06,1.92,0.33,1.36,0.71,0.09,0.07,0.27,0.59,0.05,0.27,0.02,0.04,0.56,0.59,1.19,0.07,0.08,0.08,0.0,0.2,0.13,0.0,0.13,0.78,0.13,0.07,0.18,0.17,0.05,0.07,0.0,0.03,0.54,0.07,0.17,0.12,0.15,0.47,0.05,0.0,0.0,0.15,0.17,0.06,0.34,0.02,0.09,0.08,0.04,0.0,0.64,0.05,0.06,0.44,0.04,0.17,0.03,0.45,0.06,0.0,0.02,0.18,0.63,0.0,0.06
SiO2,none,141.0,-6.0,HP,90.0,60.0,15300,20,4,other,sphere,plasma,7.4,158.0,0.007,buffer,15.0,37,1,Neutral,1.61,1.68,1.48,1.93,1.9,1.15,1.55,0.71,1.55,1.62,0.27,2.98,0.82,0.44,0.72,0.23,0.51,0.13,1.08,0.49,0.08,2.72,0.35,0.65,0.73,2.08,0.28,1.17,1.22,0.75,0.73,0.3,0.96,0.72,0.82,0.95,0.08,0.73,0.16,1.62,0.21,0.45,0.23,0.24,0.16,0.39,0.23,0.57,0.06,0.18,0.39,1.76,1.3,0.53,0.65,0.42,1.19,0.39,0.29,0.15,0.21,1.68,0.31,0.13,0.92,0.13,1.45,1.29,0.1,1.35,0.41,0.08,0.2,0.07,0.26,0.63,0.2,0.68,0.3,0.22,0.1,1.12,1.37,0.27,0.69,0.95,0.93,0.01,0.62,0.28,0.15,0.44,0.1,0.34,0.32,0.18,0.08,0.2,0.28,0.68,0.05,0.29,0.07,0.23,0.46,0.59,0.33,0.0,0.06,0.0,0.13,0.45,0.11,2.06,0.2,0.58,0.41,0.1,0.09,0.42,0.74,0.05,0.25,0.03,0.07,0.17,0.25,1.05,0.06,0.05,0.09,0.0,0.31,0.15,0.0,0.61,0.6,0.22,0.09,0.24,0.2,0.05,0.05,0.0,0.03,0.43,0.15,0.17,0.43,0.18,0.34,0.02,0.0,0.0,0.26,0.2,0.08,0.53,0.02,0.15,0.04,0.05,0.0,0.43,0.05,0.05,0.26,0.04,0.22,0.03,0.48,0.04,0.0,0.02,0.14,0.57,0.0,0.05
SiO2,none,141.0,-6.0,HP,90.0,60.0,15300,20,4,other,sphere,plasma,7.4,158.0,0.007,buffer,30.0,37,1,Neutral,0.99,1.31,1.41,1.89,1.41,1.7,1.48,0.54,1.09,1.86,0.34,1.77,1.0,0.28,0.91,0.26,0.46,0.15,1.16,1.12,0.1,1.67,0.47,0.34,0.43,1.17,0.31,0.69,0.89,0.89,0.41,0.43,0.46,0.33,0.65,0.62,0.11,0.59,0.17,1.46,0.19,0.52,0.32,0.36,0.22,0.25,0.12,0.71,0.04,0.34,0.32,1.53,1.39,0.37,0.7,0.37,0.75,0.5,1.01,0.14,0.23,0.82,0.21,0.1,0.48,0.39,0.69,0.57,0.19,0.67,0.42,0.14,0.37,0.07,0.48,0.49,0.2,0.6,0.18,0.31,0.37,1.54,1.67,0.15,0.41,0.46,1.04,0.06,0.5,0.34,0.16,0.56,0.13,0.15,0.56,0.22,0.09,0.18,0.32,0.37,0.19,0.22,0.28,0.27,0.6,0.44,0.55,0.0,0.14,0.0,0.21,0.21,0.08,1.54,0.07,0.65,0.46,0.1,0.19,0.32,0.84,0.1,0.35,0.06,0.1,0.17,0.26,0.96,0.09,0.16,0.12,0.0,0.24,0.18,0.0,0.26,0.82,0.39,0.55,0.27,0.32,0.1,0.09,0.0,0.04,0.35,0.15,0.3,0.3,0.34,0.39,0.05,0.0,0.0,0.33,0.27,0.14,0.41,0.3,0.17,0.13,0.05,0.0,0.38,0.33,0.57,0.36,0.47,0.26,0.12,0.47,0.11,0.0,0.03,0.22,0.43,0.0,0.25
SiO2,none,141.0,-6.0,HP,90.0,60.0,15300,20,4,other,sphere,plasma,7.4,158.0,0.007,buffer,60.0,37,1,Neutral,1.2,1.22,2.09,2.62,2.11,1.95,2.06,0.78,1.76,2.31,0.37,2.26,1.08,0.27,0.82,0.38,0.81,0.24,1.38,0.52,0.1,2.0,0.54,0.32,0.59,1.27,0.35,0.79,1.29,1.5,0.5,0.37,0.39,0.36,0.62,0.56,0.08,0.93,0.16,1.73,0.22,0.55,0.33,0.37,0.18,0.24,0.09,0.73,0.04,0.2,0.43,2.18,1.48,0.59,0.62,0.43,0.84,0.57,0.44,0.21,0.31,0.86,0.18,0.13,0.54,0.12,0.75,0.64,0.21,0.68,0.93,0.07,0.39,0.07,0.45,0.52,0.29,0.64,0.18,0.23,0.41,0.96,1.63,0.15,0.66,0.56,1.3,0.02,0.63,0.05,0.22,0.45,0.13,0.16,0.57,0.31,0.09,0.2,0.33,0.31,0.08,0.24,0.04,0.29,0.96,0.57,0.42,0.0,0.09,0.0,0.15,0.19,0.08,2.39,0.14,0.48,0.38,0.1,0.12,0.34,0.84,0.1,0.25,0.07,0.05,0.12,0.14,0.69,0.07,0.05,0.11,0.0,0.37,0.15,0.0,0.22,0.43,0.33,0.11,0.23,0.5,0.04,0.05,0.0,0.03,0.38,0.11,0.17,0.27,0.4,0.39,0.02,0.0,0.0,0.33,0.07,0.06,0.08,0.05,0.21,0.1,0.04,0.0,0.32,0.07,0.07,0.33,0.13,0.28,0.05,0.66,0.03,0.0,0.02,0.17,0.54,0.0,0.22
SiO2,none,141.0,-6.0,HP,90.0,60.0,15300,20,4,other,sphere,plasma,7.4,158.0,0.007,buffer,120.0,37,1,Neutral,1.8,1.19,2.47,2.7,1.83,1.5,1.77,1.11,2.14,2.44,0.34,2.12,0.57,0.11,0.75,0.26,0.91,0.41,1.43,0.42,0.07,1.61,0.81,0.33,0.3,1.25,0.48,0.65,1.05,1.57,0.37,0.29,0.39,0.45,0.62,0.67,0.11,1.02,0.14,1.47,0.21,0.71,0.33,0.4,0.26,0.18,0.09,0.74,0.02,0.3,0.3,2.18,1.72,0.44,0.6,0.35,0.97,0.79,0.4,0.41,0.46,0.77,0.26,0.11,0.57,0.08,0.71,0.76,0.15,0.8,1.15,0.07,0.54,0.06,0.38,0.47,0.17,0.45,0.22,0.26,0.35,0.77,1.94,0.18,0.63,0.49,1.05,0.02,0.8,0.22,0.29,0.18,0.1,0.13,0.61,0.39,0.13,0.42,0.56,0.34,0.07,0.38,0.04,0.21,0.84,0.86,0.36,0.0,0.09,0.0,0.1,0.16,0.05,2.48,0.16,0.49,0.41,0.07,0.28,0.28,0.79,0.15,0.4,0.19,0.09,0.16,0.15,0.89,0.08,0.03,0.13,0.0,0.26,0.14,0.0,0.15,0.4,0.39,0.15,0.16,0.46,0.02,0.05,0.0,0.04,0.27,0.05,0.13,0.27,0.44,0.54,0.02,0.0,0.0,0.31,0.05,0.12,0.52,0.02,0.17,0.11,0.02,0.0,0.3,0.13,0.09,0.31,0.2,0.25,0.04,0.48,0.03,0.0,0.03,0.12,0.47,0.0,0.24
SiO2,NH2,144.8,-8.0,HP,90.0,60.0,15300,20,4,other,sphere,plasma,7.4,172.0,0.009,buffer,0.5,37,1,Anionic,1.57,2.12,1.9,1.73,1.91,0.91,1.78,0.78,1.55,1.22,0.3,0.87,0.45,0.17,0.47,0.27,0.78,0.18,0.82,0.46,0.06,3.32,0.36,0.26,0.38,2.86,0.16,1.55,1.28,0.46,0.48,0.25,1.16,0.59,1.13,1.54,0.05,0.95,0.22,1.29,0.2,0.77,0.31,0.14,0.27,0.17,0.18,0.51,0.04,0.3,0.5,1.6,1.31,0.55,0.63,0.3,0.91,0.43,0.18,0.31,0.26,2.61,0.3,0.16,1.4,0.15,1.04,1.5,0.08,1.21,0.55,0.08,0.19,0.08,0.18,0.68,0.43,0.19,0.29,0.48,0.08,1.05,0.26,0.24,0.83,0.27,0.68,0.06,0.43,0.32,0.2,0.21,0.09,0.36,0.51,0.19,0.03,0.28,0.47,0.59,0.07,0.17,0.08,0.26,0.36,0.35,0.18,0.0,0.03,0.0,0.1,0.22,0.03,2.07,0.22,1.54,0.83,0.11,0.21,0.34,0.96,0.45,0.42,0.03,0.11,0.45,0.71,1.25,0.02,0.06,0.12,0.0,0.35,0.2,0.0,0.16,0.71,0.2,0.12,0.15,0.44,0.03,0.04,0.0,0.04,0.42,0.03,0.22,0.12,0.27,0.37,0.02,0.0,0.0,0.11,0.12,0.08,0.8,0.0,0.23,0.04,0.03,0.0,0.67,0.04,0.03,0.35,0.05,0.16,0.03,0.34,0.04,0.0,0.01,0.28,0.42,0.0,0.06
SiO2,COOH,129.0,-8.0,HP,90.0,60.0,15300,20,4,other,sphere,plasma,7.4,180.0,0.007,buffer,0.5,37,1,Anionic,2.1,2.58,1.72,1.53,2.19,1.02,1.46,0.79,0.93,1.24,0.42,1.2,0.2,0.14,0.58,0.2,0.91,0.19,1.23,0.67,0.12,2.89,0.36,0.31,0.33,3.96,0.23,1.17,0.81,0.53,0.52,0.27,1.36,0.54,1.05,2.5,0.04,0.98,0.2,0.69,0.25,0.55,0.55,0.21,0.33,0.2,0.31,0.78,0.04,0.28,0.51,1.48,1.4,0.51,0.81,0.59,1.43,0.34,0.13,0.21,0.29,2.18,0.47,0.09,1.34,0.12,0.72,1.09,0.11,0.9,0.47,0.08,0.14,0.09,0.28,0.68,0.31,0.19,0.31,0.46,0.05,0.98,0.79,0.25,0.83,0.34,0.39,0.02,0.59,0.18,0.21,0.16,0.08,0.33,0.47,0.29,0.05,0.2,0.29,0.39,0.1,0.23,0.11,0.24,0.43,0.32,0.14,0.0,0.05,0.0,0.08,0.3,0.03,1.96,0.32,1.46,0.72,0.07,0.21,0.19,1.06,0.09,0.67,0.02,0.06,0.32,1.08,1.3,0.04,0.04,0.08,0.0,0.22,0.17,0.0,0.2,0.63,0.13,0.07,0.04,0.24,0.02,0.06,0.0,0.03,0.14,0.05,0.14,0.06,0.19,0.55,0.05,0.0,0.0,0.13,0.19,0.05,0.87,0.0,0.11,0.0,0.05,0.0,0.96,0.02,0.03,0.36,0.06,0.13,0.02,0.47,0.05,0.0,0.02,0.11,0.51,0.0,0.06
SiO2,NH2,144.8,-8.0,HP,90.0,60.0,15300,20,4,other,sphere,plasma,7.4,172.0,0.009,buffer,2.0,37,1,Anionic,1.43,2.09,1.82,1.68,2.02,1.03,1.75,0.68,1.51,1.36,0.36,1.18,0.59,0.21,0.53,0.29,0.7,0.16,0.77,0.55,0.06,2.73,0.36,0.31,0.43,3.1,0.17,1.7,1.21,0.54,0.41,0.27,1.24,0.67,1.07,1.56,0.05,0.75,0.26,1.41,0.21,0.79,0.27,0.15,0.26,0.15,0.19,0.6,0.03,0.26,0.48,1.57,1.24,0.63,0.71,0.37,0.97,0.46,0.15,0.23,0.23,2.68,0.37,0.15,1.33,0.12,0.96,1.46,0.07,1.16,0.55,0.08,0.19,0.07,0.19,0.76,0.3,0.41,0.27,0.47,0.09,0.89,0.24,0.22,0.96,0.27,0.47,0.07,0.42,0.27,0.27,0.26,0.09,0.33,0.56,0.2,0.03,0.29,0.46,0.54,0.07,0.16,0.08,0.27,0.37,0.34,0.13,0.0,0.04,0.0,0.09,0.23,0.02,1.99,0.26,1.55,0.81,0.1,0.19,0.32,0.96,0.4,0.43,0.02,0.11,0.49,0.65,1.17,0.04,0.06,0.11,0.0,0.36,0.19,0.0,0.13,0.64,0.18,0.1,0.16,0.35,0.04,0.04,0.0,0.03,0.44,0.06,0.21,0.14,0.27,0.39,0.03,0.0,0.0,0.1,0.13,0.07,0.85,0.0,0.2,0.03,0.04,0.0,0.67,0.04,0.03,0.39,0.05,0.18,0.02,0.35,0.04,0.0,0.01,0.27,0.45,0.0,0.06
SiO2,COOH,129.0,-8.0,HP,90.0,60.0,15300,20,4,other,sphere,plasma,7.4,180.0,0.007,buffer,2.0,37,1,Anionic,1.57,2.58,1.49,1.28,2.21,0.9,1.71,0.57,0.71,1.12,0.47,1.47,0.42,0.21,0.62,0.24,1.04,0.13,1.1,0.8,0.1,2.79,0.29,0.5,0.34,3.8,0.23,1.14,1.29,0.45,0.55,0.29,1.27,0.67,1.09,2.33,0.05,0.79,0.21,1.08,0.23,0.64,0.53,0.22,0.27,0.24,0.24,0.58,0.04,0.34,0.42,1.41,1.33,0.57,0.82,0.62,1.31,0.31,0.11,0.18,0.18,2.32,0.41,0.07,1.25,0.13,0.83,1.1,0.09,0.93,0.4,0.08,0.12,0.11,0.29,0.63,0.36,0.42,0.33,0.43,0.06,0.83,0.86,0.25,0.96,0.3,0.31,0.01,0.48,0.19,0.25,0.19,0.09,0.32,0.42,0.24,0.05,0.21,0.24,0.41,0.13,0.15,0.11,0.31,0.36,0.32,0.23,0.0,0.05,0.0,0.1,0.23,0.04,1.78,0.28,1.57,0.91,0.1,0.14,0.19,0.88,0.07,0.36,0.06,0.06,0.43,1.03,1.23,0.04,0.04,0.09,0.0,0.27,0.16,0.0,0.15,0.7,0.11,0.05,0.1,0.28,0.02,0.06,0.0,0.02,0.39,0.07,0.16,0.07,0.17,0.6,0.05,0.0,0.0,0.13,0.17,0.06,0.85,0.01,0.15,0.02,0.06,0.0,0.89,0.04,0.06,0.35,0.06,0.17,0.01,0.52,0.05,0.0,0.02,0.25,0.58,0.0,0.05
SiO2,NH2,144.8,-8.0,HP,90.0,60.0,15300,20,4,other,sphere,plasma,7.4,172.0,0.009,buffer,5.0,37,1,Anionic,1.59,1.78,2.28,1.75,1.79,1.33,2.35,0.69,1.89,1.61,0.29,1.36,0.92,0.31,0.58,0.43,0.73,0.17,0.8,0.36,0.06,2.77,0.5,0.23,0.58,2.39,0.11,1.46,1.55,0.77,0.37,0.34,1.04,0.44,0.92,1.08,0.05,1.21,0.26,1.5,0.29,0.77,0.25,0.15,0.2,0.13,0.15,0.76,0.03,0.29,0.58,1.64,1.01,0.71,0.51,0.27,0.94,0.66,0.15,0.35,0.34,2.07,0.27,0.11,1.13,0.12,0.85,1.04,0.06,0.89,1.2,0.08,0.27,0.06,0.25,1.09,0.26,0.48,0.31,0.32,0.13,1.28,0.21,0.25,1.05,0.44,0.43,0.11,0.61,0.22,0.16,0.22,0.13,0.2,0.46,0.15,0.05,0.3,0.65,0.4,0.06,0.19,0.05,0.38,0.53,0.45,0.08,0.0,0.08,0.0,0.2,0.18,0.01,1.97,0.23,0.92,0.47,0.15,0.29,0.21,0.87,0.47,0.12,0.01,0.17,0.29,0.31,0.95,0.12,0.05,0.16,0.0,0.5,0.18,0.0,0.08,0.62,0.22,0.12,0.18,0.28,0.02,0.03,0.0,0.03,0.35,0.12,0.22,0.13,0.24,0.35,0.02,0.0,0.0,0.12,0.11,0.07,0.58,0.03,0.28,0.03,0.04,0.0,0.39,0.09,0.04,0.25,0.08,0.22,0.04,0.32,0.03,0.0,0.01,0.25,0.41,0.0,0.06
SiO2,COOH,129.0,-8.0,HP,90.0,60.0,15300,20,4,other,sphere,plasma,7.4,180.0,0.007,buffer,5.0,37,1,Anionic,1.95,2.01,1.53,1.52,1.79,1.37,1.5,0.89,0.58,1.83,0.3,2.38,0.42,0.18,0.54,0.18,1.18,0.14,1.06,0.47,0.08,2.58,0.4,0.51,0.34,3.03,0.21,1.32,1.08,0.88,0.57,0.3,1.31,0.65,0.94,1.89,0.06,0.94,0.14,1.42,0.44,0.4,0.23,0.25,0.23,0.26,0.19,0.67,0.04,0.18,0.33,1.49,1.11,0.52,0.68,0.43,1.01,0.28,0.15,0.16,0.2,2.47,0.41,0.11,1.37,0.1,1.06,1.56,0.1,1.36,0.17,0.07,0.13,0.07,0.55,1.59,0.21,0.66,0.29,0.41,0.08,0.9,0.69,0.25,0.78,0.27,0.25,0.0,0.66,0.22,0.19,0.26,0.08,0.31,0.35,0.24,0.06,0.2,0.27,0.59,0.11,0.13,0.1,0.26,0.5,0.3,0.12,0.0,0.05,0.0,0.09,0.27,0.03,1.75,0.3,1.32,0.71,0.09,0.14,0.23,0.92,0.12,0.29,0.0,0.05,0.24,0.76,1.11,0.04,0.04,0.08,0.0,0.25,0.14,0.0,0.12,0.65,0.14,0.05,0.16,0.24,0.03,0.04,0.0,0.03,0.46,0.1,0.17,0.07,0.21,0.42,0.03,0.0,0.0,0.16,0.22,0.04,0.65,0.02,0.13,0.03,0.05,0.0,0.7,0.03,0.02,0.32,0.09,0.21,0.02,0.4,0.03,0.0,0.01,0.15,0.55,0.0,0.07
SiO2,NH2,144.8,-8.0,HP,90.0,60.0,15300,20,4,other,sphere,plasma,7.4,172.0,0.009,buffer,15.0,37,1,Anionic,1.44,2.31,2.36,2.31,1.72,1.37,1.85,0.73,1.59,1.68,0.23,1.15,0.77,0.2,0.63,0.27,1.08,0.19,0.78,0.34,0.05,2.77,0.54,0.45,0.39,2.2,0.13,1.27,1.25,1.18,0.19,0.3,0.62,0.67,0.71,0.91,0.08,0.8,0.35,1.6,0.47,0.51,0.27,0.25,0.21,0.08,0.09,0.83,0.02,0.21,0.39,1.73,1.2,0.57,0.46,0.28,0.82,0.66,0.26,0.31,0.39,1.93,0.16,0.12,1.15,0.11,0.9,1.09,0.12,0.87,0.76,0.07,0.39,0.07,0.76,1.65,0.22,0.4,0.23,0.38,0.33,1.07,0.54,0.18,0.84,0.44,0.5,0.15,0.68,0.28,0.31,0.24,0.1,0.22,0.59,0.12,0.04,0.36,0.52,0.38,0.12,0.21,0.05,0.22,0.76,0.6,0.08,0.0,0.07,0.0,0.13,0.18,0.04,2.07,0.13,0.97,0.6,0.12,0.25,0.35,1.04,0.48,0.18,0.02,0.09,0.14,0.34,1.01,0.06,0.05,0.08,0.0,0.32,0.15,0.0,0.09,0.71,0.37,0.1,0.16,0.32,0.04,0.03,0.0,0.03,0.43,0.07,0.22,0.17,0.38,0.37,0.02,0.0,0.0,0.17,0.09,0.06,0.49,0.01,0.17,0.07,0.04,0.0,0.46,0.08,0.04,0.32,0.14,0.17,0.05,0.4,0.05,0.0,0.01,0.17,0.35,0.0,0.08
SiO2,COOH,129.0,-8.0,HP,90.0,60.0,15300,20,4,other,sphere,plasma,7.4,180.0,0.007,buffer,15.0,37,1,Anionic,1.7,1.89,1.62,2.2,1.86,1.73,1.13,0.99,0.88,2.02,0.31,2.54,0.33,0.05,0.65,0.11,1.23,0.26,1.3,0.51,0.09,2.93,0.48,0.72,0.19,2.45,0.27,1.2,0.84,1.59,0.32,0.15,1.28,0.81,0.66,1.09,0.08,0.83,0.12,1.44,0.56,0.29,0.36,0.4,0.17,0.13,0.13,0.68,0.04,0.16,0.17,1.8,1.33,0.39,0.58,0.35,1.1,0.38,0.27,0.23,0.3,1.85,0.4,0.08,1.24,0.08,0.8,1.24,0.19,0.87,0.2,0.07,0.2,0.08,1.15,1.76,0.15,0.69,0.19,0.32,0.13,1.16,1.36,0.18,0.53,0.32,0.27,0.0,0.56,0.12,0.35,0.27,0.12,0.2,0.51,0.26,0.09,0.3,0.27,0.4,0.14,0.19,0.06,0.13,0.84,0.49,0.13,0.0,0.06,0.0,0.06,0.18,0.05,2.16,0.26,0.68,0.41,0.06,0.17,0.34,1.08,0.09,0.59,0.02,0.05,0.14,0.41,1.06,0.04,0.05,0.06,0.0,0.17,0.12,0.0,0.14,0.77,0.26,0.1,0.2,0.46,0.02,0.05,0.0,0.02,0.54,0.09,0.2,0.12,0.33,0.37,0.02,0.0,0.0,0.19,0.16,0.04,0.39,0.03,0.07,0.05,0.04,0.0,0.57,0.04,0.02,0.25,0.1,0.19,0.04,0.53,0.03,0.0,0.02,0.11,0.51,0.0,0.06
SiO2,NH2,144.8,-8.0,HP,90.0,60.0,15300,20,4,other,sphere,plasma,7.4,172.0,0.009,buffer,30.0,37,1,Anionic,1.48,2.06,1.96,2.28,1.6,1.36,2.87,0.64,1.22,1.97,0.24,1.64,1.15,0.3,0.76,0.26,1.21,0.13,1.03,0.29,0.06,2.63,0.6,0.37,0.47,1.87,0.13,1.11,1.34,1.12,0.17,0.42,0.65,0.49,0.73,0.85,0.06,0.85,0.36,1.58,0.36,0.56,0.24,0.25,0.2,0.07,0.09,0.86,0.02,0.15,0.46,1.53,1.13,0.68,0.44,0.25,0.76,0.67,0.27,0.29,0.18,1.58,0.18,0.1,1.01,0.11,0.79,1.06,0.13,1.01,0.63,0.07,0.43,0.05,0.74,1.71,0.2,0.56,0.25,0.36,0.3,1.23,0.69,0.16,0.66,0.52,0.44,0.1,0.77,0.33,0.26,0.46,0.13,0.15,0.59,0.12,0.05,0.38,0.53,0.4,0.12,0.13,0.07,0.25,0.75,0.67,0.13,0.0,0.1,0.0,0.18,0.17,0.06,1.98,0.12,0.8,0.63,0.11,0.24,0.33,0.84,0.48,0.25,0.04,0.09,0.15,0.22,0.89,0.09,0.04,0.1,0.0,0.38,0.16,0.0,0.09,0.74,0.3,0.09,0.16,0.25,0.04,0.04,0.0,0.03,0.37,0.11,0.16,0.16,0.33,0.57,0.02,0.0,0.0,0.19,0.07,0.09,0.49,0.02,0.2,0.08,0.03,0.0,0.35,0.05,0.03,0.26,0.27,0.2,0.08,0.38,0.04,0.0,0.01,0.2,0.46,0.0,0.08
SiO2,COOH,129.0,-8.0,HP,90.0,60.0,15300,20,4,other,sphere,plasma,7.4,180.0,0.007,buffer,30.0,37,1,Anionic,1.37,1.97,1.65,2.24,2.3,1.85,1.34,1.07,0.99,2.0,0.42,2.24,0.41,0.08,0.7,0.14,1.19,0.28,1.01,0.53,0.11,2.88,0.49,0.58,0.22,2.25,0.23,1.21,0.92,1.31,0.34,0.18,0.35,0.63,0.65,1.04,0.06,0.92,0.15,1.44,0.55,0.29,0.36,0.35,0.22,0.15,0.13,0.82,0.03,0.24,0.23,1.81,1.25,0.36,0.68,0.46,1.01,0.44,0.29,0.24,0.33,1.99,0.17,0.08,1.31,0.07,0.6,1.2,0.19,0.81,0.22,0.08,0.29,0.1,1.25,1.86,0.21,0.73,0.15,0.39,0.2,1.01,0.66,0.15,0.66,0.29,0.34,0.0,0.85,0.06,0.38,0.28,0.1,0.17,0.54,0.21,0.07,0.32,0.3,0.34,0.15,0.17,0.07,0.16,0.82,0.48,0.11,0.0,0.05,0.0,0.07,0.18,0.05,2.15,0.07,0.82,0.46,0.08,0.18,0.26,1.06,0.08,0.41,0.03,0.06,0.15,0.37,1.08,0.03,0.03,0.06,0.0,0.21,0.13,0.0,0.14,0.71,0.28,0.09,0.23,0.41,0.03,0.05,0.0,0.03,0.56,0.09,0.17,0.11,0.34,0.42,0.03,0.0,0.0,0.19,0.17,0.03,0.33,0.03,0.1,0.06,0.04,0.0,0.53,0.02,0.06,0.25,0.19,0.19,0.02,0.57,0.04,0.0,0.02,0.19,0.58,0.0,0.07
SiO2,NH2,144.8,-8.0,HP,90.0,60.0,15300,20,4,other,sphere,plasma,7.4,172.0,0.009,buffer,60.0,37,1,Anionic,1.59,1.01,2.15,2.15,2.04,1.42,1.82,0.64,1.42,2.04,0.42,1.38,1.05,0.25,0.77,0.28,0.78,0.14,0.87,0.61,0.08,2.55,0.65,0.34,0.59,1.06,0.38,1.07,1.36,1.17,0.26,0.39,0.85,0.52,0.89,0.81,0.06,0.96,0.44,1.58,0.47,0.52,0.31,0.26,0.13,0.12,0.1,0.66,0.02,0.26,0.49,1.83,0.95,0.66,0.54,0.43,0.63,0.73,0.23,0.33,0.26,1.58,0.18,0.1,0.99,0.09,0.83,1.36,0.14,1.16,0.41,0.09,0.49,0.08,0.8,1.48,0.33,0.44,0.28,0.33,0.36,0.8,0.41,0.22,0.81,0.57,0.7,0.1,0.74,0.33,0.29,0.35,0.13,0.2,0.64,0.25,0.11,0.4,0.52,0.58,0.07,0.21,0.08,0.32,0.82,0.46,0.11,0.0,0.09,0.0,0.2,0.16,0.03,2.05,0.11,0.47,0.41,0.08,0.24,0.3,0.91,0.47,0.15,0.04,0.11,0.12,0.19,0.77,0.1,0.05,0.13,0.0,0.42,0.21,0.0,0.09,0.48,0.31,0.12,0.15,0.44,0.04,0.05,0.0,0.04,0.37,0.11,0.19,0.26,0.44,0.42,0.04,0.0,0.0,0.15,0.05,0.07,0.46,0.0,0.25,0.09,0.04,0.0,0.24,0.05,0.05,0.3,0.08,0.13,0.08,0.76,0.03,0.0,0.02,0.17,0.55,0.0,0.08
SiO2,COOH,129.0,-8.0,HP,90.0,60.0,15300,20,4,other,sphere,plasma,7.4,180.0,0.007,buffer,60.0,37,1,Anionic,1.65,1.79,1.59,2.34,2.06,1.93,1.25,1.08,0.82,2.04,0.35,2.15,0.33,0.07,0.7,0.14,1.22,0.28,1.27,0.46,0.12,3.09,0.5,0.55,0.19,2.25,0.28,1.22,0.94,1.52,0.21,0.16,0.37,0.6,0.63,0.95,0.08,0.95,0.13,1.54,0.57,0.25,0.41,0.43,0.2,0.09,0.12,0.83,0.04,0.19,0.2,1.85,1.38,0.4,0.61,0.3,0.92,0.39,0.31,0.38,0.28,1.69,0.21,0.07,1.19,0.05,0.63,1.23,0.2,0.89,0.18,0.07,0.26,0.08,1.28,1.87,0.18,0.76,0.17,0.41,0.15,0.95,1.21,0.16,0.61,0.36,0.37,0.02,0.99,0.07,0.45,0.36,0.1,0.16,0.59,0.27,0.11,0.33,0.28,0.38,0.15,0.19,0.07,0.15,0.86,0.43,0.17,0.0,0.11,0.0,0.08,0.2,0.05,2.23,0.07,0.75,0.42,0.08,0.17,0.36,1.03,0.1,0.53,0.08,0.06,0.11,0.36,1.15,0.03,0.03,0.06,0.0,0.2,0.12,0.0,0.14,0.79,0.32,0.11,0.22,0.38,0.02,0.05,0.0,0.03,0.57,0.08,0.19,0.14,0.35,0.41,0.02,0.0,0.0,0.2,0.16,0.03,0.28,0.04,0.08,0.06,0.04,0.0,0.53,0.04,0.05,0.25,0.16,0.21,0.07,0.55,0.05,0.0,0.02,0.16,0.54,0.0,0.08
SiO2,NH2,144.8,-8.0,HP,90.0,60.0,15300,20,4,other,sphere,plasma,7.4,172.0,0.009,buffer,120.0,37,1,Anionic,1.86,1.29,2.13,2.27,2.16,1.64,1.34,1.42,1.79,2.4,0.41,1.46,0.27,0.16,0.5,0.26,0.58,0.4,0.75,0.62,0.13,3.12,0.71,0.19,0.23,1.8,0.36,1.15,1.23,1.48,0.29,0.21,0.87,0.69,0.91,1.04,0.09,1.26,0.37,1.16,0.5,0.46,0.19,0.31,0.18,0.08,0.13,0.76,0.0,0.27,0.37,1.48,1.38,0.75,0.51,0.32,0.5,0.75,0.16,0.58,0.57,1.54,0.15,0.1,1.24,0.06,0.72,1.43,0.12,1.41,0.89,0.08,0.42,0.07,0.85,1.55,0.33,0.53,0.29,0.28,0.18,0.99,0.59,0.27,0.69,0.26,0.32,0.21,0.85,0.18,0.37,0.07,0.13,0.18,0.91,0.21,0.05,0.3,0.64,0.49,0.04,0.27,0.08,0.32,0.59,0.46,0.08,0.0,0.08,0.0,0.04,0.17,0.02,2.1,0.18,0.58,0.21,0.07,0.24,0.28,1.13,0.42,0.15,0.06,0.16,0.09,0.22,1.01,0.03,0.04,0.09,0.0,0.31,0.19,0.0,0.13,0.62,0.3,0.11,0.16,0.89,0.0,0.03,0.0,0.06,0.37,0.07,0.24,0.11,0.28,0.47,0.02,0.0,0.0,0.07,0.06,0.04,0.24,0.0,0.21,0.06,0.04,0.0,0.39,0.03,0.04,0.25,0.2,0.17,0.0,0.45,0.04,0.0,0.0,0.16,0.58,0.0,0.06
SiO2,COOH,129.0,-8.0,HP,90.0,60.0,15300,20,4,other,sphere,plasma,7.4,180.0,0.007,buffer,120.0,37,1,Anionic,1.77,1.43,1.61,2.4,1.82,1.77,1.28,1.16,0.75,2.44,0.38,1.58,0.33,0.09,0.7,0.16,1.03,0.23,1.02,0.42,0.1,3.03,0.49,0.48,0.21,2.54,0.35,1.19,0.98,1.5,0.38,0.18,0.67,0.63,0.79,1.32,0.07,1.0,0.14,1.51,0.52,0.31,0.31,0.39,0.29,0.15,0.17,0.91,0.05,0.17,0.25,1.67,1.35,0.51,0.54,0.33,0.94,0.46,0.24,0.39,0.34,1.68,0.26,0.06,1.2,0.05,0.74,1.29,0.16,1.08,0.22,0.06,0.35,0.08,1.28,1.8,0.17,0.62,0.23,0.43,0.16,1.08,0.88,0.18,0.69,0.34,0.31,0.0,0.59,0.06,0.37,0.32,0.13,0.24,0.56,0.33,0.1,0.33,0.35,0.47,0.16,0.16,0.07,0.18,0.76,0.38,0.13,0.0,0.16,0.0,0.06,0.22,0.07,1.97,0.1,0.85,0.43,0.08,0.23,0.33,1.05,0.09,0.54,0.12,0.07,0.15,0.53,1.21,0.03,0.02,0.11,0.0,0.24,0.15,0.0,0.16,0.77,0.25,0.11,0.18,0.39,0.02,0.04,0.0,0.02,0.49,0.05,0.19,0.07,0.27,0.39,0.02,0.0,0.0,0.14,0.11,0.03,0.37,0.03,0.09,0.06,0.05,0.0,0.57,0.05,0.0,0.32,0.19,0.23,0.02,0.38,0.02,0.0,0.03,0.18,0.46,0.0,0.06
SiO2,NH2,30.2,-9.0,HP,90.0,60.0,15300,20,4,other,sphere,plasma,7.4,72.0,0.085,buffer,0.5,37,1,Anionic,1.32,2.12,3.13,1.41,2.33,1.14,2.05,0.77,1.04,1.08,0.34,0.96,0.77,0.27,0.62,0.33,1.92,0.25,2.95,0.76,0.06,1.65,1.0,0.38,0.65,2.05,0.19,0.83,1.28,0.31,0.31,0.46,1.36,0.74,1.17,1.53,0.07,1.06,0.18,0.6,0.16,1.15,0.44,0.27,0.29,0.14,0.24,0.66,0.03,0.4,0.52,1.06,1.03,0.64,0.5,0.61,1.41,0.73,0.13,0.23,0.17,1.45,0.42,0.1,0.81,0.04,0.72,1.21,0.08,0.87,1.64,0.13,0.66,0.12,0.41,0.93,0.3,0.49,0.23,0.27,0.18,0.47,0.74,0.13,1.4,0.35,0.5,0.02,0.44,0.25,0.33,0.29,0.15,0.11,0.33,0.16,0.05,0.33,0.94,0.46,0.05,0.07,0.1,0.38,0.19,0.31,0.14,0.0,0.08,0.0,0.17,0.75,0.24,0.85,0.4,0.8,0.4,0.15,0.62,0.4,0.44,0.08,0.02,0.03,0.33,0.57,0.38,0.71,0.04,0.03,0.22,0.0,0.37,0.09,0.0,0.14,0.24,0.18,0.18,0.06,0.63,0.0,0.09,0.0,0.02,0.11,0.08,0.06,0.05,0.1,0.43,0.05,0.0,0.0,0.1,0.22,0.08,1.03,0.02,0.23,0.02,0.05,0.0,0.49,0.06,0.09,0.22,0.29,0.2,0.02,0.2,0.04,0.0,0.02,0.34,0.6,0.0,0.07
SiO2,none,31.6,-9.0,HP,90.0,60.0,15300,20,4,other,sphere,plasma,7.4,75.0,0.051,buffer,0.5,37,1,Neutral,1.6,2.51,1.84,1.25,2.3,0.99,2.5,0.79,0.99,1.13,0.36,1.51,1.21,0.33,0.5,0.31,2.04,0.14,1.24,0.66,0.14,1.81,0.9,0.44,0.58,2.83,0.38,1.44,1.67,0.3,0.5,0.59,1.8,0.7,1.24,1.89,0.04,1.03,0.16,0.73,0.24,1.29,0.68,0.2,0.48,0.26,0.32,0.84,0.03,0.42,0.58,0.77,1.23,0.73,0.48,0.48,1.3,0.32,0.03,0.31,0.1,1.23,0.8,0.03,0.79,0.1,0.61,1.47,0.06,1.3,1.05,0.12,0.28,0.09,0.23,0.96,0.26,0.34,0.28,0.32,0.07,0.41,0.74,0.19,1.06,0.32,0.58,0.02,0.5,0.26,0.62,0.35,0.12,0.15,0.38,0.22,0.09,0.21,0.69,0.63,0.09,0.2,0.15,0.48,0.21,0.25,0.17,0.0,0.05,0.0,0.25,0.79,0.22,0.65,0.53,0.8,0.58,0.09,0.28,0.12,0.35,0.11,0.04,0.04,0.16,0.62,0.7,0.64,0.1,0.04,0.1,0.0,0.31,0.11,0.0,0.12,0.34,0.13,0.09,0.06,0.4,0.08,0.1,0.0,0.03,0.13,0.13,0.13,0.08,0.1,0.47,0.05,0.0,0.0,0.05,0.2,0.05,0.55,0.0,0.24,0.01,0.05,0.0,0.45,0.02,0.06,0.24,0.1,0.23,0.02,0.19,0.1,0.0,0.03,0.26,0.51,0.0,0.06
SiO2,NH2,30.2,-9.0,HP,90.0,60.0,15300,20,4,other,sphere,plasma,7.4,72.0,0.085,buffer,2.0,37,1,Anionic,1.15,2.07,2.67,1.4,2.36,1.14,2.22,0.89,1.38,1.16,0.33,1.0,0.82,0.3,0.6,0.33,1.69,0.24,2.75,0.74,0.06,1.68,0.85,0.36,0.51,2.26,0.22,0.8,1.28,0.37,0.29,0.51,1.4,0.93,1.15,1.68,0.04,0.86,0.18,0.64,0.18,0.97,0.43,0.22,0.27,0.21,0.22,0.71,0.03,0.46,0.53,1.0,1.0,0.59,0.53,0.58,1.71,0.82,0.17,0.2,0.18,1.4,0.39,0.1,0.9,0.05,0.59,1.1,0.1,0.85,1.53,0.12,0.63,0.11,0.46,0.93,0.29,0.42,0.21,0.27,0.21,0.54,0.64,0.12,1.25,0.35,0.46,0.02,0.37,0.25,0.36,0.25,0.13,0.11,0.32,0.2,0.07,0.38,1.07,0.44,0.06,0.14,0.08,0.37,0.16,0.32,0.14,0.0,0.08,0.0,0.15,0.73,0.22,0.92,0.31,0.72,0.44,0.13,0.63,0.26,0.52,0.1,0.02,0.02,0.33,0.55,0.46,0.89,0.07,0.02,0.19,0.0,0.39,0.06,0.0,0.12,0.26,0.19,0.19,0.06,0.54,0.0,0.1,0.0,0.03,0.14,0.03,0.07,0.04,0.1,0.44,0.05,0.0,0.0,0.04,0.21,0.08,0.46,0.0,0.22,0.03,0.04,0.0,0.41,0.18,0.08,0.28,0.33,0.19,0.1,0.26,0.04,0.0,0.0,0.35,0.69,0.0,0.08
SiO2,none,31.6,-9.0,HP,90.0,60.0,15300,20,4,other,sphere,plasma,7.4,75.0,0.051,buffer,2.0,37,1,Neutral,1.48,2.43,2.6,1.62,2.04,1.2,1.99,0.9,1.84,1.46,0.32,1.26,1.05,0.23,0.5,0.28,1.58,0.21,1.28,0.63,0.15,2.11,0.9,0.35,0.5,2.74,0.34,1.1,1.41,0.54,0.69,0.47,1.02,0.62,1.24,1.8,0.05,0.9,0.16,0.63,0.14,0.89,0.26,0.19,0.28,0.35,0.19,0.7,0.03,0.28,0.48,0.81,1.13,0.64,0.47,0.5,1.32,0.59,0.06,0.28,0.26,1.46,0.38,0.05,0.95,0.08,0.71,1.46,0.08,1.18,1.4,0.12,0.42,0.09,0.27,1.08,0.26,0.38,0.29,0.31,0.13,0.55,0.75,0.23,0.96,0.35,0.83,0.04,0.52,0.27,0.36,0.45,0.09,0.17,0.29,0.25,0.11,0.29,0.87,0.53,0.07,0.25,0.15,0.33,0.24,0.46,0.14,0.0,0.08,0.0,0.16,0.71,0.14,0.88,0.24,0.81,0.59,0.11,0.42,0.3,0.44,0.13,0.07,0.03,0.25,0.62,0.5,0.76,0.06,0.01,0.1,0.0,0.29,0.15,0.0,0.21,0.45,0.22,0.1,0.06,0.31,0.01,0.09,0.0,0.04,0.14,0.11,0.08,0.12,0.13,0.39,0.05,0.0,0.0,0.05,0.24,0.06,0.53,0.01,0.23,0.02,0.05,0.0,0.51,0.03,0.08,0.25,0.1,0.24,0.08,0.24,0.07,0.0,0.03,0.29,0.51,0.0,0.06
SiO2,NH2,30.2,-9.0,HP,90.0,60.0,15300,20,4,other,sphere,plasma,7.4,72.0,0.085,buffer,5.0,37,1,Anionic,1.33,2.15,2.45,1.27,2.37,1.15,2.17,0.49,1.28,1.23,0.39,1.05,1.25,0.56,0.56,0.31,1.89,0.38,2.68,0.83,0.16,1.52,1.07,0.59,0.67,2.31,0.19,0.65,1.37,0.34,0.29,0.56,1.0,0.74,1.12,1.71,0.03,0.76,0.18,0.7,0.16,1.09,0.66,0.38,0.27,0.16,0.24,0.72,0.03,0.42,0.49,0.81,1.04,0.55,0.56,0.61,1.59,0.91,0.11,0.15,0.23,1.15,0.29,0.03,0.63,0.07,0.65,1.1,0.08,0.82,1.21,0.11,0.67,0.13,0.55,1.17,0.35,0.41,0.21,0.28,0.2,0.47,0.78,0.15,1.2,0.42,0.67,0.02,0.55,0.27,0.49,0.4,0.14,0.2,0.3,0.09,0.05,0.29,0.8,0.42,0.12,0.08,0.13,0.34,0.13,0.34,0.2,0.0,0.09,0.0,0.22,0.74,0.22,0.77,0.23,1.01,0.44,0.11,0.43,0.4,0.38,0.09,0.03,0.05,0.23,0.52,0.49,0.57,0.05,0.06,0.16,0.0,0.38,0.09,0.0,0.15,0.22,0.17,0.12,0.06,1.02,0.02,0.12,0.0,0.02,0.11,0.06,0.05,0.07,0.1,0.47,0.06,0.0,0.0,0.05,0.18,0.04,0.58,0.03,0.25,0.02,0.07,0.0,0.43,0.06,0.07,0.24,0.2,0.17,0.03,0.32,0.07,0.0,0.01,0.31,0.59,0.0,0.1
SiO2,none,31.6,-9.0,HP,90.0,60.0,15300,20,4,other,sphere,plasma,7.4,75.0,0.051,buffer,5.0,37,1,Neutral,1.08,2.02,2.76,2.0,2.22,1.36,1.66,1.03,2.31,1.73,0.32,1.34,0.72,0.17,0.47,0.28,1.39,0.28,1.57,0.57,0.13,2.04,0.99,0.25,0.43,1.87,0.39,1.03,1.23,0.78,1.04,0.29,0.67,0.81,0.99,0.99,0.1,1.08,0.16,0.61,0.23,0.62,0.34,0.22,0.19,0.54,0.13,0.68,0.06,0.24,0.36,0.79,0.92,0.64,0.5,0.5,2.01,0.66,0.11,0.24,0.39,1.27,0.22,0.07,0.91,0.2,0.88,1.12,0.1,0.88,1.78,0.1,0.58,0.08,0.35,0.94,0.27,0.35,0.19,0.33,0.31,0.71,0.77,0.17,0.87,0.4,1.02,0.06,0.56,0.29,0.18,0.29,0.07,0.2,0.3,0.33,0.12,0.36,1.03,0.36,0.09,0.4,0.09,0.28,0.61,0.6,0.14,0.0,0.08,0.0,0.14,0.63,0.07,1.13,0.15,0.71,0.38,0.08,0.49,0.23,0.47,0.2,0.08,0.02,0.31,0.47,0.31,0.73,0.03,0.05,0.15,0.0,0.27,0.17,0.0,0.3,0.53,0.33,0.22,0.06,0.37,0.07,0.07,0.0,0.04,0.15,0.06,0.11,0.14,0.16,0.59,0.04,0.0,0.0,0.08,0.23,0.13,0.32,0.02,0.19,0.02,0.04,0.0,0.56,0.07,0.11,0.29,0.09,0.26,0.07,0.3,0.03,0.0,0.03,0.37,0.51,0.0,0.04
SiO2,NH2,30.2,-9.0,HP,90.0,60.0,15300,20,4,other,sphere,plasma,7.4,72.0,0.085,buffer,15.0,37,1,Anionic,1.29,1.98,3.02,1.3,2.37,1.25,2.2,0.65,1.22,1.26,0.35,0.93,1.25,0.32,0.62,0.43,1.71,0.26,2.55,0.79,0.06,1.62,1.1,0.48,0.61,2.41,0.17,0.76,1.34,0.38,0.28,0.51,1.09,0.72,1.14,1.75,0.03,0.86,0.19,0.75,0.27,0.92,0.54,0.26,0.42,0.13,0.25,0.83,0.02,0.41,0.5,0.96,1.03,0.44,0.4,0.6,1.51,0.85,0.02,0.17,0.17,1.2,0.35,0.05,0.76,0.05,0.61,1.09,0.09,0.78,1.42,0.11,0.59,0.11,0.57,1.08,0.33,0.37,0.22,0.3,0.18,0.57,0.56,0.14,1.37,0.41,0.53,0.03,0.6,0.24,0.38,0.39,0.15,0.14,0.34,0.13,0.05,0.36,0.85,0.4,0.07,0.1,0.08,0.36,0.16,0.54,0.11,0.0,0.14,0.0,0.21,0.64,0.16,0.88,0.19,0.93,0.43,0.13,0.54,0.45,0.41,0.12,0.03,0.03,0.27,0.46,0.44,0.61,0.05,0.05,0.15,0.0,0.32,0.08,0.0,0.14,0.23,0.18,0.15,0.06,0.72,0.0,0.09,0.0,0.02,0.11,0.1,0.07,0.06,0.13,0.4,0.05,0.0,0.0,0.04,0.15,0.14,0.69,0.03,0.24,0.02,0.05,0.0,0.4,0.1,0.1,0.33,0.17,0.2,0.03,0.26,0.22,0.0,0.02,0.41,0.61,0.0,0.1
SiO2,none,31.6,-9.0,HP,90.0,60.0,15300,20,4,other,sphere,plasma,7.4,75.0,0.051,buffer,15.0,37,1,Neutral,1.23,2.0,2.79,2.05,2.31,1.33,1.62,0.83,2.55,1.6,0.3,1.22,0.95,0.23,0.47,0.28,1.59,0.39,2.29,0.57,0.11,2.07,0.99,0.4,0.4,1.93,0.43,0.78,1.16,0.82,0.82,0.26,0.64,0.98,1.04,1.25,0.07,0.84,0.16,0.71,0.21,0.73,0.35,0.2,0.18,0.46,0.11,0.64,0.04,0.24,0.37,0.99,0.89,0.62,0.43,0.48,1.5,0.62,0.1,0.22,0.52,1.23,0.31,0.06,0.82,0.14,0.85,1.36,0.11,1.04,1.53,0.1,0.66,0.08,0.41,0.96,0.22,0.32,0.21,0.29,0.26,0.65,0.73,0.19,0.84,0.35,0.86,0.06,0.69,0.31,0.2,0.32,0.07,0.19,0.26,0.34,0.13,0.35,0.97,0.47,0.07,0.45,0.1,0.24,0.45,0.47,0.17,0.0,0.06,0.0,0.11,0.4,0.13,1.09,0.15,0.69,0.45,0.08,0.5,0.28,0.43,0.29,0.09,0.07,0.34,0.42,0.34,0.71,0.05,0.04,0.12,0.0,0.18,0.21,0.0,0.19,0.46,0.3,0.17,0.06,0.52,0.05,0.06,0.0,0.03,0.15,0.05,0.09,0.13,0.15,0.46,0.04,0.0,0.0,0.08,0.14,0.11,0.58,0.02,0.18,0.02,0.04,0.0,0.52,0.08,0.1,0.29,0.12,0.22,0.13,0.35,0.02,0.0,0.03,0.37,0.48,0.0,0.04
SiO2,NH2,30.2,-9.0,HP,90.0,60.0,15300,20,4,other,sphere,plasma,7.4,72.0,0.085,buffer,30.0,37,1,Anionic,1.31,2.04,2.92,1.21,2.37,1.15,2.43,0.54,1.28,1.23,0.38,1.09,1.06,0.43,0.62,0.41,1.72,0.31,2.43,0.87,0.1,1.65,1.25,0.69,0.67,2.48,0.22,0.67,1.45,0.34,0.27,0.58,0.84,0.86,1.12,1.77,0.05,0.76,0.19,0.71,0.18,1.05,0.43,0.29,0.25,0.13,0.24,0.84,0.04,0.46,0.54,0.85,1.05,0.64,0.42,0.6,1.66,0.85,0.06,0.18,0.23,0.89,0.28,0.03,0.66,0.06,0.54,1.08,0.08,0.78,1.22,0.11,0.6,0.12,0.58,1.14,0.35,0.38,0.22,0.29,0.18,0.26,0.81,0.16,1.56,0.46,0.57,0.02,0.56,0.34,0.37,0.38,0.16,0.24,0.34,0.18,0.06,0.37,0.74,0.37,0.09,0.07,0.09,0.41,0.16,0.46,0.14,0.0,0.12,0.0,0.26,0.64,0.2,0.8,0.15,0.88,0.44,0.11,0.44,0.52,0.42,0.11,0.04,0.05,0.29,0.45,0.49,0.53,0.06,0.1,0.14,0.0,0.33,0.11,0.0,0.12,0.22,0.18,0.13,0.07,0.59,0.01,0.12,0.0,0.02,0.13,0.15,0.08,0.07,0.14,0.45,0.05,0.0,0.0,0.1,0.16,0.09,0.7,0.02,0.28,0.02,0.06,0.0,0.34,0.04,0.1,0.25,0.18,0.18,0.06,0.33,0.07,0.0,0.02,0.37,0.51,0.0,0.06
SiO2,none,31.6,-9.0,HP,90.0,60.0,15300,20,4,other,sphere,plasma,7.4,75.0,0.051,buffer,30.0,37,1,Neutral,1.05,1.84,3.2,2.14,2.59,1.34,1.5,1.02,2.26,1.86,0.43,1.06,0.54,0.19,0.56,0.2,1.35,0.42,2.23,0.73,0.13,1.91,1.07,0.43,0.41,1.58,0.48,0.91,1.06,0.95,0.94,0.26,0.62,1.17,0.99,0.89,0.08,0.98,0.22,0.59,0.26,0.73,0.32,0.23,0.21,0.57,0.16,0.65,0.04,0.34,0.27,0.9,0.92,0.52,0.64,0.68,1.56,0.55,0.14,0.2,0.68,1.0,0.32,0.06,0.75,0.19,0.85,1.05,0.13,0.85,1.77,0.12,0.68,0.13,0.45,0.9,0.31,0.25,0.17,0.28,0.3,0.85,0.59,0.16,0.92,0.37,0.88,0.06,0.7,0.4,0.22,0.24,0.05,0.21,0.23,0.37,0.15,0.4,1.01,0.41,0.09,0.58,0.13,0.2,0.53,0.36,0.23,0.0,0.08,0.0,0.1,0.32,0.09,1.09,0.16,0.65,0.45,0.07,0.55,0.24,0.34,0.22,0.1,0.03,0.49,0.35,0.22,0.66,0.06,0.05,0.13,0.0,0.16,0.27,0.0,0.17,0.45,0.29,0.21,0.06,0.63,0.04,0.08,0.0,0.04,0.12,0.03,0.09,0.12,0.17,0.65,0.06,0.0,0.0,0.1,0.12,0.17,0.41,0.03,0.2,0.04,0.03,0.0,0.47,0.07,0.11,0.27,0.11,0.19,0.1,0.53,0.03,0.0,0.03,0.27,0.63,0.0,0.05
SiO2,NH2,30.2,-9.0,HP,90.0,60.0,15300,20,4,other,sphere,plasma,7.4,72.0,0.085,buffer,60.0,37,1,Anionic,1.15,2.39,2.31,1.35,1.76,1.21,2.09,0.49,1.45,1.46,0.21,1.15,1.4,0.21,0.41,0.28,2.07,0.58,2.7,0.46,0.11,1.56,1.14,1.01,0.57,2.31,0.12,0.51,1.34,0.32,0.26,0.42,0.69,0.95,0.97,1.92,0.05,0.78,0.1,0.76,0.15,1.12,0.4,0.31,0.28,0.17,0.24,0.73,0.03,0.33,0.4,0.78,1.11,0.33,0.28,0.35,1.59,0.96,0.11,0.14,0.51,0.94,0.37,0.03,0.64,0.07,0.69,1.25,0.07,0.96,1.16,0.09,0.8,0.06,0.52,1.18,0.19,0.43,0.18,0.33,0.2,0.3,1.03,0.14,1.09,0.37,0.88,0.03,0.51,0.27,0.58,0.5,0.11,0.14,0.32,0.13,0.05,0.37,0.75,0.48,0.22,0.06,0.15,0.31,0.14,0.44,0.21,0.0,0.21,0.0,0.19,0.95,0.31,0.78,0.11,1.1,0.65,0.13,0.47,0.78,0.52,0.05,0.1,0.07,0.22,0.56,0.55,0.63,0.07,0.17,0.09,0.0,0.29,0.09,0.0,0.22,0.28,0.17,0.16,0.06,0.84,0.04,0.05,0.0,0.01,0.13,0.1,0.03,0.11,0.15,0.35,0.03,0.0,0.0,0.05,0.24,0.05,1.07,0.06,0.19,0.03,0.05,0.0,0.43,0.04,0.08,0.26,0.26,0.16,0.02,0.15,0.1,0.0,0.04,0.59,0.39,0.0,0.07
SiO2,none,31.6,-9.0,HP,90.0,60.0,15300,20,4,other,sphere,plasma,7.4,75.0,0.051,buffer,60.0,37,1,Neutral,1.14,1.81,2.77,2.05,2.7,1.36,1.85,0.89,2.19,1.83,0.41,1.15,0.69,0.25,0.56,0.28,1.33,0.37,2.05,0.77,0.15,1.79,1.02,0.36,0.41,1.56,0.52,0.91,1.42,0.87,0.81,0.36,0.47,1.1,1.01,1.12,0.06,1.01,0.22,0.65,0.26,0.72,0.32,0.22,0.22,0.46,0.13,0.64,0.03,0.34,0.39,0.81,0.99,0.61,0.64,0.67,1.2,0.66,0.1,0.18,0.62,0.76,0.28,0.05,0.63,0.12,0.82,1.02,0.12,0.88,1.65,0.11,0.7,0.12,0.49,1.0,0.35,0.3,0.2,0.28,0.32,0.71,0.75,0.18,1.1,0.45,1.09,0.06,0.63,0.4,0.24,0.31,0.07,0.25,0.28,0.35,0.14,0.43,0.89,0.4,0.06,0.48,0.14,0.29,0.45,0.58,0.22,0.0,0.08,0.0,0.15,0.53,0.11,1.03,0.13,0.64,0.4,0.09,0.48,0.27,0.41,0.17,0.13,0.06,0.45,0.34,0.27,0.68,0.06,0.04,0.14,0.0,0.2,0.23,0.0,0.23,0.42,0.26,0.18,0.07,0.52,0.03,0.07,0.0,0.05,0.14,0.09,0.11,0.15,0.16,0.59,0.05,0.0,0.0,0.07,0.15,0.16,0.34,0.03,0.25,0.04,0.05,0.0,0.36,0.04,0.1,0.23,0.2,0.21,0.04,0.48,0.02,0.0,0.03,0.29,0.6,0.0,0.04
SiO2,NH2,30.2,-9.0,HP,90.0,60.0,15300,20,4,other,sphere,plasma,7.4,72.0,0.085,buffer,120.0,37,1,Anionic,1.07,2.37,3.01,1.38,1.49,1.34,1.96,0.48,1.32,1.42,0.16,1.05,1.03,0.2,0.34,0.32,2.16,0.48,2.84,0.36,0.09,1.67,1.11,1.06,0.55,2.31,0.1,0.5,1.28,0.37,0.25,0.37,0.75,0.96,1.04,1.78,0.03,0.78,0.1,0.71,0.15,1.18,0.56,0.23,0.36,0.1,0.25,0.77,0.02,0.34,0.48,0.85,1.14,0.49,0.36,0.31,1.67,0.97,0.03,0.14,0.34,1.17,0.33,0.05,0.61,0.09,0.69,1.33,0.1,0.97,1.63,0.08,0.82,0.08,0.55,1.14,0.16,0.38,0.18,0.31,0.2,0.32,1.13,0.11,0.89,0.35,0.99,0.03,0.58,0.28,0.61,0.5,0.12,0.16,0.39,0.09,0.06,0.43,0.77,0.53,0.09,0.05,0.08,0.28,0.21,0.34,0.2,0.0,0.16,0.0,0.17,0.92,0.31,0.79,0.11,1.13,0.49,0.1,0.54,0.49,0.46,0.06,0.03,0.12,0.28,0.58,0.47,0.69,0.08,0.12,0.2,0.0,0.26,0.06,0.0,0.23,0.29,0.17,0.19,0.05,0.8,0.02,0.05,0.0,0.02,0.13,0.1,0.08,0.12,0.15,0.32,0.03,0.0,0.0,0.05,0.23,0.05,0.68,0.04,0.2,0.02,0.06,0.0,0.53,0.1,0.07,0.26,0.28,0.17,0.04,0.16,0.1,0.0,0.02,0.29,0.35,0.0,0.07
SiO2,none,31.6,-9.0,HP,90.0,60.0,15300,20,4,other,sphere,plasma,7.4,75.0,0.051,buffer,120.0,37,1,Neutral,0.84,1.46,4.07,2.13,2.7,1.51,1.09,0.98,2.6,1.77,0.61,1.39,0.49,0.12,0.75,0.14,1.18,0.44,1.8,0.94,0.15,1.56,1.35,0.39,0.3,1.01,0.37,0.95,0.85,1.03,0.7,0.16,0.43,0.82,0.97,0.75,0.05,1.0,0.29,0.43,0.29,0.83,0.34,0.27,0.27,0.39,0.15,0.71,0.03,0.46,0.19,0.95,1.1,0.41,0.56,0.8,0.73,1.01,0.07,0.16,0.73,0.65,0.24,0.05,0.55,0.16,0.9,0.94,0.15,0.74,2.35,0.15,0.86,0.19,0.57,0.89,0.46,0.36,0.14,0.23,0.35,0.81,1.04,0.12,0.67,0.47,1.16,0.08,0.59,0.21,0.38,0.35,0.05,0.21,0.55,0.27,0.13,0.56,1.08,0.42,0.06,0.43,0.12,0.19,0.46,0.59,0.23,0.0,0.12,0.0,0.08,0.63,0.08,1.28,0.17,0.53,0.36,0.03,0.56,0.27,0.39,0.11,0.2,0.16,0.54,0.35,0.3,0.71,0.06,0.03,0.07,0.0,0.11,0.22,0.0,0.23,0.44,0.35,0.27,0.09,0.53,0.05,0.08,0.0,0.06,0.12,0.06,0.08,0.17,0.22,0.93,0.07,0.0,0.0,0.07,0.17,0.19,0.11,0.02,0.14,0.03,0.04,0.0,0.53,0.11,0.1,0.24,0.13,0.14,0.08,0.51,0.02,0.0,0.02,0.4,0.7,0.0,0.06
Fe3O4,NH2,15.1,-13.9,FBS,90.0,100.0,15000,20,25,metal,sphere,PBS,7.4,32.7,0.126944444,water,1.0,39,1,Anionic,0.0,0.0,1.939744,0.0,65.16081,0.0,0.0,0.0,0.0,0.0,0.0,0.0,0.0,0.0,0.119058,0.0,0.0,0.0,0.0,5.171169,0.0,0.0,0.0,0.0,0.0,0.0,12.02782,0.0,0.0,0.0,0.0,0.0,0.0,0.0,0.0,0.0,2.663173,0.0,5.909249,0.0,1.075058,0.0,0.0,0.0,0.0,0.0,0.0,0.0,0.356018,0.0,0.0,0.0,0.0,0.0,0.0,0.0,0.0,0.0,0.0,0.0,0.0,0.0,0.0,0.0,0.0,0.0,0.0,0.0,0.0,0.0,0.0,0.0,0.0,0.0,0.0,0.0,4.180754,0.0,0.0,0.0,0.0,0.0,0.0,0.0,0.0,0.0,0.0,0.0,0.0,0.0,0.0,0.0,0.0,0.0,0.0,0.0,0.0,0.0,0.0,0.0,0.0,0.0,0.0,0.0,0.0,0.0,0.0,0.0,0.0,0.0,0.0,0.0,0.0,0.0,0.0,0.0,0.0,0.0,0.0,0.0,0.0,0.0,0.0,0.0,0.0,0.0,0.0,0.0,0.0,0.0,0.0,0.0,0.0,0.0,0.0,0.0,0.0,0.0,0.0,0.0,0.0,0.0,0.0,0.0,0.0,0.0,0.0,0.0,0.0,0.0,0.0,0.0,0.0,0.0,0.0,0.0,0.0,0.0,0.0,0.0,0.0,0.0,0.0,0.0,0.0,0.0,0.0,0.0,0.0,0.0,0.0,0.0,0.0,0.0,0.0,0.0,0.0,0.0
Fe3O4,NH2,15.1,-13.9,FBS,90.0,100.0,15000,20,25,metal,sphere,PBS,7.4,32.7,0.126944444,water,1.0,39,1,Anionic,0.0,0.0,0.0,0.0,4.850053,0.0,0.0,0.0,0.0,0.0,0.0,0.0,0.0,0.0,0.0,0.0,0.0,0.0,0.0,0.0,0.0,0.0,0.0,0.0,0.0,0.0,52.82008,0.0,0.0,0.0,0.0,0.0,0.0,0.0,0.0,0.0,36.38537,0.0,0.0,0.0,0.0,0.0,0.0,0.0,0.0,0.0,0.0,0.0,5.944322,0.0,0.0,0.0,0.0,0.0,0.0,0.0,0.0,0.0,0.0,0.0,0.0,0.0,0.0,0.0,0.0,0.0,0.0,0.0,0.0,0.0,0.0,0.0,0.0,0.0,0.0,0.0,0.0,0.0,0.0,0.0,0.0,0.0,0.0,0.0,0.0,0.0,0.0,0.0,0.0,0.0,0.0,0.0,0.0,0.0,0.0,0.0,0.0,0.0,0.0,0.0,0.0,0.0,0.0,0.0,0.0,0.0,0.0,0.0,0.0,0.0,0.0,0.0,0.0,0.0,0.0,0.0,0.0,0.0,0.0,0.0,0.0,0.0,0.0,0.0,0.0,0.0,0.0,0.0,0.0,0.0,0.0,0.0,0.0,0.0,0.0,0.0,0.0,0.0,0.0,0.0,0.0,0.0,0.0,0.0,0.0,0.0,0.0,0.0,0.0,0.0,0.0,0.0,0.0,0.0,0.0,0.0,0.0,0.0,0.0,0.0,0.0,0.0,0.0,0.0,0.0,0.0,0.0,0.0,0.0,0.0,0.0,0.0,0.0,0.0,0.0,0.0,0.0,0.0
Fe3O4,NH2,15.1,-13.9,FBS,90.0,100.0,15000,20,25,metal,sphere,PBS,7.4,32.7,0.126944444,water,1.0,39,1,Anionic,0.0,0.171867,3.566636,0.0,43.15268,0.0,0.0,0.0,0.0,0.100469,0.0,0.361176,0.0,0.0,0.021891,0.0,0.0,0.0,0.0,7.697199,0.227548,0.0,0.0,0.0,0.106769,0.0,18.70623,0.0,0.0,0.068224,2.482303,0.0,0.0,0.0,0.0,0.366287,0.376454,0.0,5.665542,0.15412,2.174397,0.083211,0.0,0.327588,0.30332,0.94822,0.630396,0.0,0.0,0.0,0.0,0.0,0.0,0.0,0.0,0.0,0.0,0.0,0.0,0.0,0.0,0.0,0.0,0.0,0.0,0.0,0.0,0.0,0.0,0.0,0.0,0.069973,0.0,1.33283,0.0,0.0,6.303515,0.0,0.0,0.0,0.0,0.0,0.069346,0.0,0.0,0.0,0.0,0.0,0.0,0.0,0.0,0.0,0.0,0.0,0.0,0.0,0.0,0.0,0.0,0.0,0.0,0.0,0.0,0.0,0.0,0.0,0.0,0.0,0.0,0.0,0.0,0.0,0.0,0.159895,0.0,0.0,0.0,0.0,0.0,0.0,0.0,0.0,0.0,0.0,0.0,0.0,0.0,0.233127,0.0,0.0,0.0,0.0,0.0,0.0,0.0,0.0,0.0,0.0,0.0,0.0,0.0,0.0,0.0,0.0,0.0,0.0,0.0,0.0,0.0,0.0,0.0,0.0,0.0,0.0,0.0,0.0,0.0,0.0,0.0,0.0,0.0,0.0,1.745459,0.0,0.0,0.0,0.0,0.0,0.0,0.0,0.0,0.0,0.0,0.0,0.0,0.0,0.0,0.0
Fe3O4,NH2,15.1,-13.9,FBS,90.0,100.0,15000,20,25,metal,sphere,PBS,7.4,32.7,0.126944444,water,1.0,39,1,Anionic,0.0,0.0,0.0,0.0,25.22252,0.0,0.0,0.0,0.0,0.0,0.0,0.0,0.0,0.0,0.0,0.0,0.0,0.0,0.0,2.249487,0.0,0.0,0.0,0.0,0.0,0.0,68.67222,0.0,0.0,0.0,0.0,0.0,0.0,0.0,0.0,0.0,0.0,0.0,3.855834,0.0,0.0,0.0,0.0,0.0,0.0,0.0,0.0,0.0,0.0,0.0,0.0,0.0,0.0,0.0,0.0,0.0,0.0,0.0,0.0,0.0,0.0,0.0,0.0,0.0,0.0,0.0,0.0,0.0,0.0,0.0,0.0,0.0,0.0,0.0,0.0,0.0,0.0,0.0,0.0,0.0,0.0,0.0,0.0,0.0,0.0,0.0,0.0,0.0,0.0,0.0,0.0,0.0,0.0,0.0,0.0,0.0,0.0,0.0,0.0,0.0,0.0,0.0,0.0,0.0,0.0,0.0,0.0,0.0,0.0,0.0,0.0,0.0,0.0,0.0,0.0,0.0,0.0,0.0,0.0,0.0,0.0,0.0,0.0,0.0,0.0,0.0,0.0,0.0,0.0,0.0,0.0,0.0,0.0,0.0,0.0,0.0,0.0,0.0,0.0,0.0,0.0,0.0,0.0,0.0,0.0,0.0,0.0,0.0,0.0,0.0,0.0,0.0,0.0,0.0,0.0,0.0,0.0,0.0,0.0,0.0,0.0,0.0,0.0,0.0,0.0,0.0,0.0,0.0,0.0,0.0,0.0,0.0,0.0,0.0,0.0,0.0,0.0,0.0
Fe3O4,NH2,15.1,-20.8,FBS,90.0,100.0,15000,20,25,metal,sphere,water,7.0,43.8,0.126944444,water,1.0,39,1,Anionic,0.0,0.0,1.939744,0.0,65.16081,0.0,0.0,0.0,0.0,0.0,0.0,0.0,0.0,0.0,0.119058,0.0,0.0,0.0,0.0,5.171169,0.0,0.0,0.0,0.0,0.0,0.0,12.02782,0.0,0.0,0.0,0.0,0.0,0.0,0.0,0.0,0.0,2.663173,0.0,5.909249,0.0,1.075058,0.0,0.0,0.0,0.0,0.0,0.0,0.0,0.356018,0.0,0.0,0.0,0.0,0.0,0.0,0.0,0.0,0.0,0.0,0.0,0.0,0.0,0.0,0.0,0.0,0.0,0.0,0.0,0.0,0.0,0.0,0.0,0.0,0.0,0.0,0.0,4.180754,0.0,0.0,0.0,0.0,0.0,0.0,0.0,0.0,0.0,0.0,0.0,0.0,0.0,0.0,0.0,0.0,0.0,0.0,0.0,0.0,0.0,0.0,0.0,0.0,0.0,0.0,0.0,0.0,0.0,0.0,0.0,0.0,0.0,0.0,0.0,0.0,0.0,0.0,0.0,0.0,0.0,0.0,0.0,0.0,0.0,0.0,0.0,0.0,0.0,0.0,0.0,0.0,0.0,0.0,0.0,0.0,0.0,0.0,0.0,0.0,0.0,0.0,0.0,0.0,0.0,0.0,0.0,0.0,0.0,0.0,0.0,0.0,0.0,0.0,0.0,0.0,0.0,0.0,0.0,0.0,0.0,0.0,0.0,0.0,0.0,0.0,0.0,0.0,0.0,0.0,0.0,0.0,0.0,0.0,0.0,0.0,0.0,0.0,0.0,0.0,0.0
Fe3O4,NH2,15.1,-20.8,FBS,90.0,100.0,15000,20,25,metal,sphere,water,7.0,43.8,0.126944444,water,1.0,39,1,Anionic,0.0,0.0,0.0,0.0,4.850053,0.0,0.0,0.0,0.0,0.0,0.0,0.0,0.0,0.0,0.0,0.0,0.0,0.0,0.0,0.0,0.0,0.0,0.0,0.0,0.0,0.0,52.82008,0.0,0.0,0.0,0.0,0.0,0.0,0.0,0.0,0.0,36.38537,0.0,0.0,0.0,0.0,0.0,0.0,0.0,0.0,0.0,0.0,0.0,5.944322,0.0,0.0,0.0,0.0,0.0,0.0,0.0,0.0,0.0,0.0,0.0,0.0,0.0,0.0,0.0,0.0,0.0,0.0,0.0,0.0,0.0,0.0,0.0,0.0,0.0,0.0,0.0,0.0,0.0,0.0,0.0,0.0,0.0,0.0,0.0,0.0,0.0,0.0,0.0,0.0,0.0,0.0,0.0,0.0,0.0,0.0,0.0,0.0,0.0,0.0,0.0,0.0,0.0,0.0,0.0,0.0,0.0,0.0,0.0,0.0,0.0,0.0,0.0,0.0,0.0,0.0,0.0,0.0,0.0,0.0,0.0,0.0,0.0,0.0,0.0,0.0,0.0,0.0,0.0,0.0,0.0,0.0,0.0,0.0,0.0,0.0,0.0,0.0,0.0,0.0,0.0,0.0,0.0,0.0,0.0,0.0,0.0,0.0,0.0,0.0,0.0,0.0,0.0,0.0,0.0,0.0,0.0,0.0,0.0,0.0,0.0,0.0,0.0,0.0,0.0,0.0,0.0,0.0,0.0,0.0,0.0,0.0,0.0,0.0,0.0,0.0,0.0,0.0,0.0
Fe3O4,NH2,15.1,-20.8,FBS,90.0,100.0,15000,20,25,metal,sphere,water,7.0,43.8,0.126944444,water,1.0,39,1,Anionic,0.0,0.171867,3.566636,0.0,43.15268,0.0,0.0,0.0,0.0,0.100469,0.0,0.361176,0.0,0.0,0.021891,0.0,0.0,0.0,0.0,7.697199,0.227548,0.0,0.0,0.0,0.106769,0.0,18.70623,0.0,0.0,0.068224,2.482303,0.0,0.0,0.0,0.0,0.366287,0.376454,0.0,5.665542,0.15412,2.174397,0.083211,0.0,0.327588,0.30332,0.94822,0.630396,0.0,0.0,0.0,0.0,0.0,0.0,0.0,0.0,0.0,0.0,0.0,0.0,0.0,0.0,0.0,0.0,0.0,0.0,0.0,0.0,0.0,0.0,0.0,0.0,0.069973,0.0,1.33283,0.0,0.0,6.303515,0.0,0.0,0.0,0.0,0.0,0.069346,0.0,0.0,0.0,0.0,0.0,0.0,0.0,0.0,0.0,0.0,0.0,0.0,0.0,0.0,0.0,0.0,0.0,0.0,0.0,0.0,0.0,0.0,0.0,0.0,0.0,0.0,0.0,0.0,0.0,0.0,0.159895,0.0,0.0,0.0,0.0,0.0,0.0,0.0,0.0,0.0,0.0,0.0,0.0,0.0,0.233127,0.0,0.0,0.0,0.0,0.0,0.0,0.0,0.0,0.0,0.0,0.0,0.0,0.0,0.0,0.0,0.0,0.0,0.0,0.0,0.0,0.0,0.0,0.0,0.0,0.0,0.0,0.0,0.0,0.0,0.0,0.0,0.0,0.0,0.0,1.745459,0.0,0.0,0.0,0.0,0.0,0.0,0.0,0.0,0.0,0.0,0.0,0.0,0.0,0.0,0.0
Fe3O4,NH2,15.1,-20.8,FBS,90.0,100.0,15000,20,25,metal,sphere,water,7.0,43.8,0.126944444,water,1.0,39,1,Anionic,0.0,0.0,0.0,0.0,25.22252,0.0,0.0,0.0,0.0,0.0,0.0,0.0,0.0,0.0,0.0,0.0,0.0,0.0,0.0,2.249487,0.0,0.0,0.0,0.0,0.0,0.0,68.67222,0.0,0.0,0.0,0.0,0.0,0.0,0.0,0.0,0.0,0.0,0.0,3.855834,0.0,0.0,0.0,0.0,0.0,0.0,0.0,0.0,0.0,0.0,0.0,0.0,0.0,0.0,0.0,0.0,0.0,0.0,0.0,0.0,0.0,0.0,0.0,0.0,0.0,0.0,0.0,0.0,0.0,0.0,0.0,0.0,0.0,0.0,0.0,0.0,0.0,0.0,0.0,0.0,0.0,0.0,0.0,0.0,0.0,0.0,0.0,0.0,0.0,0.0,0.0,0.0,0.0,0.0,0.0,0.0,0.0,0.0,0.0,0.0,0.0,0.0,0.0,0.0,0.0,0.0,0.0,0.0,0.0,0.0,0.0,0.0,0.0,0.0,0.0,0.0,0.0,0.0,0.0,0.0,0.0,0.0,0.0,0.0,0.0,0.0,0.0,0.0,0.0,0.0,0.0,0.0,0.0,0.0,0.0,0.0,0.0,0.0,0.0,0.0,0.0,0.0,0.0,0.0,0.0,0.0,0.0,0.0,0.0,0.0,0.0,0.0,0.0,0.0,0.0,0.0,0.0,0.0,0.0,0.0,0.0,0.0,0.0,0.0,0.0,0.0,0.0,0.0,0.0,0.0,0.0,0.0,0.0,0.0,0.0,0.0,0.0,0.0,0.0
SiO2,none,116.6,-19.9,HS,10.0,1000.0,15000,20,25,other,sphere,plasma,7.4,220.8,0.288,buffer,24.0,37,1,Neutral,0.21,2.59,4.37,1.11,25.53,0.79,4.29,0.73,1.34,0.55,1.62,0.86,4.0,0.71,0.16,0.46,0.85,0.57,0.08,2.14,0.76,0.91,1.4,0.89,0.09,0.63,2.68,0.9,2.68,0.75,0.0,0.22,0.09,0.02,0.54,1.7,0.0,1.22,0.45,1.16,1.63,1.0,0.44,0.34,0.41,0.0,0.45,0.47,0.0,2.03,0.0,0.0,0.62,0.27,0.06,0.66,0.01,0.62,0.0,0.14,0.26,0.03,0.04,0.28,0.08,0.12,0.16,0.16,0.68,0.08,0.53,0.25,0.34,0.41,0.21,0.47,0.16,0.2,0.0,0.23,0.14,0.41,0.41,0.0,0.08,0.02,0.0,0.0,0.21,0.31,0.27,0.25,0.0,0.06,0.24,0.06,0.04,0.0,0.9,0.0,0.0,0.0,0.0,0.0,0.31,0.14,0.17,0.06,0.17,0.28,0.13,0.64,0.0,0.55,0.0,0.36,0.52,0.0,0.29,0.05,0.15,0.0,0.0,0.0,0.0,0.28,0.04,0.65,0.4,0.0,0.0,0.11,0.0,0.0,0.35,0.05,0.0,0.0,0.0,0.0,0.0,0.0,0.7,0.38,0.28,0.2,0.0,0.0,0.0,0.0,0.19,0.24,0.24,0.0,0.0,0.07,0.0,0.0,0.0,0.0,0.0,0.38,0.15,0.06,0.0,0.0,0.03,0.0,0.0,0.0,0.0,0.0,0.0,0.0,0.11,0.0,0.02,0.0
SiO2,none,116.6,-20.1,FBS,10.0,1000.0,15000,20,25,other,sphere,plasma,7.4,193.3,0.187,buffer,24.0,37,1,Neutral,0.0,1.32,4.32,0.73,18.85,0.0,0.0,0.17,1.68,0.58,0.0,0.58,0.0,0.0,0.59,0.0,0.09,0.0,0.0,2.73,0.65,1.42,0.28,0.0,0.44,1.05,16.02,2.03,0.0,1.1,0.5,0.0,0.0,0.54,0.0,1.58,0.45,0.0,3.48,0.87,2.09,0.68,0.0,0.35,0.23,1.42,0.38,0.28,0.44,0.7,0.0,0.39,0.0,0.0,0.08,0.0,0.13,0.0,0.08,0.0,0.0,0.0,0.05,1.85,0.0,0.72,0.18,0.0,0.0,0.0,0.0,0.0,0.0,0.55,0.08,0.0,0.49,0.0,0.0,0.0,0.0,0.0,0.29,0.0,0.0,0.0,0.0,0.0,0.0,0.0,0.01,0.0,0.0,0.03,0.0,0.0,0.04,0.0,0.13,0.0,0.15,0.0,0.0,0.0,0.33,0.0,0.0,0.28,0.03,0.16,0.0,0.0,0.0,1.21,0.0,0.0,0.0,0.0,0.0,0.0,0.0,0.0,0.0,0.0,0.0,0.0,0.15,0.0,0.0,0.34,0.0,0.0,0.0,0.0,0.0,0.25,0.11,0.18,0.0,0.33,0.0,0.02,0.67,0.0,0.27,0.49,0.06,0.29,0.0,0.0,0.0,0.0,0.0,0.0,0.0,0.14,0.0,0.0,0.0,0.0,0.0,0.0,1.91,0.0,0.04,0.0,0.0,0.0,0.0,0.0,0.0,0.0,0.0,0.0,1.4,0.0,0.0,0.0
SiO2,none,116.6,-39.1,FBS,10.0,1000.0,15000,20,25,other,sphere,buffer,7.4,143.5,0.111,buffer,24.0,37,1,Neutral,0.0,1.32,4.32,0.73,18.85,0.0,0.0,0.17,1.68,0.58,0.0,0.58,0.0,0.0,0.59,0.0,0.09,0.0,0.0,2.73,0.65,1.42,0.28,0.0,0.44,1.05,16.02,2.03,0.0,1.1,0.5,0.0,0.0,0.54,0.0,1.58,0.45,0.0,3.48,0.87,2.09,0.68,0.0,0.35,0.23,1.42,0.38,0.28,0.44,0.7,0.0,0.39,0.0,0.0,0.08,0.0,0.13,0.0,0.08,0.0,0.0,0.0,0.05,1.85,0.0,0.72,0.18,0.0,0.0,0.0,0.0,0.0,0.0,0.55,0.08,0.0,0.49,0.0,0.0,0.0,0.0,0.0,0.29,0.0,0.0,0.0,0.0,0.0,0.0,0.0,0.01,0.0,0.0,0.03,0.0,0.0,0.04,0.0,0.13,0.0,0.15,0.0,0.0,0.0,0.33,0.0,0.0,0.28,0.03,0.16,0.0,0.0,0.0,1.21,0.0,0.0,0.0,0.0,0.0,0.0,0.0,0.0,0.0,0.0,0.0,0.0,0.15,0.0,0.0,0.34,0.0,0.0,0.0,0.0,0.0,0.25,0.11,0.18,0.0,0.33,0.0,0.02,0.67,0.0,0.27,0.49,0.06,0.29,0.0,0.0,0.0,0.0,0.0,0.0,0.0,0.14,0.0,0.0,0.0,0.0,0.0,0.0,1.91,0.0,0.04,0.0,0.0,0.0,0.0,0.0,0.0,0.0,0.0,0.0,1.4,0.0,0.0,0.0
SiO2,none,116.6,-39.1,HS,10.0,1000.0,15000,20,25,other,sphere,buffer,7.4,143.5,0.111,buffer,24.0,37,1,Neutral,0.21,2.59,4.37,1.11,25.53,0.79,4.29,0.73,1.34,0.55,1.62,0.86,4.0,0.71,0.16,0.46,0.85,0.57,0.08,2.14,0.76,0.91,1.4,0.89,0.09,0.63,2.68,0.9,2.68,0.75,0.0,0.22,0.09,0.02,0.54,1.7,0.0,1.22,0.45,1.16,1.63,1.0,0.44,0.34,0.41,0.0,0.45,0.47,0.0,2.03,0.0,0.0,0.62,0.27,0.06,0.66,0.01,0.62,0.0,0.14,0.26,0.03,0.04,0.28,0.08,0.12,0.16,0.16,0.68,0.08,0.53,0.25,0.34,0.41,0.21,0.47,0.16,0.2,0.0,0.23,0.14,0.41,0.41,0.0,0.08,0.02,0.0,0.0,0.21,0.31,0.27,0.25,0.0,0.06,0.24,0.06,0.04,0.0,0.9,0.0,0.0,0.0,0.0,0.0,0.31,0.14,0.17,0.06,0.17,0.28,0.13,0.64,0.0,0.55,0.0,0.36,0.52,0.0,0.29,0.05,0.15,0.0,0.0,0.0,0.0,0.28,0.04,0.65,0.4,0.0,0.0,0.11,0.0,0.0,0.35,0.05,0.0,0.0,0.0,0.0,0.0,0.0,0.7,0.38,0.28,0.2,0.0,0.0,0.0,0.0,0.19,0.24,0.24,0.0,0.0,0.07,0.0,0.0,0.0,0.0,0.0,0.38,0.15,0.06,0.0,0.0,0.03,0.0,0.0,0.0,0.0,0.0,0.0,0.0,0.11,0.0,0.02,0.0
SiO2,none,203.0,-16.2,HP,50.0,1000.0,14000,15,25,other,sphere,plasma,7.4,203.0,0.19,buffer,1.0,37,1,Neutral,1.01554788,0.43837812,2.23965331,0.84811503,3.61269726,0.30206837,2.16095063,0.67563221,2.05321995,0.35849872,0.48054084,3.46797722,0.73193489,0.3253044,0.12829709,0.05974979,5.38843495,3.15587511,0.15805903,0.59206607,0.78421595,0.32584477,0.83649702,0.45725614,5.3491783,0.07823353,1.31909145,0.40200585,0.87451961,0.0,0.54895117,0.0,0.48691617,0.29039016,0.48428775,0.31918965,12.2337689,0.8466982,0.10456213,1.21338029,0.14993815,0.01945342,0.20123277,0.01520904,0.22361802,0.64131438,0.09651889,0.23236028,7.15044085,0.53889712,0.0,0.0,0.03041807,0.19303777,0.01659716,0.43683733,0.09223731,0.69708085,0.10456213,0.33245394,0.41824851,0.39733608,0.12826288,0.03636944,0.05974979,0.21908255,0.21796049,0.03217296,0.02201308,0.06196274,0.44961715,0.01578296,0.30671557,0.06970809,0.06638865,0.0,0.10456213,0.14590064,0.1650981,0.21307,0.0,3.70086559,0.17221997,0.13941617,0.0,0.0,0.4562711,2.24061701,0.0,0.0,0.0,0.08805232,0.0,0.0,0.0,0.0,0.0,0.14258472,0.23899915,0.0,0.0,0.06970809,0.0,0.0,0.0,0.0,1.32047029,0.0,0.0,1.20512282,0.0,0.0,0.0,0.45461794,0.0,0.0,0.0,0.0,0.0,0.0,0.77674723,0.0,0.0,0.0,0.0,0.0,0.0,0.0,0.0,0.0,0.0,1.31909145,0.0,0.02961051,0.0,0.0,0.0,0.0,0.0,0.31069889,0.01920103,0.0,0.16366246,0.03428267,0.0,0.52668331,0.00789148,0.0,0.0,0.0,0.0,0.0,2.96821522,0.00774534,0.0,0.0784216,0.0,0.0,0.0,0.0,0.0,0.09444321,0.0,0.0,0.0,0.0,0.0,0.0,0.0,0.11949957,0.0,0.0,0.0,0.0,1.30702659,0.22813555,0.46650795,0.0
SiO2,none,152.0,-18.4,HP,50.0,1000.0,14000,15,25,other,sphere,buffer,7.4,152.0,0.18,buffer,1.0,37,1,Neutral,2.0,1.0,1.0,1.0,6.0,0.0,3.0,2.0,2.0,1.0,1.0,1.0,1.0,1.0,0.0,0.0,0.0,3.0,1.0,1.0,1.0,1.0,1.0,1.0,3.0,0.0,2.0,1.0,2.0,0.0,0.0,0.0,1.0,1.0,1.0,4.0,6.0,1.0,0.0,1.0,0.0,0.0,1.0,0.0,1.0,1.0,1.0,1.0,4.0,0.0,0.0,0.0,0.0,0.0,0.0,0.0,0.0,0.0,0.0,1.0,1.0,1.0,0.0,0.0,0.0,1.0,0.0,0.0,1.0,0.0,1.0,0.0,0.0,0.0,0.0,0.0,0.0,0.0,0.0,1.0,0.0,3.0,0.0,0.0,1.0,0.0,0.0,1.0,0.0,0.0,0.0,0.0,0.0,0.0,0.0,0.0,0.0,0.0,1.0,0.0,0.0,0.0,0.0,0.0,0.0,0.0,0.0,0.0,0.0,3.0,0.0,0.0,0.0,0.0,0.0,0.0,0.0,0.0,0.0,0.0,0.0,0.0,0.0,0.0,0.0,0.0,0.0,0.0,0.0,0.0,0.0,3.0,0.0,0.0,0.0,0.0,0.0,0.0,0.0,0.0,0.0,0.0,0.0,0.0,0.0,0.0,0.0,0.0,0.0,0.0,0.0,0.0,2.0,0.0,0.0,0.0,0.0,0.0,0.0,0.0,0.0,0.0,0.0,0.0,0.0,0.0,0.0,0.0,0.0,0.0,0.0,0.0,0.0,0.0,0.0,0.0,1.0,0.0
Au,PEG,81.7,12.8,HP,55.0,250.0,20000,30,20,metal,sphere,water,7.0,112.2,0.212,buffer,1.0,37,1,Neutral,1.475342756,0.167035744,4.23197378,1.729291661,9.764135435,0.191878156,10.18542744,1.58798135,0.0,0.0,0.445905177,0.724052915,2.453086703,0.870739126,0.0,0.0,0.174899042,0.0,0.0,0.135214044,0.0,0.911935091,1.032855526,0.567630875,1.536035417,0.0,0.0,0.0,0.922625741,0.0,0.0,0.0,0.233171761,0.0,0.968542635,0.408120598,0.931566936,0.0,0.0,0.0,0.0,0.0,0.0,0.0,0.0,0.0,0.0,0.329892046,3.034283794,0.0,0.0,5.08705336,0.0,0.0,0.124195601,1.959321945,0.0,0.0,1.096010285,0.0,0.0,0.0,0.0,0.0,0.0,9.487148921,0.0,0.0,0.0,0.0,0.0,0.0,0.0,0.0,0.0,0.0,0.0,0.0,0.0,0.0,0.0,0.315575194,0.0,0.0,0.0,0.0,0.0,0.0,0.0,0.0,0.0,0.0,0.0,0.0,0.0,0.0,0.0,0.0,0.0,0.0,0.437994318,0.0,0.0,0.0,0.0,0.0,0.0,0.0,0.0,0.040268564,0.0,0.0,0.0,0.0,0.0,0.0,0.0,0.0,0.0,0.0,0.0,0.0,2.621915234,0.0,0.0,0.0,0.0,0.0,0.0,1.038275719,0.0,0.604930826,0.0,2.711255246,0.0,0.0,0.441821328,0.281594831,5.445736501,0.0,0.0,0.0,0.0,0.0,0.0,0.0,0.0,0.0,0.0,0.0,0.0,0.0,0.0,2.317585573,2.154453722,0.0,1.809650361,0.0,0.0,0.0,0.0,0.0,0.0,0.0,0.0,0.0,0.0,0.0,2.376071487,2.878755443,0.0,0.619961462,0.0,0.0,0.0,0.0,0.0,0.0
Au,PEG,41.5,-10.8,HP,55.0,250.0,20000,30,20,metal,sphere,water,7.0,68.87,0.143,buffer,1.0,37,1,Neutral,2.364496055,0.178469424,4.612087586,1.385746903,12.6393694,0.307518467,14.1947283,0.954382199,0.0,0.0,1.250622472,0.232084409,3.700237711,1.628097893,0.306816013,0.0,0.420459679,0.0,0.0,2.600451238,0.0,0.584614501,1.103555002,0.606485491,1.494644075,0.0,0.0,0.0,2.21800485,0.0,0.0,0.0,0.249132485,0.0,2.439265388,0.872113314,1.64229971,0.0,0.0,0.0,0.0,0.0,0.0,0.0,0.0,0.0,0.0,0.264354991,3.404081135,0.926419319,0.0,2.964689836,0.0,0.0,0.066348426,2.401297114,0.0,0.0,1.171032736,0.0,0.0,0.0,0.0,0.0,0.0,4.601459742,0.0,0.0,0.0,0.0,0.0,0.0,0.0,0.0,0.0,0.0,0.0,0.0,0.0,0.0,0.0,1.643735308,0.0,0.0,0.0,0.0,0.0,0.0,0.0,0.0,0.0,0.0,0.0,0.0,0.0,0.0,0.0,0.0,0.0,0.0,0.0,0.0,0.0,0.0,0.0,0.0,0.0,0.0,0.0,0.0,0.0,0.0,0.0,0.0,0.0,0.0,0.0,0.0,0.0,0.0,0.0,0.0,1.879877877,0.0,0.0,0.0,0.0,0.0,0.0,1.10934621,0.0,0.646338643,0.0,2.945941037,0.0,0.0,0.354048164,0.451305206,2.106698233,0.0,0.0,0.0,0.0,0.0,0.0,0.0,0.0,0.0,0.0,0.0,0.0,0.0,0.807235975,2.042886005,2.110099891,0.0,1.888556207,0.0,0.0,0.0,0.0,0.0,0.0,0.0,0.0,0.0,0.0,0.0,1.053296552,1.537903845,0.0,0.567769828,0.0,0.0,0.0,0.0,0.0,0.0
SiO2,none,103.0,-11.6,FBS,50.0,500.0,15000,20,25,other,sphere,plasma,7.4,235.0,0.126944444,buffer,0.008333333,37,1,Neutral,0.0,0.94,2.88,0.68,26.63,0.0,0.0,0.03,0.55,0.38,0.0,0.99,0.0,0.0,0.56,0.0,0.1,0.0,0.0,4.22,0.54,1.05,0.07,0.0,0.25,0.48,19.06,1.28,0.0,1.15,0.1,0.0,0.0,0.41,0.0,1.36,0.29,0.0,5.31,0.75,2.6,0.72,0.0,0.53,0.04,1.16,0.33,0.23,0.38,0.94,0.0,0.2,0.0,0.0,0.03,0.0,0.04,0.0,0.0,0.0,0.0,0.0,0.06,1.13,0.0,0.53,0.1,0.0,0.0,0.0,0.0,0.0,0.0,0.7,0.02,0.0,1.22,0.0,0.0,0.0,0.0,0.0,0.15,0.0,0.0,0.0,0.0,0.0,0.0,0.0,0.0,0.0,0.0,0.0,0.0,0.0,0.06,0.0,0.0,0.0,0.0,0.0,0.0,0.0,0.17,0.0,0.0,0.22,0.06,0.57,0.0,0.0,0.0,0.97,0.0,0.0,0.0,0.0,0.0,0.0,0.0,0.0,0.0,0.0,0.0,0.0,0.07,0.0,0.0,0.2,0.0,0.0,0.0,0.0,0.0,0.09,0.06,0.0,0.0,0.43,0.0,0.0,0.8,0.0,0.0,0.22,0.09,0.09,0.0,0.0,0.0,0.0,0.0,0.0,0.0,0.0,0.0,0.0,0.0,0.0,0.0,0.0,2.3,0.0,0.0,0.0,0.0,0.0,0.0,0.0,0.0,0.0,0.0,0.0,0.85,0.0,0.0,0.0
SiO2,none,103.0,-11.6,FBS,50.0,500.0,15000,20,25,other,sphere,plasma,7.4,235.0,0.126944444,buffer,0.083333333,37,1,Neutral,0.0,1.11,3.04,0.7,26.33,0.0,0.0,0.03,0.72,0.38,0.0,0.92,0.0,0.0,0.5,0.0,0.13,0.0,0.0,4.01,0.57,1.15,0.04,0.0,0.25,0.52,19.1,1.3,0.0,1.3,0.05,0.0,0.0,0.44,0.0,1.35,0.27,0.0,4.72,0.78,2.65,0.79,0.0,0.46,0.11,1.28,0.37,0.27,0.32,0.99,0.0,0.2,0.0,0.0,0.03,0.0,0.04,0.0,0.05,0.0,0.0,0.0,0.11,1.28,0.0,0.45,0.08,0.0,0.0,0.0,0.0,0.0,0.0,0.63,0.03,0.0,1.08,0.0,0.0,0.0,0.0,0.0,0.24,0.0,0.0,0.0,0.0,0.0,0.0,0.0,0.0,0.0,0.0,0.03,0.0,0.0,0.03,0.0,0.0,0.0,0.0,0.0,0.0,0.0,0.19,0.0,0.0,0.24,0.07,0.5,0.0,0.0,0.0,0.84,0.0,0.0,0.0,0.0,0.0,0.0,0.0,0.0,0.0,0.0,0.0,0.0,0.07,0.0,0.0,0.16,0.0,0.0,0.0,0.0,0.0,0.05,0.05,0.0,0.0,0.4,0.0,0.0,0.61,0.0,0.0,0.17,0.01,0.14,0.0,0.0,0.0,0.0,0.0,0.0,0.0,0.05,0.0,0.0,0.0,0.0,0.0,0.0,2.67,0.0,0.0,0.0,0.0,0.0,0.0,0.0,0.0,0.0,0.0,0.0,0.6,0.0,0.0,0.0
SiO2,none,103.0,-11.6,FBS,50.0,500.0,15000,20,25,other,sphere,plasma,7.4,235.0,0.126944444,buffer,0.25,37,1,Neutral,0.0,1.09,2.35,0.65,24.67,0.0,0.0,0.05,1.17,0.54,0.0,0.83,0.0,0.0,0.52,0.0,0.09,0.0,0.0,3.91,0.75,1.2,0.03,0.0,0.29,0.73,19.19,1.55,0.0,1.13,0.09,0.0,0.0,0.38,0.0,1.37,0.25,0.0,4.53,0.97,2.81,0.76,0.0,0.54,0.1,1.23,0.49,0.24,0.37,0.81,0.0,0.25,0.0,0.0,0.05,0.0,0.05,0.0,0.0,0.0,0.0,0.0,0.07,1.29,0.0,0.45,0.12,0.0,0.0,0.0,0.0,0.0,0.0,0.68,0.03,0.0,0.77,0.0,0.0,0.0,0.0,0.0,0.18,0.0,0.0,0.0,0.0,0.0,0.0,0.0,0.0,0.0,0.0,0.0,0.0,0.0,0.04,0.0,0.0,0.0,0.0,0.0,0.0,0.0,0.19,0.0,0.0,0.28,0.14,0.25,0.0,0.0,0.0,0.65,0.0,0.0,0.0,0.0,0.0,0.0,0.0,0.0,0.0,0.0,0.0,0.0,0.09,0.0,0.0,0.23,0.0,0.0,0.0,0.0,0.0,0.12,0.09,0.0,0.0,0.47,0.0,0.0,0.88,0.0,0.0,0.22,0.1,0.23,0.0,0.0,0.0,0.0,0.0,0.0,0.0,0.09,0.0,0.0,0.0,0.0,0.0,0.0,2.72,0.0,0.0,0.0,0.0,0.0,0.0,0.0,0.0,0.0,0.0,0.0,0.76,0.0,0.0,0.0
SiO2,none,103.0,-11.6,FBS,50.0,500.0,15000,20,25,other,sphere,plasma,7.4,235.0,0.126944444,buffer,0.5,37,1,Neutral,0.0,1.09,2.61,0.82,22.54,0.0,0.0,0.06,1.41,0.5,0.0,0.76,0.0,0.0,0.52,0.0,0.13,0.0,0.0,3.88,0.63,1.33,0.14,0.0,0.4,0.86,18.3,1.62,0.0,1.21,0.04,0.0,0.0,0.39,0.0,1.52,0.41,0.0,4.86,0.88,2.65,0.87,0.0,0.48,0.08,1.26,0.49,0.27,0.45,0.86,0.0,0.33,0.0,0.0,0.05,0.0,0.08,0.0,0.0,0.0,0.0,0.0,0.08,1.31,0.0,0.52,0.19,0.0,0.0,0.0,0.0,0.0,0.0,0.54,0.04,0.0,0.77,0.0,0.0,0.0,0.0,0.0,0.21,0.0,0.0,0.0,0.0,0.0,0.0,0.0,0.0,0.0,0.0,0.03,0.0,0.0,0.05,0.0,0.09,0.0,0.0,0.0,0.0,0.0,0.24,0.0,0.0,0.25,0.12,0.22,0.0,0.0,0.0,0.83,0.0,0.0,0.0,0.0,0.0,0.0,0.0,0.0,0.0,0.0,0.0,0.0,0.12,0.0,0.0,0.26,0.0,0.0,0.0,0.0,0.0,0.11,0.1,0.0,0.0,0.39,0.0,0.0,0.75,0.0,0.08,0.33,0.09,0.22,0.0,0.0,0.0,0.0,0.0,0.0,0.0,0.08,0.0,0.0,0.0,0.0,0.0,0.0,2.69,0.0,0.01,0.0,0.0,0.0,0.0,0.0,0.0,0.0,0.0,0.0,1.05,0.0,0.0,0.0
SiO2,none,103.0,-11.6,FBS,50.0,500.0,15000,20,25,other,sphere,plasma,7.4,235.0,0.126944444,buffer,1.0,37,1,Neutral,0.0,1.11,3.73,0.85,20.74,0.0,0.0,0.12,1.75,0.54,0.0,0.68,0.0,0.0,0.55,0.0,0.12,0.0,0.0,3.12,0.78,1.23,0.21,0.0,0.44,0.89,17.0,1.62,0.0,1.17,0.38,0.0,0.0,0.38,0.0,1.58,0.36,0.0,3.67,0.92,2.35,0.69,0.0,0.45,0.11,1.33,0.47,0.31,0.43,0.73,0.0,0.32,0.0,0.0,0.06,0.0,0.09,0.0,0.07,0.0,0.0,0.0,0.07,1.47,0.0,0.6,0.22,0.0,0.0,0.0,0.0,0.0,0.0,0.44,0.09,0.0,0.76,0.0,0.0,0.0,0.0,0.0,0.25,0.0,0.0,0.0,0.0,0.0,0.0,0.0,0.0,0.0,0.0,0.05,0.0,0.0,0.05,0.0,0.14,0.0,0.0,0.0,0.0,0.0,0.26,0.0,0.0,0.26,0.11,0.27,0.0,0.0,0.0,1.05,0.0,0.0,0.0,0.0,0.0,0.0,0.0,0.0,0.0,0.0,0.0,0.0,0.16,0.0,0.0,0.45,0.0,0.0,0.0,0.0,0.0,0.2,0.08,0.07,0.0,0.5,0.0,0.0,0.72,0.0,0.14,0.48,0.09,0.27,0.0,0.0,0.0,0.0,0.0,0.0,0.0,0.12,0.0,0.0,0.0,0.0,0.0,0.0,2.39,0.0,0.03,0.0,0.0,0.0,0.0,0.0,0.0,0.0,0.0,0.0,1.13,0.0,0.0,0.0
SiO2,none,103.0,-11.6,FBS,50.0,500.0,15000,20,25,other,sphere,plasma,7.4,235.0,0.126944444,buffer,2.0,37,1,Neutral,0.0,1.19,3.56,0.93,19.05,0.0,0.0,0.14,1.75,0.47,0.0,0.66,0.0,0.0,0.58,0.0,0.11,0.0,0.0,3.11,0.58,1.33,0.2,0.0,0.47,0.96,17.78,1.74,0.0,1.11,0.31,0.0,0.0,0.44,0.0,1.66,0.45,0.0,3.22,0.89,2.37,0.73,0.0,0.36,0.16,1.53,0.37,0.29,0.45,0.62,0.0,0.34,0.0,0.0,0.06,0.0,0.11,0.0,0.1,0.0,0.0,0.0,0.04,1.57,0.0,0.67,0.23,0.0,0.0,0.0,0.0,0.0,0.0,0.49,0.06,0.0,0.71,0.0,0.0,0.0,0.0,0.0,0.26,0.0,0.0,0.0,0.0,0.0,0.0,0.0,0.0,0.0,0.0,0.05,0.0,0.0,0.02,0.0,0.14,0.0,0.05,0.0,0.0,0.0,0.28,0.0,0.0,0.26,0.08,0.55,0.0,0.0,0.0,1.13,0.0,0.0,0.0,0.0,0.0,0.0,0.0,0.0,0.0,0.0,0.0,0.0,0.14,0.0,0.0,0.45,0.0,0.0,0.0,0.0,0.0,0.18,0.12,0.13,0.0,0.43,0.0,0.0,0.9,0.0,0.17,0.5,0.08,0.31,0.0,0.0,0.0,0.0,0.0,0.0,0.0,0.19,0.0,0.0,0.0,0.0,0.0,0.0,2.28,0.0,0.03,0.0,0.0,0.0,0.0,0.0,0.0,0.0,0.0,0.0,1.32,0.0,0.0,0.0
SiO2,none,103.0,-11.6,FBS,50.0,500.0,15000,20,25,other,sphere,plasma,7.4,235.0,0.126944444,buffer,8.0,37,1,Neutral,0.0,1.32,3.96,0.89,19.31,0.0,0.0,0.16,1.85,0.54,0.0,0.55,0.0,0.0,0.66,0.0,0.08,0.0,0.0,2.9,0.49,1.29,0.26,0.0,0.46,1.02,16.86,2.0,0.0,1.17,0.37,0.0,0.0,0.47,0.0,1.58,0.47,0.0,3.1,0.9,2.4,0.67,0.0,0.38,0.18,1.33,0.41,0.38,0.52,0.67,0.0,0.38,0.0,0.0,0.08,0.0,0.13,0.0,0.07,0.0,0.0,0.0,0.05,1.61,0.0,0.77,0.18,0.0,0.0,0.0,0.0,0.0,0.0,0.51,0.1,0.0,0.56,0.0,0.0,0.0,0.0,0.0,0.3,0.0,0.0,0.0,0.0,0.0,0.0,0.0,0.0,0.0,0.0,0.03,0.0,0.0,0.06,0.0,0.19,0.0,0.1,0.0,0.0,0.0,0.34,0.0,0.0,0.28,0.1,0.23,0.0,0.0,0.0,1.1,0.0,0.0,0.0,0.0,0.0,0.0,0.0,0.0,0.0,0.0,0.0,0.0,0.18,0.0,0.0,0.35,0.0,0.0,0.0,0.0,0.0,0.2,0.1,0.13,0.0,0.4,0.0,0.0,0.76,0.0,0.21,0.49,0.09,0.4,0.0,0.0,0.0,0.0,0.0,0.0,0.0,0.13,0.0,0.0,0.0,0.0,0.0,0.0,2.18,0.0,0.02,0.0,0.0,0.0,0.0,0.0,0.0,0.0,0.0,0.0,1.28,0.0,0.0,0.0
SiO2,none,103.0,-11.6,FBS,50.0,500.0,15000,20,25,other,sphere,plasma,7.4,235.0,0.126944444,buffer,24.0,37,1,Neutral,0.0,1.32,4.32,0.73,18.85,0.0,0.0,0.17,1.68,0.58,0.0,0.58,0.0,0.0,0.59,0.0,0.09,0.0,0.0,2.73,0.65,1.42,0.28,0.0,0.44,1.05,16.02,2.03,0.0,1.1,0.5,0.0,0.0,0.54,0.0,1.58,0.45,0.0,3.48,0.87,2.09,0.68,0.0,0.35,0.23,1.42,0.38,0.28,0.44,0.7,0.0,0.39,0.0,0.0,0.08,0.0,0.13,0.0,0.08,0.0,0.0,0.0,0.05,1.85,0.0,0.72,0.18,0.0,0.0,0.0,0.0,0.0,0.0,0.55,0.08,0.0,0.49,0.0,0.0,0.0,0.0,0.0,0.29,0.0,0.0,0.0,0.0,0.0,0.0,0.0,0.01,0.0,0.0,0.03,0.0,0.0,0.04,0.0,0.13,0.0,0.15,0.0,0.0,0.0,0.33,0.0,0.0,0.28,0.03,0.16,0.0,0.0,0.0,1.21,0.0,0.0,0.0,0.0,0.0,0.0,0.0,0.0,0.0,0.0,0.0,0.0,0.15,0.0,0.0,0.34,0.0,0.0,0.0,0.0,0.0,0.25,0.11,0.18,0.0,0.33,0.0,0.02,0.67,0.0,0.27,0.49,0.06,0.29,0.0,0.0,0.0,0.0,0.0,0.0,0.0,0.14,0.0,0.0,0.0,0.0,0.0,0.0,1.91,0.0,0.04,0.0,0.0,0.0,0.0,0.0,0.0,0.0,0.0,0.0,1.4,0.0,0.0,0.0
SiO2,none,103.0,-11.6,FBS,50.0,500.0,15000,20,25,other,sphere,plasma,7.4,235.0,0.126944444,buffer,48.0,37,1,Neutral,0.0,1.39,4.67,0.8,18.96,0.0,0.0,0.15,2.12,0.62,0.0,0.62,0.0,0.0,0.69,0.0,0.09,0.0,0.0,2.76,0.49,1.48,0.33,0.0,0.44,1.14,14.41,2.36,0.0,1.09,0.48,0.0,0.0,0.54,0.0,1.43,0.55,0.0,2.76,0.93,2.14,0.65,0.0,0.36,0.22,1.45,0.41,0.36,0.56,0.57,0.0,0.4,0.0,0.0,0.08,0.0,0.14,0.0,0.14,0.0,0.0,0.0,0.03,1.82,0.0,0.86,0.16,0.0,0.0,0.0,0.0,0.0,0.0,0.45,0.17,0.0,0.71,0.0,0.0,0.0,0.0,0.0,0.34,0.0,0.0,0.0,0.0,0.0,0.0,0.0,0.02,0.0,0.0,0.05,0.0,0.0,0.04,0.0,0.15,0.0,0.07,0.0,0.0,0.0,0.37,0.0,0.0,0.31,0.03,0.23,0.0,0.0,0.0,1.05,0.0,0.0,0.0,0.0,0.0,0.0,0.0,0.0,0.0,0.0,0.0,0.0,0.19,0.0,0.0,0.37,0.0,0.0,0.0,0.0,0.0,0.24,0.09,0.12,0.0,0.41,0.0,0.04,0.6,0.0,0.24,0.46,0.1,0.25,0.0,0.0,0.0,0.0,0.0,0.0,0.0,0.12,0.0,0.0,0.0,0.0,0.0,0.0,1.81,0.0,0.03,0.0,0.0,0.0,0.0,0.0,0.0,0.0,0.0,0.0,1.56,0.0,0.0,0.0
SiO2,none,103.0,-11.6,FBS,50.0,500.0,15000,20,25,other,sphere,plasma,7.4,235.0,0.126944444,buffer,168.0,37,1,Neutral,0.0,1.61,4.69,0.86,16.71,0.0,0.0,0.21,1.88,0.75,0.0,0.49,0.0,0.0,0.7,0.0,0.12,0.0,0.0,2.42,0.48,1.64,0.5,0.0,0.49,1.34,15.12,2.87,0.0,1.13,0.51,0.0,0.0,0.61,0.0,1.53,0.64,0.0,3.22,0.88,1.95,0.69,0.0,0.3,0.29,1.62,0.39,0.44,0.57,0.62,0.0,0.49,0.0,0.0,0.09,0.0,0.19,0.0,0.1,0.0,0.0,0.0,0.0,1.92,0.0,0.88,0.19,0.0,0.0,0.0,0.0,0.0,0.0,0.47,0.2,0.0,0.55,0.0,0.0,0.0,0.0,0.0,0.37,0.0,0.0,0.0,0.0,0.0,0.0,0.0,0.04,0.0,0.0,0.03,0.0,0.0,0.0,0.0,0.27,0.0,0.1,0.0,0.0,0.0,0.41,0.0,0.0,0.22,0.05,0.23,0.0,0.0,0.0,1.06,0.0,0.0,0.0,0.0,0.0,0.0,0.0,0.0,0.0,0.06,0.0,0.0,0.17,0.0,0.0,0.35,0.0,0.0,0.0,0.0,0.0,0.25,0.07,0.19,0.0,0.43,0.0,0.03,0.55,0.0,0.25,0.5,0.09,0.23,0.0,0.0,0.0,0.0,0.0,0.0,0.0,0.22,0.0,0.0,0.0,0.0,0.0,0.0,1.88,0.0,0.03,0.0,0.0,0.0,0.0,0.0,0.0,0.0,0.0,0.0,1.22,0.0,0.0,0.0
SiO2,none,103.0,-15.1,HS,50.0,500.0,15000,20,25,other,sphere,plasma,7.4,190.0,0.126944444,buffer,0.008333333,37,1,Neutral,0.32,1.89,3.31,1.09,28.82,0.5,4.6,0.41,1.03,0.4,2.77,0.75,4.41,1.37,0.16,0.73,0.4,0.53,0.0,4.07,0.49,0.73,1.03,0.6,0.05,0.46,1.32,0.79,2.92,0.83,0.0,0.29,0.13,0.01,0.65,1.58,0.0,1.2,1.15,0.79,1.81,0.71,0.24,0.32,0.2,0.0,0.32,0.48,0.0,2.6,0.0,0.0,0.58,0.28,0.02,0.8,0.0,0.45,0.0,0.11,0.23,0.01,0.08,0.17,0.05,0.1,0.15,0.26,0.54,0.06,0.46,0.42,0.18,0.54,0.11,0.49,0.29,0.16,0.0,0.06,0.07,0.58,0.25,0.0,0.16,0.01,0.0,0.0,0.11,0.24,0.16,0.25,0.46,0.0,0.25,0.04,0.0,0.0,0.86,0.0,0.0,0.0,0.0,0.18,0.2,0.03,0.07,0.07,0.13,0.5,0.0,0.34,0.0,0.33,0.0,0.3,0.49,0.0,0.25,0.0,0.0,0.0,0.0,0.0,0.0,0.14,0.0,0.46,0.51,0.0,0.0,0.19,0.0,0.0,0.48,0.0,0.0,0.0,0.0,0.0,0.0,0.0,0.98,0.56,0.14,0.0,0.0,0.0,0.0,0.0,0.29,0.27,0.4,0.0,0.0,0.03,0.0,0.0,0.0,0.0,0.0,0.35,0.14,0.01,0.0,0.0,0.0,0.0,0.0,0.0,0.0,0.0,0.0,0.0,0.0,0.0,0.05,0.0
SiO2,none,103.0,-15.1,HS,50.0,500.0,15000,20,25,other,sphere,plasma,7.4,190.0,0.126944444,buffer,0.083333333,37,1,Neutral,0.28,1.82,3.4,1.02,29.58,0.5,4.65,0.43,0.96,0.39,2.3,0.76,4.47,1.69,0.17,0.85,0.46,0.47,0.0,3.63,0.56,0.74,0.99,0.62,0.05,0.5,1.8,0.78,2.76,0.73,0.0,0.22,0.12,0.01,0.69,1.56,0.0,0.46,1.24,0.87,1.77,0.78,0.25,0.38,0.21,0.0,0.38,0.45,0.0,2.43,0.0,0.0,0.65,0.39,0.03,0.78,0.0,0.55,0.0,0.1,0.0,0.02,0.07,0.19,0.04,0.09,0.18,0.18,0.59,0.09,0.43,0.32,0.22,0.51,0.15,0.48,0.34,0.14,0.0,0.1,0.1,0.52,0.28,0.0,0.17,0.01,0.0,0.0,0.13,0.23,0.17,0.21,0.37,0.03,0.23,0.04,0.03,0.0,0.66,0.0,0.0,0.0,0.0,0.2,0.22,0.03,0.11,0.07,0.12,0.48,0.22,0.38,0.0,0.33,0.0,0.25,0.44,0.0,0.2,0.01,0.07,0.0,0.0,0.0,0.0,0.2,0.01,0.42,0.53,0.0,0.0,0.2,0.0,0.0,0.35,0.01,0.0,0.0,0.0,0.0,0.0,0.0,0.89,0.56,0.16,0.09,0.0,0.0,0.0,0.0,0.29,0.28,0.43,0.0,0.0,0.03,0.0,0.0,0.0,0.0,0.0,0.37,0.13,0.0,0.0,0.0,0.02,0.0,0.0,0.0,0.0,0.0,0.0,0.0,0.06,0.0,0.09,0.0
SiO2,none,103.0,-15.1,HS,50.0,500.0,15000,20,25,other,sphere,plasma,7.4,190.0,0.126944444,buffer,0.25,37,1,Neutral,0.25,2.07,3.18,0.96,28.86,0.6,4.12,0.45,0.91,0.43,1.9,0.72,4.35,1.8,0.16,0.64,0.89,0.41,0.02,3.23,0.53,0.76,1.02,0.73,0.05,0.49,2.06,0.75,2.51,0.7,0.0,0.29,0.11,0.01,0.55,1.65,0.0,0.47,1.21,0.89,1.77,0.82,0.27,0.38,0.28,0.0,0.34,0.48,0.0,2.5,0.0,0.0,0.67,0.3,0.03,0.75,0.01,0.47,0.0,0.12,0.16,0.02,0.06,0.19,0.05,0.06,0.16,0.17,0.64,0.1,0.48,0.33,0.24,0.48,0.11,0.49,0.32,0.21,0.0,0.11,0.12,0.64,0.35,0.0,0.18,0.01,0.0,0.0,0.17,0.28,0.19,0.24,0.32,0.03,0.22,0.05,0.0,0.0,0.79,0.0,0.0,0.0,0.0,0.15,0.27,0.08,0.2,0.08,0.1,0.5,0.18,0.47,0.0,0.35,0.0,0.24,0.42,0.0,0.19,0.01,0.0,0.0,0.0,0.0,0.0,0.22,0.01,0.53,0.51,0.0,0.0,0.22,0.0,0.0,0.26,0.03,0.0,0.0,0.0,0.0,0.0,0.0,0.73,0.56,0.19,0.07,0.0,0.0,0.0,0.0,0.26,0.31,0.34,0.0,0.0,0.04,0.0,0.0,0.0,0.0,0.0,0.46,0.16,0.02,0.0,0.0,0.01,0.0,0.0,0.0,0.0,0.0,0.0,0.0,0.08,0.0,0.1,0.0
SiO2,none,103.0,-15.1,HS,50.0,500.0,15000,20,25,other,sphere,plasma,7.4,190.0,0.126944444,buffer,0.5,37,1,Neutral,0.23,1.98,3.23,1.01,29.8,0.56,4.34,0.48,0.99,0.42,1.83,0.7,4.32,1.11,0.16,0.61,0.69,0.55,0.02,3.17,0.43,0.7,1.04,0.69,0.05,0.52,2.06,0.7,3.0,0.68,0.0,0.27,0.11,0.01,0.61,1.7,0.0,1.11,0.94,1.01,1.78,0.91,0.32,0.37,0.28,0.0,0.4,0.52,0.0,2.25,0.0,0.0,0.58,0.35,0.04,0.71,0.0,0.45,0.0,0.12,0.26,0.02,0.05,0.19,0.05,0.09,0.17,0.18,0.6,0.06,0.45,0.29,0.26,0.48,0.17,0.57,0.25,0.16,0.02,0.11,0.09,0.52,0.32,0.0,0.08,0.01,0.0,0.0,0.16,0.24,0.21,0.19,0.23,0.02,0.31,0.04,0.02,0.0,0.82,0.0,0.0,0.0,0.0,0.11,0.25,0.08,0.16,0.08,0.11,0.5,0.13,0.4,0.0,0.41,0.0,0.29,0.44,0.0,0.22,0.02,0.0,0.0,0.0,0.0,0.0,0.22,0.02,0.49,0.41,0.0,0.0,0.17,0.0,0.0,0.64,0.03,0.0,0.0,0.0,0.0,0.0,0.0,0.88,0.54,0.15,0.08,0.0,0.0,0.0,0.0,0.25,0.27,0.3,0.0,0.0,0.0,0.0,0.0,0.0,0.0,0.0,0.36,0.14,0.03,0.0,0.0,0.03,0.0,0.0,0.0,0.0,0.0,0.0,0.0,0.05,0.0,0.12,0.0
SiO2,none,103.0,-15.1,HS,50.0,500.0,15000,20,25,other,sphere,plasma,7.4,190.0,0.126944444,buffer,1.0,37,1,Neutral,0.27,2.21,3.38,1.15,27.45,0.62,4.46,0.51,1.22,0.45,1.46,0.79,4.5,0.98,0.16,0.61,0.75,0.55,0.03,2.54,0.43,0.81,1.27,0.78,0.07,0.59,2.47,0.83,2.86,0.73,0.05,0.2,0.11,0.01,0.51,1.89,0.0,1.18,0.82,1.02,1.8,1.0,0.35,0.37,0.32,0.0,0.41,0.55,0.0,2.14,0.0,0.0,0.7,0.26,0.04,0.67,0.01,0.64,0.0,0.14,0.15,0.02,0.06,0.31,0.06,0.1,0.18,0.2,0.7,0.06,0.6,0.3,0.29,0.45,0.16,0.6,0.23,0.17,0.02,0.16,0.17,0.28,0.33,0.0,0.09,0.01,0.0,0.0,0.2,0.33,0.23,0.25,0.3,0.06,0.34,0.05,0.02,0.0,0.9,0.0,0.0,0.0,0.0,0.11,0.27,0.08,0.22,0.06,0.11,0.27,0.17,0.49,0.0,0.51,0.0,0.32,0.51,0.0,0.26,0.02,0.0,0.0,0.0,0.0,0.0,0.24,0.01,0.61,0.31,0.0,0.0,0.08,0.0,0.0,0.32,0.04,0.0,0.0,0.0,0.0,0.0,0.0,0.74,0.51,0.22,0.11,0.0,0.0,0.0,0.0,0.24,0.25,0.14,0.0,0.0,0.04,0.0,0.0,0.0,0.0,0.0,0.32,0.14,0.05,0.0,0.0,0.03,0.0,0.0,0.0,0.0,0.0,0.0,0.0,0.11,0.0,0.02,0.0
SiO2,none,103.0,-15.1,HS,50.0,500.0,15000,20,25,other,sphere,plasma,7.4,190.0,0.126944444,buffer,2.0,37,1,Neutral,0.26,2.27,3.68,1.08,26.59,0.66,4.76,0.52,1.14,0.46,1.62,0.75,4.51,0.95,0.14,0.74,0.81,0.47,0.05,2.58,0.43,0.84,1.3,0.76,0.07,0.54,2.63,0.86,2.94,0.65,0.08,0.17,0.11,0.01,0.53,1.88,0.0,1.26,0.8,1.04,1.87,1.01,0.36,0.35,0.31,0.0,0.35,0.55,0.0,2.06,0.0,0.0,0.7,0.26,0.05,0.76,0.01,0.64,0.0,0.12,0.0,0.04,0.06,0.23,0.06,0.09,0.17,0.2,0.74,0.06,0.46,0.26,0.32,0.41,0.18,0.55,0.36,0.17,0.0,0.22,0.12,0.38,0.41,0.0,0.12,0.02,0.0,0.0,0.2,0.32,0.25,0.25,0.13,0.07,0.28,0.07,0.04,0.0,1.0,0.0,0.0,0.0,0.0,0.11,0.22,0.11,0.22,0.06,0.15,0.4,0.0,0.58,0.0,0.42,0.0,0.32,0.52,0.0,0.2,0.02,0.12,0.0,0.0,0.0,0.0,0.22,0.02,0.64,0.31,0.0,0.0,0.11,0.0,0.0,0.32,0.04,0.0,0.0,0.0,0.0,0.0,0.0,0.61,0.47,0.2,0.09,0.0,0.0,0.0,0.0,0.22,0.23,0.15,0.0,0.0,0.05,0.0,0.0,0.0,0.0,0.0,0.35,0.15,0.02,0.0,0.0,0.03,0.0,0.0,0.0,0.0,0.0,0.0,0.0,0.08,0.0,0.05,0.0
SiO2,none,103.0,-15.1,HS,50.0,500.0,15000,20,25,other,sphere,plasma,7.4,190.0,0.126944444,buffer,8.0,37,1,Neutral,0.27,2.42,3.77,1.07,26.87,0.67,4.98,0.52,1.08,0.5,1.6,0.76,4.56,0.97,0.16,0.53,0.68,0.57,0.07,2.59,0.47,0.8,1.2,0.79,0.06,0.57,2.46,0.8,3.13,0.68,0.08,0.23,0.13,0.02,0.51,1.65,0.0,1.2,0.7,1.03,1.64,0.98,0.44,0.36,0.37,0.0,0.39,0.5,0.0,2.12,0.0,0.0,0.73,0.25,0.05,0.74,0.01,0.53,0.0,0.16,0.18,0.03,0.04,0.26,0.05,0.07,0.18,0.16,0.68,0.05,0.51,0.26,0.34,0.39,0.15,0.52,0.19,0.13,0.03,0.19,0.09,0.21,0.35,0.0,0.08,0.02,0.0,0.0,0.21,0.27,0.22,0.25,0.23,0.07,0.3,0.06,0.02,0.0,0.88,0.0,0.0,0.0,0.0,0.11,0.26,0.11,0.19,0.07,0.15,0.16,0.23,0.58,0.0,0.54,0.0,0.3,0.58,0.0,0.29,0.04,0.15,0.0,0.0,0.0,0.0,0.26,0.02,0.59,0.42,0.0,0.0,0.03,0.0,0.0,0.49,0.04,0.0,0.0,0.0,0.0,0.0,0.0,0.69,0.48,0.26,0.11,0.0,0.0,0.0,0.0,0.25,0.33,0.09,0.0,0.0,0.0,0.0,0.0,0.0,0.0,0.0,0.41,0.15,0.05,0.0,0.0,0.02,0.0,0.0,0.0,0.0,0.0,0.0,0.0,0.13,0.0,0.01,0.0
SiO2,none,103.0,-15.1,HS,50.0,500.0,15000,20,25,other,sphere,plasma,7.4,190.0,0.126944444,buffer,24.0,37,1,Neutral,0.21,2.59,4.37,1.11,25.52,0.79,4.29,0.73,1.34,0.54,1.62,0.86,4.0,0.7,0.15,0.46,0.85,0.57,0.08,2.14,0.76,0.91,1.4,0.89,0.09,0.63,2.68,0.89,2.68,0.75,0.0,0.2,0.09,0.02,0.54,1.7,0.0,1.22,0.45,1.16,1.63,1.0,0.44,0.34,0.41,0.0,0.45,0.47,0.0,2.03,0.0,0.0,0.62,0.22,0.06,0.66,0.01,0.62,0.0,0.14,0.26,0.03,0.04,0.28,0.08,0.12,0.16,0.16,0.68,0.08,0.53,0.25,0.34,0.41,0.21,0.47,0.16,0.2,0.0,0.23,0.14,0.41,0.41,0.0,0.08,0.02,0.0,0.0,0.21,0.31,0.27,0.25,0.2,0.06,0.24,0.06,0.04,0.0,0.9,0.0,0.0,0.0,0.0,0.0,0.31,0.14,0.17,0.06,0.17,0.27,0.13,0.64,0.0,0.55,0.0,0.36,0.52,0.0,0.29,0.05,0.15,0.0,0.0,0.0,0.0,0.28,0.04,0.64,0.4,0.0,0.0,0.11,0.0,0.0,0.39,0.05,0.0,0.0,0.0,0.0,0.0,0.0,0.7,0.38,0.28,0.2,0.0,0.0,0.0,0.0,0.19,0.24,0.24,0.0,0.0,0.07,0.0,0.0,0.0,0.0,0.0,0.38,0.15,0.06,0.0,0.0,0.03,0.0,0.0,0.0,0.0,0.0,0.0,0.0,0.11,0.0,0.02,0.0
SiO2,none,103.0,-15.1,HS,50.0,500.0,15000,20,25,other,sphere,plasma,7.4,190.0,0.126944444,buffer,48.0,37,1,Neutral,0.25,2.73,4.73,1.19,25.34,0.92,3.96,0.86,1.42,0.54,1.55,0.89,3.08,0.64,0.19,0.4,1.16,0.5,0.11,1.86,0.76,1.03,1.57,0.92,0.09,0.68,3.13,0.88,2.3,0.87,0.0,0.17,0.09,0.02,0.44,1.68,0.0,1.13,0.29,1.25,1.68,0.96,0.39,0.42,0.38,0.0,0.46,0.48,0.0,1.85,0.0,0.0,0.71,0.16,0.06,0.7,0.02,0.81,0.0,0.16,0.22,0.05,0.04,0.37,0.06,0.17,0.18,0.16,0.69,0.13,0.69,0.27,0.4,0.37,0.23,0.51,0.12,0.26,0.0,0.2,0.14,0.31,0.52,0.0,0.05,0.02,0.0,0.0,0.22,0.3,0.32,0.31,0.17,0.07,0.27,0.09,0.02,0.0,1.1,0.0,0.0,0.0,0.0,0.11,0.32,0.12,0.21,0.08,0.19,0.25,0.13,0.71,0.0,0.58,0.0,0.34,0.53,0.0,0.35,0.06,0.09,0.0,0.0,0.0,0.0,0.28,0.04,0.56,0.41,0.0,0.0,0.08,0.0,0.0,0.28,0.07,0.0,0.0,0.0,0.0,0.0,0.0,0.55,0.34,0.28,0.14,0.0,0.0,0.0,0.0,0.21,0.26,0.16,0.0,0.0,0.11,0.0,0.0,0.0,0.0,0.0,0.3,0.18,0.07,0.0,0.0,0.05,0.0,0.0,0.0,0.0,0.0,0.0,0.0,0.11,0.0,0.05,0.0
SiO2,none,103.0,-15.1,HS,50.0,500.0,15000,20,25,other,sphere,plasma,7.4,190.0,0.126944444,buffer,168.0,37,1,Neutral,0.21,2.68,4.61,1.29,27.45,1.07,3.35,0.86,1.25,0.51,1.7,0.87,2.74,0.49,0.12,0.26,1.58,0.36,0.08,1.78,1.04,1.18,1.48,0.97,0.08,0.62,3.41,0.86,2.13,0.95,0.0,0.14,0.08,0.02,0.35,1.46,0.0,1.11,0.19,1.45,1.68,0.96,0.41,0.46,0.33,0.0,0.32,0.44,0.0,1.58,0.0,0.0,0.75,0.2,0.06,0.67,0.01,0.65,0.0,0.12,0.12,0.02,0.03,0.36,0.05,0.18,0.17,0.15,0.67,0.11,0.77,0.29,0.41,0.43,0.25,0.52,0.15,0.33,0.0,0.31,0.15,0.38,0.59,0.0,0.0,0.03,0.0,0.0,0.18,0.27,0.33,0.31,0.0,0.05,0.14,0.1,0.0,0.0,0.99,0.0,0.0,0.0,0.0,0.07,0.27,0.13,0.17,0.07,0.19,0.45,0.0,0.72,0.0,0.64,0.0,0.34,0.53,0.0,0.37,0.09,0.09,0.0,0.0,0.0,0.0,0.31,0.04,0.6,0.41,0.0,0.0,0.19,0.0,0.0,0.33,0.09,0.0,0.0,0.0,0.0,0.0,0.0,0.4,0.29,0.32,0.18,0.0,0.0,0.0,0.0,0.18,0.29,0.2,0.0,0.0,0.1,0.0,0.0,0.0,0.0,0.0,0.2,0.16,0.09,0.0,0.0,0.05,0.0,0.0,0.0,0.0,0.0,0.0,0.0,0.11,0.0,0.04,0.0
SiO2,none,103.0,-38.7,HS,50.0,500.0,15000,20,25,other,sphere,PBS,7.4,159.0,0.126944444,buffer,0.008333333,37,1,Neutral,0.32,1.89,3.31,1.09,28.82,0.5,4.6,0.41,1.03,0.4,2.77,0.75,4.41,1.37,0.16,0.73,0.4,0.53,0.0,4.07,0.49,0.73,1.03,0.6,0.05,0.46,1.32,0.79,2.92,0.83,0.0,0.29,0.13,0.01,0.65,1.58,0.0,1.2,1.15,0.79,1.81,0.71,0.24,0.32,0.2,0.0,0.32,0.48,0.0,2.6,0.0,0.0,0.58,0.28,0.02,0.8,0.0,0.45,0.0,0.11,0.23,0.01,0.08,0.17,0.05,0.1,0.15,0.26,0.54,0.06,0.46,0.42,0.18,0.54,0.11,0.49,0.29,0.16,0.0,0.06,0.07,0.58,0.25,0.0,0.16,0.01,0.0,0.0,0.11,0.24,0.16,0.25,0.46,0.0,0.25,0.04,0.0,0.0,0.86,0.0,0.0,0.0,0.0,0.18,0.2,0.03,0.07,0.07,0.13,0.5,0.0,0.34,0.0,0.33,0.0,0.3,0.49,0.0,0.25,0.0,0.0,0.0,0.0,0.0,0.0,0.14,0.0,0.46,0.51,0.0,0.0,0.19,0.0,0.0,0.48,0.0,0.0,0.0,0.0,0.0,0.0,0.0,0.98,0.56,0.14,0.0,0.0,0.0,0.0,0.0,0.29,0.27,0.4,0.0,0.0,0.03,0.0,0.0,0.0,0.0,0.0,0.35,0.14,0.01,0.0,0.0,0.0,0.0,0.0,0.0,0.0,0.0,0.0,0.0,0.0,0.0,0.05,0.0
SiO2,none,103.0,-38.7,HS,50.0,500.0,15000,20,25,other,sphere,PBS,7.4,159.0,0.126944444,buffer,0.083333333,37,1,Neutral,0.28,1.82,3.4,1.02,29.58,0.5,4.65,0.43,0.96,0.39,2.3,0.76,4.47,1.69,0.17,0.85,0.46,0.47,0.0,3.63,0.56,0.74,0.99,0.62,0.05,0.5,1.8,0.78,2.76,0.73,0.0,0.22,0.12,0.01,0.69,1.56,0.0,0.46,1.24,0.87,1.77,0.78,0.25,0.38,0.21,0.0,0.38,0.45,0.0,2.43,0.0,0.0,0.65,0.39,0.03,0.78,0.0,0.55,0.0,0.1,0.0,0.02,0.07,0.19,0.04,0.09,0.18,0.18,0.59,0.09,0.43,0.32,0.22,0.51,0.15,0.48,0.34,0.14,0.0,0.1,0.1,0.52,0.28,0.0,0.17,0.01,0.0,0.0,0.13,0.23,0.17,0.21,0.37,0.03,0.23,0.04,0.03,0.0,0.66,0.0,0.0,0.0,0.0,0.2,0.22,0.03,0.11,0.07,0.12,0.48,0.22,0.38,0.0,0.33,0.0,0.25,0.44,0.0,0.2,0.01,0.07,0.0,0.0,0.0,0.0,0.2,0.01,0.42,0.53,0.0,0.0,0.2,0.0,0.0,0.35,0.01,0.0,0.0,0.0,0.0,0.0,0.0,0.89,0.56,0.16,0.09,0.0,0.0,0.0,0.0,0.29,0.28,0.43,0.0,0.0,0.03,0.0,0.0,0.0,0.0,0.0,0.37,0.13,0.0,0.0,0.0,0.02,0.0,0.0,0.0,0.0,0.0,0.0,0.0,0.06,0.0,0.09,0.0
SiO2,none,103.0,-38.7,HS,50.0,500.0,15000,20,25,other,sphere,PBS,7.4,159.0,0.126944444,buffer,0.25,37,1,Neutral,0.25,2.07,3.18,0.96,28.86,0.6,4.12,0.45,0.91,0.43,1.9,0.72,4.35,1.8,0.16,0.64,0.89,0.41,0.02,3.23,0.53,0.76,1.02,0.73,0.05,0.49,2.06,0.75,2.51,0.7,0.0,0.29,0.11,0.01,0.55,1.65,0.0,0.47,1.21,0.89,1.77,0.82,0.27,0.38,0.28,0.0,0.34,0.48,0.0,2.5,0.0,0.0,0.67,0.3,0.03,0.75,0.01,0.47,0.0,0.12,0.16,0.02,0.06,0.19,0.05,0.06,0.16,0.17,0.64,0.1,0.48,0.33,0.24,0.48,0.11,0.49,0.32,0.21,0.0,0.11,0.12,0.64,0.35,0.0,0.18,0.01,0.0,0.0,0.17,0.28,0.19,0.24,0.32,0.03,0.22,0.05,0.0,0.0,0.79,0.0,0.0,0.0,0.0,0.15,0.27,0.08,0.2,0.08,0.1,0.5,0.18,0.47,0.0,0.35,0.0,0.24,0.42,0.0,0.19,0.01,0.0,0.0,0.0,0.0,0.0,0.22,0.01,0.53,0.51,0.0,0.0,0.22,0.0,0.0,0.26,0.03,0.0,0.0,0.0,0.0,0.0,0.0,0.73,0.56,0.19,0.07,0.0,0.0,0.0,0.0,0.26,0.31,0.34,0.0,0.0,0.04,0.0,0.0,0.0,0.0,0.0,0.46,0.16,0.02,0.0,0.0,0.01,0.0,0.0,0.0,0.0,0.0,0.0,0.0,0.08,0.0,0.1,0.0
SiO2,none,103.0,-38.7,HS,50.0,500.0,15000,20,25,other,sphere,PBS,7.4,159.0,0.126944444,buffer,0.5,37,1,Neutral,0.23,1.98,3.23,1.01,29.8,0.56,4.34,0.48,0.99,0.42,1.83,0.7,4.32,1.11,0.16,0.61,0.69,0.55,0.02,3.17,0.43,0.7,1.04,0.69,0.05,0.52,2.06,0.7,3.0,0.68,0.0,0.27,0.11,0.01,0.61,1.7,0.0,1.11,0.94,1.01,1.78,0.91,0.32,0.37,0.28,0.0,0.4,0.52,0.0,2.25,0.0,0.0,0.58,0.35,0.04,0.71,0.0,0.45,0.0,0.12,0.26,0.02,0.05,0.19,0.05,0.09,0.17,0.18,0.6,0.06,0.45,0.29,0.26,0.48,0.17,0.57,0.25,0.16,0.02,0.11,0.09,0.52,0.32,0.0,0.08,0.01,0.0,0.0,0.16,0.24,0.21,0.19,0.23,0.02,0.31,0.04,0.02,0.0,0.82,0.0,0.0,0.0,0.0,0.11,0.25,0.08,0.16,0.08,0.11,0.5,0.13,0.4,0.0,0.41,0.0,0.29,0.44,0.0,0.22,0.02,0.0,0.0,0.0,0.0,0.0,0.22,0.02,0.49,0.41,0.0,0.0,0.17,0.0,0.0,0.64,0.03,0.0,0.0,0.0,0.0,0.0,0.0,0.88,0.54,0.15,0.08,0.0,0.0,0.0,0.0,0.25,0.27,0.3,0.0,0.0,0.0,0.0,0.0,0.0,0.0,0.0,0.36,0.14,0.03,0.0,0.0,0.03,0.0,0.0,0.0,0.0,0.0,0.0,0.0,0.05,0.0,0.12,0.0
SiO2,none,103.0,-38.7,HS,50.0,500.0,15000,20,25,other,sphere,PBS,7.4,159.0,0.126944444,buffer,1.0,37,1,Neutral,0.27,2.21,3.38,1.15,27.45,0.62,4.46,0.51,1.22,0.45,1.46,0.79,4.5,0.98,0.16,0.61,0.75,0.55,0.03,2.54,0.43,0.81,1.27,0.78,0.07,0.59,2.47,0.83,2.86,0.73,0.05,0.2,0.11,0.01,0.51,1.89,0.0,1.18,0.82,1.02,1.8,1.0,0.35,0.37,0.32,0.0,0.41,0.55,0.0,2.14,0.0,0.0,0.7,0.26,0.04,0.67,0.01,0.64,0.0,0.14,0.15,0.02,0.06,0.31,0.06,0.1,0.18,0.2,0.7,0.06,0.6,0.3,0.29,0.45,0.16,0.6,0.23,0.17,0.02,0.16,0.17,0.28,0.33,0.0,0.09,0.01,0.0,0.0,0.2,0.33,0.23,0.25,0.3,0.06,0.34,0.05,0.02,0.0,0.9,0.0,0.0,0.0,0.0,0.11,0.27,0.08,0.22,0.06,0.11,0.27,0.17,0.49,0.0,0.51,0.0,0.32,0.51,0.0,0.26,0.02,0.0,0.0,0.0,0.0,0.0,0.24,0.01,0.61,0.31,0.0,0.0,0.08,0.0,0.0,0.32,0.04,0.0,0.0,0.0,0.0,0.0,0.0,0.74,0.51,0.22,0.11,0.0,0.0,0.0,0.0,0.24,0.25,0.14,0.0,0.0,0.04,0.0,0.0,0.0,0.0,0.0,0.32,0.14,0.05,0.0,0.0,0.03,0.0,0.0,0.0,0.0,0.0,0.0,0.0,0.11,0.0,0.02,0.0
SiO2,none,103.0,-38.7,HS,50.0,500.0,15000,20,25,other,sphere,PBS,7.4,159.0,0.126944444,buffer,2.0,37,1,Neutral,0.26,2.27,3.68,1.08,26.59,0.66,4.76,0.52,1.14,0.46,1.62,0.75,4.51,0.95,0.14,0.74,0.81,0.47,0.05,2.58,0.43,0.84,1.3,0.76,0.07,0.54,2.63,0.86,2.94,0.65,0.08,0.17,0.11,0.01,0.53,1.88,0.0,1.26,0.8,1.04,1.87,1.01,0.36,0.35,0.31,0.0,0.35,0.55,0.0,2.06,0.0,0.0,0.7,0.26,0.05,0.76,0.01,0.64,0.0,0.12,0.0,0.04,0.06,0.23,0.06,0.09,0.17,0.2,0.74,0.06,0.46,0.26,0.32,0.41,0.18,0.55,0.36,0.17,0.0,0.22,0.12,0.38,0.41,0.0,0.12,0.02,0.0,0.0,0.2,0.32,0.25,0.25,0.13,0.07,0.28,0.07,0.04,0.0,1.0,0.0,0.0,0.0,0.0,0.11,0.22,0.11,0.22,0.06,0.15,0.4,0.0,0.58,0.0,0.42,0.0,0.32,0.52,0.0,0.2,0.02,0.12,0.0,0.0,0.0,0.0,0.22,0.02,0.64,0.31,0.0,0.0,0.11,0.0,0.0,0.32,0.04,0.0,0.0,0.0,0.0,0.0,0.0,0.61,0.47,0.2,0.09,0.0,0.0,0.0,0.0,0.22,0.23,0.15,0.0,0.0,0.05,0.0,0.0,0.0,0.0,0.0,0.35,0.15,0.02,0.0,0.0,0.03,0.0,0.0,0.0,0.0,0.0,0.0,0.0,0.08,0.0,0.05,0.0
SiO2,none,103.0,-38.7,HS,50.0,500.0,15000,20,25,other,sphere,PBS,7.4,159.0,0.126944444,buffer,8.0,37,1,Neutral,0.27,2.42,3.77,1.07,26.87,0.67,4.98,0.52,1.08,0.5,1.6,0.76,4.56,0.97,0.16,0.53,0.68,0.57,0.07,2.59,0.47,0.8,1.2,0.79,0.06,0.57,2.46,0.8,3.13,0.68,0.08,0.23,0.13,0.02,0.51,1.65,0.0,1.2,0.7,1.03,1.64,0.98,0.44,0.36,0.37,0.0,0.39,0.5,0.0,2.12,0.0,0.0,0.73,0.25,0.05,0.74,0.01,0.53,0.0,0.16,0.18,0.03,0.04,0.26,0.05,0.07,0.18,0.16,0.68,0.05,0.51,0.26,0.34,0.39,0.15,0.52,0.19,0.13,0.03,0.19,0.09,0.21,0.35,0.0,0.08,0.02,0.0,0.0,0.21,0.27,0.22,0.25,0.23,0.07,0.3,0.06,0.02,0.0,0.88,0.0,0.0,0.0,0.0,0.11,0.26,0.11,0.19,0.07,0.15,0.16,0.23,0.58,0.0,0.54,0.0,0.3,0.58,0.0,0.29,0.04,0.15,0.0,0.0,0.0,0.0,0.26,0.02,0.59,0.42,0.0,0.0,0.03,0.0,0.0,0.49,0.04,0.0,0.0,0.0,0.0,0.0,0.0,0.69,0.48,0.26,0.11,0.0,0.0,0.0,0.0,0.25,0.33,0.09,0.0,0.0,0.0,0.0,0.0,0.0,0.0,0.0,0.41,0.15,0.05,0.0,0.0,0.02,0.0,0.0,0.0,0.0,0.0,0.0,0.0,0.13,0.0,0.01,0.0
SiO2,none,103.0,-38.7,HS,50.0,500.0,15000,20,25,other,sphere,PBS,7.4,159.0,0.126944444,buffer,24.0,37,1,Neutral,0.21,2.59,4.37,1.11,25.52,0.79,4.29,0.73,1.34,0.54,1.62,0.86,4.0,0.7,0.15,0.46,0.85,0.57,0.08,2.14,0.76,0.91,1.4,0.89,0.09,0.63,2.68,0.89,2.68,0.75,0.0,0.2,0.09,0.02,0.54,1.7,0.0,1.22,0.45,1.16,1.63,1.0,0.44,0.34,0.41,0.0,0.45,0.47,0.0,2.03,0.0,0.0,0.62,0.22,0.06,0.66,0.01,0.62,0.0,0.14,0.26,0.03,0.04,0.28,0.08,0.12,0.16,0.16,0.68,0.08,0.53,0.25,0.34,0.41,0.21,0.47,0.16,0.2,0.0,0.23,0.14,0.41,0.41,0.0,0.08,0.02,0.0,0.0,0.21,0.31,0.27,0.25,0.2,0.06,0.24,0.06,0.04,0.0,0.9,0.0,0.0,0.0,0.0,0.0,0.31,0.14,0.17,0.06,0.17,0.27,0.13,0.64,0.0,0.55,0.0,0.36,0.52,0.0,0.29,0.05,0.15,0.0,0.0,0.0,0.0,0.28,0.04,0.64,0.4,0.0,0.0,0.11,0.0,0.0,0.39,0.05,0.0,0.0,0.0,0.0,0.0,0.0,0.7,0.38,0.28,0.2,0.0,0.0,0.0,0.0,0.19,0.24,0.24,0.0,0.0,0.07,0.0,0.0,0.0,0.0,0.0,0.38,0.15,0.06,0.0,0.0,0.03,0.0,0.0,0.0,0.0,0.0,0.0,0.0,0.11,0.0,0.02,0.0
SiO2,none,103.0,-38.7,HS,50.0,500.0,15000,20,25,other,sphere,PBS,7.4,159.0,0.126944444,buffer,48.0,37,1,Neutral,0.25,2.73,4.73,1.19,25.34,0.92,3.96,0.86,1.42,0.54,1.55,0.89,3.08,0.64,0.19,0.4,1.16,0.5,0.11,1.86,0.76,1.03,1.57,0.92,0.09,0.68,3.13,0.88,2.3,0.87,0.0,0.17,0.09,0.02,0.44,1.68,0.0,1.13,0.29,1.25,1.68,0.96,0.39,0.42,0.38,0.0,0.46,0.48,0.0,1.85,0.0,0.0,0.71,0.16,0.06,0.7,0.02,0.81,0.0,0.16,0.22,0.05,0.04,0.37,0.06,0.17,0.18,0.16,0.69,0.13,0.69,0.27,0.4,0.37,0.23,0.51,0.12,0.26,0.0,0.2,0.14,0.31,0.52,0.0,0.05,0.02,0.0,0.0,0.22,0.3,0.32,0.31,0.17,0.07,0.27,0.09,0.02,0.0,1.1,0.0,0.0,0.0,0.0,0.11,0.32,0.12,0.21,0.08,0.19,0.25,0.13,0.71,0.0,0.58,0.0,0.34,0.53,0.0,0.35,0.06,0.09,0.0,0.0,0.0,0.0,0.28,0.04,0.56,0.41,0.0,0.0,0.08,0.0,0.0,0.28,0.07,0.0,0.0,0.0,0.0,0.0,0.0,0.55,0.34,0.28,0.14,0.0,0.0,0.0,0.0,0.21,0.26,0.16,0.0,0.0,0.11,0.0,0.0,0.0,0.0,0.0,0.3,0.18,0.07,0.0,0.0,0.05,0.0,0.0,0.0,0.0,0.0,0.0,0.0,0.11,0.0,0.05,0.0
SiO2,none,103.0,-38.7,HS,50.0,500.0,15000,20,25,other,sphere,PBS,7.4,159.0,0.126944444,buffer,168.0,37,1,Neutral,0.21,2.68,4.61,1.29,27.45,1.07,3.35,0.86,1.25,0.51,1.7,0.87,2.74,0.49,0.12,0.26,1.58,0.36,0.08,1.78,1.04,1.18,1.48,0.97,0.08,0.62,3.41,0.86,2.13,0.95,0.0,0.14,0.08,0.02,0.35,1.46,0.0,1.11,0.19,1.45,1.68,0.96,0.41,0.46,0.33,0.0,0.32,0.44,0.0,1.58,0.0,0.0,0.75,0.2,0.06,0.67,0.01,0.65,0.0,0.12,0.12,0.02,0.03,0.36,0.05,0.18,0.17,0.15,0.67,0.11,0.77,0.29,0.41,0.43,0.25,0.52,0.15,0.33,0.0,0.31,0.15,0.38,0.59,0.0,0.0,0.03,0.0,0.0,0.18,0.27,0.33,0.31,0.0,0.05,0.14,0.1,0.0,0.0,0.99,0.0,0.0,0.0,0.0,0.07,0.27,0.13,0.17,0.07,0.19,0.45,0.0,0.72,0.0,0.64,0.0,0.34,0.53,0.0,0.37,0.09,0.09,0.0,0.0,0.0,0.0,0.31,0.04,0.6,0.41,0.0,0.0,0.19,0.0,0.0,0.33,0.09,0.0,0.0,0.0,0.0,0.0,0.0,0.4,0.29,0.32,0.18,0.0,0.0,0.0,0.0,0.18,0.29,0.2,0.0,0.0,0.1,0.0,0.0,0.0,0.0,0.0,0.2,0.16,0.09,0.0,0.0,0.05,0.0,0.0,0.0,0.0,0.0,0.0,0.0,0.11,0.0,0.04,0.0
SiO2,none,103.0,-38.7,FBS,50.0,500.0,15000,20,25,other,sphere,PBS,7.4,159.0,0.126944444,buffer,0.008333333,37,1,Neutral,0.0,0.94,2.88,0.68,26.63,0.0,0.0,0.03,0.55,0.38,0.0,0.99,0.0,0.0,0.56,0.0,0.1,0.0,0.0,4.22,0.54,1.05,0.07,0.0,0.25,0.48,19.06,1.28,0.0,1.15,0.1,0.0,0.0,0.41,0.0,1.36,0.29,0.0,5.31,0.75,2.6,0.72,0.0,0.53,0.04,1.16,0.33,0.23,0.38,0.94,0.0,0.2,0.0,0.0,0.03,0.0,0.04,0.0,0.0,0.0,0.0,0.0,0.06,1.13,0.0,0.53,0.1,0.0,0.0,0.0,0.0,0.0,0.0,0.7,0.02,0.0,1.22,0.0,0.0,0.0,0.0,0.0,0.15,0.0,0.0,0.0,0.0,0.0,0.0,0.0,0.0,0.0,0.0,0.0,0.0,0.0,0.06,0.0,0.0,0.0,0.0,0.0,0.0,0.0,0.17,0.0,0.0,0.22,0.06,0.57,0.0,0.0,0.0,0.97,0.0,0.0,0.0,0.0,0.0,0.0,0.0,0.0,0.0,0.0,0.0,0.0,0.07,0.0,0.0,0.2,0.0,0.0,0.0,0.0,0.0,0.09,0.06,0.0,0.0,0.43,0.0,0.0,0.8,0.0,0.0,0.22,0.09,0.09,0.0,0.0,0.0,0.0,0.0,0.0,0.0,0.0,0.0,0.0,0.0,0.0,0.0,0.0,2.3,0.0,0.0,0.0,0.0,0.0,0.0,0.0,0.0,0.0,0.0,0.0,0.85,0.0,0.0,0.0
SiO2,none,103.0,-38.7,FBS,50.0,500.0,15000,20,25,other,sphere,PBS,7.4,159.0,0.126944444,buffer,0.083333333,37,1,Neutral,0.0,1.11,3.04,0.7,26.33,0.0,0.0,0.03,0.72,0.38,0.0,0.92,0.0,0.0,0.5,0.0,0.13,0.0,0.0,4.01,0.57,1.15,0.04,0.0,0.25,0.52,19.1,1.3,0.0,1.3,0.05,0.0,0.0,0.44,0.0,1.35,0.27,0.0,4.72,0.78,2.65,0.79,0.0,0.46,0.11,1.28,0.37,0.27,0.32,0.99,0.0,0.2,0.0,0.0,0.03,0.0,0.04,0.0,0.05,0.0,0.0,0.0,0.11,1.28,0.0,0.45,0.08,0.0,0.0,0.0,0.0,0.0,0.0,0.63,0.03,0.0,1.08,0.0,0.0,0.0,0.0,0.0,0.24,0.0,0.0,0.0,0.0,0.0,0.0,0.0,0.0,0.0,0.0,0.03,0.0,0.0,0.03,0.0,0.0,0.0,0.0,0.0,0.0,0.0,0.19,0.0,0.0,0.24,0.07,0.5,0.0,0.0,0.0,0.84,0.0,0.0,0.0,0.0,0.0,0.0,0.0,0.0,0.0,0.0,0.0,0.0,0.07,0.0,0.0,0.16,0.0,0.0,0.0,0.0,0.0,0.05,0.05,0.0,0.0,0.4,0.0,0.0,0.61,0.0,0.0,0.17,0.01,0.14,0.0,0.0,0.0,0.0,0.0,0.0,0.0,0.05,0.0,0.0,0.0,0.0,0.0,0.0,2.67,0.0,0.0,0.0,0.0,0.0,0.0,0.0,0.0,0.0,0.0,0.0,0.6,0.0,0.0,0.0
SiO2,none,103.0,-38.7,FBS,50.0,500.0,15000,20,25,other,sphere,PBS,7.4,159.0,0.126944444,buffer,0.25,37,1,Neutral,0.0,1.09,2.35,0.65,24.67,0.0,0.0,0.05,1.17,0.54,0.0,0.83,0.0,0.0,0.52,0.0,0.09,0.0,0.0,3.91,0.75,1.2,0.03,0.0,0.29,0.73,19.19,1.55,0.0,1.13,0.09,0.0,0.0,0.38,0.0,1.37,0.25,0.0,4.53,0.97,2.81,0.76,0.0,0.54,0.1,1.23,0.49,0.24,0.37,0.81,0.0,0.25,0.0,0.0,0.05,0.0,0.05,0.0,0.0,0.0,0.0,0.0,0.07,1.29,0.0,0.45,0.12,0.0,0.0,0.0,0.0,0.0,0.0,0.68,0.03,0.0,0.77,0.0,0.0,0.0,0.0,0.0,0.18,0.0,0.0,0.0,0.0,0.0,0.0,0.0,0.0,0.0,0.0,0.0,0.0,0.0,0.04,0.0,0.0,0.0,0.0,0.0,0.0,0.0,0.19,0.0,0.0,0.28,0.14,0.25,0.0,0.0,0.0,0.65,0.0,0.0,0.0,0.0,0.0,0.0,0.0,0.0,0.0,0.0,0.0,0.0,0.09,0.0,0.0,0.23,0.0,0.0,0.0,0.0,0.0,0.12,0.09,0.0,0.0,0.47,0.0,0.0,0.88,0.0,0.0,0.22,0.1,0.23,0.0,0.0,0.0,0.0,0.0,0.0,0.0,0.09,0.0,0.0,0.0,0.0,0.0,0.0,2.72,0.0,0.0,0.0,0.0,0.0,0.0,0.0,0.0,0.0,0.0,0.0,0.76,0.0,0.0,0.0
SiO2,none,103.0,-38.7,FBS,50.0,500.0,15000,20,25,other,sphere,PBS,7.4,159.0,0.126944444,buffer,0.5,37,1,Neutral,0.0,1.09,2.61,0.82,22.54,0.0,0.0,0.06,1.41,0.5,0.0,0.76,0.0,0.0,0.52,0.0,0.13,0.0,0.0,3.88,0.63,1.33,0.14,0.0,0.4,0.86,18.3,1.62,0.0,1.21,0.04,0.0,0.0,0.39,0.0,1.52,0.41,0.0,4.86,0.88,2.65,0.87,0.0,0.48,0.08,1.26,0.49,0.27,0.45,0.86,0.0,0.33,0.0,0.0,0.05,0.0,0.08,0.0,0.0,0.0,0.0,0.0,0.08,1.31,0.0,0.52,0.19,0.0,0.0,0.0,0.0,0.0,0.0,0.54,0.04,0.0,0.77,0.0,0.0,0.0,0.0,0.0,0.21,0.0,0.0,0.0,0.0,0.0,0.0,0.0,0.0,0.0,0.0,0.03,0.0,0.0,0.05,0.0,0.09,0.0,0.0,0.0,0.0,0.0,0.24,0.0,0.0,0.25,0.12,0.22,0.0,0.0,0.0,0.83,0.0,0.0,0.0,0.0,0.0,0.0,0.0,0.0,0.0,0.0,0.0,0.0,0.12,0.0,0.0,0.26,0.0,0.0,0.0,0.0,0.0,0.11,0.1,0.0,0.0,0.39,0.0,0.0,0.75,0.0,0.08,0.33,0.09,0.22,0.0,0.0,0.0,0.0,0.0,0.0,0.0,0.08,0.0,0.0,0.0,0.0,0.0,0.0,2.69,0.0,0.01,0.0,0.0,0.0,0.0,0.0,0.0,0.0,0.0,0.0,1.05,0.0,0.0,0.0
SiO2,none,103.0,-38.7,FBS,50.0,500.0,15000,20,25,other,sphere,PBS,7.4,159.0,0.126944444,buffer,1.0,37,1,Neutral,0.0,1.11,3.73,0.85,20.74,0.0,0.0,0.12,1.75,0.54,0.0,0.68,0.0,0.0,0.55,0.0,0.12,0.0,0.0,3.12,0.78,1.23,0.21,0.0,0.44,0.89,17.0,1.62,0.0,1.17,0.38,0.0,0.0,0.38,0.0,1.58,0.36,0.0,3.67,0.92,2.35,0.69,0.0,0.45,0.11,1.33,0.47,0.31,0.43,0.73,0.0,0.32,0.0,0.0,0.06,0.0,0.09,0.0,0.07,0.0,0.0,0.0,0.07,1.47,0.0,0.6,0.22,0.0,0.0,0.0,0.0,0.0,0.0,0.44,0.09,0.0,0.76,0.0,0.0,0.0,0.0,0.0,0.25,0.0,0.0,0.0,0.0,0.0,0.0,0.0,0.0,0.0,0.0,0.05,0.0,0.0,0.05,0.0,0.14,0.0,0.0,0.0,0.0,0.0,0.26,0.0,0.0,0.26,0.11,0.27,0.0,0.0,0.0,1.05,0.0,0.0,0.0,0.0,0.0,0.0,0.0,0.0,0.0,0.0,0.0,0.0,0.16,0.0,0.0,0.45,0.0,0.0,0.0,0.0,0.0,0.2,0.08,0.07,0.0,0.5,0.0,0.0,0.72,0.0,0.14,0.48,0.09,0.27,0.0,0.0,0.0,0.0,0.0,0.0,0.0,0.12,0.0,0.0,0.0,0.0,0.0,0.0,2.39,0.0,0.03,0.0,0.0,0.0,0.0,0.0,0.0,0.0,0.0,0.0,1.13,0.0,0.0,0.0
SiO2,none,103.0,-38.7,FBS,50.0,500.0,15000,20,25,other,sphere,PBS,7.4,159.0,0.126944444,buffer,2.0,37,1,Neutral,0.0,1.19,3.56,0.93,19.05,0.0,0.0,0.14,1.75,0.47,0.0,0.66,0.0,0.0,0.58,0.0,0.11,0.0,0.0,3.11,0.58,1.33,0.2,0.0,0.47,0.96,17.78,1.74,0.0,1.11,0.31,0.0,0.0,0.44,0.0,1.66,0.45,0.0,3.22,0.89,2.37,0.73,0.0,0.36,0.16,1.53,0.37,0.29,0.45,0.62,0.0,0.34,0.0,0.0,0.06,0.0,0.11,0.0,0.1,0.0,0.0,0.0,0.04,1.57,0.0,0.67,0.23,0.0,0.0,0.0,0.0,0.0,0.0,0.49,0.06,0.0,0.71,0.0,0.0,0.0,0.0,0.0,0.26,0.0,0.0,0.0,0.0,0.0,0.0,0.0,0.0,0.0,0.0,0.05,0.0,0.0,0.02,0.0,0.14,0.0,0.05,0.0,0.0,0.0,0.28,0.0,0.0,0.26,0.08,0.55,0.0,0.0,0.0,1.13,0.0,0.0,0.0,0.0,0.0,0.0,0.0,0.0,0.0,0.0,0.0,0.0,0.14,0.0,0.0,0.45,0.0,0.0,0.0,0.0,0.0,0.18,0.12,0.13,0.0,0.43,0.0,0.0,0.9,0.0,0.17,0.5,0.08,0.31,0.0,0.0,0.0,0.0,0.0,0.0,0.0,0.19,0.0,0.0,0.0,0.0,0.0,0.0,2.28,0.0,0.03,0.0,0.0,0.0,0.0,0.0,0.0,0.0,0.0,0.0,1.32,0.0,0.0,0.0
SiO2,none,103.0,-38.7,FBS,50.0,500.0,15000,20,25,other,sphere,PBS,7.4,159.0,0.126944444,buffer,8.0,37,1,Neutral,0.0,1.32,3.96,0.89,19.31,0.0,0.0,0.16,1.85,0.54,0.0,0.55,0.0,0.0,0.66,0.0,0.08,0.0,0.0,2.9,0.49,1.29,0.26,0.0,0.46,1.02,16.86,2.0,0.0,1.17,0.37,0.0,0.0,0.47,0.0,1.58,0.47,0.0,3.1,0.9,2.4,0.67,0.0,0.38,0.18,1.33,0.41,0.38,0.52,0.67,0.0,0.38,0.0,0.0,0.08,0.0,0.13,0.0,0.07,0.0,0.0,0.0,0.05,1.61,0.0,0.77,0.18,0.0,0.0,0.0,0.0,0.0,0.0,0.51,0.1,0.0,0.56,0.0,0.0,0.0,0.0,0.0,0.3,0.0,0.0,0.0,0.0,0.0,0.0,0.0,0.0,0.0,0.0,0.03,0.0,0.0,0.06,0.0,0.19,0.0,0.1,0.0,0.0,0.0,0.34,0.0,0.0,0.28,0.1,0.23,0.0,0.0,0.0,1.1,0.0,0.0,0.0,0.0,0.0,0.0,0.0,0.0,0.0,0.0,0.0,0.0,0.18,0.0,0.0,0.35,0.0,0.0,0.0,0.0,0.0,0.2,0.1,0.13,0.0,0.4,0.0,0.0,0.76,0.0,0.21,0.49,0.09,0.4,0.0,0.0,0.0,0.0,0.0,0.0,0.0,0.13,0.0,0.0,0.0,0.0,0.0,0.0,2.18,0.0,0.02,0.0,0.0,0.0,0.0,0.0,0.0,0.0,0.0,0.0,1.28,0.0,0.0,0.0
SiO2,none,103.0,-38.7,FBS,50.0,500.0,15000,20,25,other,sphere,PBS,7.4,159.0,0.126944444,buffer,24.0,37,1,Neutral,0.0,1.32,4.32,0.73,18.85,0.0,0.0,0.17,1.68,0.58,0.0,0.58,0.0,0.0,0.59,0.0,0.09,0.0,0.0,2.73,0.65,1.42,0.28,0.0,0.44,1.05,16.02,2.03,0.0,1.1,0.5,0.0,0.0,0.54,0.0,1.58,0.45,0.0,3.48,0.87,2.09,0.68,0.0,0.35,0.23,1.42,0.38,0.28,0.44,0.7,0.0,0.39,0.0,0.0,0.08,0.0,0.13,0.0,0.08,0.0,0.0,0.0,0.05,1.85,0.0,0.72,0.18,0.0,0.0,0.0,0.0,0.0,0.0,0.55,0.08,0.0,0.49,0.0,0.0,0.0,0.0,0.0,0.29,0.0,0.0,0.0,0.0,0.0,0.0,0.0,0.01,0.0,0.0,0.03,0.0,0.0,0.04,0.0,0.13,0.0,0.15,0.0,0.0,0.0,0.33,0.0,0.0,0.28,0.03,0.16,0.0,0.0,0.0,1.21,0.0,0.0,0.0,0.0,0.0,0.0,0.0,0.0,0.0,0.0,0.0,0.0,0.15,0.0,0.0,0.34,0.0,0.0,0.0,0.0,0.0,0.25,0.11,0.18,0.0,0.33,0.0,0.02,0.67,0.0,0.27,0.49,0.06,0.29,0.0,0.0,0.0,0.0,0.0,0.0,0.0,0.14,0.0,0.0,0.0,0.0,0.0,0.0,1.91,0.0,0.04,0.0,0.0,0.0,0.0,0.0,0.0,0.0,0.0,0.0,1.4,0.0,0.0,0.0
SiO2,none,103.0,-38.7,FBS,50.0,500.0,15000,20,25,other,sphere,PBS,7.4,159.0,0.126944444,buffer,48.0,37,1,Neutral,0.0,1.39,4.67,0.8,18.96,0.0,0.0,0.15,2.12,0.62,0.0,0.62,0.0,0.0,0.69,0.0,0.09,0.0,0.0,2.76,0.49,1.48,0.33,0.0,0.44,1.14,14.41,2.36,0.0,1.09,0.48,0.0,0.0,0.54,0.0,1.43,0.55,0.0,2.76,0.93,2.14,0.65,0.0,0.36,0.22,1.45,0.41,0.36,0.56,0.57,0.0,0.4,0.0,0.0,0.08,0.0,0.14,0.0,0.14,0.0,0.0,0.0,0.03,1.82,0.0,0.86,0.16,0.0,0.0,0.0,0.0,0.0,0.0,0.45,0.17,0.0,0.71,0.0,0.0,0.0,0.0,0.0,0.34,0.0,0.0,0.0,0.0,0.0,0.0,0.0,0.02,0.0,0.0,0.05,0.0,0.0,0.04,0.0,0.15,0.0,0.07,0.0,0.0,0.0,0.37,0.0,0.0,0.31,0.03,0.23,0.0,0.0,0.0,1.05,0.0,0.0,0.0,0.0,0.0,0.0,0.0,0.0,0.0,0.0,0.0,0.0,0.19,0.0,0.0,0.37,0.0,0.0,0.0,0.0,0.0,0.24,0.09,0.12,0.0,0.41,0.0,0.04,0.6,0.0,0.24,0.46,0.1,0.25,0.0,0.0,0.0,0.0,0.0,0.0,0.0,0.12,0.0,0.0,0.0,0.0,0.0,0.0,1.81,0.0,0.03,0.0,0.0,0.0,0.0,0.0,0.0,0.0,0.0,0.0,1.56,0.0,0.0,0.0
SiO2,none,103.0,-38.7,FBS,50.0,500.0,15000,20,25,other,sphere,PBS,7.4,159.0,0.126944444,buffer,168.0,37,1,Neutral,0.0,1.61,4.69,0.86,16.71,0.0,0.0,0.21,1.88,0.75,0.0,0.49,0.0,0.0,0.7,0.0,0.12,0.0,0.0,2.42,0.48,1.64,0.5,0.0,0.49,1.34,15.12,2.87,0.0,1.13,0.51,0.0,0.0,0.61,0.0,1.53,0.64,0.0,3.22,0.88,1.95,0.69,0.0,0.3,0.29,1.62,0.39,0.44,0.57,0.62,0.0,0.49,0.0,0.0,0.09,0.0,0.19,0.0,0.1,0.0,0.0,0.0,0.0,1.92,0.0,0.88,0.19,0.0,0.0,0.0,0.0,0.0,0.0,0.47,0.2,0.0,0.55,0.0,0.0,0.0,0.0,0.0,0.37,0.0,0.0,0.0,0.0,0.0,0.0,0.0,0.04,0.0,0.0,0.03,0.0,0.0,0.0,0.0,0.27,0.0,0.1,0.0,0.0,0.0,0.41,0.0,0.0,0.22,0.05,0.23,0.0,0.0,0.0,1.06,0.0,0.0,0.0,0.0,0.0,0.0,0.0,0.0,0.0,0.06,0.0,0.0,0.17,0.0,0.0,0.35,0.0,0.0,0.0,0.0,0.0,0.25,0.07,0.19,0.0,0.43,0.0,0.03,0.55,0.0,0.25,0.5,0.09,0.23,0.0,0.0,0.0,0.0,0.0,0.0,0.0,0.22,0.0,0.0,0.0,0.0,0.0,0.0,1.88,0.0,0.03,0.0,0.0,0.0,0.0,0.0,0.0,0.0,0.0,0.0,1.22,0.0,0.0,0.0
PS,none,73.0,-13.5,HS,77.0,10000.0,20000,60,4,other,sphere,water,7.0,73.0,0.126944444,buffer,1.0,37,1,Neutral,1.03,1.03,1.75,0.32,40.84,0.37,6.38,2.11,0.08,1.42,1.24,0.0,4.98,0.73,0.58,0.0,0.04,0.0,2.03,2.05,0.37,0.0,1.33,0.0,0.0,0.2,0.27,0.17,0.0,1.17,0.0,0.0,0.08,1.51,0.65,0.89,0.0,0.34,2.71,0.46,0.15,0.04,0.21,0.0,0.33,0.0,0.15,0.0,0.0,0.91,1.43,0.0,0.18,0.3,0.0,0.85,0.0,0.0,0.0,0.32,0.0,0.0,0.0,0.0,0.0,0.0,0.0,0.09,0.0,0.0,0.04,0.57,0.0,0.16,0.0,0.67,0.54,0.0,0.02,0.0,0.0,0.0,0.0,0.0,0.58,0.0,0.0,0.0,0.0,0.0,0.0,0.0,0.0,0.0,0.0,0.0,0.0,0.0,0.0,0.0,0.0,0.0,0.0,0.0,0.0,0.0,0.0,0.0,0.0,0.0,0.0,0.0,0.0,0.0,0.0,0.0,0.0,0.0,0.0,0.0,0.0,0.0,0.0,0.0,0.0,0.01,0.0,0.0,0.25,0.0,0.0,0.0,0.0,0.0,0.0,0.0,0.0,0.0,0.0,0.0,0.0,0.0,0.0,0.64,0.0,0.0,0.0,0.0,0.0,0.0,0.17,0.0,0.0,0.0,0.0,0.0,0.0,0.0,0.0,0.0,0.0,0.0,0.0,0.0,0.0,0.0,0.0,0.0,0.0,0.0,0.0,0.0,0.0,0.0,0.0,0.0,0.0,0.0
PS,none,73.0,-13.5,HS,77.0,10000.0,20000,60,4,other,sphere,water,7.0,73.0,0.126944444,buffer,1.0,37,1,Neutral,1.96,0.25,8.65,0.52,6.94,0.66,19.49,14.89,0.13,0.58,0.28,0.0,20.41,0.61,0.78,0.0,0.0,1.37,1.03,0.48,0.13,0.05,0.78,0.6,0.0,0.15,0.0,0.0,0.0,2.47,0.09,0.0,0.0,0.0,0.23,0.09,0.0,1.48,0.0,0.0,0.0,0.0,0.0,0.0,0.0,0.0,0.0,0.57,0.0,0.18,2.34,0.0,0.25,1.8,0.04,0.58,0.0,0.0,0.0,0.06,0.07,0.08,0.0,0.0,0.29,0.0,0.0,0.23,0.0,0.76,0.0,0.0,0.0,0.0,0.0,0.63,0.07,0.0,0.07,0.0,0.0,0.0,0.0,0.0,1.02,0.0,0.0,0.03,0.0,0.0,0.0,0.0,0.0,0.0,0.0,0.0,0.0,0.0,0.11,0.0,0.0,0.0,0.0,0.0,0.0,0.0,0.0,0.0,0.08,0.0,0.0,0.0,0.06,0.0,0.0,0.0,0.02,0.0,0.05,0.0,0.0,0.0,0.0,0.0,0.0,0.02,0.0,0.0,0.08,0.0,0.0,0.0,0.11,0.0,0.0,0.0,0.0,0.0,0.0,0.0,0.0,0.0,0.0,0.05,0.0,0.0,0.0,0.0,0.0,0.0,0.02,0.0,0.0,0.0,0.0,0.0,0.0,0.0,0.0,0.0,0.0,0.0,0.0,0.0,0.0,0.0,0.0,0.0,0.0,0.0,0.0,0.0,0.0,0.0,0.0,0.0,0.0,0.0
PS,none,73.0,-13.5,HS,77.0,10000.0,20000,60,4,other,sphere,water,7.0,73.0,0.126944444,buffer,1.0,37,1,Neutral,0.95,0.22,10.29,0.56,3.54,0.61,20.11,14.99,0.13,0.59,0.25,0.0,20.29,0.63,0.91,0.0,0.0,1.77,1.01,0.33,0.12,0.05,0.89,0.59,0.0,0.18,0.0,0.0,0.0,2.61,0.08,0.0,0.0,0.0,0.2,0.07,0.0,1.43,0.0,0.0,0.0,0.0,0.0,0.0,0.0,0.0,0.0,0.65,0.0,0.15,2.57,0.0,0.22,1.93,0.04,0.53,0.0,0.0,0.0,0.06,0.07,0.07,0.0,0.0,0.35,0.0,0.0,0.22,0.0,0.94,0.0,0.0,0.0,0.0,0.0,0.44,0.04,0.0,0.04,0.0,0.0,0.0,0.0,0.0,1.12,0.0,0.0,0.04,0.0,0.0,0.0,0.0,0.0,0.0,0.0,0.0,0.0,0.0,0.14,0.0,0.0,0.0,0.0,0.0,0.0,0.0,0.0,0.0,0.09,0.0,0.0,0.0,0.06,0.0,0.0,0.0,0.02,0.0,0.03,0.0,0.0,0.0,0.0,0.0,0.0,0.02,0.0,0.0,0.05,0.0,0.0,0.0,0.11,0.0,0.0,0.0,0.0,0.0,0.0,0.0,0.0,0.0,0.0,0.03,0.0,0.0,0.0,0.0,0.0,0.0,0.02,0.0,0.0,0.0,0.0,0.0,0.0,0.0,0.0,0.0,0.0,0.0,0.0,0.0,0.0,0.0,0.0,0.0,0.0,0.0,0.0,0.0,0.0,0.0,0.0,0.0,0.0,0.0
PS,none,73.0,-13.5,HS,77.0,10000.0,20000,60,4,other,sphere,water,7.0,73.0,0.126944444,buffer,1.0,37,1,Neutral,0.82,0.14,12.9,0.65,1.65,0.6,19.86,16.77,0.15,0.62,0.18,0.0,20.7,0.8,0.58,0.0,0.0,1.94,1.23,0.25,0.09,0.04,0.84,0.42,0.0,0.17,0.0,0.0,0.0,3.02,0.09,0.0,0.0,0.0,0.11,0.06,0.0,1.57,0.0,0.0,0.0,0.0,0.0,0.0,0.0,0.0,0.0,0.71,0.0,0.09,2.3,0.0,0.2,1.7,0.04,0.6,0.0,0.0,0.0,0.04,0.08,0.06,0.0,0.0,0.2015,0.0,0.0,0.16,0.0,0.5,0.0,0.0,0.0,0.0,0.0,0.46,0.04,0.0,0.03,0.0,0.0,0.0,0.0,0.0,1.15,0.0,0.0,0.04,0.0,0.0,0.0,0.0,0.0,0.0,0.0,0.0,0.0,0.0,0.1,0.0,0.0,0.0,0.0,0.0,0.0,0.0,0.0,0.0,0.08,0.0,0.0,0.0,0.06,0.0,0.0,0.0,0.02,0.0,0.04,0.0,0.0,0.0,0.0,0.0,0.0,0.02,0.0,0.0,0.04,0.0,0.0,0.0,0.1,0.0,0.0,0.0,0.0,0.0,0.0,0.0,0.0,0.0,0.0,0.02,0.0,0.0,0.0,0.0,0.0,0.0,0.0,0.0,0.0,0.0,0.0,0.0,0.0,0.0,0.0,0.0,0.0,0.0,0.0,0.0,0.0,0.0,0.0,0.0,0.0,0.0,0.0,0.0,0.0,0.0,0.0,0.0,0.0,0.0
PS,COOH,70.0,-13.5,HS,77.0,10000.0,20000,60,4,other,sphere,water,7.0,70.0,0.126944444,buffer,1.0,37,1,Anionic,0.98,0.65,2.02,0.16,47.74,1.18,6.43,0.35,0.0,0.75,0.77,0.0,5.4,1.11,0.57,0.0,0.0,0.0,1.01,1.66,0.25,0.0,0.48,4.91,0.0,0.26,0.22,0.36,1.45,0.48,0.03,0.0,0.1,0.0,0.63,0.73,0.0,0.43,0.56,0.42,0.13,0.13,0.28,0.0,1.27,0.0,0.08,0.0,0.0,0.93,0.4,0.0,0.17,0.35,0.0,1.05,0.0,0.0,0.0,0.16,0.0,0.0,0.0,0.0,0.0,0.0,1.21,0.0,0.0,0.0,0.0,0.2,0.0,0.11,0.0,0.56,0.47,0.0,0.0,0.08,0.0,0.0,0.0,0.0,0.32,0.0,0.21,0.0,0.0,0.0,0.0,0.0,0.0,0.0,0.0,0.0,0.0,0.0,0.0,0.0,0.0,0.0,0.04,0.0,0.0,0.0,0.0,0.0,0.0,0.0,0.0,0.0,0.0,0.0,0.0,0.0,0.0,0.0,0.0,0.0,0.0,0.0,0.0,0.0,0.0,0.0,0.0,0.0,0.2,0.0,0.0,0.0,0.0,0.0,0.0,0.0,0.0,0.0,0.0,0.0,0.0,0.0,0.04,0.41,0.0,0.0,0.0,0.0,0.0,0.5,0.04,0.0,0.0,0.0,0.0,0.0,0.0,0.0,0.0,0.0,0.0,0.0,0.0,0.0,0.0,0.0,0.0,0.0,0.0,0.0,0.0,0.0,0.0,0.0,0.0,0.0,0.0,0.0
PS,COOH,70.0,-13.5,HS,77.0,10000.0,20000,60,4,other,sphere,water,7.0,70.0,0.126944444,buffer,1.0,37,1,Anionic,0.39,0.29,3.28,2.94,0.69,10.73,21.24,2.09,0.0,2.81,0.03,0.0,23.51,2.63,0.03,0.0,0.02,0.26,0.14,0.18,0.05,0.47,0.02,0.0,0.0,0.19,0.0,1.98,0.0,3.26,0.0,0.0,0.0,0.61,0.09,2.72,0.0,3.1,0.0,0.45,0.0,0.0,0.0,0.03,0.0,0.0,0.1,0.04,0.0,0.02,1.7,0.0,0.08,1.52,0.17,0.0,0.0,0.0,0.04,0.0,0.0,0.12,0.0,0.18,0.12,0.0,0.2,0.27,0.04,0.26,0.0,0.0,0.0,0.0,0.0,1.37,0.0,0.04,0.03,0.26,0.06,0.0,0.0,0.06,0.27,0.13,2.27,0.04,0.0,0.0,0.0,0.15,0.0,0.0,0.0,0.0,0.0,0.0,0.0,0.1,0.0,0.0,0.0,0.02,0.0,0.0,0.4,0.0,0.13,0.0,0.0,0.0,0.08,0.0,0.0,0.02,0.02,0.0,0.0,0.09,0.17,0.0,0.0,0.0,0.0,0.0,0.0,0.0,0.0,0.0,0.0,0.0,0.07,0.0,0.0,0.0,0.0,0.03,0.0,0.0,0.0,0.04,0.0,0.0,0.0,0.0,0.0,0.0,0.16,0.0,0.0,0.0,0.0,0.0,0.0,0.0,0.0,0.37,0.0,0.0,0.0,0.0,0.0,0.0,0.0,0.0,0.0,0.0,0.0,0.0,0.05,0.0,0.0,0.0,0.0,0.0,0.0,0.0
PS,NH2,74.0,-13.5,HS,77.0,10000.0,20000,60,4,other,sphere,water,7.0,74.0,0.126944444,buffer,1.0,37,1,Anionic,0.98,0.55,2.46,0.07,49.31,0.36,5.98,1.34,0.0,0.37,0.91,0.0,5.37,1.14,0.61,0.0,0.0,0.0,1.0,1.47,0.24,0.0,0.68,4.77,0.0,0.2,0.2,0.15,1.32,0.33,0.04,0.0,0.09,0.0,0.67,0.21,0.0,0.43,0.31,0.7,0.14,0.11,0.38,0.0,0.57,0.0,0.07,0.0,0.0,0.81,0.38,0.0,0.12,0.33,0.0,1.17,0.0,0.0,0.0,0.18,0.0,0.0,0.0,0.0,0.0,0.0,1.38,0.0,0.0,0.0,0.0,0.21,0.0,0.1,0.0,0.58,0.37,0.0,0.0,0.01,0.0,0.0,0.0,0.0,0.31,0.0,0.01,0.0,0.0,0.0,0.0,0.0,0.0,0.0,0.0,0.0,0.0,0.0,0.0,0.0,0.0,0.0,0.04,0.0,0.0,0.0,0.0,0.0,0.0,0.0,0.0,0.0,0.0,0.0,0.0,0.0,0.0,0.0,0.0,0.0,0.0,0.0,0.0,0.0,0.0,0.0,0.0,0.0,0.14,0.0,0.0,0.0,0.0,0.0,0.0,0.0,0.0,0.0,0.0,0.0,0.0,0.0,0.04,0.41,0.0,0.0,0.0,0.0,0.0,1.02,0.03,0.0,0.0,0.0,0.0,0.0,0.0,0.0,0.0,0.0,0.0,0.0,0.0,0.0,0.0,0.0,0.0,0.0,0.0,0.0,0.0,0.0,0.0,0.0,0.0,0.0,0.0,0.0
PS,NH2,74.0,-13.5,HS,77.0,10000.0,20000,60,4,other,sphere,water,7.0,74.0,0.126944444,buffer,1.0,37,1,Anionic,1.16,0.28,8.58,0.56,1.31,0.36,22.01,13.76,0.07,0.1,0.05,0.0,26.76,3.22,0.03,0.0,0.0,0.85,0.11,0.18,0.05,0.11,0.31,0.02,0.01,0.14,0.0,0.04,0.0,0.06,0.05,0.0,0.06,0.11,0.17,0.05,0.0,3.04,0.04,0.0,0.01,0.0,0.0,0.0,0.0,0.0,0.0,0.27,0.0,0.03,1.65,0.0,0.07,1.78,0.09,0.07,0.0,0.0,0.0,0.04,0.04,0.1,0.0,0.0,0.09,0.04,0.0,0.36,0.0,0.16,0.02,0.0,0.0,0.0,0.0,0.92,0.02,0.0,0.11,0.0,0.01,0.0,0.0,0.05,0.21,0.0,0.06,0.01,0.04,0.0,0.01,0.02,0.0,0.0,0.0,0.0,0.0,0.03,0.04,0.07,0.0,0.0,0.02,0.24,0.02,0.0,0.0,0.0,0.01,0.0,0.0,0.0,0.2,0.0,0.0,0.02,0.03,0.0,0.02,0.02,0.04,0.0,0.0,0.0,0.0,0.01,0.0,0.0,0.03,0.01,0.0,0.0,0.22,0.03,0.0,0.0,0.0,0.0,0.0,0.0,0.0,0.0,0.0,0.04,0.02,0.0,0.0,0.0,0.0,0.0,0.0,0.0,0.0,0.0,0.01,0.0,0.0,0.0,0.0,0.0,0.02,0.0,0.0,0.0,0.0,0.0,0.0,0.0,0.0,0.06,0.0,0.0,0.0,0.0,0.0,0.0,0.0,0.0
PS,none,73.0,-13.5,HS,77.0,10000.0,20000,60,4,other,sphere,water,7.0,73.0,0.126944444,buffer,1.0,37,1,Neutral,1.03,1.03,1.75,0.32,40.84,0.37,6.38,2.11,0.08,1.42,1.24,0.0,4.98,0.73,0.58,0.0,0.04,0.0,2.03,2.05,0.37,0.0,1.33,0.0,0.0,0.2,0.27,0.17,0.0,1.17,0.0,0.0,0.08,1.51,0.65,0.89,0.0,0.34,2.71,0.46,0.15,0.04,0.21,0.0,0.33,0.0,0.15,0.0,0.0,0.91,1.43,0.0,0.18,0.3,0.0,0.85,0.0,0.0,0.0,0.32,0.0,0.0,0.0,0.0,0.0,0.0,0.0,0.09,0.0,0.0,0.04,0.57,0.0,0.16,0.0,0.67,0.54,0.0,0.02,0.0,0.0,0.0,0.0,0.0,0.58,0.0,0.0,0.0,0.0,0.0,0.0,0.0,0.0,0.0,0.0,0.0,0.0,0.0,0.0,0.0,0.0,0.0,0.0,0.0,0.0,0.0,0.0,0.0,0.0,0.0,0.0,0.0,0.0,0.0,0.0,0.0,0.0,0.0,0.0,0.0,0.0,0.0,0.0,0.0,0.0,0.01,0.0,0.0,0.25,0.0,0.0,0.0,0.0,0.0,0.0,0.0,0.0,0.0,0.0,0.0,0.0,0.0,0.0,0.64,0.0,0.0,0.0,0.0,0.0,0.0,0.17,0.0,0.0,0.0,0.0,0.0,0.0,0.0,0.0,0.0,0.0,0.0,0.0,0.0,0.0,0.0,0.0,0.0,0.0,0.0,0.0,0.0,0.0,0.0,0.0,0.0,0.0,0.0
PS,none,73.0,-13.5,HS,77.0,10000.0,20000,60,4,other,sphere,water,7.0,73.0,0.126944444,buffer,1.0,37,1,Neutral,1.96,0.25,8.65,0.52,6.94,0.66,19.49,14.89,0.13,0.58,0.28,0.0,20.41,0.61,0.78,0.0,0.0,1.37,1.03,0.48,0.13,0.05,0.78,0.6,0.0,0.15,0.0,0.0,0.0,2.47,0.09,0.0,0.0,0.0,0.23,0.09,0.0,1.48,0.0,0.0,0.0,0.0,0.0,0.0,0.0,0.0,0.0,0.57,0.0,0.18,2.34,0.0,0.25,1.8,0.04,0.58,0.0,0.0,0.0,0.06,0.07,0.08,0.0,0.0,0.29,0.0,0.0,0.23,0.0,0.76,0.0,0.0,0.0,0.0,0.0,0.63,0.07,0.0,0.07,0.0,0.0,0.0,0.0,0.0,1.02,0.0,0.0,0.03,0.0,0.0,0.0,0.0,0.0,0.0,0.0,0.0,0.0,0.0,0.11,0.0,0.0,0.0,0.0,0.0,0.0,0.0,0.0,0.0,0.08,0.0,0.0,0.0,0.06,0.0,0.0,0.0,0.02,0.0,0.05,0.0,0.0,0.0,0.0,0.0,0.0,0.02,0.0,0.0,0.08,0.0,0.0,0.0,0.11,0.0,0.0,0.0,0.0,0.0,0.0,0.0,0.0,0.0,0.0,0.05,0.0,0.0,0.0,0.0,0.0,0.0,0.02,0.0,0.0,0.0,0.0,0.0,0.0,0.0,0.0,0.0,0.0,0.0,0.0,0.0,0.0,0.0,0.0,0.0,0.0,0.0,0.0,0.0,0.0,0.0,0.0,0.0,0.0,0.0
PS,none,73.0,-13.5,HS,77.0,10000.0,20000,60,4,other,sphere,water,7.0,73.0,0.126944444,buffer,1.0,37,1,Neutral,0.95,0.22,10.29,0.56,3.54,0.61,20.11,14.99,0.13,0.59,0.25,0.0,20.29,0.63,0.91,0.0,0.0,1.77,1.01,0.33,0.12,0.05,0.89,0.59,0.0,0.18,0.0,0.0,0.0,2.61,0.08,0.0,0.0,0.0,0.2,0.07,0.0,1.43,0.0,0.0,0.0,0.0,0.0,0.0,0.0,0.0,0.0,0.65,0.0,0.15,2.57,0.0,0.22,1.93,0.04,0.53,0.0,0.0,0.0,0.06,0.07,0.07,0.0,0.0,0.35,0.0,0.0,0.22,0.0,0.94,0.0,0.0,0.0,0.0,0.0,0.44,0.04,0.0,0.04,0.0,0.0,0.0,0.0,0.0,1.12,0.0,0.0,0.04,0.0,0.0,0.0,0.0,0.0,0.0,0.0,0.0,0.0,0.0,0.14,0.0,0.0,0.0,0.0,0.0,0.0,0.0,0.0,0.0,0.09,0.0,0.0,0.0,0.06,0.0,0.0,0.0,0.02,0.0,0.03,0.0,0.0,0.0,0.0,0.0,0.0,0.02,0.0,0.0,0.05,0.0,0.0,0.0,0.11,0.0,0.0,0.0,0.0,0.0,0.0,0.0,0.0,0.0,0.0,0.03,0.0,0.0,0.0,0.0,0.0,0.0,0.02,0.0,0.0,0.0,0.0,0.0,0.0,0.0,0.0,0.0,0.0,0.0,0.0,0.0,0.0,0.0,0.0,0.0,0.0,0.0,0.0,0.0,0.0,0.0,0.0,0.0,0.0,0.0
PS,none,73.0,-13.5,HS,77.0,10000.0,20000,60,4,other,sphere,water,7.0,73.0,0.126944444,buffer,1.0,37,1,Neutral,0.82,0.14,12.9,0.65,1.65,0.6,19.86,16.77,0.15,0.62,0.18,0.0,20.7,0.8,0.58,0.0,0.0,1.94,1.23,0.25,0.09,0.04,0.84,0.42,0.0,0.17,0.0,0.0,0.0,3.02,0.09,0.0,0.0,0.0,0.11,0.06,0.0,1.57,0.0,0.0,0.0,0.0,0.0,0.0,0.0,0.0,0.0,0.71,0.0,0.09,2.3,0.0,0.2,1.7,0.04,0.6,0.0,0.0,0.0,0.04,0.08,0.06,0.0,0.0,0.2015,0.0,0.0,0.16,0.0,0.5,0.0,0.0,0.0,0.0,0.0,0.46,0.04,0.0,0.03,0.0,0.0,0.0,0.0,0.0,1.15,0.0,0.0,0.04,0.0,0.0,0.0,0.0,0.0,0.0,0.0,0.0,0.0,0.0,0.1,0.0,0.0,0.0,0.0,0.0,0.0,0.0,0.0,0.0,0.08,0.0,0.0,0.0,0.06,0.0,0.0,0.0,0.02,0.0,0.04,0.0,0.0,0.0,0.0,0.0,0.0,0.02,0.0,0.0,0.04,0.0,0.0,0.0,0.1,0.0,0.0,0.0,0.0,0.0,0.0,0.0,0.0,0.0,0.0,0.02,0.0,0.0,0.0,0.0,0.0,0.0,0.0,0.0,0.0,0.0,0.0,0.0,0.0,0.0,0.0,0.0,0.0,0.0,0.0,0.0,0.0,0.0,0.0,0.0,0.0,0.0,0.0,0.0,0.0,0.0,0.0,0.0,0.0,0.0
PS,COOH,70.0,-13.5,HS,77.0,10000.0,20000,60,4,other,sphere,water,7.0,70.0,0.126944444,buffer,1.0,37,1,Anionic,0.98,0.65,2.02,0.16,47.74,1.18,6.43,0.35,0.0,0.75,0.77,0.0,5.4,1.11,0.57,0.0,0.0,0.0,1.01,1.66,0.25,0.0,0.48,4.91,0.0,0.26,0.22,0.36,1.45,0.48,0.03,0.0,0.1,0.0,0.63,0.73,0.0,0.43,0.56,0.42,0.13,0.13,0.28,0.0,1.27,0.0,0.08,0.0,0.0,0.93,0.4,0.0,0.17,0.35,0.0,1.05,0.0,0.0,0.0,0.16,0.0,0.0,0.0,0.0,0.0,0.0,1.21,0.0,0.0,0.0,0.0,0.2,0.0,0.11,0.0,0.56,0.47,0.0,0.0,0.08,0.0,0.0,0.0,0.0,0.32,0.0,0.21,0.0,0.0,0.0,0.0,0.0,0.0,0.0,0.0,0.0,0.0,0.0,0.0,0.0,0.0,0.0,0.04,0.0,0.0,0.0,0.0,0.0,0.0,0.0,0.0,0.0,0.0,0.0,0.0,0.0,0.0,0.0,0.0,0.0,0.0,0.0,0.0,0.0,0.0,0.0,0.0,0.0,0.2,0.0,0.0,0.0,0.0,0.0,0.0,0.0,0.0,0.0,0.0,0.0,0.0,0.0,0.04,0.41,0.0,0.0,0.0,0.0,0.0,0.5,0.04,0.0,0.0,0.0,0.0,0.0,0.0,0.0,0.0,0.0,0.0,0.0,0.0,0.0,0.0,0.0,0.0,0.0,0.0,0.0,0.0,0.0,0.0,0.0,0.0,0.0,0.0,0.0
PS,COOH,70.0,-13.5,HS,77.0,10000.0,20000,60,4,other,sphere,water,7.0,70.0,0.126944444,buffer,1.0,37,1,Anionic,0.39,0.29,3.28,2.94,0.69,10.73,21.24,2.09,0.0,2.81,0.03,0.0,23.51,2.63,0.03,0.0,0.02,0.26,0.14,0.18,0.05,0.47,0.02,0.0,0.0,0.19,0.0,1.98,0.0,3.26,0.0,0.0,0.0,0.61,0.09,2.72,0.0,3.1,0.0,0.45,0.0,0.0,0.0,0.03,0.0,0.0,0.1,0.04,0.0,0.02,1.7,0.0,0.08,1.52,0.17,0.0,0.0,0.0,0.04,0.0,0.0,0.12,0.0,0.18,0.12,0.0,0.2,0.27,0.04,0.26,0.0,0.0,0.0,0.0,0.0,1.37,0.0,0.04,0.03,0.26,0.06,0.0,0.0,0.06,0.27,0.13,2.27,0.04,0.0,0.0,0.0,0.15,0.0,0.0,0.0,0.0,0.0,0.0,0.0,0.1,0.0,0.0,0.0,0.02,0.0,0.0,0.4,0.0,0.13,0.0,0.0,0.0,0.08,0.0,0.0,0.02,0.02,0.0,0.0,0.09,0.17,0.0,0.0,0.0,0.0,0.0,0.0,0.0,0.0,0.0,0.0,0.0,0.07,0.0,0.0,0.0,0.0,0.03,0.0,0.0,0.0,0.04,0.0,0.0,0.0,0.0,0.0,0.0,0.16,0.0,0.0,0.0,0.0,0.0,0.0,0.0,0.0,0.37,0.0,0.0,0.0,0.0,0.0,0.0,0.0,0.0,0.0,0.0,0.0,0.0,0.05,0.0,0.0,0.0,0.0,0.0,0.0,0.0
PS,NH2,74.0,-13.5,HS,77.0,10000.0,20000,60,4,other,sphere,water,7.0,74.0,0.126944444,buffer,1.0,37,1,Anionic,0.98,0.55,2.46,0.07,49.31,0.36,5.98,1.34,0.0,0.37,0.91,0.0,5.37,1.14,0.61,0.0,0.0,0.0,1.0,1.47,0.24,0.0,0.68,4.77,0.0,0.2,0.2,0.15,1.32,0.33,0.04,0.0,0.09,0.0,0.67,0.21,0.0,0.43,0.31,0.7,0.14,0.11,0.38,0.0,0.57,0.0,0.07,0.0,0.0,0.81,0.38,0.0,0.12,0.33,0.0,1.17,0.0,0.0,0.0,0.18,0.0,0.0,0.0,0.0,0.0,0.0,1.38,0.0,0.0,0.0,0.0,0.21,0.0,0.1,0.0,0.58,0.37,0.0,0.0,0.01,0.0,0.0,0.0,0.0,0.31,0.0,0.01,0.0,0.0,0.0,0.0,0.0,0.0,0.0,0.0,0.0,0.0,0.0,0.0,0.0,0.0,0.0,0.04,0.0,0.0,0.0,0.0,0.0,0.0,0.0,0.0,0.0,0.0,0.0,0.0,0.0,0.0,0.0,0.0,0.0,0.0,0.0,0.0,0.0,0.0,0.0,0.0,0.0,0.14,0.0,0.0,0.0,0.0,0.0,0.0,0.0,0.0,0.0,0.0,0.0,0.0,0.0,0.04,0.41,0.0,0.0,0.0,0.0,0.0,1.02,0.03,0.0,0.0,0.0,0.0,0.0,0.0,0.0,0.0,0.0,0.0,0.0,0.0,0.0,0.0,0.0,0.0,0.0,0.0,0.0,0.0,0.0,0.0,0.0,0.0,0.0,0.0,0.0
PS,NH2,74.0,-13.5,HS,77.0,10000.0,20000,60,4,other,sphere,water,7.0,74.0,0.126944444,buffer,1.0,37,1,Anionic,1.16,0.28,8.58,0.56,1.31,0.36,22.01,13.76,0.07,0.1,0.05,0.0,26.76,3.22,0.03,0.0,0.0,0.85,0.11,0.18,0.05,0.11,0.31,0.02,0.01,0.14,0.0,0.04,0.0,0.06,0.05,0.0,0.06,0.11,0.17,0.05,0.0,3.04,0.04,0.0,0.01,0.0,0.0,0.0,0.0,0.0,0.0,0.27,0.0,0.03,1.65,0.0,0.07,1.78,0.09,0.07,0.0,0.0,0.0,0.04,0.04,0.1,0.0,0.0,0.09,0.04,0.0,0.36,0.0,0.16,0.02,0.0,0.0,0.0,0.0,0.92,0.02,0.0,0.11,0.0,0.01,0.0,0.0,0.05,0.21,0.0,0.06,0.01,0.04,0.0,0.01,0.02,0.0,0.0,0.0,0.0,0.0,0.03,0.04,0.07,0.0,0.0,0.02,0.24,0.02,0.0,0.0,0.0,0.01,0.0,0.0,0.0,0.2,0.0,0.0,0.02,0.03,0.0,0.02,0.02,0.04,0.0,0.0,0.0,0.0,0.01,0.0,0.0,0.03,0.01,0.0,0.0,0.22,0.03,0.0,0.0,0.0,0.0,0.0,0.0,0.0,0.0,0.0,0.04,0.02,0.0,0.0,0.0,0.0,0.0,0.0,0.0,0.0,0.0,0.01,0.0,0.0,0.0,0.0,0.0,0.02,0.0,0.0,0.0,0.0,0.0,0.0,0.0,0.0,0.06,0.0,0.0,0.0,0.0,0.0,0.0,0.0,0.0
