np_without_modification,surface_modification,size_tem,zeta_potential,incubation_protein_source,incubation_plasma_concentration,incubation_np_concentration,centrifugation_speed,centrifugation_time,centrifugation_temperature,np_type,np_shape,dispersion_medium,dispersion_medium_ph,size_dls,pdi,incubation_culture,incubation_time,incubation_temperature,centrifugation_repetitions,modification_type,P01871,P01024,P02647,P02649,P02768,P04004,P01834,P10909,P02652,P00734,P01009,P01042,P01857,P01859,P01023,P01619,P04196,P02656,P04114,P02787,P02766,P06396,P06727,P0C0L5,P02671,P08603,P02765,Q14624,P0DOY2,P01008,P68871,P01764,P04003,P0C0L4,P01876,P02749,P02675,P01860,P01011,P00747,P02774,P00751,P19823,P08697,P19827,P69905,P02760,P02748,P02679,P02790,B9A064,P07996,P05155,P01766,P12259,P00738,P02751,P02654,P04406,P00739,P02655,P00736,P07225,P05154,P09871,P60709,P03952,P02747,P05546,P02746,P27169,P01019,P35542,P04217,Q14520,P02743,P02763,P49908,O43866,P18428,P55056,P04264,P00748,P01591,P01861,Q92954,P02776,P0DJI8,P01031,P05156,P13671,Q03591,P06312,P00740,P01615,P00742,P04070,O14791,P05090,P02745,P00488,Q13103,P01877,P01700,P10643,Q9UK55,P03951,Q06033,Q96IY4,P13645,P04433,P07358,P27918,P05452,P20851,P07357,P07360,P01599,O95445,Q9BXR6,P02775,P02741,P35579,P15169,Q13790,P35858,P49747,P36955,P19652,P07737,P22891,P35908,P80748,P08514,P01593,Q04756,P06733,P23528,P63104,P18065,P08519,Q86UX7,P02753,Q5TB80,P22352,P00746,P35443,P62937,P10720,P48740,P25311,P43652,P35527,Q9Y490,P05106,P17936,P18206,P02788,P06702,P01701,Q6Q788,Q96PD5,Q9UGM5,O00391,P11142,P14618,P23142,P68366,P12814,P61224,Q13201,P67936,P0DOY3,P08709,P01034,P81605,P02533,P11226
PS,PEG,119,8,HP,80,822.2696,20000,60,25,other,sphere,water,7,119,2.5,water,1,37,1,Neutral,0.627216539,0.328085847,0.925258691,0.1428164,28.29049204,10.7819851,2.739201143,3.296315729,0,0.020899961,0.242744339,0.057692601,3.013077715,0.768291276,0.131495588,0.07249674,0.007184362,1.048916794,0,0.105370637,0.294341118,0.028084323,0.287156756,0,8.850915788,0.327650431,0,0.13867995,0,0.052032195,0,0.01153852,0.096226904,0,0.362265991,0.735852795,16.08012523,0.26255576,0,0.182656951,0.227722492,0,0,0,0,0,0.006966654,0,16.05269403,0.089477958,0,0,0,0.050072823,0,0.054209274,0.575837468,0,0,0.00522499,0,0.223150626,0,0,0.216837096,0,0,0.375328467,0,0.353775382,0,0,0,0,0.222279794,0.09448524,0,0,0.006095822,0.009796857,0,0,0,0,0.201162125,0,0,0.058345725,0,0,0,0,0,0,0,0,0,0,0,0.036574932,0.074020695,0,0.004354159,0,0,0,0,0,0,0,0,0,0,0,0,0,0,0,0,0,0,0,0,0,0,0.003265619,0,0,0,0,0,0,0,0,0.012844768,0,0,0,0,0,0,0,0,0,0,0,0,0,0,0,0,0,0,0,0,0,0,0,0,0,0,0,0,0,0,0,0,0,0,0,0,0,0,0,0,0,0,0
PS,PEG,117,14,HP,80,836.3325,20000,60,25,other,sphere,water,7,117,2.5,water,1,37,1,Neutral,1.545294627,0.89996404,17.11826849,1.319817675,2.68822952,5.667538122,2.470527636,33.97315658,0.397014374,0,0.179798431,0,1.293576823,1.17889458,0,0.303227625,0,5.317174152,0.111766592,0,0.242484912,0.0058313,1.909750906,0.067545897,1.873305278,0.093786749,0,0.064144305,0,0.019437668,0,0,0.110308767,0.084553857,0.376604822,0.212842467,3.120717639,0.311974576,0,0,0.037417511,0,0.028184619,0,0,0,0.011176659,0.103991525,2.965702234,0,0,0,0.018951727,0.155987288,0,0,3.086215778,0,0,0.050051996,0.276014889,0.878582605,0,0,0.676916797,0.103991525,0,2.42047564,0,2.314054406,0.006803184,0,0.022353318,0,0,0,0,0,0.069489664,0.004373475,0.109822826,0.114682243,0,0.01700796,0.027698677,0,0,0.060256772,0,0,0,0,0,0,0.026726794,0,0,0.016036076,0.032558094,0.740575161,0,0,0.016036076,0,0,0,0,0,0,0.014092309,0,0,0.197292333,0,0,0,0.003401592,0,0,0,0,0,0,0,0,0.040819103,0,0,0,0.003887534,0,0,0,0,0,0,0,0,0,0,0,0,0,0,0,0,0,0,0,0,0,0,0.009718834,0,0,0,0,0,0,0,0.008261009,0,0,0,0,0,0,0,0,0,0,0,0,0,0,0,0,0
PS,NH2,106,46,HP,80,923.114,20000,60,25,other,sphere,water,7,106,2.5,water,1,37,1,Anionic,2.35222229,0.99917407,12.28151461,0.682903245,0.428409312,3.92753302,2.637604668,52.29951049,0.053047548,0,0.073863675,0,1.269112226,1.116012973,0.014101247,0.43243824,0.004700416,4.533886639,0.040960765,0.004028928,0.3176138,0,1.038791859,0.096022777,1.249639075,0.07520665,0,0.020144639,0,0.034917373,0,0,0.118181879,0.055062012,0.364617957,0.089307897,2.000362603,0.349173734,0,0,0,0,0.068491771,0,0,0,0,0.05909094,2.064825447,0,0,0,0.087964921,0.215547632,0,0,2.761829939,0,0,0.059762428,0.235692271,0.756095432,0,0,0.637242065,0.076549626,0,0.78295495,0,1.065651377,0,0,0,0,0,0.004028928,0,0,0.119524855,0,0,0.122210807,0,0.092665337,0,0,0,0.038946301,0,0,0,0,0,0,0.166529012,0,0,0,0.05237606,0.201446385,0,0,0.015444223,0,0,0,0,0,0,0.008057855,0,0,0.157799668,0,0,0,0,0,0,0,0,0,0,0,0,0.00335744,0,0,0,0,0,0.023502078,0,0,0,0,0,0,0,0,0,0,0,0,0,0,0,0,0,0,0,0,0.036931837,0,0,0,0,0,0,0,0,0,0,0,0,0,0,0,0,0,0,0,0,0,0,0,0,0
PS,PEEP,122,-10,HP,80,802.0499,20000,60,25,other,sphere,water,7,122,2.5,water,1,37,1,Neutral,1.312711522,0.372115239,0.95366012,0.472951733,0.088385024,1.502137162,1.137982699,76.77188499,0.264338582,0,0.110838494,0,0.527248307,0.119819882,0,0.09389633,0,1.712791538,0.068993391,0,0.02163698,0,1.794236398,0.050214124,0.106551923,0.059399635,0,0.020004001,0,0,0,0,0.132271352,0.063686207,0.158194904,0.073688207,0.164726823,0.224534703,0,0,0,0,0,0,0,0,0,0.042865716,0.193303967,0,0,0,0.028577144,0.041640981,0,0,1.945491139,0,0,0.025515307,0.416001568,0.536433817,0,0,0.446211691,0.020820491,0,0.967132202,0,1.220039926,0.044090451,0,0.174320578,0,0,1.753411907,0,0,0.041640981,0,0.153295965,0.070830493,0,0.019595756,0.002041225,0,0,0.009797878,0,0,0.031434858,0,0,0,0.037762655,0,0,0.087976779,1.448861201,0.339863891,0,0,0,0,0.003470082,0,0,0,0,0.002449469,0,0,0.078383024,0,0,0,0.004898939,0,0.009185511,0,0,0,0,0,0,0.103285963,0,0,0,0,0,0.005715429,0,0,0,0,0,0,0,0,0,0,0,0,0,0,0,0,0,0,0,0,0.010206123,0,0,0,0,0,0,0,0.018779266,0,0,0,0,0,0,0,0,0,0,0,0,0,0,0,0,0
PS,PEEP,117,-9,HP,80,836.3255,20000,60,25,other,sphere,water,7,117,2.5,water,1,37,1,Neutral,1.393706453,0.349449972,0.339324109,0.337816002,0.079498791,0.862637292,1.083682711,77.12201449,0.376595901,0,0.092425424,0,0.550243667,0.122372123,0,0.091779092,0,1.265301902,0.035763684,0,0,0,1.490225311,0.05666174,0.099319628,0.079714235,0,0.005816985,0,0,0,0,0.072389143,0.06053973,0.183342741,0.041580669,0.128404552,0.236988267,0,0,0,0,0,0,0,0,0,0.039641674,0.166107231,0,0.083161337,0,0.027361373,0.062694169,0,0,2.391211613,0,0,0.018743617,0.412144141,0.582991137,0,0,0.455232916,0.06053973,0,1.696835991,0,1.762761818,0.042442444,0,0.168908001,0,0,0.004955209,0,0,0.045027771,0,0.165460899,0.014865628,0,0.014003852,0,0,0,0.004955209,0,0,0,0,0,0,0.037487235,0,0,0.280938818,1.59234571,0.641376428,0,0,0.016589179,0,0,0,0,0,0,0.003662546,0,0.003231658,0.091132761,0,0,0,0.006463316,0,0.016373735,0,0,0,0,0,0,0.108368271,0,0,0,0,0,0,0,0,0.004524321,0,0,0,0,0,0,0,0,0,0,0,0,0,0,0,0,0,0,0,0,0,0,0,0,0,0.013142077,0,0,0,0,0,0,0,0,0,0,0,0,0,0,0,0,0
ADM70,none,114,29.8,HS,50,500,14000,15,3,liposome,sphere,plasma,7.4,114,0.21,water,1,37,1,Anionic,0.87,2.37,4.08,3.07,2.64,4.98,4.1,1.25,2.7,9.33,0,0,1.42,1.03,0,0,0,0,0,0,0,0,3.2,4.68,1.39,0,0,0,1.1,0,0,0,7.3,4.36,0,0,0,0,0,0,0,0,0,0,0,0,0,0,0,0,0,0,0,0,0,0,0,0,0,0,0,0,2.01,0,0,0,0,0,0,1.12,1.37,0,0,0,1.36,0,0,0,0,0,0,0,0,0,0,0,0,0,0,0,0,0,0,0.94,0,0,0,0,0,0,0,0,0,0,0,0,0,0,0,0,0,0,0,0,1.57,0,0,0,0,0,0,0,0,0,0,0,0,0,0,0,0,0,0,0,0,0,0,0,0,0,0,0,0,0,0,0,0,0,0,0,0,0,0,0,0,0,0,0,0,0,0,0,0,0,0,0,0,0,0,0,0,0,0,0,0,0,0,0
ADM105,none,149,31.7,HS,50,500,14000,15,3,liposome,sphere,plasma,7.4,149,0.41,water,1,37,1,Anionic,1.92,1.63,3.63,2.7,5.7,5.37,2.8,2.02,1.92,13.18,0,0,1.37,0,0,0,0,1.68,0,0,0,0,3.57,3.61,1.4,0,0,0,0.93,0,0.86,0,7.02,3.48,0,0,0.91,0,0,0,0,0,0,0,0,0,0,0,0,0,0,0,0,0,0,0,0,0,0,0,0,0,2.4,0,0,0,0,0,0,0,0,0,0,0,1.68,0,0,0,0,0,0,0,0,0,0,0,0,0,0,0,0,0,0,0.92,0,0,0,0,0,0,0,0,0,0,0,0,0,0,0,0,0,0,0,0,1.59,0,0,0,0,0,0,0,0,0,0,0,0,0,0,0,0,0,0,0,0,0,0,0,0,0,0,0,0,0,0,0,0,0,0,0,0,0,0,0,0,0,0,0,0,0,0,0,0,0,0,0,0,0,0,0,0,0,0,0,0,0,0,0
ADM105,pDNA,191,-16.3,HS,50,500,14000,15,3,liposome,sphere,plasma,7.4,191,0.64,water,1,37,1,Anionic,0.68,1.57,4.85,1.97,4.89,5.34,4.66,1.54,3.5,9.58,0,0,1.19,0.79,0,0,0,0.82,0,0,0,0,4.11,3.44,1.65,0,0,0,2.11,0,0,0,4.92,3.16,0,0,0.84,0.83,0,0,0,0,0,0,0,0,0,0,0,0,0,0,0,0,0,0,0,0,0,0,0,0,0.91,0,0,0,0,0,0,0,0.65,0,0,0,0.84,0,0,0,0,0,0,0,0,0,0,0,0,0,0,0,0,0,0,0,0,0,0,0,0,0,0,0,0,0,0,0,0,0,0,0,0,0,0,0,0.77,0,0,0,0,0,0,0,0,0,0,0,0,0,0,0,0,0,0,0,0,0,0,0,0,0,0,0,0,0,0,0,0,0,0,0,0,0,0,0,0,0,0,0,0,0,0,0,0,0,0,0,0,0,0,0,0,0,0,0,0,0,0,0
ADM70,pDNA,153,-17.4,HS,50,500,14000,15,3,liposome,sphere,plasma,7.4,153,0.34,water,1,37,1,Anionic,0,3.84,2.82,2.14,3.37,4.87,2.94,0.92,1.42,12.65,0,0,1.23,0,0,0,0,2.16,0,0,0,0,2.68,4.98,0.66,0.67,0,0,1.61,0,0,0,6.54,4.84,0,0,2.49,0,0,0,0,0,0,0,0,0,0.84,0,1.16,0,0,0,0,0,0,0,0,0,0,0,0,0,2.22,0,0,0,0,0,0,0,0,0,0,0,1.77,0,0,0,0,0,0,0,0,0,0,0,0,0,0,0,0,0,0,0.66,0,0,0,0,0,0,0,0,0,0,0,0,0,0,0,0,0,0,0,0,1.9,0,0,0,0,0,0,0,0,0,0,0,0,0,0,0,0,0,0,0,0,0,0,0,0,0,0,0,0,0,0,0,0,0,0,0,0,0,0,0,0,0,0,0,0,0,0,0,0,0,0,0,0,0,0,0,0,0,0,0,0,0,0,0
PS,COOH,40,-43.5,HP,10,40,250,3,25,other,sphere,PBS,7.4,73.7,0.06,buffer,1,25,1,Anionic,3.2446269,0.3799306,1.3819722,3.8981574,4.8598362,3.4837138,1.8593206,0.2297801,0,0,0.1358354,11.7692691,0.8439808,0.265254,0,0,32.8407316,0,0.5479104,0.3295248,0,0.0814874,0,0,0.52807,0.1962618,0,3.0956702,0,0,0,0,0.2273007,0.2667553,0.2697579,0,0.7718863,0,0,0.679939,0,0,0,0,0,0,1.0743974,0,0.86271,0,0,0,0.679114,0.7199598,0,0,0.0410947,0,0,0,0,0,0,3.6394848,0,0.2433764,3.2913118,0,0,0.5939523,0,0,0,0,0,0,0,0.1433308,0,0.1189217,0,4.3066237,0,0,0,0,0,0,0,0,0,0,0,0,0,0,0,0,0,0,0,0,0,0,0,0,1.1953017,0,0,2.3849152,0,0,0,0,0,0,0,0,0,0,0,0,0,0,0,0,0,0,0,0,0,2.2799809,0,0,0,0.3143667,0,0,0,0,0,0,0,0,0,0,0,0,0,0,0,0,1.9536684,0,0,0,0,0,0,0,0,0,0,0,0,0,0,0,0,0,0,0,0,0,0,0,0.2093097,0
PS,COOH,40,-43.5,HP,25,40,250,3,25,other,sphere,PBS,7.4,73.7,0.06,buffer,1,25,1,Anionic,6.07,0.27,0.06,1.39,0.89,1.47,0.24,0.05,0,0,0,9.01,0,0,0,0.09,43.4,0,3.82,0,0,0,0,0,0.63,0.24,0,1.06,0,0,0,0,0.09,0.44,0.44,0,0.33,0,0,1.29,0,0,0,0,0,0,0.06,0,0.76,0,0,0,0.06,0.15,0,0,0.41,0,0,0,0,0,0,0.9,0,0.42,3.38,0.09,0,0.14,0,0,0,0,0,0,0,0.13,0,0,0,6.23,0,0,0,0,0,0,0,0,0,0,0.15,0,0,0,0,0,0,0,0,0,0,0,0,0,1.23,0,0,5.96,0.09,0,0,0,0,0,0,0,0,0,0,0,0,0,0,0,0,0,0,0,0,3.8,0,0,0.05,0.06,0,0,0,0,1.08,0,0,0,0,0,0,0,0,0,0,0,1.44,0,0,0,0,0,0,0,0,0,0,0,0,0,0,0,0,0,0,0,0,0,0,0,0.17,0
PS,COOH,40,-43.5,HP,55,40,250,3,25,other,sphere,PBS,7.4,73.7,0.06,buffer,1,25,1,Anionic,8.4423039,0.1489602,0.1471183,2.8564419,1.0960737,1.4467027,2.7834084,0,0,0,0,6.7533681,0,0,0,0.4427929,35.9973273,0,1.1685881,0,0,0,0,0,0.3001983,0.6651419,0,0.3317689,0,0,0,0.604266,0.4554189,0.269509,0,0,0.0348291,0,0,0.601628,0,0,0,0,0,0,0,0,1.7993991,0,0,0,0,0.4940457,0,0,0.4439008,0,0,0,0,0,0,0.7824506,0,0.4436291,1.2073623,0.2835582,0,1.8832076,0,0,0,0,0,0,0,0.0581118,0,0,0,7.5407207,0,0.2427572,0,0,0,0,0,0,0,0,1.3483916,0,0,0,0,0,0,0,0,0,0,0,0,0,1.2923229,0,0,6.6342644,0.081992,0,0,0,0,0,0,0,0,0,0,0,0.0335622,0,0,0,0,0,0,0,0,3.5632194,0,0.1812574,0,0,0,0,0,0,0.2161169,0,0,0,0,0,0,0,0,0,0,0,1.2351914,0,0,0,0,0,0,0,0,0,0,0,0,0,0,0,0,0,0,0,0,0,0,0,0.7128987,0
PS,COOH,40,-43.5,HP,75,40,250,3,25,other,sphere,PBS,7.4,73.7,0.06,buffer,1,25,1,Anionic,6.57,0.44,0.24,1.63,1.2,1.24,0.51,0,0,0,0,7.67,0,0,0,0.36,33.85,0,9.51,0,0,0,0,0,0.45,0.19,0,0.27,0,0,0,0.12,0.3,0.82,0,0,0.17,0,0,0.86,0,0,0,0,0,0,0,0,0.38,0,0,0,0,0.24,0,0,1.84,0,0,0,0,0,0,0.33,0,0.32,1.36,0.3,0,0.35,0,0,0,0,0,0,0,0.13,0,0,0,7.86,0,0.19,0,0,0,0,0,0,0,0,0.27,0,0,0,0,0,0,0,0,0,0,0,0,0,1.43,0,0,6.16,0.18,0,0,0,0,0,0,0,0,0,0,0,0.12,0,0,0,0,0,0,0,0,3.68,0,0.16,0,0,0,0,0,0,1.71,0,0,0,0,0,0,0,0,0,0,0,1.21,0,0,0,0,0,0,0,0,0,0,0,0,0,0,0,0,0,0,0,0,0,0,0,0.29,0
PS,COOH,100,-53.2,HP,10,5,250,3,25,other,sphere,PBS,7.4,116.3,0.05,buffer,1,25,1,Anionic,0.12,0,0.25,0,1.13,38.75,0,0.13,0,0,0,10.61,0,0.11,0,0,17.57,0,0.05,0,0,0.69,0.24,0,0.82,0,0,4.39,0,0,0,0,0,0,0,0.35,3,0,0,0.02,0,0,0,0,0,0,0.5,0,0.87,0,0,0,0,0,0,0,0,0,0,0,0,0,0,1.12,0,0.62,9.98,0,0,0,0,0,0,0,0,0,0,0,0,0,0,1.22,0,0,0,0,0,0,0,0,0,0,0,0,0,0,0,0,0,0,0,0,0,0,0,0,2.18,0,0,0.08,0,0,0,0,0,0,0,0,0,0,0,0,0,0,0,0,0,0,0,0,0,0.17,0,0,0,3.11,0,0,0,0,0,0,0,0,0,0,0,0,0,0,0,0,0,0,0,0,0,0,0,0,0,0,0,0,0,0,0,0,0,0,0,0,0,0,0,0,0,0
PS,OSO3,100,-61.2,HP,10,1,250,3,25,other,sphere,PBS,7.4,130,0.09,buffer,1,25,1,Anionic,0,0.03,0.31,0.09,6.04,0.22,0,0.53,0,0,0,0.12,1.27,0,0,0.04,0.62,0,0,0,0,0,0.04,0,26.81,0,0,0.76,0,0,0,0,0,0,0,0,17.46,0,0,0,0,0,0,0,0,0,0,0,25.6,0,0,0,0,0,0,0,0,0,0,0,0,0,0,0,0,0,0,0,0,0,0,0,0,0,0,0,0,0,0,0,0,6.02,0,0,0,0,0,0,0,0,0,0,0,0,0,0,0,0,0,0,0,0,0,0,0,0,0,0,0,8.26,0,0,0,0,0,0,0,0,0,0,0,0,0,0,0,0,0,0,0,0,0,3.91,0,0,0,0,0,0,0,0,0,0,0,0,0,0,0,0,0,0,0,0,1.77,0,0,0,0,0,0,0,0,0,0,0,0,0,0,0,0,0,0,0,0,0,0,0,0,0
zeolite,none,13,-35,HP,10,100,10000,20,25,other,sheet,water,7.5,12,0.126944444,water,1,25,5,Neutral,2.7,2.85,4.32,0,7.29,0.98,0,0,0,0,0,0.74,8.11,0,0,13.58,0.45,0,0.62,0,0,0,0,0.97,7.01,1.91,0,0,0,0,0,0.01,1.19,0.97,4.95,2.09,6.66,5.8,0,0,0,0.93,0,0,0,0,0,0,7.75,0,5.77,0,0,2.01,0,1.18,0.71,0,0,0,0,0,0,0,0,0,0,1.03,0,0,0,0,0,0,0,0,0,0,0,0,0,0,0,0,0,0,0,0,0,0,0,2.12,0,0,0,0,0,0,0,0,0,0,0,0,0,0,0,0,0,0,2.12,0.79,0,0,0,0,2.39,0,0,0,0,0,0,0,0,0,0,0,0,0,0,0,0,0,0,0,0,0,0,0,0,0,0,0,0,0,0,0,0,0,0,0,0,0,0,0,0,0,0,0,0,0,0,0,0,0,0,0,0,0,0,0,0,0,0,0,0,0
zeolite,none,13,-35,HP,10,100,10000,20,25,other,sheet,water,7.5,12,0.126944444,water,1,25,5,Neutral,2.86,1.32,1.85,0,2.73,1.05,4.9,0.36,0,0,0,0,3.15,0,0,16.11,0.32,0,0.29,0,0,0.22,0,0.59,2.8,0.41,0,0,6.74,0,0,0.05,0,0.59,1.51,0,5.09,0,0,0.21,0,0,0,0,0,0,0,0,4.42,0,0,0,0,2.87,0,0,0.22,0,0,0,0,0,0,0,0,0,0,0,0,0,0,0,0,0,0,0,0,0,0,0,0,0,0,0,0,0,0,0,0,0,0,0,0,0,0,0,0,0,0,0,0,0,0,3.21,0,0,0,0,0,0,0,0.28,0,0,0,0,0,0,0,0,0,0,0,0,0,0.29,0,0,0,0,0,0,0,0,19.2,0,0,0,0,0,0,0,0,0,0,0,0,0,0,0,0,0,0,0,0,0,0,0,0,0,0,0,0,0,0,0,0,0,0,0,0,0,0,0,0,0,0,0
zeolite,none,13,-35,HP,10,100,10000,20,25,other,sheet,water,7.5,12,0.126944444,water,1,25,5,Neutral,2.6,1.06,0,0,2.01,1.1,6.85,0,0,0,0,0,1.65,0,0,16.89,0,0,0.19,0,0,0,0,0.52,3.14,0.43,0,0,10.59,0,0,0.03,1.19,0.52,0.53,0,4.62,0,0,0,0,0,0,0,0,0,0,0,3.09,0,0,0,0,0,0,0,0.08,0,0,0.51,0,0,0,0,0,0,0.28,0,0,0,0,0,0,0,0,0,0,0,0,0,0,0,0,0,0,0,0,0,0,0,0,0,0,0,0,0,0,0,0,0,0,0,0.54,0,0,0,0,0,0,0,0,0.3,0,0,0,0,0,0,0,0,0,0,0,0,0,0.3,0,0,0,0,0,0,0,0,20.15,0,0,0,0,0,0,0,0,0,0,0,0,0,0,0,0,0,0,0,0,0,0,0,0,0,0,0,0,0,0,0,0,0,0,0,0,0,0,0,0,0,0,0
zeolite,none,13,-35,HP,10,100,10000,20,25,other,sphere,water,7.5,13,0.126944444,water,1,25,5,Neutral,1.66,2.43,4.93,1.62,4.21,1.08,6.03,0,4.18,0,0,0,3.88,1.63,0,7.95,0.39,0,0.43,0.46,0,0.55,1.8,0.73,4.3,0.59,0,0.11,4.15,0.67,0,0.01,0.87,0.73,1.55,0.31,2.92,1.98,0,0.39,0,0.96,0.22,0,0.35,0,0,0.55,4.08,0,1.01,0,0,0.88,0,0,0.27,1.25,0,0,0,0,0,0,0.31,0,0,0,0,0,0,0,0,0,0,0,0,0,0,0,0,0,0,0,0,0,0,0,0,0,0,0,0,0,0.93,0,0,0,0,0,0,0,0,4.95,0,0,0,0,0,0,0.93,0,0,0,0,0,0,1.98,0,0,0,0,0,0,0,0.18,0,0,0,0,0,0,2.94,0,5.92,0,0,0,0,0,0,0,0,0,0,0,0,0,0,0,0,0,0,0,0,0,0,0,0,0,0,0,0,0,0,0,0.3,0,0,0,0,0,0,0,0,0,0,0
zeolite,none,13,-35,HP,10,100,10000,20,25,other,sphere,water,7.5,13,0.126944444,water,1,25,5,Neutral,1.59,2.31,5.96,2.17,3.21,0.96,4.51,0,4.69,0,0,0.36,3.99,1.82,0.08,6.68,0.44,0,0.28,0,0.82,0.92,0.58,0.61,5.1,0.66,0,0,4.64,0,0,0.04,0.78,0.61,1.74,0.34,3.04,2.22,0,0.72,0,1.23,0.25,0,0,0,0,0.21,3.81,0,1.14,0,0,0.99,0,0,0.15,0,0,0.34,0,0,0,0,0,0,0,0,0,0.98,0,0,0,0,0,0,0,0,0,0,0,0,0,0.72,0,0,0,0,0.14,0.2,0,0,1.04,0,1.04,0,0,0,0,0,0,0,0,5.55,0,0,0,0,0,0,1.04,0,0,0,0,0.2,0,2.22,0,0,0,0,0,0,0,0.2,0,0,0,0,0,0,2.19,0,5.53,0,0,0,0,0,0,0,0,0,0,0,0,0,0,0,0,0,0,0,0,0,0,0,0,0,0,0,0,0,0,0,0,0,0,0,0,0,0,0,0,0,0,0
zeolite,none,13,-35,HP,10,100,10000,20,25,other,sphere,water,7.5,13,0.126944444,water,1,25,5,Neutral,2.13,1.89,5.12,2.54,4.16,1.21,5.65,0.75,4.7,0,0,0,4,1.83,0.08,6.69,0.22,0,0.26,0.51,0.83,0.46,0.87,0.55,4.7,0.85,0,0,4.65,0,0,0.04,0.98,0.55,1.39,0.34,3.29,2.23,0,0.58,0,1.07,0,0,0.26,0,0,0.21,4.33,0,1.71,0,0,0.99,0,0.29,0.25,0,0,0,0,0,0,0,0.51,0,0,0,0,0.98,0,0,0,0,0,0,0,0,0,0,0,0,0,0.73,0,0,0,0,0,0,0,0,0,0,1.05,0,0,0,0,0,0,0,0,3.34,0,0,0,0,0,0,0,0,0,0,0,0.2,0,2.22,0,0,0,0,0,0,0,0.2,0,0,0,0,0,0,0,0,5.54,0,0,0,0,0,0,0,0,0,0,0,0,0,0,0,0,0,0,0,0,0,0,0,0,0,0,0,0,0,0,0,0,0,0,0,0,0,0,0,0,0,0,0
zeolite,none,13,-35,HP,10,100,10000,20,25,other,sphere,water,7.5,13,0.126944444,water,1,25,5,Neutral,2.62,2.76,1.05,0,3.73,0.6,13.91,0.62,0,0,0,0.45,3.58,0,0,0,0,0,0.44,0,0,1.13,0.71,0.5,3.74,0,0,0,5.74,0,0,0.09,0,0,0,0,2.31,0,0,0.36,0,0.38,0,0,0.64,0,0,0,6.9,0,1.4,0,0,2.44,0,0,0.12,0,0,0,0,0,0,0,0,0,0,0,0,2.42,0,0,0,0,0,0,0,0,0,0,0,0,0,0,0,0,0,0,0,0,0,0,0,0,0,0,0,0,0,0,0,0,0,0,0,0,0,0,0,0,0,0,0,0,0,0,0,5.46,0,0,0,0,0,0,0,0,0,0,0,0,0,0,2.71,0,13.64,0,0,0,0,0,0,0,0,0,0,0,0,0,0,0,0,0,0,0,0,0,0,0,0,0,0,0,0,0,0,0,0,0,0,0,0,0,0,0,0,0,0,0
zeolite,none,13,-35,HP,100,100,10000,20,25,other,sheet,water,7.5,12,0.126944444,water,1,25,5,Neutral,0,8.82,0,0,7.93,0,0,0,0,0,0,0,0,0,0,0,0,0,0,0,0,0,0,0,40.54,0,0,0,0,0,0,0,0,0,0,0,0,0,0,0,0,0,0,0,0,0,0,0,42.71,0,0,0,0,0,0,0,0,0,0,0,0,0,0,0,0,0,0,0,0,0,0,0,0,0,0,0,0,0,0,0,0,0,0,0,0,0,0,0,0,0,0,0,0,0,0,0,0,0,0,0,0,0,0,0,0,0,0,0,0,0,0,0,0,0,0,0,0,0,0,0,0,0,0,0,0,0,0,0,0,0,0,0,0,0,0,0,0,0,0,0,0,0,0,0,0,0,0,0,0,0,0,0,0,0,0,0,0,0,0,0,0,0,0,0,0,0,0,0,0,0,0,0,0,0,0,0,0,0
zeolite,none,13,-35,HP,100,100,10000,20,25,other,sheet,water,7.5,12,0.126944444,water,1,25,5,Neutral,0,4.2,0,0,0,0,0,0,0,0,0,0,0,0,0,0,0,0,0,0,0,0,0,0,37.22,0,0,0,0,0,0,0,0,0,0,0,28.09,0,0,0,0,0,0,0,0,0,0,0,30.5,0,0,0,0,0,0,0,0,0,0,0,0,0,0,0,0,0,0,0,0,0,0,0,0,0,0,0,0,0,0,0,0,0,0,0,0,0,0,0,0,0,0,0,0,0,0,0,0,0,0,0,0,0,0,0,0,0,0,0,0,0,0,0,0,0,0,0,0,0,0,0,0,0,0,0,0,0,0,0,0,0,0,0,0,0,0,0,0,0,0,0,0,0,0,0,0,0,0,0,0,0,0,0,0,0,0,0,0,0,0,0,0,0,0,0,0,0,0,0,0,0,0,0,0,0,0,0,0,0
zeolite,none,13,-35,HP,100,100,10000,20,25,other,sheet,water,7.5,12,0.126944444,water,1,25,5,Neutral,0,2.42,22.04,0,0,0,0,0,20.24,0,0,0,0,0,0,0,0,0,0,0,0,0,4.98,0,21.43,0,0,0,0,0,0,0,0,0,0,0,16.17,0,0,0,0,0,0,0,0,0,0,0,8.78,0,0,0,0,0,0,0,0,0,0,0,0,0,0,0,0,0,0,0,0,0,0,0,0,0,0,0,0,0,0,0,0,0,0,0,0,0,0,0,0,0,0,0,0,0,0,0,0,0,0,0,0,0,0,0,0,0,0,0,0,0,0,0,0,0,0,0,0,0,0,0,0,0,0,0,0,0,0,0,0,0,0,0,0,0,0,0,0,0,0,0,0,0,0,0,0,0,0,0,0,0,0,0,0,0,0,0,0,0,0,0,0,0,0,0,0,0,0,0,0,0,0,0,0,0,0,0,0,0
zeolite,none,13,-35,HP,100,100,10000,20,25,other,sheet,water,7.5,12,0.126944444,water,1,25,5,Neutral,0,2.86,17.39,0,0,0,0,0,23.95,0,0,3.72,0,0,0,0,0,0,0,0,0,0,0,0,22.55,0,0,0,0,0,0,0,0,0,0,0,19.14,0,0,0,0,0,0,0,0,0,0,0,10.39,0,0,0,0,0,0,0,0,0,0,0,0,0,0,0,0,0,0,0,0,0,0,0,0,0,0,0,0,0,0,0,0,0,0,0,0,0,0,0,0,0,0,0,0,0,0,0,0,0,0,0,0,0,0,0,0,0,0,0,0,0,0,0,0,0,0,0,0,0,0,0,0,0,0,0,0,0,0,0,0,0,0,0,0,0,0,0,0,0,0,0,0,0,0,0,0,0,0,0,0,0,0,0,0,0,0,0,0,0,0,0,0,0,0,0,0,0,0,0,0,0,0,0,0,0,0,0,0,0
zeolite,none,13,-35,HP,100,100,10000,20,25,other,sphere,water,7.5,13,0.126944444,water,1,25,5,Neutral,3.627,2.227,0,6.917,4.807,6.14,0,0,0,0,0,0,0,0,0,0,0,0,0,0,0,5.836,0,0,17.554,0.599,0,0,0,0,0,0,0,0,0,0,22.357,0,0,0,0,0,0,0,0,0,0,0,24.274,0,0,0,0,0,0,0,0,0,0,0,0,0,0,0,0,0,0,0,0,0,0,0,5.653,0,0,0,0,0.008,0,0,0,0,0,0,0,0,0,0,0,0,0,0,0,0,0,0,0,0,0,0,0,0,0,0,0,0,0,0,0,0,0,0,0,0,0,0,0,0,0,0,0,0,0,0,0,0,0,0,0,0,0,0,0,0,0,0,0,0,0,0,0,0,0,0,0,0,0,0,0,0,0,0,0,0,0,0,0,0,0,0,0,0,0,0,0,0,0,0,0,0,0,0,0,0,0,0,0,0
zeolite,none,13,-35,HP,100,100,10000,20,25,other,sphere,water,7.5,13,0.126944444,water,1,25,5,Neutral,0,4.519,0,5.848,4.572,1.947,0,0,0,0,0,0,2.928,0,0,0,0,0,0.41,0,0,4.934,0,0,14.47,0,0,0,0,0,0,0,0,0,0,0,30.243,2.56,0,0,0,0,0,0,0,0,0,0,24.627,0,0,0,0,0,0,0,0,0,0,0,0,0,0,0,0,0,0,0,0,0,0,0,0,0,0,0,0,0,0,0,0,0,0,0,2.941,0,0,0,0,0,0,0,0,0,0,0,0,0,0,0,0,0,0,0,0,0,0,0,0,0,0,0,0,0,0,0,0,0,0,0,0,0,0,0,0,0,0,0,0,0,0,0,0,0,0,0,0,0,0,0,0,0,0,0,0,0,0,0,0,0,0,0,0,0,0,0,0,0,0,0,0,0,0,0,0,0,0,0,0,0,0,0,0,0,0,0,0,0
zeolite,none,13,-35,HP,100,100,10000,20,25,other,sphere,water,7.5,13,0.126944444,water,1,25,5,Neutral,0,6.452,0,6.072,3.165,2.021,0,0,9.823,0,0,0,0,0,0,0,0,0,0.426,0,0,5.124,0,0,13.869,0,0,0,0,0,0,0,0,0,0,0,27.477,0,0,0,0,0,0,0,0,0,0,0,25.571,0,0,0,0,0,0,0,0,0,0,0,0,0,0,0,0,0,0,0,0,0,0,0,0,0,0,0,0,0,0,0,0,0,0,0,0,0,0,0,0,0,0,0,0,0,0,0,0,0,0,0,0,0,0,0,0,0,0,0,0,0,0,0,0,0,0,0,0,0,0,0,0,0,0,0,0,0,0,0,0,0,0,0,0,0,0,0,0,0,0,0,0,0,0,0,0,0,0,0,0,0,0,0,0,0,0,0,0,0,0,0,0,0,0,0,0,0,0,0,0,0,0,0,0,0,0,0,0,0
zeolite,none,13,-35,HP,100,100,10000,20,25,other,sphere,water,7.5,13,0.126944444,water,1,25,5,Neutral,0,5.026,0,5.203,4.068,1.732,0,0,8.417,0,0,0,2.605,0,0,0,0,0,0.547,0,0,3.293,0,0,13.865,0,0,0,0,0,0,0,0,0,0,0,26.909,2.278,0,0,0,0,0,0,0,0,0,0,20.086,0,0,0,0,0,0,0,0,0,0,0,0,0,0,0,0,0,0,0,0,0,0,0,0,0,0,0,0,0,0,0,0,0,0,0,2.617,0,0,0,0,0,0,0,0,0,0,0,0,0,0,0,0,0,0,0,0,0,0,0,0,0,0,0,0,0,0,0,0,0,0,0,0,0,0,0,0,0,0,0,0,0,0,0,0,0,0,0,0,0,0,0,0,0,0,0,0,0,0,0,0,0,0,0,0,0,0,0,0,0,0,0,0,0,0,0,0,0,0,0,0,0,0,0,0,0,0,0,0,0
LPD,none,200,45,HP,50,500,15000,10,25,liposome,sphere,water,7,200,0.126944444,water,1,37,1,Neutral,1.434894647,5.202766478,3.166115129,2.932510934,2.888266721,7.579545992,1.921600715,2.138462492,3.557785245,0.934994027,0.216840103,0.292514771,0.431824922,0,0.019096546,0.062082785,0,7.973890712,1.197471392,0.091043312,0.539768921,0.391160375,2.644426614,0.857425324,1.625257276,0.078464006,0.158590928,0.075425325,1.794661928,0,1.559341981,0.185878286,0.500077005,0.008087492,0.496873317,0,2.285975883,0,0.016360067,0.361515401,0,0.628886788,0.68099094,0.1285812,0.507469776,0.919669915,0.619676901,1.345092285,1.725255913,0,0,0.048202532,0,0.311679806,0,0.327660593,0.100925274,1.837828728,0.216229865,0,2.625291935,0.029190586,0.217923195,0.102407032,0.05083026,1.718397702,0,0.393204621,0.382471989,0.35008167,0.255076789,0,0.475768752,0,1.393161787,0,0,0,0,0.949203498,0,1.451983591,0,0.215363703,0,0.025803269,0,0.345657788,0.496794157,0,0.223190178,0,0.116528181,0.105392536,0,0,0,0.230464727,0.329768837,0.809028149,0,0.320311255,0,0,0.308434961,0.061496324,0,0.11711287,0,0.887881867,0,0.220918119,0.866598239,0,0.164948379,0.095707507,1.259803705,0,0.036680635,0.133117696,0,0.18680623,0.07570947,0,0.13213484,0,0.065858252,0,0,0.517851423,0,0.488476989,0,0.020627822,0,0,0.561926267,0.547749211,0,0,0.307898881,0,0,0,0,0,0,1.21186203,0,0,0,0,0.715965637,0.014449016,0,0,0,0.049856331,0,0,0,0.050119648,0,0,0.626755216,0.524766,0,0,0,0.262041523,0,0,0,0,0,0,0,0
LPD,none,200,45,HP,50,500,15000,10,25,liposome,sphere,water,7,200,0.126944444,water,1,37,1,Neutral,0.019005666,5.30200686,2.930841923,3.768540665,3.725129189,9.464573941,1.437613462,2.326949561,4.372374666,0.590318915,0.261362983,0,0.598563204,0,0,0,0,7.446466217,1.293906176,0.073157905,0.8280331,0.186397375,2.649264014,0.911604634,1.7610894,0.074308689,0.143365309,0.036364838,1.497567061,0,1.350901553,0.224043904,0.378474536,0.014622094,0.499078546,0,1.51208003,0,0,0.228246783,0,0.428442416,0.697252289,0.206642994,0.324368567,1.293252247,0.409597227,1.204800322,1.349847993,0,0,0.108937047,0,0.375675729,0,0.415723983,0.025045144,1.107591241,0.260627446,0,3.247604144,0,0.100064176,0.205723072,0,3.399517455,0,0.765594893,0.13171525,0.879088516,0.307450649,0,0.382304251,0,1.529284106,0,0,0,0,0.756865834,0,1.77857049,0,0.259583439,0,0,0,0.347191891,0.28442945,0,0.188311824,0,0,0.10888487,0,0,0,0,0,0.68621142,0,0.270255606,0,0,0.140667699,0.018530777,0,0.047053057,0,1.134078729,0,0.182190429,1.099508697,0,0,0.100938891,0.927956319,0,0,0.087518291,0.608662818,0,0.136881873,0,0.132721282,0,0,0,0,0,0,0.847260065,0,0.049726495,0,0,0.51793855,0.457072813,0.169335039,0,0.299893723,0,0,0,0,0,0.026626495,1.512856087,0,0,0,0,0,0.020898927,0,0,0,0,0,0,0,0,0,0,0.649417,0.373021093,0,0,0,0,0,0,0,0,0,0,0,0
LPD,none,200,45,HP,50,500,15000,10,25,liposome,sphere,water,7,200,0.126944444,water,1,37,1,Neutral,0.032524664,4.747209272,3.422096009,3.135624495,9.573889802,6.351419036,3.621973158,1.623488493,5.252143915,0.470671185,0.894548313,0.134081694,1.002061613,0.806226826,0.246189227,0.320144024,0,6.149355443,1.040087802,0.876373079,0.354256179,0.234547394,2.603348669,0.80504834,1.591545218,0.150286509,0.245343075,0.077789574,4.128967834,0,1.407192878,0.383409491,0.467775251,0,0.661912117,0.31490275,1.811350709,0.233684124,0.08436441,0.221932919,0.106262139,0.554599657,0.460672645,0.103142395,0.301338101,0.843108876,0.30924243,1.247256752,1.654469413,0.264497348,0,0.086998569,0,0.321449585,0,0.907078748,0.094904525,1.206186866,0.267609254,0,2.921339754,0.040140776,0.171241234,0.211234076,0,1.425514962,0,0.623892063,0.352197133,0.692022422,0.080945328,0.030252086,0.43616177,0,1.385515826,0,0.23937002,0,0,0.828348075,0,0.426116985,0,0.177691519,0.156591856,0,0,0,0.358656515,0,0.122765973,0,0.300452056,0.077640089,0,0,0,0.164553766,0,0.401742173,0,0.36338675,0,0,0.19773972,0,0,0.032209024,0,0.341683964,0,0.203859456,0.642881617,0,0,0.111045951,0.541372067,0,0,0.112328464,0.52080663,0,0.099377888,0,0.1135639,0,0,0,0,0,0,0,0,0.035457355,0,0,0.44317777,0.564918718,0,0,0.259813755,0,0,0.046054318,0,0,0,1.249848526,0,0,0,0,0.233181468,0,0,0,0.01948343,0,0,0,0,0,0,0,0.408253396,0.305300817,0,0,0,0,0,0,0,0,0,0,0,0
DOTAP/DNA,none,200,50,HP,50,500,15000,10,25,liposome,sphere,water,7,200,0.126944444,water,1,37,1,Neutral,1.42673071,2.061382736,0.99927598,2.006510313,2.303631456,12.01012341,2.841489689,0.974342186,3.320576293,0.100237396,0.157361999,0,0.518497498,0.223482084,0.055276372,0.18635891,0.044889222,2.002357356,0.754050809,0.073745477,1.536098201,0.241857199,1.627361371,0.454404546,0.689912368,0.043260933,0.076508871,0.058219789,2.367991939,0,1.211993574,0.132849015,0.104729409,0.008670313,0.355120183,0.122205276,0.872693181,0.105261133,0,0.121807038,0.025247433,0.179788597,0.248065522,0.055138939,0.095619215,0.87639602,0.171440941,0.624436847,0.584079701,0,0,0.090433397,0,0.18711889,0.006640788,0.110928413,0,0.465700429,0.343082315,0.017130477,1.777567859,0,0.013350156,0.02927652,0,2.194660512,0,6.498212626,0.240163161,8.482009415,0.201938796,0,0.566727575,0.024647124,1.109501252,0,0,0,0.096547833,0.707628552,0,0.364476913,0,0.129294924,0.03720556,0.019917195,1.140539114,0.247044976,0.101193128,0,0.05104518,0,0.124925733,0,0,0,0,0.121635971,0,9.380017727,0.080296219,0.164829285,0,0,0.100092339,0,0,0.013392273,0,0.369381101,0,0.039888587,0.241226825,0,0,0.061562776,0.285124746,0,0,0.119358093,0.890250949,0,0.144622056,0,0.047219026,0,0,0,0,0.732824608,0,0,0,0.112046076,0,0,0.347278124,0.289094162,0.21688314,0,0.15337398,0.070422764,0,0,0,0,0,0.816636438,0,0,0,0,0.150819079,0.214385445,0.099839565,0,0.070209233,0.042759364,0.176718686,0,0.040557744,0.037612049,0,0,0.386649884,0.392365601,0,0.033481017,0.103802135,0.224740344,0.016943804,0.210974781,0,0,0,0,0,0
DOTAP/DNA,none,200,50,HP,50,500,15000,10,25,liposome,sphere,water,7,200,0.126944444,water,1,37,1,Neutral,1.281965243,2.051587642,1.392012597,1.593802278,4.024107844,11.46881508,2.930788204,0.911837038,4.152221325,0.060687245,0.361219776,0,0.615926028,0.329555513,0.112285022,0.350440671,0.044246115,1.642469409,0.797979115,0.249597531,1.066647408,0.230212761,1.598474692,0.41956429,0.700765724,0.030664067,0.23735569,0.065566319,2.465364291,0,1.204916516,0.148905194,0.1167297,0.008324688,0.56756923,0.193576752,0.963941259,0.207953805,0.061779814,0.186407242,0.042880926,0.11401772,0.239413107,0.065051251,0.162553474,0.858826434,0.164980186,0.540214191,0.634572795,0.056564635,0,0.06948909,0,0.125157383,0.005222394,0.257466616,0.010952582,0.524756255,0.329369398,0.033375302,1.753690375,0,0.030067395,0.014303701,0,1.378266472,0,5.98507712,0.395687949,8.894583948,0.179944586,0,0.603066034,0.029329811,1.25997725,0,0.043338079,0,0.041839356,0.688183463,0,0.428333651,0,0.091309789,0.097676343,0.008272511,1.092462856,0.119002101,0.098751863,0,0.034197178,0,0.215974062,0,0,0,0,0.131320912,0,10.32277658,0.099168418,0.137613805,0,0,0.092999507,0,0,0,0,0.343068387,0,0.083522964,0.216690394,0,0.046089703,0.029832034,0.273115714,0,0.077224768,0.168401568,0.748597595,0,0.127405107,0,0.035627623,0,0,0,0,0.559989889,0,0.095425159,0,0.120170361,0,0,0.381355122,0.244886252,0.296290947,0,0.147480969,0.056592903,0,0.002726433,0,0,0,0.791904893,0,0,0,0,0,0.194262384,0.081066406,0,0.076816171,0.040896497,0.076411876,0,0.071401261,0.050410612,0,0,0.341606032,0.30622311,0,0.025925458,0.113932505,0.157807135,0.002364537,0.128790984,0,0,0,0,0,0
DOTAP/DNA,none,200,50,HP,50,500,15000,10,25,liposome,sphere,water,7,200,0.126944444,water,1,37,1,Neutral,1.281965243,2.051587642,1.392012597,1.593802278,4.024107844,11.46881508,2.930788204,0.911837038,4.152221325,0.060687245,0.361219776,0,0.615926028,0.329555513,0.112285022,0.350440671,0.044246115,1.642469409,0.797979115,0.249597531,1.066647408,0.230212761,1.598474692,0.41956429,0.700765724,0.030664067,0.23735569,0.065566319,2.465364291,0,1.204916516,0.148905194,0.1167297,0.008324688,0.56756923,0.193576752,0.963941259,0.207953805,0.061779814,0.186407242,0.042880926,0.11401772,0.239413107,0.065051251,0.162553474,0.858826434,0.164980186,0.540214191,0.634572795,0.056564635,0,0.06948909,0,0.125157383,0.005222394,0.257466616,0.010952582,0.524756255,0.329369398,0.033375302,1.753690375,0,0.030067395,0.014303701,0,1.378266472,0,5.98507712,0.395687949,8.894583948,0.179944586,0,0.603066034,0.029329811,1.25997725,0,0.043338079,0,0.041839356,0.688183463,0,0.428333651,0,0.091309789,0.097676343,0.008272511,1.092462856,0.119002101,0.098751863,0,0.034197178,0,0.215974062,0,0,0,0,0.131320912,0,10.32277658,0.099168418,0.137613805,0,0,0.092999507,0,0,0,0,0.343068387,0,0.083522964,0.216690394,0,0.046089703,0.029832034,0.273115714,0,0.077224768,0.168401568,0.748597595,0,0.127405107,0,0.035627623,0,0,0,0,0.559989889,0,0.095425159,0,0.120170361,0,0,0.381355122,0.244886252,0.296290947,0,0.147480969,0.056592903,0,0.002726433,0,0,0,0.791904893,0,0,0,0,0,0.194262384,0.081066406,0,0.076816171,0.040896497,0.076411876,0,0.071401261,0.050410612,0,0,0.341606032,0.30622311,0,0.025925458,0.113932505,0.157807135,0.002364537,0.128790984,0,0,0,0,0,0
DOTAP,none,100,47.5,HP,50,500,15000,10,25,liposome,sphere,water,7,100,0.126944444,water,1,37,1,Neutral,1.032523293,2.206388573,0.681863023,0.988371028,2.485744469,6.298038447,2.265905205,4.570442378,3.299146762,8.390117269,0.776702946,1.347903722,0.706917848,0,0.0208413,0,0.142804256,2.613340686,0.400423976,0.117761749,1.10676549,0.64862129,0.799593947,0.615014644,6.408189941,0,0.158657192,0,2.008852355,0,0.921814353,0,1.497684795,0.611964044,0.692900685,0,10.8413715,0,0,0,0.021418302,0.291779504,1.518385231,0,1.046132218,1.338260627,1.861625457,0.359140432,5.670673303,0,0,0.030687155,0,0.136062561,0.135206842,0.13802,0.017277851,0,0.110126653,0.058129589,1.859835175,0.014158925,1.026837678,0,0.79143423,0.421285271,0,0,1.30194196,0,2.455470729,0.021341741,0,0,0.950279927,0,0,0.06568762,0,0.467495436,0,0.309198817,0,0.156693592,0,0,0.523005498,0.25149252,0.135545927,0,0.054129317,0,0,0.996854863,0,0.704698594,0.653568546,0.090289631,0.266591212,0,0.006811816,0.116525487,0,0,0.139498146,0.212530613,0,0.994100151,0,0.163910974,0,0,0.387159318,0,0.800083877,0.052225907,0.305534567,0,0.293567689,0,0.408233383,0,0.065099792,0,0.576829307,0,0.198512967,0,0,0.18838829,0.418326083,0,0,0.025013868,0,0,0,0.091968349,0,0,0.095038797,0,0,0,0,0,0.032145357,0,0,0.193248773,0,0,0.100528391,0.071486808,0,0,0.050397775,0,0,0,0,0,0,0,0,0,0,0,0,0,0,0,0,0.098941644,0,0,0,0
DOTAP,none,100,47.5,HP,50,500,15000,10,25,liposome,sphere,water,7,100,0.126944444,water,1,37,1,Neutral,1.175725575,2.372329284,0.700091006,0.748451812,2.557271201,7.003584919,2.087039106,4.085566344,3.946040866,8.986457871,0.643304896,1.399746683,0.680053595,0,0.030687689,0,0.117752071,1.893217499,0.453864483,0.169062871,1.040874772,0.584730506,0.684339867,0.597940038,6.183778049,0,0.229366619,0.004848267,2.262813864,0,1.158944049,0,1.45771423,0,0.705309374,0,11.2086797,0,0,0.011065648,0.018922376,0.263636324,1.779178567,0,1.102149383,0.788206604,1.567591131,0.341085606,5.856181354,0,0,0.042603169,0,0.040068955,0.147322733,0.088680871,0.017172475,0,0.138990472,0,1.421063023,0,1.060597599,0,0.633860099,0.624321876,0,0,1.246807196,0,2.320677359,0.06599158,0.237859662,0,0.919497863,0,0,0.104459192,0.013156436,0.356696562,0,0.220051305,0,0.138433711,0,0,0.554470095,0.185154578,0.151683885,0,0.090860846,0,0.037451596,1.06456909,0,0.604267248,0.596653523,0.091163387,0.094209879,0,0.04212613,0.041178597,0,0,0.139317148,0.227293155,0,1.033831924,0,0.272583595,0,0.037369483,0.508177747,0,0.830546616,0.046139897,0.314918206,0,0.353669375,0,0.540991452,0,0.055301497,0,0.69363584,0,0.241903137,0,0,0.16643495,0.39197618,0,0,0.075136403,0,0,0,0.054167371,0,0,0.091960241,0,0,0,0,0,0.023666151,0,0,0.189698922,0,0,0.1049615,0.079874117,0,0,0.032381673,0,0,0,0.048635367,0,0,0,0,0,0,0.030111911,0.004862333,0,0,0,0,0.097124152,0,0,0,0
DOTAP,none,100,47.5,HP,50,500,15000,10,25,liposome,sphere,water,7,100,0.126944444,water,1,37,1,Neutral,0.114862321,2.308662186,0.568900259,0.811540388,2.101225228,6.012790577,1.689398722,3.714104153,3.345448601,9.175865463,0.739157232,1.216671912,0.812619265,0,0,0,0.103260027,2.00596268,0.414854798,0.104393192,1.072347164,0.491466729,0.71924625,0.645704646,6.652056226,0,0.216610037,0,1.759852662,0,0.9170031,0,1.524894848,0.645590768,0.6535149,0,12.81065656,0,0,0,0,0.315366787,1.755792534,0,1.129534054,0.961476969,1.735231283,0.314624538,7.156552276,0,0,0.040233728,0,0.075680915,0.156050262,0.09421734,0.027029001,0,0.10500824,0.060624233,1.383966777,0.029533117,1.033108007,0,0.80225678,0.566922348,0,0,1.243800076,0,2.429827672,0.071224406,0.128360415,0,0.747543454,0,0,0.098649531,0.049698883,0.363452405,0,0.286638357,0,0.104587604,0,0,0.479996346,0.419656602,0.178431407,0,0.081291296,0,0,0.932244228,0,0.56201362,0.690704804,0.064569895,0.111212813,0,0.028416585,0.097220963,0,0,0.187232534,0.223984583,0,0.990552204,0,0.31373481,0,0.035291121,0.489143777,0,0.634158935,0.036311462,0.29740354,0,0.378532769,0,0.408722696,0,0.062670982,0,0.614952598,0,0.199893153,0,0,0.157178411,0.370175814,0.072323256,0,0.04173975,0,0,0,0.051154768,0,0,0.079293926,0,0,0,0,0,0.017879937,0,0,0.185120138,0,0,0.121998649,0.070169111,0.032614999,0,0.015290358,0,0,0,0,0,0,0,0,0,0,0,0,0,0,0,0,0.155928149,0,0,0,0
DC-Chol-DOPE,none,102,54.3,HP,50,500,15000,10,25,liposome,sphere,buffer,7,102,0.243,buffer,1,37,1,Neutral,1.42598,5.31456,1.93823,1.74004,4.3312,6.50111,2.99638,0.82649,1.98963,3.14381,0.31331,0,1.03641,0.74023,0.04319,0.38859,0.10925,2.94857,0.45228,0.49962,0.06838,0.28475,0.68088,0.84689,1.04497,0.12477,0.17934,0.01572,2.06486,0,2.37304,0.30184,1.88507,0,0.57604,0.4106,2.03631,0.59104,0,0,0.11264,0.7355,0.97296,0.07947,0.80767,2.52342,0.89,0.29191,1.2528,0.07349,0,0.29758,0,0.43361,0,0.44389,0.00414,0.58109,0.42123,0,3.07597,0,1.06843,0,0,3.44327,0,0,0,0,0.15016,0.10202,0.11019,0,1.54894,0,0.18443,0,0.14237,0.23369,0,0.87872,0,0,0,0,2.40036,0,0.2736,0,0.17599,0,0.12145,0.74361,0,0.03961,0.427,0.09861,0.50975,0,0.07165,0.53471,0,0,0.1334,0,0,0.58657,0,0.8758,0,0.0162,1.14222,0,0.63116,0.04995,0.56,0,0,0,1.52241,0.47653,0.34952,0,0.32172,0,0.26178,0,0,0.97272,0.5818,0.53876,0,0.35397,0,0,0.04597,0.52771,0.29317,0,0.27261,0.18564,0,0,0,0,0.09731,0.21085,0,0,0,0,0.48931,0.6996,0.18687,0,0.38549,0,0,0,0,0,0,0,0.07649,0.21532,0,0.43448,0.21574,0.83336,0.01963,1.19788,0,0,0,0,0,0
DC-Chol-DOPE,none,102,54.3,HP,50,500,15000,10,25,liposome,sphere,buffer,7,102,0.243,buffer,1,37,1,Neutral,1.38996,5.04491,1.74737,1.68042,4.02728,6.63882,3.21667,0.77782,2.49555,3.62614,0.1492,0,0.99301,0.49934,0.03659,0.35691,0.1003,3.3958,0.54471,0.44586,0,0.28471,0.60325,0.82412,1.08013,0.07161,0.10134,0,2.38094,0,2.17879,0,2.27319,0,0.50257,0.53314,1.96776,0.49454,0,0,0.13166,0.70444,1.01498,0.06385,0.92827,2.25192,0.76613,0.27592,1.15041,0.05782,0,0.29637,0,0.39806,0,0.39657,0.01138,0.85362,0.31772,0.16582,3.57457,0,1.10035,0,0,2.87536,0,0.07722,0,0,0.28831,0.16863,0.27024,0,1.50172,0,0.1695,0,0.18308,0.25186,0.23942,1.79462,0,0.16508,0,0,1.92851,0,0.2618,0,0.10453,0,0,0.8463,0,0.08188,0.51642,0.10192,0.72549,0,0.05382,0.51145,0,0,0.0639,0.04913,0,0.55358,0,1.82843,0,0,1.10712,0,0.70237,0.03823,0.58126,0,0.09365,0,1.14701,0.45748,0.35171,0,0.408,0,0.33657,0,0,0.69466,0.60098,1.08065,0,0.35139,0,0,0,0.40371,0.17942,0,0.24734,0.07214,0,0,0,0,0.05175,0.19344,0,0,0,0,1.27573,0.51685,0.19446,0,0.25742,0,0,0,0,0,0,0,0.01407,0.12893,0,0,0.14977,0.55005,0.03245,1.04755,0,0,0,0.13239,0.21244,0
DC-Chol-DOPE,none,102,54.3,HP,50,500,15000,10,25,liposome,sphere,buffer,7,102,0.243,buffer,1,37,1,Neutral,1.30063,4.6858,1.87533,1.80657,3.64954,7.94353,4.0454,0.67514,1.67627,3.84598,0.19499,0,0.91156,0.62052,0.04342,0,0.15296,3.45275,0.51947,0.39421,0,0.25995,0.76953,0.85896,1.1995,0.07279,0.09015,0,2.33117,0,2.2786,0.1608,2.09978,0,0.55132,0.50233,1.67485,0.62544,0,0,0.07648,0.65707,0.9131,0,0.81399,1.39375,0.74006,0.32062,1.14013,0.05881,0,0.26611,0,0.4048,0,0.34725,0,0.75977,0.32305,0,4.35231,0,1.0784,0,0,2.71737,0,0.03925,0,0,0.19118,0.09524,0,0.02797,1.6481,0,0,0,0.19943,0.26554,0,1.75575,0,0,0,0,2.14744,0,0.27158,0,0.14011,0,0,0.76273,0,0.07401,0.43754,0.08062,0.78535,0,0.03043,0.54089,0,0,0.07582,0,0,0.42089,0,1.72995,0,0,1.15533,0,0.82128,0.06993,0.4772,0,0,0,1.42137,0.48535,0.37102,0,0.32901,0,0.34832,0,0,0.77367,0.63374,1.26129,0,0.35725,0,0,0.06443,0.41055,0.23732,0,0.27168,0.11333,0,0,0,0,0.0813,0.16874,0,0,0,0,1.24819,0.48423,0.22684,0,0.24131,0,0,0,0,0,0,0,0.03573,0.12238,0,0.34482,0.11301,0.51047,0.05134,0.95855,0,0,0,0,0.33388,0
DC-Chol-DOPE,none,109,56.3,HP,50,500,15000,10,25,liposome,sphere,buffer,7,109,0.212,buffer,1,37,1,Neutral,0.902583006,5.94,1.993648298,1.584980446,4.393645026,5.770937456,2.241505131,0.743810339,1.951308922,1.650889942,0.249546751,0,0.912885319,0.480221903,0.037268964,0,0,4.298955579,0.427838443,0.618562217,0,0.337271734,0.714927516,0.933973871,0.923755333,0.113016843,0.116094867,0.019626751,1.706127916,0,2.345672458,0,2.246842276,0,0.605970697,0.21187134,1.713740233,0.429887202,0,0,0.095707909,0.913066429,1.105096991,0.065037164,0.900301148,2.692022932,0.87123388,0.345177168,1.161675951,0.078510804,0,0.301788672,0,0.405331335,0,0.426258349,0,0.815038813,0.379763921,0,3.819873098,0,0.749323558,0,0,3.43855434,0,0,0,0,0.22969968,0.076327732,0.412672844,0,1.602100317,0,0.25883321,0,0,0.161519462,0.139391338,1.121158506,0,0,0,0,2.524966091,0.412162286,0.455129992,0,0.222607342,0,0,0.381963673,0,0,0.155830473,0,1.406285288,0,0.115706154,0.708375649,0,0,0.233173049,0.050029947,0,0.62471452,0,0.862008775,0,0.07560478,1.167022614,0,0.697440317,0.070061702,0.591790737,0,0.143062699,0.023599493,1.386858262,0.648128805,0.393993215,0,0.386780096,0,0.232548982,0,0,0.875735502,0.260662133,0.325486694,0,0.362285877,0,0,0.064459953,0.548200774,0.548274803,0,0.292339716,0.140233001,0,0,0,0,0.028719564,0.25346606,0,0,0,0,0.89061003,0.650426592,0.163108904,0,0.385050596,0,0,0,0,0,0,0,0.021442858,0.210079446,0,0.385966843,0.260775009,0.730462636,0.018368464,0.977896488,0,0,0,0,0,0
DC-Chol-DOPE,none,109,56.3,HP,50,500,15000,10,25,liposome,sphere,buffer,7,109,0.212,buffer,1,37,1,Neutral,0.953222917,5.67,1.642853898,1.71076291,3.93471227,6.526463366,2.628792687,0.720079596,2.503828895,1.962563774,0.262623204,0,0.802159584,0.464849259,0.009011177,0.234726293,0.074170033,5.111649249,0.447482618,0.490508907,0,0.263523879,0.605549236,0.804785025,0.873542453,0.063537445,0.13735253,0.019011504,1.95590061,0,2.331982157,0,2.702295942,0,0.573655114,0.397334301,1.579884243,0.428004923,0,0,0.083432185,0.929776007,1.143509408,0.062977243,1.07003033,2.380689771,0.906347553,0.279724554,1.03872196,0,0,0.258006664,0,0.39244046,0,0.314890455,0,0.788875975,0.272258087,0.13839068,3.95900486,0,0.954051525,0,0,3.046285799,0,0,0,0,0.210019295,0.073849087,0.466049531,0,1.699711722,0,0.166951955,0,0.154650977,0.211519082,0.202532678,1.3379937,0,0,0,0,2.127471416,0.471761327,0.380612372,0,0.215519911,0,0,0.388677999,0,0,0.188506478,0.078146546,1.961174694,0,0.058941242,0.705977529,0,0,0.173224353,0,0,0.609650632,0,1.368572547,0,0.043961073,1.110520747,0,0.865531322,0,0.528827617,0,0.207918987,0,1.23665475,0.666502386,0.411739604,0,0.346739193,0,0.319923289,0,0,0.782562298,0.384008607,0.787771358,0,0.398338014,0,0,0,0.424565909,0.353783413,0,0.300615409,0.071114877,0,0,0,0,0.032459136,0.327023452,0,0,0,0,0.988688516,0.467664111,0.191694655,0,0.261708012,0,0,0,0,0,0,0,0,0.059312982,0,0,0.181000265,0.330027968,0.01776794,1.032597016,0,0,0,0,0.142778274,0
DC-Chol-DOPE,none,109,56.3,HP,50,500,15000,10,25,liposome,sphere,buffer,7,109,0.212,buffer,1,37,1,Neutral,0.946572386,5.27,1.678835941,1.739281739,3.949342823,6.92964031,2.361599842,0.752166703,2.180979245,2.039313738,0.312869,0,0.891027623,0.55667591,0.038814788,0.310724586,0,5.165723722,0.434894416,0.385849508,0,0.307163847,0.612000752,0.895261362,0.970082506,0.101635603,0.074413896,0.033009657,1.683175109,0,2.132912094,0,2.777880134,0,0.556650219,0.48368915,1.472996732,0.531307824,0,0,0.110416811,0.786470873,1.19961741,0.053629118,1.062537814,2.396032547,0.812482135,0.347238633,1.059899423,0,0,0.271270336,0,0.428807243,0,0.377467809,0,0.940253157,0.297487776,0,4.449691407,0,0.888992194,0,0,3.001618021,0,0,0,0,0.184076608,0.055053739,0.297499236,0,1.648940918,0,0,0,0.08957622,0.237453377,0.234438197,1.365568248,0,0,0,0,2.067455856,0.504253484,0.375353773,0,0.200033058,0,0,0.338925507,0,0,0.215297947,0.099768528,2.01620465,0,0.023429261,0.600811836,0,0,0.156360898,0,0,0.537031887,0,1.193253773,0,0.050886379,1.207320185,0,0.911003908,0.067326876,0.787757998,0,0.275166611,0,1.333260909,0.50625868,0.398092815,0,0.330539533,0,0.300053495,0,0,0.809500567,0.337755856,0.759866249,0,0.412769246,0,0,0,0.474242918,0.263598764,0,0.289763111,0.064153804,0,0,0,0,0.064452844,0.21662051,0,0,0,0,1.013179814,0.500537189,0.1567589,0,0.240188584,0,0,0,0,0,0,0,0,0.109396509,0,0,0.160816654,0.632012662,0.017640554,1.008332666,0,0,0,0,0.189094172,0
DC-Chol-DOPE,none,105,60.5,HP,50,500,15000,10,25,liposome,sphere,buffer,7,105,0.239,buffer,1,37,1,Neutral,0.70477,2.20764,1.56975,1.37687,7.49256,7.76428,2.33942,0.42389,2.82976,1.2668,0.91467,0.07734,1.14349,0.77483,0.46623,0.34986,0.14741,13.4912,0.31973,1.16268,0.57132,0.12301,0.97391,0.61067,0.54572,0.15367,0.20848,0.07932,2.54074,0.2282,0.86033,0,5.43394,0,0.64538,0.29051,0.85341,0.69501,0.23349,0.09377,0.30959,0.18488,0.81684,0.05365,0.63248,1.09392,0.48054,0.30125,0.66509,0.48165,0,0.09278,0.11149,0.32779,0,0.73196,0.00892,1.56894,0.1787,0.48016,6.51307,0,1.07967,0,0,1.52237,0,0,0.0513,0,0.44959,0.07159,0.33751,0.11875,0.94374,0,0.61022,0,0,0.07128,0.16103,0.21281,0,0,0.60288,0,0.75598,0.97368,0.23636,0,0.1453,0,0.13123,0.19225,0,0.05349,0.14059,0.05329,1.94053,0.07878,0.08792,0.30079,0,0,0.11897,0.09236,0,0.32844,0,0.24889,0,0.1179,0.27981,0,1.05324,0.09887,0.34181,0,0.84048,0.02726,0.65327,0.54968,0.12409,0,0.93472,0,0.25441,0,0.43419,0.44726,0.15048,0.08505,0,0.09554,0,0,0,0,0.20057,0,0.07243,0.01543,0,0.14855,0,0,0.03594,0,0,0,0,0,0.19815,0.17584,0.05046,0,0.0686,0,0,0,0,0.04233,0,0,0,0.03031,0,0,0.08807,0.1688,0,0.1642,0,0,0,0,0,0
DC-Chol-DOPE,none,105,60.5,HP,50,500,15000,10,25,liposome,sphere,buffer,7,105,0.239,buffer,1,37,1,Neutral,0.60986,2.27723,1.17744,1.51562,2.81275,9.48665,1.74963,0.43076,2.80177,1.88346,0.17366,0,0.82708,0.41183,0.05859,0.18479,0.07784,20.43723,0.35255,0.44393,0.14606,0.06767,1.12391,0.64226,0.40601,0.11047,0.02212,0.01121,1.72003,0.02202,0.70673,0,6.228,0,0.4697,0.26497,0.50801,0.46343,0.0487,0.0416,0.13682,0.10847,0.97217,0.03188,0.80922,0.96901,0.52782,0.27534,0.37712,0.06732,0,0.10306,0,0.23172,0,0.24372,0,2.42313,0.09649,0.15598,7.93906,0,1.26581,0,0,1.37539,0,0,0,0,0.56188,0.06545,0.41283,0.03206,1.18884,0,0.07398,0,0.01525,0.08146,0.19913,0.59264,0,0,0,0,0.69513,1.19981,0.20631,0,0.1245,0,0,0.28555,0,0.09534,0.2951,0,2.28932,0,0.04525,0.36921,0,0,0.1116,0.21728,0,0.48489,0,0.76878,0,0.07352,0.441,0,1.12462,0.11569,0.27329,0,0.87311,0.0405,0.50077,0.50949,0.14846,0,0.80262,0,0.35687,0,0.12278,0.30805,0.30455,0.38105,0,0.13808,0,0,0,0,0,0,0.0908,0.01525,0,0,0,0,0.06845,0,0,0,0,0,0.40638,0.14939,0.06326,0,0.06323,0,0,0,0,0,0,0,0,0,0,0,0.07315,0.13916,0,0.2948,0,0,0,0.05149,0,0
DC-Chol-DOPE,none,105,60.5,HP,50,500,15000,10,25,liposome,sphere,buffer,7,105,0.239,buffer,1,37,1,Neutral,0.68582,2.09583,1.1712,1.70674,2.70389,10.89016,2.07719,0.48299,2.48756,2.01506,0.15689,0,0.91373,0.41696,0.05426,0.21888,0.08205,21.56253,0.34066,0.329,0.21151,0.0499,1.25151,0.62125,0.37955,0.08565,0,0,1.75823,0,0.59189,0,5.22243,0,0.51918,0.29509,0.47522,0.52534,0,0.01348,0.09229,0.12142,0.80628,0,0.65078,0.94097,0.45431,0.36753,0.37952,0.02957,0,0.12278,0,0.21977,0,0.21627,0,2.45501,0.10164,0,8.5545,0,1.28904,0,0,1.39793,0,0,0,0,0.4844,0,0.22786,0,0.95049,0,0.10395,0,0,0.10873,0.16795,0.61987,0,0.10124,0,0,0.70417,1.42223,0.1817,0,0.11953,0,0,0.29498,0,0.0614,0.31682,0,2.42643,0,0.011,0.37656,0,0,0.13719,0.18074,0,0.39772,0,0.57639,0,0.10478,0.47067,0,1.29265,0.0469,0.27422,0,0.79054,0,0.4837,0.48794,0.1362,0,0.35382,0,0.31337,0,0.15526,0.30429,0.24578,0.35948,0,0.12124,0,0,0,0.08259,0.07713,0,0.09384,0.02817,0,0.0125,0,0,0.05483,0,0,0,0,0,0.43804,0.12229,0.03157,0,0.05183,0,0,0,0,0,0,0,0,0,0,0,0.07115,0.14675,0,0.32132,0,0,0,0.05422,0,0
DOTAP-Chol,none,83.5,50.5,HP,50,500,15000,10,25,liposome,sphere,buffer,7.4,83.5,0.293,buffer,1,37,1,Neutral,0.726721288,3.145329957,3.012294983,2.344904295,4.153882021,2.665397605,2.448661122,0.881134902,1.924217523,0.825311448,2.156375932,0.287060555,1.618606504,1.33500451,0.7944081,0.924918002,0.1079071,2.127958201,1.216126533,1.193338262,0.778176204,0.550152479,1.64904184,0.985743618,1.394491758,0.256182324,0.319251776,0.577814719,1.969493229,0.451048547,1.587479456,0.306481705,0.282466347,0,0.498032771,0.111402067,2.650245815,0,0.689982901,0.172395959,0.624890174,0.280867318,0.920890783,0.430119211,0.680480419,1.776316882,0.089390497,0.596848796,1.901144326,0.445356228,0.194882388,0.193035958,0.570473901,0,0.082017302,0.58657193,0.147705537,1.466429824,0.297436238,0.734279085,1.19980622,0.046690572,0.308780318,0.50885957,0.084083455,1.156147503,0.052609095,0.296904152,0.886847828,0.396581651,0.498032771,0.648382286,0.182612016,0.262850629,1.592914338,0,0.591413915,0.057910787,0,0.526223305,0.332021847,1.546919969,0.032958051,0,0,0.00329823,0,0,0.421208567,0.022637853,0.168382508,0,0.348622939,0.306481705,0.076620426,0.253543956,0.239438832,0.554627404,0.913060079,0,0.075004935,0.352773212,0,0,0.132455524,0.229485688,0,0.40091638,0.103756827,1.126904659,0,0.167249811,0,0,0,0.042141234,0.305611018,0,0.023715846,0.031127048,0.053360654,0.547836048,0.372976084,0,0.327278678,0.060367609,0.138009081,0.064960796,0.363148895,0.514633863,0.354156637,1.156968436,0.083005462,0.394459584,0,0,0.042385768,0.209698009,0.515819655,0,0.099904777,0.199868414,0.422245175,0.70418568,0,0,0.086920814,0.539535501,0,0,0.087888136,0.083005462,0.963934395,0.2536278,0.297674759,0,0.144590159,0,0.210706172,0,0.376561363,0.064262293,0.083005462,0,0.063130915,0.060107403,0.093785392,0.179291797,0.033846887,0.355737693,0.007217866,0.369231192,0,0,0,0.203740679,0.507610324,0
DOTAP-DOPE,none,90.8,51.2,HP,50,500,15000,10,25,liposome,sphere,buffer,7.4,90.8,0.225,buffer,1,37,1,Neutral,0.431221406,1.158719895,2.006242501,1.2126407,8.559986641,8.933304392,1.378755864,3.749091478,0.815474443,1.130532347,1.280853948,0.215949714,1.555945372,1.08528574,0.281274757,0.21357664,0.179404377,16.79877353,0.415674225,0.543649629,0.523262768,0.36622599,1.43523502,0.488533509,0.593817998,0.063099861,0,0.133537239,0.996690986,0.086505255,1.333074194,0.12266966,0.211238985,0,0.204583939,0.020982968,1.320615556,0,0.107974857,0,0.191816001,0.106622757,0.786069495,0.166719219,0.540778872,1.740886922,0.224894376,0.189845902,0.962190144,0.187837917,0,0.2209718,0.17034355,0,0.003164098,0.372097968,0.008337339,0.908096232,0.448510944,0.189115726,3.243776118,0,0.374755811,0,0.028476885,0,0,0.030667415,0.174858068,0,1.420284655,0.203099295,0,0.166115164,0.648640165,0,0.199338197,0.032450404,0,0.23318808,0,0.407737222,0,0,0,0,0,1.110598527,0.146322719,0,0.045563016,0,0.12266966,0.517512627,0,0.108729926,0.111169379,0.067956204,1.689628529,0,0.175321547,0.058140308,0,0,0.050894859,0.195429605,0,0.386716103,0,0.297317989,0,0,0,0,0,0,0.163094889,0,0.474614755,0,0.185099755,0.41462345,0.552351216,0,0.472716296,0,0.199338197,0,0.174420923,0.983401773,0.172759771,0.193204714,0,0.209922526,0.099669099,0,0.021206191,0.241304133,0.384437952,0,0.020689793,0.272778586,0.026000634,0.083329902,0,0,0.056416471,0.343304673,0,0,0,0.023111675,0.344019147,0.373574547,0.135183375,0,0.244350048,0,0.030667415,0,0.009723814,0,0,0,0.050536444,0.21995939,0,0.235219073,0.359969948,0.313245738,0.053445749,0.783605327,0,0,0,0,0.034500842,0
DOTAP,none,78.8,55.7,HP,50,500,15000,10,25,liposome,sphere,buffer,7.4,78.8,0.205,buffer,1,37,1,Neutral,0,2.609528957,1.062588284,0.935250086,4.476103742,13.33372417,3.157987303,2.312431531,4.120842173,5.111775052,0.725665167,0.973712752,0,0,0.109985589,0,0.179762354,2.053795938,0.655607203,0.454295876,1.639724177,0.586402651,0.178142873,0,2.479339667,0.015728769,0.153227786,0.033961925,2.74281135,0.022000492,1.603285861,0,1.68595189,0,0,0.168766933,5.163829788,0,0.036438315,0.03844042,0.132002953,0.262694829,1.306279218,0.103352312,1.251169075,1.564418325,1.588336809,0.439573324,3.158921619,0.033635368,0,0.163831184,0.068901541,0.29150652,0.079238876,0,0.084237626,0,0.206483785,0,2.318801866,0.001821916,1.955037063,0,0.919949148,0,0,0,0.956345952,0,2.853120067,0.137503076,0.213771448,0.037787882,2.253391673,0,0,0.128805207,0.034520509,0.453760149,0,0,0,0.14575326,0,0,0.808268079,0.312328415,0.144202694,0,0.070794441,0,0.235447574,0,0,0,1.132390713,0.096064649,0.117990734,0.061664841,0.045657648,0.303652625,0,0,0.083730596,0.720192579,0,1.155823353,0,0,0,0.078315185,0.500133736,0,0.588218514,0.06278602,0.099377223,0,0.2429221,0,0.551780199,0.174903912,0.245918496,0,1.766706183,0,0,0,0,0.174903912,1.104485816,0,0,0.255390668,0,0,0,0.122739587,0.026027368,0,0.147498808,0.047945151,0,0,0,0,0,0,0,0.241692115,0,0,0.159858414,0.268293964,0.160831184,0,0.091683502,0,0,0,0,0.084630925,0,0,0,0.025129872,0,0,0.060848448,0.465022306,0.006337098,0.10051949,0,0.100906103,0,0,0,0
DOTAP-DOPC-DC-Chol-DOPE/DOPE-PEG ,PEG,103.2,11.3,HP,50,500,14000,15,25,liposome,sphere,water,7,103.2,0.126944444,buffer,1,37,1,Neutral,2.93029604,4.63909205,1.358442056,1.361390612,1.843308751,1.763868574,7.867743481,0.656833048,1.364547655,0.241640188,0.903462558,0.165299633,1.485742296,1.198649569,0.2498104,1.294122734,0.353599259,2.304966368,0.573624644,0.490876766,0.496434786,0.226881859,1.084943091,2.701460248,0.604876922,0.72109811,0.07965876,0.182635623,3.65367818,0.087900433,1.348232524,0,1.573865805,0,0.458530433,0.018261581,0.979771902,0.781450092,0.097124108,0.104328264,0.205144785,0.399338728,0.252418086,0.028332921,0.167484633,1.541786453,0,0.539590073,0.723896319,0.053308353,0.967504786,0.204752211,0.316795967,0.078718414,0.028052926,0.548578538,0.033405881,0.824990333,0.249186715,0.708159231,1.662454092,0.15098729,0.701982146,0.052486892,0.233248934,0.990041538,0,1.227987476,0.105994152,1.745137103,0.306395635,0.064929684,0.632521309,0.089368174,0.35100044,0.06847859,0.374583901,0,0,0.156447611,0.632899581,1.592410716,0,0.22103697,0,0,0,0.098500692,0.487327081,0.117654071,0.235106889,0.644938919,0.822639873,0.106190786,0,0.015657712,0.092986545,0.184356043,0.304193776,3.638540685,0.095620795,0.179802952,0,0.287740518,0.233180576,0.033852753,0,0.084545695,0,1.357291418,0.252188158,0.327213795,0.125001854,0,0.185000703,0.159424212,0.526090455,0.849882736,0.230161432,0.010707168,0,0.400189136,0.209022805,0,0.162769384,0,0.24963221,0.007415366,0,0.528773894,0.122612263,1.115029622,0.086759848,0.244445761,0,0,0.022098331,0,0.443976558,0,0.043756865,0.174751734,0,0.080592101,0,0,0.138422591,0.354661573,0,0,0,0,1.233014365,0.268461077,0.246052927,0,0.166990333,0,0.437502182,0,0,0.044552516,0,0,0.099688005,0.095079659,0,0,0.123880425,0.435733379,0.007536522,0.488062256,0,0,0,0.329474958,0.501490537,0
DOTAP-DOPC-DC-Chol-DOPE/DOPE-PEG ,PEG,118.7,15.5,HP,50,500,14000,15,25,liposome,sphere,water,7,118.7,0.126944444,buffer,1,37,1,Neutral,1.043654291,1.687038452,2.468729427,1.866024187,1.281672089,0.913328294,1.558956916,0.932103611,1.391465677,0.826044704,0.995078883,0.425170068,0.661375661,0.094482237,0.432995284,1.174279235,0.269274376,2.241805813,0.962400464,0.530082163,0.690901361,0.39550704,1.889644747,1.105882768,0.778732546,0.538344834,0.06541078,0.239416155,1.23685838,0.112309075,1.541241497,0.523286238,0.558432328,0,0.425170068,0.044754744,1.078109815,0.207400033,0.265731293,0.121477162,0.224618149,0.514159152,1.010781671,0.262832406,0.833501718,0.963718821,0.109017966,0.580390887,0.883045526,0.130821559,0.295770482,0.507567368,0.231910946,0,0.151846453,0.302343159,0.116396368,1.41723356,0.35430839,0.74132217,2.241805813,0.361394558,0.646258503,0.073942621,0.541125541,1.194525429,0,0.654107797,0.14918248,0.629881582,0.914115646,0.336927224,0.736961451,0.125976316,0.472411187,0,0.425170068,0,0,0.369015531,0.736961451,1.713564214,0,0.330687831,0,0,0,0.54664723,0.678462875,0.077303649,0.307742144,0,0.850340136,0.294348509,0,0.231910946,0.343406593,0.347866419,0.647878199,0.555991627,0.071715433,0.283446712,0,0.283446712,0.235200463,0.366813392,0,0.620748299,0,1.311541566,0.327053898,0.571123972,0,0,0.334062196,0.41862899,0.695732839,0.566893424,0.607385811,0.053146259,0.121477162,0.680272109,0.438281039,0,0.340136054,0,0.266371609,0,0.106292517,1.020408163,0.377928949,1.295133438,0.141723356,0.391306965,0.283446712,0,0.018092343,0.358037952,0.698493683,0,0.079772428,0.346849266,0,0.411230066,0,0,0.192529842,0.614134543,0,0.075346594,0.050020008,0,1.275510204,0.4377677,0.224802565,0,0.308591178,0,0.327053898,0,0.020740003,0.123436471,0,0,0.215579189,0.131949331,0,0.391156463,0.239416155,0.647878199,0.055456965,0.586441473,0,0.016352695,0,0.695732839,0.784929356,0
DOTAP-DOPC-DC-Chol-DOPE/DOPE-PEG ,PEG,116.9,18.3,HP,50,500,14000,15,25,liposome,sphere,water,7,116.9,0.126944444,buffer,1,37,1,Neutral,2.396593586,5.209821009,1.659332119,1.945416115,2.461540915,0.901728774,5.791049274,0.843658071,1.470506265,0.450606678,1.223924818,0.213985947,1.120795067,1.019086236,0.321902031,1.230249971,0.240111884,3.14285408,0.811941848,0.570608301,0.662092717,0.275860588,1.164655635,1.686610668,0.829428837,0.790114283,0.15658682,0.265856022,3.417746621,0.113259087,1.194839936,0,0.961294225,0,0.404609271,0.019114967,1.06846326,0.256489158,0.26427128,0.090022386,0.215461272,0.424884991,0.765362308,0.206900987,0.549994688,1.222995192,0,0.620989713,0.980963481,0.143956778,0.799391308,0.133913868,0.378600294,0.531722493,0.053286712,0.688375323,0.058882832,0.747673449,0.297844419,0.813810055,1.308379158,0.148879358,0.678331958,0.043433831,0.322937291,0.993659029,0,1.172492661,0.142547738,1.793391473,0.406334748,0.198990863,0.655255539,0.075101789,0.485052489,0.150327398,0.368675405,0,0,0.201857055,0.551598999,1.47301931,0.020352009,0.32687336,0,0,0,0.166401368,0.638661639,0.106330371,0.309803613,0.650044372,0.818859048,0.133099175,0.026566171,0.045343424,0.12906905,0.193404687,0.486428113,2.580421092,0.082742241,0.30155642,0,0.242437344,0.269179083,0.083911134,0,0.380285344,0,1.220508188,0.233954329,0.318607998,0.148640598,0,0.054142032,0.20483494,0.530615672,0.287046863,0.201398832,0.006309754,0,0.651031718,0.240806045,0,0.162914301,0,0.130850012,0.093113934,0.048968937,0.359388961,0.158875831,1.077310066,0.247070249,0.258431218,0,0,0.024545898,0,0.511051314,0,0.062866446,0.193523397,0.016093946,0.185778497,0.046293525,0,0.070212439,0.30138938,0,0.063527956,0.044483517,0,1.174541955,0.237017094,0.192463117,0,0.144462702,0,0.16786089,0,0,0.051731067,0,0,0.088677646,0.064031568,0,0,0.100201135,0.296366481,0.008359835,0.406330852,0,0,0,0.383057673,0.456310335,0
DOTAP-DOPC-DC-Chol-DOPE,none,86,27.4,HP,50,500,14000,15,25,liposome,sphere,water,7,86,0.126944444,buffer,1,37,1,Neutral,1.061571125,1.911206482,1.011020119,2.565463553,1.307732546,1.238499646,1.816919811,1.245304589,1.544103455,1.471034274,1.106744365,0.69297004,0.73720217,0.117952347,0.540554622,1.289050652,0.477707006,2.219648716,0.806464886,0.48253233,0,0.765318718,2.028780373,1.402593974,1.173315454,0,0.163318635,0.216436831,0,0.120177863,1.326963907,0.489955904,0.903127674,0,0.50284948,0,1.535486806,0.207135829,0.375973107,0,0.100148219,0.320940108,1.281897208,0.193012932,1.061571125,0.778485492,0.163318635,0,1.22488976,0.102074147,0,0.452607844,0.521134916,0,0.050551006,0.401037981,0,1.651332862,0,0.571615221,2.60567458,0.265392781,0,0,0.496318968,0.909918107,0,0.606612072,0.484225426,0.61244488,1.114649682,0.440652165,0,0.019658725,0.775115425,0.042462845,0.398089172,0.246877006,0.027936082,0.280415014,0.495399858,0.124890721,0,0,0,0,0,1.289050652,0.508198943,0,0.151653018,0.48878095,0.734933856,0.61244488,0,0.347423277,2.153719129,0.458405713,0,0.589761736,0,0.353857042,0,0.707714084,0.112933098,1.040756005,0,0.93418259,0,1.061571125,0.163318635,0.570396426,0,0,0,0.675545262,0.408296587,0.08846426,0.657163078,0,0,0.93418259,0.112236595,0,0.363967243,0,0.294170312,0.369242131,0.08846426,0.141542817,0,0.914584354,0.176928521,0.197283129,0.176928521,0,0,0,0.113739763,0,0.086875082,0.013968041,0.092310533,0.417667328,0,0,0.190281617,0,0,0.188126529,0,0,1.18142593,0.129747582,0.146423603,0,0.025683172,0,0,0,0.362487701,0.205465379,0,0,0,0,0.027573276,0.445859873,0,0.454959054,0,1.537447837,0,0.224563123,0,0.579038796,0.285807611,0.163318635
MWCNT,COOH,80,-57,HP,91,91,10000,20,25,carbon,tube,PBS,7.4,80,0.126944444,buffer,1,25,1,Anionic,0.503550322,0.087964227,1.724524489,0,4.589119236,2.589243321,0,0,0.747695932,0.23499015,0,1.199428891,0.571156615,0,0,0,1.302237082,0,0,0.213627409,0,0.095635526,0.456925292,0,5.67068336,0.059170182,0,0.598882664,0,0,44.20752199,0,0,0.063922191,0.649314889,0,11.01516329,0,0,0.13557124,0,0,0,0,0,7.950500079,0,0,8.145572031,0.237249671,0.357593707,0,0,0,0,0.365540234,0,0,0,0,0,0,0,1.698570107,0,0.7833005,0.115840215,0,0,0,0,0,0,0,0,0,0,1.147626315,0,0,0,0,0.362852438,0,0,0,0,0,0,0,0,0,0,0,0,0,0,0,0,0,0,0,0,0,0,0,0,0,0,0,0,0,0,0,0,0,0,0,0,0,0,0,0,0,0,0,0,0,0,0,0,0,0,0,0,0,0,0,0,0,0,0.108219148,0,0,0,0,0,0,0,0,0,0,0,0,0,0,0,0,0,0,0,0,0,0,0,0,0,0,0,0,0,0,0,0,0,0,0,0
Si,none,50,-20,FBS,100,100,20000,30,4,other,sphere,PBS,7.4,66,0.2,DMEM,1,37,1,Neutral,0,1.86037164,21.66507962,4.119985878,2.62066364,0,0,0,0,0.998692801,1.768414393,1.39867354,0,0,3.31726913,0,0,0,0,0,0,1.514853411,1.636805036,0,1.050733485,0.580828503,0,0,0,2.831835985,0,0,0,0,0,0,0,0,0,0,0,0,0,0,0,23.4298719,0,0,0,0,0,1.029971135,0,0,0.297686859,0,0.599156644,0,1.549833305,0,0,0,0,1.799936283,0,0,0,0,0,0,0,0,0,0,0,0,0,0,0,0,0,0,1.214001798,0,0,0,0,0,0,0,0,0,0,0,0,0,0,0,0,0,0,0,0,0,0,0,0,0,0,0,0,0,0,0,0,0,0,0,0,0,0,0,0,0,0,0,0,0,0,0,0,0,0,0,0,0,0,0,0,0,0,0,0,0,0,0,0,0,0,0,0,0,0,0,0,0,0,0,0,0,0,0,0,0,0,0,0,0,0,0,0,0,0,0,0,0,0,0
Si,none,50,-13.5,FBS,100,100,20000,30,4,other,sphere,cell culture,7.4,44,0.19,DMEM,1,37,1,Neutral,0,1.86037164,21.66507962,4.119985878,2.62066364,0,0,0,0,0.998692801,1.768414393,1.39867354,0,0,3.31726913,0,0,0,0,0,0,1.514853411,1.636805036,0,1.050733485,0.580828503,0,0,0,2.831835985,0,0,0,0,0,0,0,0,0,0,0,0,0,0,0,23.4298719,0,0,0,0,0,1.029971135,0,0,0.297686859,0,0.599156644,0,1.549833305,0,0,0,0,1.799936283,0,0,0,0,0,0,0,0,0,0,0,0,0,0,0,0,0,0,1.214001798,0,0,0,0,0,0,0,0,0,0,0,0,0,0,0,0,0,0,0,0,0,0,0,0,0,0,0,0,0,0,0,0,0,0,0,0,0,0,0,0,0,0,0,0,0,0,0,0,0,0,0,0,0,0,0,0,0,0,0,0,0,0,0,0,0,0,0,0,0,0,0,0,0,0,0,0,0,0,0,0,0,0,0,0,0,0,0,0,0,0,0,0,0,0,0
Ag,PVP,21.6,-21.2,HP,100,1000,19000,20,4,metal,sphere,plasma,7.4,53.3,0.126944444,buffer,3,25,1,Neutral,0.739174097,0.219779485,1.446397442,1.21710808,0.570047711,0.819612357,3.364087445,0.788683733,3.467897456,0.449866408,0.766496464,1.382785147,1.14250357,0.968893774,0.206681207,3.080375976,0.600646521,0,0.069629537,0.439842471,2.298546204,0.42211677,0.868606189,0.209444645,0.462323947,0.259360813,0.907994174,0.417270409,3.284095236,0.637576667,2.135553332,2.573498237,0,0,0.976840983,0.86408193,0.752659799,0.828206758,0,0.385854083,0,0,0.347031941,0,0,2.209916372,0,0.544791271,0.863755997,0.594499541,1.58714951,0.241452983,0.71215701,0,0.168230369,0,0.140563074,4.048864374,0,0.81777836,3.496619013,0,0.418066186,0.846306944,0,0,0.579849057,1.241888303,0.564540979,1.292360593,0.868631412,0,2.234780537,0,0,0,0,0.753835649,0,0,0,0,0.540971879,0,0,0.383559243,3.470483754,0,0,0,0.316030346,0,2.449565587,0,0,0,0,0.813935154,0,0,0,0,0,0,0,0,0.572206432,0,0,0,2.598996574,0,0,0,0,0,0,0,0,0.466751793,2.390213443,0,0,0.710936447,0,0,0,0,0,0,0,0,0,0,0,0,0,0,0,1.669241411,0,0,0,0,0,0,0,0,0,0,0,0,0,0,0,1.128484661,0,0.503201894,2.628974226,0,0,0,0,0,0,0,0,0,0,0,0,0,0,0,0,0,0,0
Ag,PVP,21.6,-21.2,HP,100,1000,19000,20,4,metal,sphere,plasma,7.4,53.3,0.126944444,buffer,3,25,1,Neutral,0.635042566,0.178470745,1.155976098,1.008980937,0.479061697,0.658778369,2.769910738,0.64440471,2.763740672,0.363621121,0.630159651,1.086737695,0.920055171,0.792466377,0.168347143,2.436924357,0.498083352,0,0.058072384,0.363424344,1.879199082,0.344286489,0.686993223,0.176127186,0.378608088,0.216934554,0.751432646,0.329916536,2.657474385,0.504588415,1.810304591,2.094461478,0,0.134982474,0.803970735,0.716807894,0.616309423,0.703047371,0,0.322990101,0,0.293508102,0.27709382,0,0,1.895295219,0,0.444937542,0.698999903,0.472881079,1.331627391,0.199694235,0.578925248,0,0.137573135,0,0.116496622,3.398415353,0,0.681828818,2.877439708,0,0,0.704436701,0,0,0.488548144,0.973547595,0.466269596,1.051011412,0.711879916,0,1.758757364,0,0,0,0,0.669568608,0,0.490073203,0,0.3866429,0.446221499,0,0,0.317623531,2.917054434,0,0,0,0.250146559,0,2.023935371,0,2.245194455,0,0,0.672916269,0,0,0,0,0,0,0,0,0.472917643,0,0,0,2.022831812,0.377927635,0,0,0,0,0,0,0,0,1.98604774,0,0,0.591357459,0,0,0,0,0,0,0,0,0,0,0,0,0,0,0,1.336812592,0,0,0,0,0,1.002514908,0,0,0,0,0,0,0,0,0,0.923172498,0,0.396547866,2.15766065,0,0.631230804,0,0,0,0,0,0,0,0,0,0,0,0,0,0,0,0,0
Ag,CIT,24.3,-26.1,HP,100,1000,19000,20,4,metal,sphere,plasma,7.4,58.1,0.126944444,buffer,3,25,1,Anionic,0.598879163,0.170541092,1.12589428,0.952550945,0.448754739,0.634361946,2.621527654,0.611397751,2.691209194,0.352241537,0.613368746,1.092157383,0.865592151,0.7518921,0.158260033,2.41308488,0.439112391,0,0.056514427,0.358376815,1.852303742,0.350747185,0.673188188,0.169426283,0.369891485,0.208477298,0.740059334,0.323469541,2.629528346,0.484313905,1.658394074,2.053157854,0,0.128795346,0.77589308,0.66437893,0.607562195,0.65826293,0,0.308670249,0,0.282828094,0.27374851,0.517741418,0,1.701367592,0.61065676,0.437655936,0.685305812,0.520216177,1.313154594,0.19427018,0.533343023,0,0.1322105,0.550650556,0.111768236,3.26061565,0,0.662318529,2.726526042,0.327217737,0.331607996,0.660960226,0,0,0.45681351,0.955802315,0.449763523,1.020157191,0.689935319,0,1.80268761,0,0,0,0,0.591851902,0,0.48065031,1.732812115,0.37231063,0.437902006,0,0,0.296021133,2.855868348,0,0,0,0.240067973,0.639898162,1.926467842,0,2.145685918,0,0,0.659231205,0,0.94804501,0,0,0,0,0,0,0.453379543,0,0,0,2.037352742,0.362088401,0,0,0,0,0,0,0,0,1.855577158,0,0,0.571734058,0,0,0,0,0,0,0,0,0,0,0,0,0,0,0,1.31489917,0,0,0,0,0,0.899834813,0,0,0,0,0,0,0.358224823,0,0,0.888174006,0,0.393510597,2.100273105,0,0.613275432,0,0,0,0,0,0,0,0,0,0.174289831,0,0,0,0,0,0,0
Ag,CIT,24.3,-26.1,HP,100,1000,19000,20,4,metal,sphere,plasma,7.4,58.1,0.126944444,buffer,3,25,1,Anionic,0.637460209,0.178910998,1.17679255,1.014901311,0.468231133,0.658763758,2.765649292,0.633566143,2.782932395,0.364868253,0.627589235,1.137521054,0.91626819,0.798986992,0.162373959,2.491799636,0.486641138,0,0.057120443,0.368549095,1.923939103,0.361124135,0.694671279,0.175233529,0.38271472,0.223701051,0.748160945,0.329924972,2.699045796,0.522240482,1.74694828,2.12207487,0,0.1325945,0.813985854,0.712638945,0.629205656,0.700299781,0,0.324773869,0,0.287155403,0.278996601,0.548506343,0,1.83301231,0,0.435665401,0.711390642,0.509357925,1.37300979,0.200722363,0.568184753,0,0.138120086,0,0.116729167,3.411638561,0,0.685057943,2.853930163,0.3384308,0.345930033,0.688270805,0,0,0.484830778,0,0.454260102,1.059699727,0.705789516,0,1.806948926,0,0,0,0,0.644023251,0,0.485347665,1.739539653,0.390766344,0.45642931,0,0,0.312253412,2.923878886,0,0,0,0.249117842,0,2.023953586,0,2.287653154,0,0,0.672706113,0,0,0,0,0,0,0,0,0.479045084,0,0,0,2.088819322,0.375050657,0,0,0,0,0,0,0,0.394476045,2.020937364,0,0,0.585379933,0,0,0,0,0,0,0,0,0,0,0,0,0,0,0,1.313157455,0,0,0,0,0,1.01259825,0,0,0,0,0,0,0,0,0,0.954925364,0,0.401439099,2.214998526,0,0,0,0,0,0,0,0,0,0,0,0,0,0,0,0,0,0,0
Ag,PVP,21.6,-6.6,HP,100,1000,19000,20,4,metal,sphere,cell culture,7.4,93.5,0.126944444,buffer,3,25,1,Neutral,0.739174097,0.219779485,1.446397442,1.21710808,0.570047711,0.819612357,3.364087445,0.788683733,3.467897456,0.449866408,0.766496464,1.382785147,1.14250357,0.968893774,0.206681207,3.080375976,0.600646521,0,0.069629537,0.439842471,2.298546204,0.42211677,0.868606189,0.209444645,0.462323947,0.259360813,0.907994174,0.417270409,3.284095236,0.637576667,2.135553332,2.573498237,0,0,0.976840983,0.86408193,0.752659799,0.828206758,0,0.385854083,0,0,0.347031941,0,0,2.209916372,0,0.544791271,0.863755997,0.594499541,1.58714951,0.241452983,0.71215701,0,0.168230369,0,0.140563074,4.048864374,0,0.81777836,3.496619013,0,0.418066186,0.846306944,0,0,0.579849057,1.241888303,0.564540979,1.292360593,0.868631412,0,2.234780537,0,0,0,0,0.753835649,0,0,0,0,0.540971879,0,0,0.383559243,3.470483754,0,0,0,0.316030346,0,2.449565587,0,0,0,0,0.813935154,0,0,0,0,0,0,0,0,0.572206432,0,0,0,2.598996574,0,0,0,0,0,0,0,0,0.466751793,2.390213443,0,0,0.710936447,0,0,0,0,0,0,0,0,0,0,0,0,0,0,0,1.669241411,0,0,0,0,0,0,0,0,0,0,0,0,0,0,0,1.128484661,0,0.503201894,2.628974226,0,0,0,0,0,0,0,0,0,0,0,0,0,0,0,0,0,0,0
Ag,PVP,21.6,-6.6,HP,100,1000,19000,20,4,metal,sphere,cell culture,7.4,93.5,0.126944444,buffer,3,25,1,Neutral,0.635042566,0.178470745,1.155976098,1.008980937,0.479061697,0.658778369,2.769910738,0.64440471,2.763740672,0.363621121,0.630159651,1.086737695,0.920055171,0.792466377,0.168347143,2.436924357,0.498083352,0,0.058072384,0.363424344,1.879199082,0.344286489,0.686993223,0.176127186,0.378608088,0.216934554,0.751432646,0.329916536,2.657474385,0.504588415,1.810304591,2.094461478,0,0.134982474,0.803970735,0.716807894,0.616309423,0.703047371,0,0.322990101,0,0.293508102,0.27709382,0,0,1.895295219,0,0.444937542,0.698999903,0.472881079,1.331627391,0.199694235,0.578925248,0,0.137573135,0,0.116496622,3.398415353,0,0.681828818,2.877439708,0,0,0.704436701,0,0,0.488548144,0.973547595,0.466269596,1.051011412,0.711879916,0,1.758757364,0,0,0,0,0.669568608,0,0.490073203,0,0.3866429,0.446221499,0,0,0.317623531,2.917054434,0,0,0,0.250146559,0,2.023935371,0,2.245194455,0,0,0.672916269,0,0,0,0,0,0,0,0,0.472917643,0,0,0,2.022831812,0.377927635,0,0,0,0,0,0,0,0,1.98604774,0,0,0.591357459,0,0,0,0,0,0,0,0,0,0,0,0,0,0,0,1.336812592,0,0,0,0,0,1.002514908,0,0,0,0,0,0,0,0,0,0.923172498,0,0.396547866,2.15766065,0,0.631230804,0,0,0,0,0,0,0,0,0,0,0,0,0,0,0,0,0
Ag,CIT,24.3,-9.9,HP,100,1000,19000,20,4,metal,sphere,cell culture,7.4,115.3,0.126944444,buffer,3,25,1,Anionic,0.598879163,0.170541092,1.12589428,0.952550945,0.448754739,0.634361946,2.621527654,0.611397751,2.691209194,0.352241537,0.613368746,1.092157383,0.865592151,0.7518921,0.158260033,2.41308488,0.439112391,0,0.056514427,0.358376815,1.852303742,0.350747185,0.673188188,0.169426283,0.369891485,0.208477298,0.740059334,0.323469541,2.629528346,0.484313905,1.658394074,2.053157854,0,0.128795346,0.77589308,0.66437893,0.607562195,0.65826293,0,0.308670249,0,0.282828094,0.27374851,0.517741418,0,1.701367592,0.61065676,0.437655936,0.685305812,0.520216177,1.313154594,0.19427018,0.533343023,0,0.1322105,0.550650556,0.111768236,3.26061565,0,0.662318529,2.726526042,0.327217737,0.331607996,0.660960226,0,0,0.45681351,0.955802315,0.449763523,1.020157191,0.689935319,0,1.80268761,0,0,0,0,0.591851902,0,0.48065031,1.732812115,0.37231063,0.437902006,0,0,0.296021133,2.855868348,0,0,0,0.240067973,0.639898162,1.926467842,0,2.145685918,0,0,0.659231205,0,0.94804501,0,0,0,0,0,0,0.453379543,0,0,0,2.037352742,0.362088401,0,0,0,0,0,0,0,0,1.855577158,0,0,0.571734058,0,0,0,0,0,0,0,0,0,0,0,0,0,0,0,1.31489917,0,0,0,0,0,0.899834813,0,0,0,0,0,0,0.358224823,0,0,0.888174006,0,0.393510597,2.100273105,0,0.613275432,0,0,0,0,0,0,0,0,0,0.174289831,0,0,0,0,0,0,0
Ag,CIT,24.3,-9.9,HP,100,1000,19000,20,4,metal,sphere,cell culture,7.4,115.3,0.126944444,buffer,3,25,1,Anionic,0.637460209,0.178910998,1.17679255,1.014901311,0.468231133,0.658763758,2.765649292,0.633566143,2.782932395,0.364868253,0.627589235,1.137521054,0.91626819,0.798986992,0.162373959,2.491799636,0.486641138,0,0.057120443,0.368549095,1.923939103,0.361124135,0.694671279,0.175233529,0.38271472,0.223701051,0.748160945,0.329924972,2.699045796,0.522240482,1.74694828,2.12207487,0,0.1325945,0.813985854,0.712638945,0.629205656,0.700299781,0,0.324773869,0,0.287155403,0.278996601,0.548506343,0,1.83301231,0,0.435665401,0.711390642,0.509357925,1.37300979,0.200722363,0.568184753,0,0.138120086,0,0.116729167,3.411638561,0,0.685057943,2.853930163,0.3384308,0.345930033,0.688270805,0,0,0.484830778,0,0.454260102,1.059699727,0.705789516,0,1.806948926,0,0,0,0,0.644023251,0,0.485347665,1.739539653,0.390766344,0.45642931,0,0,0.312253412,2.923878886,0,0,0,0.249117842,0,2.023953586,0,2.287653154,0,0,0.672706113,0,0,0,0,0,0,0,0,0.479045084,0,0,0,2.088819322,0.375050657,0,0,0,0,0,0,0,0.394476045,2.020937364,0,0,0.585379933,0,0,0,0,0,0,0,0,0,0,0,0,0,0,0,1.313157455,0,0,0,0,0,1.01259825,0,0,0,0,0,0,0,0,0,0.954925364,0,0.401439099,2.214998526,0,0,0,0,0,0,0,0,0,0,0,0,0,0,0,0,0,0,0
SiO2,none,95,-13.5,FBS,10,1000,16000,20,25,other,sphere,PBS,7.4,118,0.02,buffer,1,37,1,Neutral,0,1.71,0,2.81,4.56,0,2.19,0,0,0,1.87,0,1.49,1.65,1.33,2.17,1.33,0,1.65,2.71,2.14,0,2.24,0,0,0,0,0,0,1.67,1.41,0,0,0,0,0,0,1.44,0,0,0,0,0,0,0,0,0,0,0,0,0,0,0,1.5,0,2.31,0,0,0,1.67,0,0,0,0,0,0,0,0,0,0,0,0,1.92,0,0,0,0,0,0,0,0,0,0,0,0,0,0,0,0,0,0,0,0,0,0,0,0,0,1.59,0,0,0,0,0,0,0,0,0,0,0,0,0,0,1.76,0,0,0,0,0,0,0,0,0,0,0,0,0,0,0,0,0,0,0,0,0,0,0,0,0,0,0,0,0,0,0,0,0,0,0,0,0,0,0,0,0,0,0,0,0,0,0,0,0,0,0,0,0,0,0,0,0,0,0,0,0,0,0,0
SiO2,none,95,-13.5,FBS,30,1000,16000,20,25,other,sphere,PBS,7.4,118,0.02,buffer,1,37,1,Neutral,0,1.72,0,2.93,7.07,0,0,0,0,0,2.46,0,2.2,2.34,1.25,3.76,1.48,0,0.99,3.96,1.95,0,6.46,0,0,0,0,0,0,1.34,1.93,0,0,0,0,0,0,1.93,0,0,0,0,0,0,0,0,0,0,0,0,0,0,0,2.01,0,3.13,0,0,0,3.13,0,0,0,0,0,0,0,0,0,0,0,0,1.5,0,0,0,0,0,0,0,0,0,0,0,0,0,0,0,0,0,0,0,0,0,0,0,0,0,1.45,0,0,0,0,0,0,0,0,0,0,0,0,0,0,0.98,0,0,0,0,0,0,0,0,0,0,0,0,0,0,0,0,0,0,0,0,0,0,0,0,0,0,0,0,0,0,0,0,0,0,0,0,0,0,0,0,0,0,0,0,0,0,0,0,0,0,0,0,0,0,0,0,0,0,0,0,0,0,0,0
SiO2,none,95,-13.5,FBS,50,1000,16000,20,25,other,sphere,PBS,7.4,118,0.02,buffer,1,37,1,Neutral,0,2.11,0,2.57,6.76,0,3.67,0,0,0,2.65,0,2.04,2.05,1.52,3.96,1.43,0,1.18,3.92,0,0,5.16,0,0,0,0,0,0,1.62,0,0,0,0,0,0,0,1.97,0,0,0,0,0,0,0,0,0,0,0,0,0,0,0,2.34,0,1.97,0,0,0,1.97,0,0,0,0,0,0,0,0,0,0,0,0,1.22,0,0,0,0,0,0,0,0,0,0,0,0,0,0,0,0,0,0,0,0,0,0,0,0,0,1.27,0,0,0,0,0,0,0,0,0,0,0,0,0,0,0.69,0,0,0,0,0,0,0,0,0,0,0,0,0,0,0,0,0,0,0,0,0,0,0,0,0,0,0,0,0,0,0,0,0,0,0,0,0,0,0,0,0,0,0,0,0,0,0,0,0,0,0,0,0,0,0,0,0,0,0,0,0,0,0,0
PS,none,204,-13.5,FBS,80,1000,20000,20,25,other,sphere,PBS,7.4,240,0.02,buffer,1,37,3,Neutral,3.64,2.74,0,9.22,9.24,7.55,4.42,0,0,0,0,0,0,0,0,0,4.3,0,0,0,0,2.09,0,0.66,0,0,1.96,4.71,0,0,0,3.88,0,0,2.72,2.68,0,0,0,0,0,0.6,0,0,0,0,0,0,0,0,0,0,2.32,0,0,0,0,0,0,0,0,0,0,4.49,0,7.98,0,0,0,0,0,0,0,0,0,0,0,3.56,0,0,0,0,2.65,0,0,0,0,0,0,0,0,0,0,0,1.74,0,0,0,0,0,0,0,0,0,0,0,4.39,0,0,0,0,0,0,0,0,0,0,0,0,0,0,2.05,1.02,0,0,0,0,0,0,0,0,0,0,0,0,0,0,0,0,0,0,0,0,0,0,0,0,0,0,0,0,0,0,0,0,0,0.83,0,0,0,0,0,0,0,0,0,0,0,0,0,0,0,0,0,0,0,0,0
SiO2,none,79,-13.5,FBS,80,1000,20000,20,25,other,sphere,PBS,7.4,112,0.02,buffer,1,37,3,Neutral,0,2.47,11.14,9.48,5.89,3.64,3.41,2.41,0,0,0,0,0,0,0.73,0,2.43,0,0.9,2.57,0,1.23,0,1.3,0,0,0,0,0,0,0,5.98,0,2.28,3.5,0,0,0,0,0,0,0,0,0,0,0,0,0,0,0,0,0,0,0,0,2.63,0,7.06,0,0,0,0,0,0,0,0,0,0,0,0,0,0,0,0,0,0,0,2.75,0,0,0,0,3.5,0,0,0,0,4.47,0,0,0,0,0,0,0,0,0,0,3.72,0,0,0,0,0,0,0,4.33,0,0,0,0,0,0,0,0,0,0,0,0,0,0,0,0,0,0,0,0,0,0,0,0,0,0,0,0,0,0,0,0,0,0,0,0,0,0,0,0,0,0,0,0,0,0,0,0,0,0,0,0,0,0,0,0,0,0,0,0,0,0,0,0,0,0,0,0,0,0,0
HSPC-Chol,none,127.27,-27.87,RP,82,90,9000,20,25,liposome,sphere,plasma,7.4,104.76,0.17,water,0.166666667,37,1,Neutral,3.18,0,1.2,5.55,1.87,0,1.84,0,0,0,0,0,0,0,5.33,0,0,2.09,1.88,1.04,0,0,0,0,0,0,0,0,0,0,1.79,0,0,0,0,0,5.03,0,0,0,0,0,0,0,0,1.2,0,0,3.35,0,0,1.44,0,1.35,0,0,0,2,0,0,0,0,0,0,0,1.04,0,0,0,0,0,0,0,1.06,0,0,0,0,0,0,0,0,0,0,0,0,0,0,0,0,0,0,0,0,0,0,0,0,0,0,0,0,0,0,0,0,0,0,0,0,0,0,0,0,0,0,0,0,0,0,0,0,0,0,0,0,0,0,0,0,0,0,0,0,0,0,0,0,0,0,0,0,0,0,0,0,0,0,0,0,0,0,0,0,0,0,0,0,0,0,0,0,0,0,0,0,0,0,0,0,0,0,0,0,0,0,0,0
HSPC-Chol,none,127.27,-27.87,RP,100,5,9000,20,25,liposome,sphere,plasma,7.4,104.76,0.17,water,0.166666667,37,8,Neutral,1.99,0.96,2.83,3.54,1.87,0,0,0,0.9,0,0,0,0,0,2.96,0,0,5.92,1.21,0,0,0,0,0,0,0,0,0,0,0,8.35,0,0,0,0,0,1.35,0,0,0,0,0,0,0,0,2,0,0,1.17,0,0,0,0,1.12,0,0,0,0,0,0,0,0,0,0,0,0,0,0,0,0,0,0,0,0,0,0,0,0,0,0,0.99,0,0,0,0,0,0,0,0,0,0,0,0,0,0,0,0,0,0,0,0,0,0,0,0,0,0,0,0,0,0,0,0,0,0,0,0,0,0,0,0,0,0,0,0,0,0,0,0,0,0,0,0,0,0,0,0,0,0,0,0,0,0,0,0,0,0,0,0,0,0,0,0,0,0,0,0,0,0,0,0,0,0,0,0,0,0,0,0,0,0,0,0,0,0,0,0,1.07
HSPC-Chol-DSPE-PEG20000,PEG,121.82,-30.37,RP,82,90,9000,20,25,liposome,sphere,plasma,7.4,100.98,0.15,water,0.166666667,37,1,Neutral,2.04,1.21,0,5.74,1.75,0,2.67,0,0,0,0,0,0,0,3.75,0,0,2.13,2.37,0,0,0,0,0,0,0,0,0,0,0,4.56,0,0,0,0,0,4.86,0,0,0,0,0,0,0,0,1.13,0,0,3.38,0,0,1.34,0,1.28,0,0,0,0,0,0,0,0,0,0,0,1.22,0,0,0,1.17,0,0,0,0,0,0,0,0,0,0,0,0,0,0,0,0,0,0,0,0,0,0,0,0,0,0,0,0,0,0,0,0,0,0,0,0,0,0,0,0,0,0,0,0,0,0,0,0,0,0,0,0,0,0,0,0,0,0,0,0,0,0,0,0,0,0,0,0,0,0,0,0,0,0,0,0,0,0,0,0,0,0,0,0,0,0,0,0,0,0,0,0,0,0,0,0,0,0,0,0,0,0,0,0,0,0,0,0
HSPC-Chol-DSPE-PEG20000,PEG,121.82,-30.37,RP,100,5,9000,20,25,liposome,sphere,plasma,7.4,100.98,0.15,water,0.166666667,37,9,Neutral,1.86,0.92,1.04,3.46,0.84,0.76,1.11,0,0,0,0,0,0,0,2.15,0,0,4.53,0.97,0,0,0,0,0,0,0,0,0,0,0,6.58,0,0,0,0,0,0.77,0,0,0,0,0,0,0,0,2.24,0,0,0,0,0,0,0,1.08,0,0,0,0,0,0,0,0,0,0,0,0.76,0,0,0,0,0,0,0,0,0,0,0,0,0,0,1.53,0,0,0,0,0,0,0,0,0,0,0,0,0,0,0,0,0,0,0,0,0,0,0,0,0,0,0,0,0,0,0,0,0,0,0,0,0,0.82,0,0,0,0,0,0,0,0,0,0,0,0,0,0,0,0,0,0,0,0,0,0,0,0,0,0,0,0,0,0,0,0,0,0,0,0,0,0,0,0,0,0,0,0,0,0,0,0,0,0,0,0,0,0,0,0,0,0,0
HSPC-Chol,none,110.91,-32.1,RP,82,90,9000,20,25,liposome,sphere,plasma,7.4,103.86,0.2,water,0.166666667,37,1,Neutral,2.49,0,1.4,4.82,1.77,0,1.38,0,0,0,0,0,0,0,4.21,0,0,2.29,1.94,0,0,0,0,0,0,0,0,0,0,0,4.44,0,0,0,0,0,4.53,0,0,0,0,0,0,0,0,1.2,0,0,3.03,0,0,1.32,0,1.29,0,0,0,0,0,0,0,0,0,0,0,1.7,0,0,0,0,0,0,0,0,0,0,0,0,0,0,0,0,0,0,0,0,0,0,0,0,0,0,0,0,0,0,0,0,0,0,0,0,0,0,0,0,0,0,0,0,0,0,0,0,0,0,0,0,0,0,0,0,0,0,0,0,0,0,0,0,0,0,0,0,0,0,0,0,0,0,0,0,0,0,0,0,0,0,0,0,0,0,0,0,0,0,0,0,0,0,0,0,0,0,0,0,0,0,0,0,0,0,0,0,0,0,0,0
HSPC-Chol,none,110.91,-32.1,RP,100,5,9000,20,25,liposome,sphere,plasma,7.4,103.86,0.2,water,0.166666667,37,10,Neutral,1.55,0.85,1.71,2.79,1.2,0.84,1.03,0,0,0,0,0,0,0,2.49,0,0,2.66,0.74,0,0,0,0,0,0,0,0,0,0,0,3.91,0,0,0,0,0,0,0,0,0,0,0,0,0,0,1.1,0,0,0,0,0,0,0,0,0,0,0,0,0,0,0,0,0,0,0,0,0,0,0,0.73,0,0,0,0,0,0,0,0,0,0,1.58,0,0,0.82,0,0,0,0,0,0,0,0,0,0,0,0,0,0,0,0,0,0,0,0,0,0,0,0,0,0,0,0,0,0,0,0,0,0,0,0,0,0,0,0,0,0,0,0,0,0,0,0,0,0,0,0,0,0,0,0,0,0,0,0,0,0,0,0,0,0,0,0,0,0,0,0,0,0,0,0,0,0,0,0,0,0,0,0,0,0,0,0,0,0,0,0,0,0
HSPC-Chol,none,110.91,-36.23,RP,82,90,9000,20,25,liposome,sphere,plasma,7.4,120.83,0.2,water,0.166666667,37,1,Neutral,2.49,0,1.4,4.82,1.77,0,1.38,0,0,0,0,0,0,0,4.21,0,0,2.29,1.94,0,0,0,0,0,0,0,0,0,0,0,4.44,0,0,0,0,0,4.53,0,0,0,0,0,0,0,0,1.2,0,0,3.03,0,0,1.32,0,1.29,0,0,0,0,0,0,0,0,0,0,0,1.7,0,0,0,0,0,0,0,0,0,0,0,0,0,0,0,0,0,0,0,0,0,0,0,0,0,0,0,0,0,0,0,0,0,0,0,0,0,0,0,0,0,0,0,0,0,0,0,0,0,0,0,0,0,0,0,0,0,0,0,0,0,0,0,0,0,0,0,0,0,0,0,0,0,0,0,0,0,0,0,0,0,0,0,0,0,0,0,0,0,0,0,0,0,0,0,0,0,0,0,0,0,0,0,0,0,0,0,0,0,0,0,0
HSPC-Chol,none,110.91,-36.23,RP,100,5,9000,20,25,liposome,sphere,plasma,7.4,120.83,0.2,water,0.166666667,37,7,Neutral,1.55,0.85,1.71,2.79,1.2,0.84,1.03,0,0,0,0,0,0,0,2.49,0,0,2.66,0.74,0,0,0,0,0,0,0,0,0,0,0,3.91,0,0,0,0,0,0,0,0,0,0,0,0,0,0,1.1,0,0,0,0,0,0,0,0,0,0,0,0,0,0,0,0,0,0,0,0,0,0,0,0.73,0,0,0,0,0,0,0,0,0,0,1.58,0,0,0.82,0,0,0,0,0,0,0,0,0,0,0,0,0,0,0,0,0,0,0,0,0,0,0,0,0,0,0,0,0,0,0,0,0,0,0,0,0,0,0,0,0,0,0,0,0,0,0,0,0,0,0,0,0,0,0,0,0,0,0,0,0,0,0,0,0,0,0,0,0,0,0,0,0,0,0,0,0,0,0,0,0,0,0,0,0,0,0,0,0,0,0,0,0,0
HSPC-Chol,none,127.27,-36.54,RP,82,90,9000,20,25,liposome,sphere,plasma,7.4,119.2,0.17,water,0.166666667,37,1,Neutral,3.18,0,1.2,5.55,1.87,0,1.84,0,0,0,0,0,0,0,5.33,0,0,2.09,1.88,1.04,0,0,0,0,0,0,0,0,0,0,1.79,0,0,0,0,0,5.03,0,0,0,0,0,0,0,0,1.2,0,0,3.35,0,0,1.44,0,1.35,0,0,0,2,0,0,0,0,0,0,0,1.04,0,0,0,0,0,0,0,1.06,0,0,0,0,0,0,0,0,0,0,0,0,0,0,0,0,0,0,0,0,0,0,0,0,0,0,0,0,0,0,0,0,0,0,0,0,0,0,0,0,0,0,0,0,0,0,0,0,0,0,0,0,0,0,0,0,0,0,0,0,0,0,0,0,0,0,0,0,0,0,0,0,0,0,0,0,0,0,0,0,0,0,0,0,0,0,0,0,0,0,0,0,0,0,0,0,0,0,0,0,0,0,0,0
HSPC-Chol,none,127.27,-36.54,RP,100,5,9000,20,25,liposome,sphere,plasma,7.4,119.2,0.17,water,0.166666667,37,5,Neutral,1.99,0.96,2.83,3.54,1.87,0,0,0,0.9,0,0,0,0,0,2.96,0,0,5.92,1.21,0,0,0,0,0,0,0,0,0,0,0,8.35,0,0,0,0,0,1.35,0,0,0,0,0,0,0,0,2,0,0,1.17,0,0,0,0,1.12,0,0,0,0,0,0,0,0,0,0,0,0,0,0,0,0,0,0,0,0,0,0,0,0,0,0,0.99,0,0,0,0,0,0,0,0,0,0,0,0,0,0,0,0,0,0,0,0,0,0,0,0,0,0,0,0,0,0,0,0,0,0,0,0,0,0,0,0,0,0,0,0,0,0,0,0,0,0,0,0,0,0,0,0,0,0,0,0,0,0,0,0,0,0,0,0,0,0,0,0,0,0,0,0,0,0,0,0,0,0,0,0,0,0,0,0,0,0,0,0,0,0,0,0,1.07
HSPC-Chol-DSPE-PEG20000,PEG,121.82,-37.51,RP,82,90,9000,20,25,liposome,sphere,plasma,7.4,113.97,0.18,water,0.166666667,37,1,Neutral,2.04,1.21,0,5.74,1.75,0,2.67,0,0,0,0,0,0,0,3.75,0,0,2.13,2.37,0,0,0,0,0,0,0,0,0,0,0,4.56,0,0,0,0,0,4.86,0,0,0,0,0,0,0,0,1.13,0,0,3.38,0,0,1.34,0,1.28,0,0,0,0,0,0,0,0,0,0,0,1.22,0,0,0,1.17,0,0,0,0,0,0,0,0,0,0,0,0,0,0,0,0,0,0,0,0,0,0,0,0,0,0,0,0,0,0,0,0,0,0,0,0,0,0,0,0,0,0,0,0,0,0,0,0,0,0,0,0,0,0,0,0,0,0,0,0,0,0,0,0,0,0,0,0,0,0,0,0,0,0,0,0,0,0,0,0,0,0,0,0,0,0,0,0,0,0,0,0,0,0,0,0,0,0,0,0,0,0,0,0,0,0,0,0
HSPC-Chol-DSPE-PEG20000,PEG,121.82,-37.51,RP,100,5,9000,20,25,liposome,sphere,plasma,7.4,113.97,0.18,water,0.166666667,37,6,Neutral,1.86,0.92,1.04,3.46,0.84,0.76,1.11,0,0,0,0,0,0,0,2.15,0,0,4.53,0.97,0,0,0,0,0,0,0,0,0,0,0,6.58,0,0,0,0,0,0.77,0,0,0,0,0,0,0,0,2.24,0,0,0,0,0,0,0,1.08,0,0,0,0,0,0,0,0,0,0,0,0.76,0,0,0,0,0,0,0,0,0,0,0,0,0,0,1.53,0,0,0,0,0,0,0,0,0,0,0,0,0,0,0,0,0,0,0,0,0,0,0,0,0,0,0,0,0,0,0,0,0,0,0,0,0,0.82,0,0,0,0,0,0,0,0,0,0,0,0,0,0,0,0,0,0,0,0,0,0,0,0,0,0,0,0,0,0,0,0,0,0,0,0,0,0,0,0,0,0,0,0,0,0,0,0,0,0,0,0,0,0,0,0,0,0,0
HSPC-DSPG-Chol,none,185,-20.5,RP,95.23,500,1800,10,4,liposome,sphere,plasma,7.4,266,0.373,water,0.166666667,37,1,Neutral,0.67,0,1,0.77,4.8,0.78,1.23,0,0,0,3.1,0,0,0,0,0,0,0,0,1.14,0,0,0,0,0,0,0,0,0,0.83,0,0,0,0,0,0.82,16.69,0,0,1.05,0,0,0,0,0,0,0,0,14.48,0,0,0,0,0,0,0,1.42,0,0,0,0,0,0,0,0,0,0,0,0,0,0,0,0,0,0,0,0,0,0,0,0,0,0,0,0,0,0,0,0,0,0,0,0,0,0,0,0,0,0,0,2.98,0,0,0,0,0,0,0,0,0,0,0,0,0,0,0,0,0,0,0,0,0,0,0,0,0,0,0,0,0,0,0,0,0,0,0,0,0,0,0,0,0,0,0,0,0,0,0,0,0,0,0,0,0,0,0,0,0,0,0,0,0,0,0,0,0,0,0,0,0,0,0,0,0,0,0,0,0
HSPC-DSPG-Chol,none,185,-20.5,RP,100,500,1800,10,4,liposome,sphere,plasma,7.4,266,0.373,water,0.166666667,37,1,Neutral,0.97,0.66,1.12,0.96,4.07,0.74,1.41,0,0,0,2.79,0,0,0,0,0,0,2.14,0,1.12,0,0,0,0,0,0,0,0,0,0,0,0,0,0,0,0,2.28,0,0,0,0,0,0,0,0,0,0,0,1.81,0,0,0,0,0,0,0,0,0,0,0,0.78,0,0,0,0,0,0,0,0,0,0,0,0,0,0,0,0,0,0,0,0,0,0,0,0,0,0,0,0,0,0,0,0,0,0,0,0,0,0,0,0,0,0,0,0,0,0,0,0,0,0,0,0,0,0,0,0,0,0,0,0,0,0,0,0,0,0,0,0,0,0,0,0,0,0,0,0,0,0.7,0,0,0,0,0,0,0,0,0,0,0,0,0,0,0,0,0,0,0,0,0,0,0,0,0,0,0,0,0,0,0,0,0.64,0,0,0,0,0,0
HSPC-DSPG-Chol,none,185,-26.1,RP,95.23,500,1800,10,4,liposome,sphere,plasma,7.4,334,0.312,water,0.166666667,37,1,Neutral,0.67,0,1,0.77,4.8,0.78,1.23,0,0,0,3.1,0,0,0,0,0,0,0,0,1.14,0,0,0,0,0,0,0,0,0,0.83,0,0,0,0,0,0.82,16.69,0,0,1.05,0,0,0,0,0,0,0,0,14.48,0,0,0,0,0,0,0,1.42,0,0,0,0,0,0,0,0,0,0,0,0,0,0,0,0,0,0,0,0,0,0,0,0,0,0,0,0,0,0,0,0,0,0,0,0,0,0,0,0,0,0,0,2.98,0,0,0,0,0,0,0,0,0,0,0,0,0,0,0,0,0,0,0,0,0,0,0,0,0,0,0,0,0,0,0,0,0,0,0,0,0,0,0,0,0,0,0,0,0,0,0,0,0,0,0,0,0,0,0,0,0,0,0,0,0,0,0,0,0,0,0,0,0,0,0,0,0,0,0,0,0
HSPC-DSPG-Chol,none,185,-26.1,RP,100,500,1800,10,4,liposome,sphere,plasma,7.4,334,0.312,water,0.166666667,37,1,Neutral,0.97,0.66,1.12,0.96,4.07,0.74,1.41,0,0,0,2.79,0,0,0,0,0,0,2.14,0,1.12,0,0,0,0,0,0,0,0,0,0,0,0,0,0,0,0,2.28,0,0,0,0,0,0,0,0,0,0,0,1.81,0,0,0,0,0,0,0,0,0,0,0,0.78,0,0,0,0,0,0,0,0,0,0,0,0,0,0,0,0,0,0,0,0,0,0,0,0,0,0,0,0,0,0,0,0,0,0,0,0,0,0,0,0,0,0,0,0,0,0,0,0,0,0,0,0,0,0,0,0,0,0,0,0,0,0,0,0,0,0,0,0,0,0,0,0,0,0,0,0,0,0.7,0,0,0,0,0,0,0,0,0,0,0,0,0,0,0,0,0,0,0,0,0,0,0,0,0,0,0,0,0,0,0,0,0.64,0,0,0,0,0,0
DOTAP:DOPC:DC-Chol:DOPE,none,139,-24,FBS,50,500,14000,10,25,liposome,sphere,plasma,7.4,205,0.126944444,buffer,0.083333333,25,1,Neutral,0,0,1.55,1.77,6.16,0,0,1.61,17.9,0.97,3.94,0,0,0,1.96,0,0,7.08,0,0,0,0,0,1.77,0,0,5.78,0,0,0,5.63,0,1.1,0,0,0,0,0,0,0,0,0,0,0,0,1.81,2.01,0,0,0,0,0,0,0,0,0,0,0,0,0,0,0,0,0,0,0,0,0,0,0,0,0,0,0,1.7,0,0,0,0,0,0,0,0,0,0,0,0,0,0,0,0,0,0,0,0,0,0,0,0,0,0,0,0,0,0,0,0,3.49,0,0,0,0,0,0,0,0,0,0,0,0,0,0,0,0,0,0,0,0,0,0,0,0,0,0,0,0,0,0,0,0,0,0,0,0,0,0,0,0,0,0,0,0,0,0,0,0,0,0,0,0,0,0,0,0,0,0,0,0,0,0,0,0,0,0,0,0,0,0
DOTAP:DOPC:DC-Chol:DOPE,none,139,-24,FBS,50,500,14000,10,25,liposome,sphere,plasma,7.4,230,0.126944444,buffer,0.083333333,25,1,Neutral,0,0.71,3.69,1.21,16.53,0,0,0,10.99,0,5.94,0,0,0,1.73,0,0,2.13,0,3.49,0,0,0,0,0,0,19.73,0,0,0.7,6.47,0,0,0,0,0,0,0,0,0,1.57,0,0,0,0,5.07,0,0,0,0,0,0,0,0,0,0,0,0,0,0,0,0,0,0,0,0,0,0,0,0,0,0,0,0.68,0,0,1.51,0,0,0,0,0,0,0,0,0,0,0,0,0,0,0,0,0,0,0,0,0,0,0,0,0,0,0,0,0,0,0,0,0,0,0,0,0,0,0,0,0,0,0,0,0,0,0,0,0,0,0,0,0,0,0,0,0,0,0,0,0,0,0,0,0,0,0,0,0,0,0,0,0,0,0,0,0,0,0,0,0,0,0,0,0,0.98,0,0,0,0,0,0,0,0,0,0,0,0,0,0,0
DOTAP:DOPC:DC-Chol:DOPE-PEG,PEG,131,-25,FBS,50,500,14000,10,25,liposome,sphere,plasma,7.4,150,0.126944444,buffer,0.083333333,25,1,Neutral,0,0.68,2.73,1.31,28.3,0,0,0,6.06,0,7.42,0,0,0,1.44,0,0,0.91,0,3.29,0,0,0,0,0,0,19.53,0,0,0.64,5.29,0,0,0,0,0,0,0,0,0,1.36,0,0,0,0,3.43,0,0,0,0,0,0,0,0,0,0,0,0,0,0,0,0,0,0,0,0,0,0,0,0,0,0,0,0.65,0,0,1.53,0,0,0,0,0,0,0,0,0,0,0,0,0,0,0,0,0,0,0,0,0,0,0,0,0,0,0,0,0,0,0.65,0,0,0,0,0,0,0,0,0,0,0,0,0,0,0,0,0,0,0,0,0,0,0,0,0,0,0,0,0,0,0,0,0,0,0,0,0,0,0,0,0,0,0,0,0,0,0,0,0,0,0,0,0,0,1.61,0,0,0,0,0,0,0,0,0,0,0,0,0,0,0
DOTAP:DOPC:DC-Chol:DOPE-PEG,PEG,131,-25,FBS,50,500,14000,10,25,liposome,sphere,plasma,7.4,163,0.126944444,buffer,0.083333333,25,1,Neutral,0,0,2.1,1.13,8.46,0,0,1.74,17.5,1.25,5.36,0,0,0,1.13,0,0,2.11,0,0.8,0,0,0,1.2,0,0,5.62,0,0,0,9.45,0,0,0,0,0,0,0,0,0,0,0,0,0,0,2.32,4.62,0,0,0,0,0,0,0,0,0,0,0,0,0,0,0,0,0,0,0,0,0,0,0,0,0,0,0,0.96,0,0,0,0,0,0,0,0,0,0,0,0,0,0,0,0,0,0,0,0,0,0,0,0,0,0,0,0,0,0,0,0,3.71,0,0,0,0,0,0,0,0,0,0,0,0,0,0,0,0,0,0,0,0,0,0,0,0,0,0,0,0,0,0,0,0,0,0,0,0,0,0,0,0,0,0,0,0,0,0,0,0,0,0,0,0,0,0,0,0,0,0,0,0,0,0,0,0,0,0,0,0,0,0
DOTAP:DOPC:DC-Chol:DOPE,none,139,-26,FBS,50,500,14000,10,25,liposome,sphere,plasma,7.4,205,0.126944444,buffer,1.5,25,1,Neutral,0,0,1.55,1.77,6.16,0,0,1.61,17.9,0.97,3.94,0,0,0,1.96,0,0,7.08,0,0,0,0,0,1.77,0,0,5.78,0,0,0,5.63,0,1.1,0,0,0,0,0,0,0,0,0,0,0,0,1.81,2.01,0,0,0,0,0,0,0,0,0,0,0,0,0,0,0,0,0,0,0,0,0,0,0,0,0,0,0,1.7,0,0,0,0,0,0,0,0,0,0,0,0,0,0,0,0,0,0,0,0,0,0,0,0,0,0,0,0,0,0,0,0,3.49,0,0,0,0,0,0,0,0,0,0,0,0,0,0,0,0,0,0,0,0,0,0,0,0,0,0,0,0,0,0,0,0,0,0,0,0,0,0,0,0,0,0,0,0,0,0,0,0,0,0,0,0,0,0,0,0,0,0,0,0,0,0,0,0,0,0,0,0,0,0
DOTAP:DOPC:DC-Chol:DOPE,none,139,-26,FBS,50,500,14000,10,25,liposome,sphere,plasma,7.4,230,0.126944444,buffer,1.5,25,1,Neutral,0,0,2.87,2.11,6.67,0,0,1.63,16.64,0.87,5.53,0,0,0,1.83,0,0,7.37,0,0,0,0,0.91,0,0,0,5.62,0,0,0,8.03,0,0.86,0,0,0,0,0,0,0,0,0,0,0,0,2.35,0.87,0,0,0,0,0,0,0,0,0,0,0,0,0,0,0,0,0,0,0,0,0,0,0,0,0,0,0,1.49,0,0,0,0,0,0,0,0,0,0,0,0,0,0,0,0,0,0,0,0,0,0,0,0.89,0,0,0,0,0,0,0,0,1.3,0,0,0,0,0,0,0,0,0,0,0,0,0,0,0,0,0,0,0,0,0,0,0,0,0,0,0,0,0,0,0,0,0,0,0,0,0,0,0,0,0,0,0,0,0,0,0,0,0,0,0,0,0,0,0,0,0,0,0,0,0,0,0,0,0,0,0,0,0,0
DOTAP:DOPC:DC-Chol:DOPE-PEG,PEG,131,-28,FBS,50,500,14000,10,25,liposome,sphere,plasma,7.4,150,0.126944444,buffer,1.5,25,1,Neutral,0,0.71,3.69,1.21,16.53,0,0,0,10.99,0,5.94,0,0,0,1.73,0,0,2.13,0,3.49,0,0,0,0,0,0,19.73,0,0,0.7,6.47,0,0,0,0,0,0,0,0,0,1.57,0,0,0,0,5.07,0,0,0,0,0,0,0,0,0,0,0,0,0,0,0,0,0,0,0,0,0,0,0,0,0,0,0,0.68,0,0,1.51,0,0,0,0,0,0,0,0,0,0,0,0,0,0,0,0,0,0,0,0,0,0,0,0,0,0,0,0,0,0,0,0,0,0,0,0,0,0,0,0,0,0,0,0,0,0,0,0,0,0,0,0,0,0,0,0,0,0,0,0,0,0,0,0,0,0,0,0,0,0,0,0,0,0,0,0,0,0,0,0,0,0,0,0,0,0.98,0,0,0,0,0,0,0,0,0,0,0,0,0,0,0
DOTAP:DOPC:DC-Chol:DOPE-PEG,PEG,131,-28,FBS,50,500,14000,10,25,liposome,sphere,plasma,7.4,163,0.126944444,buffer,1.5,25,1,Neutral,0,0,1.55,1.77,6.16,0,0,1.61,17.9,0.97,3.94,0,0,0,1.96,0,0,3.44,0,0,0,0,0,1.77,0,0,5.78,0,0,0,5.63,0,1.1,0,0,0,0,0,0,0,0,0,0,0,0,1.81,2.01,0,0,0,0,0,0,0,0,0,0,0,0,0,3.64,0,0,0,0,0,0,0,0,0,0,0,0,0,1.7,0,0,0,0,0,0,0,0,0,0,0,0,0,0,0,0,0,0,0,0,0,0,0,0,0,0,0,0,0,0,0,0,3.49,0,0,0,0,0,0,0,0,0,0,0,0,0,0,0,0,0,0,0,0,0,0,0,0,0,0,0,0,0,0,0,0,0,0,0,0,0,0,0,0,0,0,0,0,0,0,0,0,0,0,0,0,0,0,0,0,0,0,0,0,0,0,0,0,0,0,0,0,0,0
Ag,PVP,19.09,-21.2,HP,66,0.01141,19000,20,4,metal,sphere,plasma,7.4,75.36,0.126944444,buffer,1,37,1,Neutral,0.382,0.35,0.209,3.07,1.03,15.8,0.286,0.18,0.064,0.003,0.119,41.457,0.455,0.045,0.125,0.079,2.12,0.027,0.547,0.02,0.105,0.017,0.006,0.354,0.455,0.023,0.013,0.247,0.121,0.148,0.035,0,0,0.018,0.341,0.002,0.144,0.019,0.015,0.309,0,0.004,0.04,0.053,0.012,0.021,0.029,0.01,0.155,0.003,0.072,0.081,2.4,0,3.22,0.006,0.002,0.011,0.076,0.023,0.005,0.001,0.005,7.87,0.003,0,5.28,0.112,0.012,0.186,0.071,0,0.007,0.004,0,0,0,0.175,0,0.006,0.05,0.133,0.01,0,0.005,2.14,0.3,0,0,0,0,0.002,0.009,0,0,0,0,0.014,0,0.007,0,0.006,0,0.007,0,0.027,3.07,0.001,0,0.045,0,0.02,0,0,0,0,0,0,0,0.001,0.013,0,0.002,0.586,0,0,0,0,0,0.008,0,0.002,0.008,0,0,0.02,0,0.003,0.039,0.009,0,0,0,0.005,0,0.322,0,0.023,0,0.009,0,0,0.007,0.042,0,0.073,0,0.38,0.025,0.009,0.011,0.005,0,0.015,0,0.003,0,0,0,0,0.164,0,0,0,0,0,0,0
Au,PVP,19.09,-23.97,HP,66,0.02101,19000,20,4,metal,sphere,plasma,7.4,47.02,0.126944444,buffer,1,37,1,Neutral,0.322,7.913,0.118,1.23,0.276,5.33,0.191,0.196,0.073,0.002,0.077,8.523,0.472,0.036,0.084,0.057,0.166,0.233,0.235,0.002,0.053,0.016,0.004,1.41,15.1,1.23,0.038,1.05,0.137,0.01,0.012,0,0.002,0.011,0.274,0.119,4.7,0.019,0.014,0.025,0,0.086,0.102,0.025,0.042,0.011,0.023,0.009,6.544,0,0.125,0.055,0.062,0,2.16,0.003,0.008,0.019,0.092,0.018,0.003,0.012,0.002,4,0.004,0,0.678,0.054,0.009,0.111,0.042,0,0.021,0,0,0,0,0.026,0.004,0.011,0.248,0.08,0.006,0,0.002,3.94,0.145,0,0.002,0,0,0.009,0.009,0,0,0,0,0.008,0,0.005,0,0.024,0,0.004,0.005,0.001,0.833,0,0,0.03,0,0.011,0,0.024,0,0,0,0.002,0,0.001,0.047,0,0.002,1.15,0,0,0,0,0,0,0,0.003,0.005,0,0,0,0,0,0.009,0.037,0,0,0,0.001,0,0.105,0,0,0,0.015,0,0,0.027,0.005,0,0.069,0,0.105,0.001,0.006,0.012,0.004,0,0.008,0,0,0,0,0,0,0.148,0.007,0,0,0.004,0,0,0
Au,CIT,20.08,-24.97,HP,66,0.02101,19000,20,4,metal,sphere,plasma,7.4,56.6,0.126944444,buffer,1,37,1,Anionic,0.171,6.333,0.882,1.57,0.346,2.99,0.333,0.17,0.108,0.025,0.106,7.656,1.112,0.079,0.096,0.075,0.205,0.276,0.091,0.059,0.043,0.088,0.027,1.39,21.5,0.659,0.094,0.842,0.216,0.162,0.011,0.022,0.012,0.014,0.194,0.418,8.4,0.045,0.209,0.138,0,0.306,0.299,0.047,0.129,0.018,0.017,0.011,11.138,0.076,0.213,0.044,0.143,0,1.63,0.003,0.014,0.103,0.062,0.014,0.005,0.013,0.014,3.71,0.014,0,0.666,0.048,0.025,0.122,0.039,0.001,0.029,0.001,0.001,0,0,0.02,0.005,0.016,0.223,0.11,0.021,0,0.01,3.02,0.07,0,0.002,0.004,0.035,0.034,0.011,0,0,0,0,0.009,0,0.009,0.001,0.016,0,0.006,0.049,0.002,0.977,0.002,0,0.083,0,0.027,0,0.034,0,0.003,0,0.003,0,0.002,0.06,0,0.005,0.951,0,0.004,0.001,0,0,0,0,0.004,0.013,0,0,0,0,0,0,0.038,0,0,0,0.005,0,0.132,0,0,0,0.004,0,0,0.014,0.008,0,0.068,0,0.038,0.124,0.011,0.008,0.018,0,0.011,0,0,0,0,0,0,0.102,0.008,0,0,0.022,0,0,0
Ag,BPEI,18.11,-25.7,HP,66,0.01141,19000,20,4,metal,sphere,plasma,7.4,301.67,0.126944444,buffer,1,37,1,Cationic,0.355,1.19,0.411,0.87,0.752,6.06,0.311,1.36,0.183,6.38,0.177,0.239,1.063,0.075,0.084,0.06,0.01,0.013,0.203,0.002,0.368,0.07,0.014,17.6,8.96,0.014,0.062,0,0.255,0.121,0.016,0,0.099,0.083,0.389,0,4.16,0.027,0.034,0.024,0,0.002,14.9,0.026,5.252,0.014,0.04,0.255,6.594,0.002,0.206,1.06,0.155,0.013,0.926,0.003,0.336,0.011,0.012,0.041,0.009,0.109,0.792,0.024,0.391,0,0.001,0.011,0.04,0.033,2.08,0.006,0.004,0.001,1.74,0,0,0.005,0,0.015,0.001,0.034,0,0,0.023,0.017,0.008,0,0.075,0,0.057,0,0.019,0.759,0,0.278,0.144,0.017,0,0,0.008,0.053,0,0.018,0.085,0.08,0,2.1,0,0.04,0,0.052,0,0,0,0.096,0.014,0,0,0.001,0,0.143,0.126,0.023,0,0,0.54,0,0,0.004,0.015,0,0.035,0,0.003,0,0,0,0.065,0,0,0.001,0,2.41,0,0,0.12,0.003,0,0.413,0,0,0.008,0.002,0,0.004,0,0.001,0.001,0.015,0.005,0.004,0,0.004,0,0.003,0,0,0.004,0,0.08,0.023,0,0.039,0,0,0,0.772
Ag,CIT,20.08,-26.13,HP,66,0.01141,19000,20,4,metal,sphere,plasma,7.4,58.1,0.126944444,buffer,1,37,1,Anionic,0.166,1.62,0.246,12.4,0.746,12.3,0.825,0.422,0.147,0.007,0.362,27.5,1.8,0.059,0.117,0.202,2.4,0,0.294,0.093,0.305,0.11,0.003,0.901,4.3,0.024,0,0.027,0.131,0.283,0.033,0,0,0.029,0.517,0.006,1.62,0.024,0.017,0.181,0,0.075,0.236,0.162,0.138,0.022,0.025,0.029,2.5,0.007,0.264,0.136,3.84,0,4.17,0.003,0.013,0,0.185,0.012,0,0.004,0.003,5.45,0.016,0,3.68,0.028,0.021,0.05,0.187,0,0,0,0,0,0,0.316,0,0,0.035,0.059,0.054,0,0.007,1.58,0.248,0,0.002,0,0.019,0,0,0,0,0,0,0.006,0,0.01,0,0,0,0,0.032,0.132,2.61,0.002,0,0.018,0,0.155,0,0,0,0.005,0,0,0,0,0.01,0,0.004,0.248,0,0.01,0,0,0,0.023,0,0,0.018,0,0,0.027,0,0.012,0.022,0,0,0.008,0,0.013,0,0.207,0,0.017,0,0.005,0,0,0.008,0.055,0,0.049,0,0.289,0.035,0,0.021,0.023,0,0.01,0,0.015,0,0,0,0,0.258,0,0,0,0,0,0.003,0.002
Au,BPEI,18.11,-26.9,HP,66,0.02101,19000,20,4,metal,sphere,plasma,7.4,295.2,0.126944444,buffer,1,37,1,Cationic,0.626,1.42,0.565,0.993,0.618,5.83,0.574,1.58,0.184,8.73,0.357,0.125,1.82,0.097,0.12,0.066,0.02,0.037,0.77,0.003,0.328,0.044,0.024,15.1,4.31,0.012,0.05,0.001,0.363,0.064,0.02,0.025,0.028,0.066,0.477,0.001,2.55,0.033,0.086,0.04,0,0.003,17.5,0.067,5.543,0.02,0.035,0.31,3.98,0.003,0.288,1.52,0.224,0.013,0.706,0.006,0.134,0.023,0.018,0.044,0.01,0.139,0.8,0.052,0.149,0,0.001,0.067,0.096,0.152,1.35,0.013,0.006,0,4.04,0,0,0.002,0.012,0.043,0.004,0.149,0,0,0.023,0.059,0.025,0,0.067,0,0.059,0,0.044,0.495,0,0.305,0.167,0.041,0,0.008,0.001,0.06,0,0.028,0.085,0.022,0,2.68,0,0.066,0,0.062,0,0,0,0.098,0.019,0,0,0,0.003,0.624,0.196,0.025,0,0,0.943,0,0,0,0.008,0.005,0.038,0,0.004,0,0,0,0.014,0,0,0,0,1.64,0,0,0.207,0,0,0.397,0,0,0.048,0,0,0.004,0,0,0.001,0.016,0.006,0.005,0,0.004,0,0,0.003,0,0,0,0.243,0.003,0,0.033,0,0,0.005,0.282
DOTAP-Chol,none,83.5,50.5,HP,50,500,14000,15,25,liposome,sphere,buffer,7.4,83.5,0.126944444,buffer,1,37,1,Neutral,0.726721288,3.145329957,3.012294983,2.344904295,4.153882021,2.665397605,2.448661122,0.881134902,2.0241223,0.825311448,0,0,1.618606504,1.33500451,0,0.924918002,0,2.127958201,1.216126533,0,0,0,1.64904184,0.985743618,1.394491758,0,0,0,0,0,0,0.306481705,0,0,0.498032771,0,2.650245815,0,0,0,0,0.280867318,0,0,0,0,0,0.596848796,1.901144326,0,0,0,0,0,0,0,0,1.466429824,0,0,1.19980622,0.046690572,0.239438832,0,0.084083455,0,0,0.296904152,0,0.396581651,0,0,0,0,0,0,0,0,0,0,0.332021847,0,0,0,0,0,0,0,0.421208567,0.022637853,0.168382508,0.256182324,0.348622939,0,0.076620426,0,0.354156637,0.554627404,0.913060079,0,0,0,0,0,0.132455524,0,0,0,0,1.126904659,0,0.167249811,0,0,0,0.305611018,0.042141234,0,0.023715846,0.031127048,0,0,0,0,0.327278678,0,0,0,0,0,0,1.156968436,0.083005462,0,0,0,0,0,0,0,0,0,0,0,0,0,0,0,0,0,0,0,0.963934395,0,0,0,0,0,0,0,0.376561363,0,0,0,0,0,0,0,0,0,0,0,0,0,0,0,0.507610324,0
DOTAP-DOPE,none,90.8,51.2,HP,50,500,14000,15,25,liposome,sphere,buffer,7.4,90.8,0.126944444,buffer,1,37,1,Neutral,0.431221406,1.158719895,1.689628529,1.2126407,8.559986641,8.933304392,1.378755864,3.749091478,0.836164236,1.130532347,0,0,1.555945372,1.08528574,0,0.21357664,0,16.79877353,0.415674225,0,0,0,1.43523502,0.488533509,0.593817998,0,0,0,0.996690986,0,0,0.12266966,0,0,0.204583939,0,1.320615556,0,0,0,0,0.106622757,0,0,0,0,0,0.189845902,0.962190144,0,0,0,0,0,0,0,0,0.908096232,0,0,3.243776118,0,0,0,0.028476885,0,0,0,0,0.030667415,0,0,0,0,0,0,0,0,0,0,0,0,0,0,0,0,0,0,0.146322719,0,0.045563016,0,0.12266966,0,0,0,0.48592519,0.067956204,0,0,0,0,0,0,0.050894859,0,0,0,0,0.297317989,0,0,0,0,0,0.163094889,0,0,0.474614755,0,0,0,0,0,0.472716296,0,0,0,0,0,0.172759771,0.193204714,0,0,0.099669099,0,0,0,0,0,0,0,0,0,0,0,0,0,0,0,0,0,0.344019147,0,0,0,0,0,0,0,0.009723814,0,0,0,0,0,0,0,0,0,0,0,0,0,0,0,0.034500842,0
Chol-DC,none,85.6,55.6,HP,50,500,14000,15,25,liposome,sphere,buffer,7.4,85.6,0.126944444,buffer,1,37,1,Neutral,0.546720746,1.562034114,1.874106871,0.623111613,3.047536185,1.92462292,2.407272923,0.481040786,0,2.699680695,0.590587343,0,2.653827878,1.178980966,0.347590762,0.219017648,0.234003066,1.173683091,0.531995744,0.364680103,0,0.106962107,0.398074182,3.584674451,1.049828638,0.033669506,0.066207764,0.079907308,1.041643743,0.073078381,0.43371258,0.186209337,0,0,0.441675479,0,2.605157289,1.609878118,0.087414939,0.056749512,0.060898651,0.02064181,2.935314975,0.046947324,1.632988281,0.336211302,1.200015724,0,1.399673513,0.096208157,0,0.098830485,0.126170932,0,0.039704954,0.251037772,0.136223104,0.125518886,0,0.202761278,0.557499468,0.076656177,0,0,0.050300704,0.238229723,0,0.11793258,0.32276285,0.077702168,0.379246349,0.333521612,0,0.080690712,0.479021055,0,0.338603971,0.04128362,0,0.182695953,0.043035047,0,0.32276285,0.071725078,0,0.004275005,0,0,0.125328128,0.193168675,0.058404706,0,0.099311646,0.536903587,0,0.399052251,3.048370979,0.062351914,0.023054489,0,0,0.173795381,0,0,0,0.81640015,0,1.505688695,0,0.380203696,0.301162566,0.033721492,0,0,2.117227949,0.017379538,0,0,0.076848298,0,0,0.51642056,0.054030785,0,0.273646764,0.017116212,0.184713679,0,0.316038624,0.19365771,0.918080996,0.562389814,0.06724226,0.047129089,0.053793808,0,0,0,0.080690712,0,0.0138511,0.027604717,0.021049751,0.056880338,0.018620934,0,0.06546605,0,0,0.177071286,0,0.016372029,0.288624472,0.02928774,0.009274795,0,0.005205852,0,0,0,0.059041985,0.005205852,0,0,0,0,0,0.225933995,0,0,0.002338861,0.083473151,0,0,0,0,0,0
DOTAP,none,78.8,55.7,HP,50,500,14000,15,25,liposome,sphere,buffer,7.4,78.8,0.126944444,buffer,1,37,1,Neutral,0,2.609528957,1.766706183,0.935250086,4.476103742,13.33372417,3.157987303,2.312431531,4.268340981,5.111775052,0,0,0,0,0,0,0,2.053795938,0.655607203,0,0,0,0.178142873,0,2.479339667,0,0,0,0,0,0,0,0,0,0,0,5.163829788,0,0,0,0,0.262694829,0,0,0,0,0,0.439573324,3.158921619,0,0,0,0,0.29150652,0,0,0,0,0,0,2.318801866,2.844010489,0,0,0.919949148,0,0,0,0,0,0,0,0,0,0,0,0,0,0,0,0,0,0,0,0,0,0,0,0.144202694,0,0.070794441,0.015728769,0.235447574,0,0,0,3.087427776,0.096064649,0.117990734,0,0,0,0,0,0.083730596,0,0,0,0,0,0,0.078315185,0,0,0,0.06278602,0,0,0.2429221,0,0,0,0,0,0,0,0,0,0,0,1.104485816,0,0,0,0,0,0,0,0,0,0,0,0,0,0,0,0,0,0,0,0,0,0.159858414,0,0,0,0,0,0,0,0,0,0,0,0,0,0,0,0,0,0,0,0,0,0,0,0,0
DC-Chol-DOPE,none,119.2,56.3,HP,50,500,14000,15,25,liposome,sphere,buffer,7.4,119.2,0.126944444,buffer,1,37,1,Neutral,0.723101996,2.295573697,4.581325221,2.687683595,5.549827975,1.791789064,2.384846007,1.179319454,2.973314502,0.681384573,1.333774059,0.075709397,1.854880228,0.757093971,0.593598831,0.58404392,0.136276915,3.097202607,1.611025542,0.973406534,0,0,1.241634112,0.564878403,1.118905194,0,0,0.145538453,0,0.102850502,2.810711365,0.419313584,1.016991901,0,0.466210498,0,1.581785617,0,0.33426413,0,0.231413629,0.063384611,0.719953512,0,0.688130955,1.726174253,0.279542389,0.605675176,1.939325324,0.104828396,0,0.380307669,0,0,0,0.313280264,0,2.725538294,0,0.419313584,2.849426398,0,0,0,0,2.498410103,0,0,0,0.104828396,0.340692287,0.333121347,0,0.126182328,0.108156282,0,0.170346143,0,0,0.385689381,0.363405106,0,0,0,0,0,0,0,0.413180007,0,0.181702553,0.049020473,0,0.052414198,0.209656792,0,0.381575361,0.371664313,2.725538294,0,0.197026865,0,0,0,0.144975441,0.053441927,0,0.109021532,0,2.078800394,0,0.10169919,0,0,0,0.704256223,0,0,0,0,0.29202196,0,1.038586178,0,0,0,0,0,0,0.545107659,0,1.593391618,0,0.542695678,0,0,0.202965618,0.860696303,0.389362613,0,0,0.268967595,0,0.145213106,0,0,0,0,0,0,0,0,1.69247136,0.620817056,0.301076905,0,0.373662508,0,0,0,0,0,0,0,0.191939316,0.04699204,0,0.136276915,0.238153831,0.58404392,0.039500555,0.516912435,0,0,0,0.247776209,0,0
Chol-DC,none,99.6,59.2,HP,50,500,14000,15,25,liposome,sphere,buffer,7.4,99.6,0.126944444,buffer,1,37,1,Neutral,0.836482741,2.389912194,2.902656882,1.01010101,4.662730363,2.944673068,3.683127572,0.735992403,1.270284413,4.130511464,0.903598634,0.270919067,4.060356653,1.803840878,0.518064076,0.335097002,0.358024691,0.785634119,0.813953488,0.557960558,0.154320988,0.163652024,0.609053498,5.484551909,1.606237817,0,0.101297879,0.122258181,1.593714927,0.111809923,0.663580247,0.284900285,3.239358762,0,0.675763483,0,3.985890653,2.46311352,0.133744856,0,0.093174936,0.03158197,4.491031912,0.071829405,2.498472069,0.510288066,1.836024058,0.278267686,2.141500475,0.147198481,0,0.151210642,0.193041526,0,0.060748579,0.384087791,0,0.192043896,0,0.310224755,0.852974186,0.117283951,0,0,0.076960077,0.364491476,0,0,0.467836257,0.180436847,0.580246914,0.49382716,0,0.12345679,0,0,0.514403292,0.063163939,0,0.279524808,0,0,0.441595442,0,0,0,0,0,0.191752036,0.295548073,0.0893592,0.051514344,0.151946819,0.821462488,0,0.610549944,3.733333333,0.212976324,0,0,0.065843621,0.257201646,0,0,0,1.404663923,0,2.303703704,0,0.581711655,0.208926876,0.051593882,0,0,0.49382716,0.026590693,0,0,0.118884316,0,0,0.790123457,0.082667102,0,0.388007055,0.026187804,0.282611929,0,0.226337449,0.296296296,0,0.531813865,0.102880658,0.072107506,0.082304527,0,0,0,0.12345679,0,0,0.042235218,0.032206119,0.087026918,0,0,0.100163056,0,0,0.262541022,0,0.025049204,0.394265233,0.044810242,0.014190436,0,0.007964954,0,0,0,0.090334237,0.007964954,0,0,0,0,0,0.345679012,0,0,0.003578458,0.127713921,0,0,0,0,0,0
DOTAP,none,156.5,-1.5,HP,50,500,14000,15,25,liposome,sphere,plasma,7.4,156.5,0.126944444,buffer,1,37,1,Neutral,0,2.609528957,1.766706183,0.935250086,4.476103742,13.33372417,3.157987303,2.312431531,4.268340981,5.111775052,0,0,0,0,0,0,0,2.053795938,0.655607203,0,0,0,0.178142873,0,2.479339667,0,0,0,0,0,0,0,0,0,0,0,5.163829788,0,0,0,0,0.262694829,0,0,0,0,0,0.439573324,3.158921619,0,0,0,0,0.29150652,0,0,0,0,0,0,2.318801866,2.844010489,0,0,0.919949148,0,0,0,0,0,0,0,0,0,0,0,0,0,0,0,0,0,0,0,0,0,0,0,0.144202694,0,0.070794441,0.015728769,0.235447574,0,0,0,3.087427776,0.096064649,0.117990734,0,0,0,0,0,0.083730596,0,0,0,0,0,0,0.078315185,0,0,0,0.06278602,0,0,0.2429221,0,0,0,0,0,0,0,0,0,0,0,1.104485816,0,0,0,0,0,0,0,0,0,0,0,0,0,0,0,0,0,0,0,0,0,0.159858414,0,0,0,0,0,0,0,0,0,0,0,0,0,0,0,0,0,0,0,0,0,0,0,0,0
Chol-DC,none,220,-10.6,HP,50,500,14000,15,25,liposome,sphere,plasma,7.4,220,0.126944444,buffer,1,37,1,Neutral,0.836482741,2.389912194,2.902656882,1.01010101,4.662730363,2.944673068,3.683127572,0.735992403,1.270284413,4.130511464,0.903598634,0.270919067,4.060356653,1.803840878,0.518064076,0.335097002,0.358024691,0.785634119,0.813953488,0.557960558,0.154320988,0.163652024,0.609053498,5.484551909,1.606237817,0,0.101297879,0.122258181,1.593714927,0.111809923,0.663580247,0.284900285,3.239358762,0,0.675763483,0,3.985890653,2.46311352,0.133744856,0,0.093174936,0.03158197,4.491031912,0.071829405,2.498472069,0.510288066,1.836024058,0.278267686,2.141500475,0.147198481,0,0.151210642,0.193041526,0,0.060748579,0.384087791,0,0.192043896,0,0.310224755,0.852974186,0.117283951,0,0,0.076960077,0.364491476,0,0,0.467836257,0.180436847,0.580246914,0.49382716,0,0.12345679,0,0,0.514403292,0.063163939,0,0.279524808,0,0,0.441595442,0,0,0,0,0,0.191752036,0.295548073,0.0893592,0.051514344,0.151946819,0.821462488,0,0.610549944,3.733333333,0.212976324,0,0,0.065843621,0.257201646,0,0,0,1.404663923,0,2.303703704,0,0.581711655,0.208926876,0.051593882,0,0,0.49382716,0.026590693,0,0,0.118884316,0,0,0.790123457,0.082667102,0,0.388007055,0.026187804,0.282611929,0,0.226337449,0.296296296,0,0.531813865,0.102880658,0.072107506,0.082304527,0,0,0,0.12345679,0,0,0.042235218,0.032206119,0.087026918,0,0,0.100163056,0,0,0.262541022,0,0.025049204,0.394265233,0.044810242,0.014190436,0,0.007964954,0,0,0,0.090334237,0.007964954,0,0,0,0,0,0.345679012,0,0,0.003578458,0.127713921,0,0,0,0,0,0
Chol-DC,none,210,-11.2,HP,50,500,14000,15,25,liposome,sphere,plasma,7.4,210,0.126944444,buffer,1,37,1,Neutral,0.546720746,1.562034114,1.874106871,0.623111613,3.047536185,1.92462292,2.407272923,0.481040786,0,2.699680695,0.590587343,0,2.653827878,1.178980966,0.347590762,0.219017648,0.234003066,1.173683091,0.531995744,0.364680103,0,0.106962107,0.398074182,3.584674451,1.049828638,0.033669506,0.066207764,0.079907308,1.041643743,0.073078381,0.43371258,0.186209337,0,0,0.441675479,0,2.605157289,1.609878118,0.087414939,0.056749512,0.060898651,0.02064181,2.935314975,0.046947324,1.632988281,0.336211302,1.200015724,0,1.399673513,0.096208157,0,0.098830485,0.126170932,0,0.039704954,0.251037772,0.136223104,0.125518886,0,0.202761278,0.557499468,0.076656177,0,0,0.050300704,0.238229723,0,0.11793258,0.32276285,0.077702168,0.379246349,0.333521612,0,0.080690712,0.479021055,0,0.338603971,0.04128362,0,0.182695953,0.043035047,0,0.32276285,0.071725078,0,0.004275005,0,0,0.125328128,0.193168675,0.058404706,0,0.099311646,0.536903587,0,0.399052251,3.048370979,0.062351914,0.023054489,0,0,0.173795381,0,0,0,0.81640015,0,1.505688695,0,0.380203696,0.301162566,0.033721492,0,0,2.117227949,0.017379538,0,0,0.076848298,0,0,0.51642056,0.054030785,0,0.273646764,0.017116212,0.184713679,0,0.316038624,0.19365771,0.918080996,0.562389814,0.06724226,0.047129089,0.053793808,0,0,0,0.080690712,0,0.0138511,0.027604717,0.021049751,0.056880338,0.018620934,0,0.06546605,0,0,0.177071286,0,0.016372029,0.288624472,0.02928774,0.009274795,0,0.005205852,0,0,0,0.059041985,0.005205852,0,0,0,0,0,0.225933995,0,0,0.002338861,0.083473151,0,0,0,0,0,0
DC-Chol-DOPE,none,250,-11.4,HP,50,500,14000,15,25,liposome,sphere,plasma,7.4,250,0.126944444,buffer,1,37,1,Neutral,0.723101996,2.295573697,4.581325221,2.687683595,5.549827975,1.791789064,2.384846007,1.179319454,2.973314502,0.681384573,1.333774059,0.075709397,1.854880228,0.757093971,0.593598831,0.58404392,0.136276915,3.097202607,1.611025542,0.973406534,0,0,1.241634112,0.564878403,1.118905194,0,0,0.145538453,0,0.102850502,2.810711365,0.419313584,1.016991901,0,0.466210498,0,1.581785617,0,0.33426413,0,0.231413629,0.063384611,0.719953512,0,0.688130955,1.726174253,0.279542389,0.605675176,1.939325324,0.104828396,0,0.380307669,0,0,0,0.313280264,0,2.725538294,0,0.419313584,2.849426398,0,0,0,0,2.498410103,0,0,0,0.104828396,0.340692287,0.333121347,0,0.126182328,0.108156282,0,0.170346143,0,0,0.385689381,0.363405106,0,0,0,0,0,0,0,0.413180007,0,0.181702553,0.049020473,0,0.052414198,0.209656792,0,0.381575361,0.371664313,2.725538294,0,0.197026865,0,0,0,0.144975441,0.053441927,0,0.109021532,0,2.078800394,0,0.10169919,0,0,0,0.704256223,0,0,0,0,0.29202196,0,1.038586178,0,0,0,0,0,0,0.545107659,0,1.593391618,0,0.542695678,0,0,0.202965618,0.860696303,0.389362613,0,0,0.268967595,0,0.145213106,0,0,0,0,0,0,0,0,1.69247136,0.620817056,0.301076905,0,0.373662508,0,0,0,0,0,0,0,0.191939316,0.04699204,0,0.136276915,0.238153831,0.58404392,0.039500555,0.516912435,0,0,0,0.247776209,0,0
DOTAP-DOPE,none,178.1,-2.1,HP,50,500,14000,15,25,liposome,sphere,plasma,7.4,178.1,0.126944444,buffer,1,37,1,Neutral,0.431221406,1.158719895,1.689628529,1.2126407,8.559986641,8.933304392,1.378755864,3.749091478,0.836164236,1.130532347,0,0,1.555945372,1.08528574,0,0.21357664,0,16.79877353,0.415674225,0,0,0,1.43523502,0.488533509,0.593817998,0,0,0,0.996690986,0,0,0.12266966,0,0,0.204583939,0,1.320615556,0,0,0,0,0.106622757,0,0,0,0,0,0.189845902,0.962190144,0,0,0,0,0,0,0,0,0.908096232,0,0,3.243776118,0,0,0,0.028476885,0,0,0,0,0.030667415,0,0,0,0,0,0,0,0,0,0,0,0,0,0,0,0,0,0,0.146322719,0,0.045563016,0,0.12266966,0,0,0,0.48592519,0.067956204,0,0,0,0,0,0,0.050894859,0,0,0,0,0.297317989,0,0,0,0,0,0.163094889,0,0,0.474614755,0,0,0,0,0,0.472716296,0,0,0,0,0,0.172759771,0.193204714,0,0,0.099669099,0,0,0,0,0,0,0,0,0,0,0,0,0,0,0,0,0,0.344019147,0,0,0,0,0,0,0,0.009723814,0,0,0,0,0,0,0,0,0,0,0,0,0,0,0,0.034500842,0
DOTAP-Chol,none,187.4,-2.4,HP,50,500,14000,15,25,liposome,sphere,plasma,7.4,187.4,0.126944444,buffer,1,37,1,Neutral,0.726721288,3.145329957,3.012294983,2.344904295,4.153882021,2.665397605,2.448661122,0.881134902,2.0241223,0.825311448,0,0,1.618606504,1.33500451,0,0.924918002,0,2.127958201,1.216126533,0,0,0,1.64904184,0.985743618,1.394491758,0,0,0,0,0,0,0.306481705,0,0,0.498032771,0,2.650245815,0,0,0,0,0.280867318,0,0,0,0,0,0.596848796,1.901144326,0,0,0,0,0,0,0,0,1.466429824,0,0,1.19980622,0.046690572,0.239438832,0,0.084083455,0,0,0.296904152,0,0.396581651,0,0,0,0,0,0,0,0,0,0,0.332021847,0,0,0,0,0,0,0,0.421208567,0.022637853,0.168382508,0.256182324,0.348622939,0,0.076620426,0,0.354156637,0.554627404,0.913060079,0,0,0,0,0,0.132455524,0,0,0,0,1.126904659,0,0.167249811,0,0,0,0.305611018,0.042141234,0,0.023715846,0.031127048,0,0,0,0,0.327278678,0,0,0,0,0,0,1.156968436,0.083005462,0,0,0,0,0,0,0,0,0,0,0,0,0,0,0,0,0,0,0,0.963934395,0,0,0,0,0,0,0,0.376561363,0,0,0,0,0,0,0,0,0,0,0,0,0,0,0,0.507610324,0
DOTAP,PEG,152.85,-13.74,HP,50,500,14000,15,25,liposome,sphere,plasma,7.4,152.85,0.126944444,buffer,1,37,1,Neutral,2.417392519,0.94921946,1.405337901,1.401228726,0.567770601,0.346277674,3.139116302,0.497639173,0.506229032,0.085450425,1.509624173,0.135968286,0.670355271,4.365163493,0.65906643,0,0.227626414,2.531145161,0.180190156,4.372213405,0.245669971,0.597987372,0.81526035,0.41581446,0,0.737599051,0.841032335,0,0,0.182677671,5.629936846,0.601366494,0,0,0,0.453544563,4.550105654,0.543451755,0,0.08598449,0.497639173,0.188828684,0.622033059,0.184624706,0.531512391,1.746986464,0.010910586,0.137363855,2.433302575,0.449592105,0.366555196,0.343010904,1.68819365,0,0.128636908,0.310762015,0.415149256,0.622363928,0.291164411,0,0.506229032,0.221102974,0.82634445,0,0.089334535,0.56933041,0.152081411,0.478741483,0.042461477,0.400351065,0.064298807,0.01889769,0.264567662,0.149413316,0.987963111,0.532284938,0.109186654,0.15332594,0.755907605,0.08619999,0.210574261,0.129178577,0.054593327,0.764306578,0,0,0.015414586,0,0.04679428,0.229780869,0,0,0,0.173050546,0,0.41854884,0.069879459,0,0.148890892,0.491339943,0.196754073,0,0,0,0,0.97332103,0,0.141189639,0,0.142148663,0,0.079408476,1.226250114,0,0,0.074445446,0.1139339,0,0.327559962,0,0,0.17033118,0.036395551,0.220473051,0.077072932,0.009777909,0.103860476,0.184540824,0,0,1.971315408,0.327559962,0,0.026088847,0,0,0.111509774,0,0.02339714,0,0,0,1.012458064,0.63075596,0.43237915,0.584928504,0.573229933,0.081009453,0,0.428347643,0.109186654,0.042725212,0,0.982679886,0.052710798,0,0.54593327,0,0,0,0.015978535,0.005505209,0.114265103,0.09677908,0,0.038536466,0.0629923,0.624790298,0,0.060102745,0.129406405,0.117921586,0,0.196535977,0,0,0.125984601,0.016942757
DOTAP-DSPC-Chol,none,208,-15.7,HP,50,500,14000,15,25,liposome,sphere,plasma,7.4,208,0.126944444,buffer,1,37,1,Neutral,1.67779988,2.520445492,1.44186748,0.897948722,0.425694209,0.302222224,7.615935456,0.575608155,1.05214193,0.138813329,0.815159123,0.09035962,1.718296937,2.095970609,0.3403268,0.552583829,0.239452993,0.725615129,0.619515,2.943999352,0.371564988,0.542945739,0.79817664,1.579810762,0.019310725,0.993414094,0.52188472,0,0,0.12800946,0.573689461,0.122796406,0,0.212847104,0,0.042009297,3.164200258,1.216732686,0.365830961,0.011567777,0.353039668,0.171700789,0.870012539,0.07981766,2.646783864,0.585329537,0.313010448,0.671481937,1.696125364,0.18419461,0.258233619,0.214604097,0.495571212,0,0.015836838,0.700621719,0.462821057,0.310402027,0.09977208,0.050947445,0.689334372,0.419042737,0.68288446,0,0.632321755,0.237552572,0.653053616,0.368389219,0.336074375,0.753833495,0.011824839,0.17318927,0.127708263,0.16259153,1.501332255,0.409065529,0.515489081,0,0.672148751,0.105023242,0.079817664,0.650820954,0,0.576460908,0.276291914,0.085518926,0,0.009461146,0.275965328,0.108842269,0.186807299,0.09977208,0.097735915,0.445136973,0,0.261221446,1.016344924,0.226754728,0.342075704,0.475836075,0,0.014424879,0,0.720933741,0.420092969,5.427601164,0,0.656128256,0,0.291641465,0.22557166,0.411001405,1.708916656,0,0,0.38066886,0.580492103,0.484607247,0.057012617,0.108842269,0,0.11174473,0,0,0.182440375,0.018140378,0.658736144,0.067451547,0.09977208,0,4.079569502,0.270350153,0,0.010595265,0,0,0,0,0.028506309,0,0.160909862,0,0.559760242,0.624802207,0.030699102,0,0.648518521,0,0,0.061398203,0,0.011567777,0.04988604,0.139216856,0.036697777,0,0,0,0.057012617,0,0,0.063013945,0.019004206,0,0,0,0.228050469,0.173189271,0,0,0,0.071835898,0,0.053723428,0,1.243475189,0.266058881,0.16092271
DOTAP,PEG,258.54,-19.64,RP,50,500,14000,15,25,liposome,sphere,plasma,7.4,258.54,0.126944444,buffer,1,37,1,Neutral,0.350801833,0.407998621,0.461885231,0.937990539,1.390341484,1.143305911,1.908490938,1.174507985,0.086778437,2.231290569,0.90009,0.472377829,1.123831216,0.267265534,0.271705378,0,0.056626607,11.53068486,0,0.404449502,0.26847079,0.326049797,0.477281405,0.604020638,0,0.187993935,0.361185928,0,0,0.068838664,4.138924685,0,0,0,0.1257701,0.033654458,7.990124614,0.010847305,0,1.370217221,0.072917992,0.042113065,0.687780515,0.09328682,0.591876198,1.392070765,0.666970169,0.067358263,5.374286026,0.140376884,0,0.652590537,0.057529455,0,0.444432078,0.266176168,0.255686467,0,0.523683764,0,0.433892186,0.439994,0.378643248,0,0.92667,0.30682376,0.04033364,0.091784886,0.844081003,0.026515634,1.512385452,0.009178489,0.278414153,0.385174467,0.511922797,0.091784886,0.059660176,0.049948054,0.183569771,0.10356106,0,0,0,0.12594926,0,0,0.16270957,0.30682376,0,0,0,0,0,0.475030078,0,1.458359849,0.516289981,0,0,0.220283725,1.383344314,0.264579909,0,0,0,0.28912239,0,1.147403782,0.009740437,0,0,0.010847305,0.028636884,0,0,0,0.010375683,0,0.11363843,0,0,0.238640703,0,0.208810615,0.13335804,0.087264138,0.222634314,0,0,0,1.412861432,0,0,0,0,0,0.484897598,0,0.30682376,0,0,0,0,1.123189092,0.343642612,1.346615393,0.293798223,0.062689205,0,0.581686712,0,0,0,0,0,0,0,0,0.018356977,0,0.226999693,0.020572474,0,0.090568459,0,0,0,0.031023291,0,0,0.138622173,0,0,0.391370752,0,0,0,1.541986078
DOTAP-DSPC-Chol,none,164.8,-42.03,RP,50,500,14000,15,25,liposome,sphere,plasma,7.4,164.8,0.126944444,buffer,1,37,1,Neutral,1.181604596,1.54670105,1.31013909,1.4250635,1.50608726,2.22285558,3.98743751,1.61268289,1.7788381,4.91177133,0.81515,1.08935148,1.22409307,2.69306266,0.19065857,0.35235088,0.23842409,1.09122001,0.5206963,0.21995237,1.05852078,0.93495897,0.76368791,1.24813759,2.75204586,0.55125591,0.28669918,0.054278,1.76388988,0.01240984,0.49329123,0.32886082,0,0,0,0,9.26389202,0.87829903,0.102769,0.42282106,0.01240984,0.14913456,2.26169379,0.05680323,2.385055,0.26308866,1.84668002,0.64728162,4.69891526,0.02213486,0.164430413,0.09814838,0.218244,0.02529698,0.35691839,0.65772165,0.33011124,0.38367096,0,0.4975074,0.956686,0.3781,1.48425852,0,0.5488,0,0.00463184,0.2719426,0.94042657,0.46284116,2.17459221,0.21717224,0.47136718,0.00609001,0.97353244,0,0.0205538,0.0611834,0.50627258,0.21096732,0,0.652738912,0,0.28318571,0.84955713,0.002177886,0,0.29362573,0.29999804,0.04484465,0.278748,0.28126254,0.1897274,0.82847631,0.05481013,0.8101934,0.52175034,0.14200808,0.33669084,0.34783356,0.40528915,0.27405068,0,0.13702534,0.26763673,0.40623984,0,0.9635622,0,0.498865151,0.02529698,0.3681277,0.38044683,0,0,0.43763786,0.54561,0,0.29754074,0.01541535,0,0.07892659,0,0.02529698,0.38053895,0.13453397,0.50913995,0.06791691,0.102769,0,0.45675114,0.394632991,0.05481013,0.037833546,0.0822152,0,0,0,0,0,0.08041008,0,0,0.597071,0,0,0.20941609,0,0,0.33718641,0,0,0.389859205,0.020706052,0.007560019,0,0,0,0,0,0.02005248,0.06630258,0,0,0,0,0.14094035,0,0,0.156600393,0,0.034020085,0,0.30988808,0,0.02989643,0.14229555,0
Fe3O4,SiO2,51,-13.5,FBS,10,250,20000,20,4,metal,sphere,water,7,209,0.196,DMEM,24,37,1,Neutral,0,0,0,0,0.76,0,0,0,0,0,0,0,0,0,0,0,0,0,0,0,0,0,0,0,0,0,0,0,0,0,0,0,0,0,0,0,0,0,0,0,0,0,0,0,0,0,0,0,0,0,0,0,0,0,0,0,0,0,0.26,0,0,0,0,0,0,0.37,0,0,0,0,0,0,0,0,0,0,0,0,0,0,0,0,0,0,0,0,0,0,0,0,0,0,0,0,0,0,0,0,0,0,0,0,0,0,0,0,0,0,0,0,0,0,0,0,0,0,0,0,0,0,0,0,0.34,0,0,0,0,0,0,0.09,0,0,0,0,0,0,0.12,0.22,0.1,0,0,0,0,0,0,0,0,0.31,0,0,0,0,0,0.02,0,0,0,0,0,0,0,0,0,0,0.04,0.04,0,0,0.21,0.07,0,0,0,0,0,0.72,0,0
Fe3O4,none,175.3,-19,FBS,10,60,15000,20,25,metal,sphere,cell culture,7.4,175.3,0.126944444,DMEM,12,37,1,Cationic,0,0.44,1.09,0,20.21,1.45,0,0,0.59,0,0,0,0,0,0,0,0,0,0,2.02,0.42,0,0,0,0,0,4.56,0,0,1.48,0,0,0,0,0,0,0,0,1.86,0,0,0,0,0,0,44.98,0,0,0,0.76,0,0,0,0,0,0,0,0,0,0,0,0,0,0,0,0,0,0,0,0,0,1.49,0,0,0,0,0,0,0,0,0,0,0,0,0,0,0,0,0,0,0,0,0,0,0,0,0,0,0,0,0.48,0,0,0,0,0,0,0,0,0,0,0,0,0,0,0,0,0,0,0,0,0,0,0,0,0,0,0,0,0,0,0,0,0,0,0,0,0,0,0,0,0,0,0,0,0,0,0,0,0,0,0,0,0,0,0,0,0,0,0,0,0,0.39,0,0,0,0,0,0,0,0,0,0,0,0,0,0,0
Fe3O4,none,178.2,-22.7,FBS,10,60,15000,20,25,metal,sphere,cell culture,7.4,178.2,0.126944444,DMEM,12,37,1,Cationic,0,0.85,2.74,0,25.96,1.13,0,0,0,0.72,0,0,0,0,1.83,0,0,0,0,1.59,0,1.07,0,0,0,0,5.93,0,0,1.66,0,0,0,0,0,0,0,0,2.87,0,0,0,0,0,0,26.97,0,0,0,0,0,0,0,0,0,0,0,0,0,0,0,0,0,0,0,0,0,0,0,0,0,2.14,0,0,0,0,0,0,0,0,0,0,0,0,0,0,0,0,0,0,0,0,0,0,0,0,0,0,0,0,0,0,0,0,0,0,0,0,0,0,0,0,0,0,0,0,0,0,0,0,0,0,0,0,0,0,0,0,0,0,0,0,0,0,0,0,0,0,0,0,0,0,0,0,0,0,0,0,0,0,0,0,0,0,0,0,0,0,0,0,0,0,0,0,0,0,0,0,0,0,0,0,0,0,0,0,0,0
PS,COOH,200,-13.5,HP,80,1000,20000,10,25,other,sphere,plasma,7.4,220,0.126944444,buffer,1,25,1,Anionic,0,0,1.93,2.1,1.43,4.09,0,0.7,0,0,0,8.02,0,0.014,0,0,2.07,0,0,0.013,0,0,1.22,0,12.91,0,0,9.85,0,0,0.77,0,0,0,0,0,18.74,0,0,0,0,0,0,0,0,0,0,0,14.06,0,0,0,0,0,0,0,0,1.78,0,0,0,0,0,0.85,0,2.08,0,0,0,0,0,0,0,0,0,0,0,0,0,0,0,0,0,0,0,0,0.95,0,0,0,0,0,0,0,0,0,0,0,0,0,0,0,0,0,0,0,1.02,0,0,0,0,0,0,0,0,0,0,0,0,0,0,0,0,0,0,0,0,0,0,0,0,0,0,0,0,0,0,0,0,0,0,0,0,0,0,0,0,0,0,0,0,0,0,0,0,0,0,0,0,0,0,0,0,0,0,0,0,0,0,0,0,0,0,0,0,0,0,0
SiO2,none,9.6,-11,HP,50,1660,12000,10,4,other,sphere,buffer,7.4,12.5,0.126944444,buffer,1,4,1,Neutral,0.690786321,2.168297954,14.99964697,0.421653645,7.248045966,0.357317938,2.596352571,3.215090132,8.021978393,1.225388298,0.665079938,3.969380884,0.882827215,0.796332387,0.403245658,0.110912661,0,3.573486105,0.355324417,0.395709179,0.372091708,0.154002054,1.723341977,0.195449756,0.34272354,4.299273025,0.263456494,1.119037124,1.875634955,0.790059672,0.082648741,0.154787998,2.512265704,0.145030022,0.86466111,2.096625543,0,0.17898224,0.462876872,0.13603483,0.175820657,0.64114832,1.200639541,0.103533058,0.719613834,0,0.642600434,0.540981828,0,0.616723915,0,0.227991635,4.019943619,0.189271439,0.045675485,0.522246954,0.573090036,0.803775044,0,0.874597857,0.311512239,0.746705037,0.538703739,0,0.626884657,0.099922292,0.157246977,0.093275692,0,0,1.988086158,0.120286386,0.256910537,0.145744006,0.078707627,1.824128885,0.114594513,0.072785156,0.157486833,0.101979166,0,0.050451766,0.08368261,0.084468707,0.2586329,0,0,0,0.110714094,0.395619602,0.069343122,0.074949295,0,0.058384014,0.259434255,0.107936363,0,0.285039508,1.965050734,0,0,0,0.08072717,0,0.218955638,0,0,0,0,0.105504444,0,0,0,0.575841173,0.404622638,0.048313273,0.051260004,0,0.256240529,0.036841729,0.17272044,0,0,0,0.390456199,0.106830361,0.059529042,0.121352668,0.252692949,0,0,0.021133494,0.13683836,0,0.111364064,0,0,0,0,0,0,0,0.091789022,0.722297165,0,0.02912868,0,0,0,0,0.048398171,0,0.014567401,0,0,0,0,0,0,0,0,0.063676512,0,0,0,0,0.201468476,0,0,0,0,0,0,0,0,0,0,0.054671438
SiO2,none,15.7,-25,HP,50,1660,12000,10,4,other,sphere,buffer,7.4,17.6,0.126944444,buffer,1,4,1,Neutral,0.668650267,2.685907324,12.91979688,0.588890542,11.04467862,0.298749275,3.420490864,1.736317494,9.660571401,1.392228096,0.772184232,2.317158273,1.805927691,0.592905668,0.494432992,0.181897013,0,3.403760305,0.356747405,0.669789286,0.371416113,0.298701548,1.642558706,0.227639955,0.24192148,3.90851233,0.195519609,1.080264862,1.611367772,0.506438619,0.127114216,0.183329313,2.229555392,0.143947079,0.795437762,2.885915362,0,0.328367037,0.234738003,0.219860216,0.18152928,0.728140297,0.578783468,0.083304817,0.507670178,0,0.300335511,0.624346713,0,0.523317992,0,0.369811703,2.700197558,0.293941503,0.040242932,0.595888158,1.241330619,1.334840642,0,0.561466608,0.469657325,0.725186447,0.341020215,0,0.589575082,0.090276259,0.145066569,0.142323059,0,0,1.673980155,0.099845009,0.347452075,0.165903043,0.112206171,1.227362451,0.153391133,0.088427776,0.106251045,0.103949674,0,0.044320034,0.050787516,0.059585125,0.306909999,0,0,0,0.100988334,0.184339101,0.075526195,0.084969837,0,0.03851744,0.294926295,0.089941022,0,0.249606373,1.666520115,0,0,0,0.074846112,0,0.127476113,0,0,0,0,0.337906112,0,0,0,0.48264888,0.35598667,0.061887793,0.065857384,0,0.224282884,0.049553335,0.274221576,0,0,0,0.404042932,0.129311315,0.060853136,0.187875659,0.184755178,0,0,0.021279078,0.111649076,0,0.124115307,0,0,0,0,0,0,0,0.066252861,0.288656614,0,0.042804553,0,0,0,0,0.059495162,0,0.018331416,0,0,0,0,0,0,0,0,0.063315044,0,0,0,0,0.185847126,0,0,0,0,0,0,0,0,0,0,0.048471353
SiO2,none,54.9,-32,HP,50,1660,12000,10,4,other,sphere,buffer,7.4,71.3,0.126944444,buffer,1,4,1,Neutral,0.418571084,1.5587836,20.41731878,2.24577641,11.31982558,1.262972112,3.437049945,1.309930207,3.155608254,6.010374845,0.931422134,1.191403377,2.276116074,1.487538162,0.717922627,0.135226718,0,0.275519295,0.811765793,0.859674366,0.335893462,1.898474624,0.686179491,0.180478089,0.280046029,1.986681694,0.321293076,1.234938908,1.615875752,1.355659266,0.078573528,0.170935649,0.269282646,0.1473754,0.963478704,1.552155125,0,0.188030276,0.202399255,0.236702863,0.162425398,0.277198761,0.146600479,0.149035398,0.143810218,0,0.167440638,0.385436163,0,0.527911693,0,1.411143569,2.388744487,0.322543133,0.137542625,0.922327487,0.635966502,0.33297621,0,0.23089303,0.109365583,0.457103011,0.075316367,0,0.434910964,0.13320321,0.523648733,0.222099685,0,0,1.435977442,0.145991681,0.609544931,0.12646757,0.587982984,1.201851033,0.106358761,0.229619789,0.075885988,0.164291835,0,0.195702536,0.192391894,0.064519472,0.514044713,0,0,0,0.068984332,0.093173711,0.108209591,0.47697954,0,0.06234229,0.408331517,0.121772272,0,0.274030105,0.641695062,0,0,0,0.10869447,0,0.09913123,0,0,0,0,0.143249274,0,0,0,1.014940095,0.063983838,0.130503618,0.109949878,0,0.090057357,0.136623134,0.333723232,0,0,0,0.051816055,0.144226321,0.068579078,0.909906753,0.087866719,0,0,0.055132528,0.105530947,0,0.112144903,0,0,0,0,0,0,0,0.061666266,0.213994812,0,0.194005051,0,0,0,0,0.065097364,0,0.064427361,0,0,0,0,0,0,0,0,0.076068298,0,0,0,0,0.373009344,0,0,0,0,0,0,0,0,0,0,0.064744414
Fe3O4,none,225,-23.4,HP,50,1660,1000,20,25,metal,sphere,PBS,7.4,643.1,0.38,buffer,1,37,1,Cationic,0.88,1.53,9.44,4.27,8.83,3.75,1.9,0,1.87,1.41,0.29,7.26,0,0,0.04,0,3.14,6.67,0.13,0.17,0.49,2.01,1.74,0.46,0.36,0.83,0.58,1.54,0,0.69,0,0,0.88,0,0,0.96,0.08,0,0.01,0,0,0,0,0.23,0.14,0,0.05,0.17,0,0.23,0,0.69,0.14,0,0.08,0.18,0.2,5.83,0,0.13,1.16,0.14,0.15,0.1,0.16,0,0.82,0.82,0.09,0,0.11,0,0.22,0.03,0.08,0,0,0.35,0.06,0.08,0.22,0.54,0.5,0,0.38,0.11,3.55,0.86,0.04,0.01,0.07,0.85,0,0.02,0,0.05,0,0.08,0,0.62,0,0.13,0,0,0.06,0,0.34,0,0.09,0.26,0,0.03,0,0,0.12,0.03,0,0,0,0.16,3,0,0,0.03,0,0.04,0,0.02,0,0,0,0.28,0,0,0,0.03,0,0,0,0,0,0,0,0,0,0.03,0,0,0,0,0,0,0.19,0,0,0,0,0,0,0,0,0,0,0,0,0,0,0,0,0,0.02,0,0,0,0.09,0,0.11,0
Fe3O4,none,225,-23.4,HP,50,1660,1000,20,25,metal,sphere,PBS,7.4,643.1,0.38,buffer,1,37,1,Cationic,0.9,1.59,10.11,4.26,9.32,3.73,0.93,0,2.15,1.51,0.32,7.19,0,0,0.05,0,3.17,6.15,0.15,0.23,0.56,2.19,1.81,0,0.38,0.78,0.49,1.59,0,0.56,0.04,0,0.92,0,0,0.94,0.04,0,0.03,0,0,0,0,0.19,0.13,0,0.07,0.23,0,0.21,0,0.67,0.13,0,0.08,0.17,0.19,6.81,0,0.1,1.1,0.13,0.13,0.12,0.17,0,0.88,0.86,0.12,0,0.1,0,0.34,0.03,0.09,0,0,0.36,0.07,0,0.22,0.48,0.61,0,0,0.11,3.32,0.84,0.03,0.04,0.09,0.76,0,0.03,0,0.03,0,0.1,0,0.76,0,0.16,0,0,0.05,0,0.34,0,0.12,0.3,0,0.03,0,0,0.09,0.03,0,0,0,0.16,3.33,0,0,0.05,0,0.05,0,0.02,0,0,0,0.21,0,0,0,0.03,0,0,0,0,0,0,0,0,0,0.05,0,0,0,0,0,0,0.19,0,0,0,0,0,0,0,0,0,0,0,0,0,0,0,0,0,0.03,0,0,0,0.13,0,0.12,0
Fe3O4,none,225,-23.4,HP,50,1660,1000,20,25,metal,sphere,PBS,7.4,643.1,0.38,buffer,1,37,1,Cationic,1.02,1.59,9.63,4.27,8.89,3.66,1.67,0,1.93,1.47,0.32,6.99,0,0,0.05,0,3.18,6.05,0.14,0.22,0.66,2.18,1.75,0.42,0,0.87,0.55,1.53,0,0.64,0.04,0,0.88,0,0,0.93,0.07,0,0.02,0,0,0,0,0.26,0.12,0,0.04,0.2,0,0.22,0,0.7,0.12,0,0.08,0.25,0.21,6.19,0,0.21,1.08,0.16,0.14,0.09,0.18,0,0.84,0.72,0.11,0,0.12,0,0.24,0.04,0.1,0,0,0.32,0.08,0.08,0.15,0.5,0.57,0,0.38,0,3.64,0.9,0.03,0.03,0.09,0.87,0,0.04,0,0.03,0,0,0,0.8,0,0.13,0,0,0.05,0,0.38,0,0.09,0.29,0,0.03,0,0,0.11,0.04,0,0,0,0.13,3.07,0,0,0.07,0,0.05,0,0.05,0,0,0,0.23,0,0,0,0.04,0,0,0,0,0,0,0,0,0,0.04,0,0,0,0,0,0,0.19,0,0,0,0,0,0,0,0,0,0,0,0,0,0,0,0,0,0.03,0,0,0,0.16,0,0.08,0
Fe3O4,none,375,-24.3,HP,50,1660,1000,20,25,metal,sphere,PBS,7.4,571.1,0.44,buffer,1,37,1,Cationic,1.66,2.65,1.77,8.55,2.53,6.37,3.6,0,0.79,2.47,0.1,1.41,0,1.04,0.03,0,4.42,1.22,0.31,0,0,3.4,0.12,1.8,0.18,0.4,0,0.11,0,1.45,0,0,1.01,0,0,2.07,0,0,0,0,0,0,0,0.18,0.51,0,0,0.44,0,0,0,0.74,0,0,0.16,0.1,0,3.07,0,0,1.15,1.04,0.25,0.3,1.21,0,1.02,4.08,0.06,0,0,0,0,0,0.57,0,0,0.28,0.04,0.05,0,0.33,0.89,0.15,0,0,4.09,0,0.04,0,0.03,0.83,0,0,0,0.06,0,0.06,0,3.44,0.02,0.2,0,0,0,0,0.36,0,0.65,0.22,0,0.19,0,0,0,0,0.31,0,0,0.07,4.32,0,0,0.09,0,0.05,0,0.24,0,0,0,0.16,0,0,0,0.05,0,0,0,0,0.03,0,0,0.04,0,0,0,0,0,0,0,0,0.1,0,0,0.36,0,0,0.1,0,0,0,0,0,0,0,0,0,0,0,0,0,0,0,0,0,0,0
Fe3O4,none,375,-24.3,HP,50,1660,1000,20,25,metal,sphere,PBS,7.4,571.1,0.44,buffer,1,37,1,Cationic,1.77,2.6,2.03,7.66,2.52,6.64,3.83,0,1.04,2.34,0.13,1.37,0,0,0.03,0,5.16,1.43,0.3,0,0.24,3.49,0.09,1.81,0.19,0.41,0,0.07,0,1.32,0,0,1.17,0,0,1.83,0.02,0,0,0,0,0,0,0.12,0.48,0,0,0.46,0,0,0,0.78,0.1,0,0.15,0.04,0,3.5,0,0,1.09,1.13,0.26,0.24,1.3,0,1.09,3.96,0,0,0,0,0,0,0.49,0,0,0.39,0.07,0.06,0,0.32,0.85,0.12,0,0.15,4.08,0,0.04,0,0,0.87,0,0,0,0.06,0,0,0,3.82,0,0.11,0,0,0,0,0.36,0,0.48,0.15,0,0.21,0,0,0,0,0.24,0,0,0.08,4.55,0,0,0.12,0,0.09,0,0.15,0,0,0,0.17,0,0,0,0.02,0,0,0,0,0.03,0,0,0,0,0,0,0,0,0,0,0,0.1,0,0,0.47,0,0,0.1,0,0,0,0,0,0,0,0,0,0,0,0,0,0,0,0,0,0,0
Fe3O4,none,375,-24.3,HP,50,1660,1000,20,25,metal,sphere,PBS,7.4,571.1,0.44,buffer,1,37,1,Cationic,1.74,2.7,1.5,8.43,2.45,6.79,3.65,0,1.15,2.7,0.08,1.33,0,1.13,0.02,0,4.59,1.78,0.29,0,0.35,3.41,0,0,0.17,0.36,0,0.09,0,1.27,0,0,1.14,0,0,1.84,0.03,0,0,0,0,0,0,0.23,0.48,0,0,0.48,0,0,0,0.7,0.18,0,0.13,0.05,0,3.13,0,0,1.2,1.11,0.25,0.25,1.19,0,1.12,3.76,0.07,0,0,0,0,0,0.55,0,0,0.34,0,0.03,0,0.39,0.79,0.12,0,0.12,3.87,0,0.05,0,0.02,0.83,0,0,0,0.07,0,0.03,0,3.58,0.02,0.23,0,0,0,0,0.3,0,0.62,0.19,0,0.24,0,0,0,0,0.29,0,0,0.13,4.51,0,0,0.14,0,0.05,0,0.09,0,0,0,0.17,0,0,0,0,0,0,0,0,0.03,0,0,0.03,0,0,0,0,0,0,0,0,0.1,0,0,0.43,0,0,0,0,0,0,0,0,0,0,0,0,0,0,0,0,0,0,0,0,0,0
Fe3O4,none,30,-28.9,HP,50,1660,1000,20,25,metal,sphere,PBS,7.4,833.4,0.41,buffer,1,37,1,Cationic,2.48,1.99,2.21,5.52,1.33,4.09,7.35,0,1.32,2.76,0.09,3.46,3.05,1.24,0,0,0.26,3.37,0.51,0,0,0.61,0.22,0.64,0.07,0.31,0.48,0,0,1.01,0,0,0.28,0,0,1.92,0.06,0,0,0,0,0,0,0.14,0.19,0,0.08,0.74,0,0,0,1.06,0.4,0,0.12,0,0.05,0.95,0,0,1.05,0.52,0.17,0.09,0.55,0,1.1,3.47,0,0,0,0,0,0,0.17,1.45,0,0,0.03,0.02,0,0.16,1.63,0,0,0.08,8.95,0,0.06,0,0.03,0.52,0,0.15,0,0.45,0.41,0.07,0,2.3,0,0.32,0,0,0,0,0.78,0,0.2,0.11,0,0,0,0,0.08,0.04,0.21,0,0,0.17,3.71,0,0,0,0,0,0,0.05,0,0,0,0.05,0,0,0.36,0,0,0,0,0,0.03,0,0,0.72,0,0,0,0,0,0,0,0,0,0,0,0,0,0,0,0,0,0,0,0,0,0,0,0,0,0,0.06,0,0,0,0,0,0,0
Fe3O4,none,30,-28.9,HP,50,1660,1000,20,25,metal,sphere,PBS,7.4,833.4,0.41,buffer,1,37,1,Cationic,2.3,1.99,2.21,5.38,1.24,4.07,3.55,0,1.43,2.56,0.1,1.35,0,1.13,0,0,0.26,2.91,0.53,0,0,0.57,0,0.63,0.06,0.29,0.44,0,0,1.16,0,0,0.34,0,0,1.79,0.1,0,0.02,0,0,0,0,0.16,0.26,0,0,0.7,0,0,0,1.06,0.38,0,0.13,0,0.05,0.51,0,0,1.31,0.53,0.18,0.13,0.63,0,0.97,2.81,0.08,0,0,0,0,0,0.2,1.26,0,0.17,0,0.08,0,0.17,1.49,0,0,0.09,8.36,0,0.08,0,0.02,0.5,0,0.11,0,0.52,0.35,0.07,0,2.39,0,0.22,0,0,0,0,0.68,0,0.24,0.11,0,0,0,0,0.06,0.07,0.24,0,0,0,3.75,0,0,0,0,0,0,0.04,0,0,0,0.1,0,0,0.45,0,0,0,0,0,0.03,0,0,0.7,0,0,0,0,0,0,0,0,0,0,0,0,0,0.02,0.18,0,0,0,0,0,0,0,0,0,0,0,0.06,0,0,0,0,0,0,0
Fe3O4,none,30,-28.9,HP,50,1660,1000,20,25,metal,sphere,PBS,7.4,833.4,0.41,buffer,1,37,1,Cationic,2.54,2.01,2.41,5.52,1.25,3.94,3.69,0,1.39,2.78,0.07,3.53,2.88,1.25,0,0,0.28,2.82,0.55,0,0,0.74,0.24,0.73,0.07,0.32,0.46,0,0,1.18,0,0,0.37,0,0,2.06,0.1,0,0.04,0,0,0,0,0.2,0.28,0,0.05,0.87,0,0,0,1.05,0.42,0,0.12,0,0.05,0.69,0,0,1.26,0.54,0.18,0.13,0.66,0,1.19,3.28,0.08,0,0,0,0,0,0.23,1.37,0,0.2,0.03,0.07,0,0.19,1.66,0,0,0.13,8.39,0,0.05,0,0.05,0.48,0,0.12,0,0.51,0.42,0.06,0,2.56,0,0.37,0,0,0,0,0.85,0,0.24,0.1,0,0,0,0,0.09,0.05,0.29,0,0,0.15,4.18,0,0,0,0,0,0,0.08,0,0,0,0.07,0,0,0,0,0,0,0,0,0.03,0,0,0.7,0,0,0,0,0,0,0,0,0,0,0,0,0,0.02,0.2,0,0,0,0,0,0,0,0,0,0,0,0.06,0,0,0,0,0,0,0
DOTAP-DC-Chol,PEG,103.2,9.9,HP,50,500,14000,15,4,liposome,sphere,buffer,7.4,103.2,0.09,water,1,37,1,Neutral,2.93,4.64,1.36,1.36,1.84,1.76,7.87,0,1.36,0,0,0,1.49,1.2,0,1.12,0,2.3,0,0,0,0,0,2.7,0,0,0,0,3.65,0,1.35,0,0,0,0,0,0,0,0,0,0,0,0,0,0,1.54,0,0,0,0,0,0,0,0,0,0,0,0,0,0,1.66,0,0,0,0,0,0,1.23,0,1.75,0,0,0,0,0,0,0,0,0,0,0,1.59,0,0,0,0,0,0,0,0,0,0,0,0,0,0,0,0,0,3.64,0,0,0,0,0,0,0,0,0,1.36,0,0,0,0,0,0,0,0,0,0,0,0,0,0,0,0,0,0,0,0,0,0,0,0,0,0,0,0,0,0,0,0,0,0,0,0,0,0,0,0,0,0,1.23,0,0,0,0,0,0,0,0,0,0,0,0,0,0,0,0,0,0,0,0,0,0,0,0,0
DOTAP-DC-Chol,PEG,123,17.9,HP,50,500,14000,15,4,liposome,sphere,buffer,7.4,123,0.12,water,1,37,1,Neutral,2.4,5.21,1.66,1.95,2.46,0,5.79,0,1.47,0,0,0,1.12,0,0,1.1,0,3.14,0,0,0,0,1.16,1.69,0,0,0,0,3.42,0,1.19,0,0,0,0,0,1.07,0,1.22,0,0,0,0,0,0,1.22,0,0,0,0,0,0,0,0,0,0,0,0,0,0,1.31,0,0,0,0,0,0,1.17,0,1.79,0,0,0,0,0,0,0,0,0,0,0,1.47,0,0,0,0,0,0,0,0,0,0,0,0,0,0,0,0,0,2.58,0,0,0,0,0,0,0,0,0,1.22,0,0,0,0,0,0,0,0,0,0,0,0,0,0,0,0,0,0,0,0,0,1.08,0,0,0,0,0,0,0,0,0,0,0,0,0,0,0,0,0,0,0,0,1.17,0,0,0,0,0,0,0,0,0,0,0,0,0,0,0,0,0,0,0,0,0,0,0,0,0
DOTAP-DC-Chol,PEG,114,18.1,HP,50,500,14000,15,4,liposome,sphere,buffer,7.4,114,0.08,water,1,37,1,Neutral,1.02,1.69,2.47,1.87,1.28,0,1.56,0,1.39,0,0,0,0,0,0,1.03,0,2.24,0,0,0,0,1.89,1.11,0,0,0,0,1.24,0,1.54,0,0,0,0,0,1.08,0,1,0,0,0,1.01,0,0,0,0,0,0,0,0,0,0,0,0,0,0,1.42,0,0,2.24,0,0,0,0,1.19,0,0,0,0,0,0,0,0,0,0,0,0,0,0,0,1.71,0,0,0,0,0,0,0,0,0,0,0,0,0,0,0,0,0,0,0,0,0,0,0,0,0,0,0,1.31,0,0,0,0,0,0,0,0,0,0,0,0,0,0,0,0,0,0,0,1.02,0,1.3,0,0,0,0,0,0,0,0,0,0,0,0,0,0,0,0,0,0,0,0,1.28,0,0,0,0,0,0,0,0,0,0,0,0,0,0,0,0,0,0,0,0,0,0,0,0,0
DOTAP-DC-Chol,none,131,26.1,HP,50,500,14000,15,4,liposome,sphere,buffer,7.4,131,0.1,water,1,37,1,Neutral,0,2.3,2.97,2.69,4.09,1.79,2.39,0,2.73,0,0,0,1.86,0,0,0,0,0,1.61,0,0,0,1.24,5.55,0,0,0,0,2.23,0,2.81,0,0,0,0,0,1.58,0,0,0,0,0,3.1,0,0,1.73,0,0,1.94,0,0,0,0,0,0,0,0,0,0,0,2.85,0,0,0,0,2.5,0,0,0,0,0,0,0,0,0,0,0,0,0,0,0,0,0,0,0,0,0,0,0,0,0,0,0,0,0,0,0,0,2.73,0,0,0,0,0,0,0,0,0,0,2.08,0,0,0,0,0,0,0,0,0,0,0,0,0,0,0,0,0,0,0,0,0,1.59,0,0,0,0,0,0,0,0,0,0,0,0,0,0,0,0,0,0,0,0,1.69,0,0,0,0,0,0,0,0,0,0,0,0,0,0,0,0,0,0,0,0,0,0,0,0,0
DOTAP-DC-Chol,none,135,30.1,HP,50,500,14000,15,4,liposome,sphere,buffer,7.4,135,0.14,water,1,37,1,Neutral,0,1.16,2.01,1.21,8.56,8.93,1.38,3.75,1.69,1.13,0,0,1.56,1.09,0,0,0,16.8,0,0,0,0,1.44,0,0,0,0,0,1,0,1.33,0,0,0,0,0,1.32,0,0,0,0,0,0,0,0,1.74,0,0,0.96,0,0,0,0,0,0,0,0,0,0,0,3.24,0,0,0,0,0,0,0,0,0,1.42,0,0,0,0,0,0,0,0,0,0,0,0,0,0,0,0,1.11,0,0,0,0,0,0,0,0,0,0,0,0,0,0,0,0,0,0,0,0,0,0,0,0,0,0,0,0,0,0,0,0,0,0,0,0,0,0,0,0,0,0.98,0,0,0,0,0,0,0,0,0,0,0,0,0,0,0,0,0,0,0,0,0,0,0,0,0,0,0,0,0,0,0,0,0,0,0,0,0,0,0,0,0,0,0,0,0,0,0,0
DOTAP-DC-Chol,none,144,30.2,HP,50,500,14000,15,4,liposome,sphere,buffer,7.4,144,0.09,water,1,37,1,Neutral,0,1.69,2.53,2.57,1.31,1.24,1.33,1.25,1.54,1.47,0,0,0,0,0,1.29,0,2.22,0,0,1.26,0,2.03,1.4,1.17,0,0,0,1.25,0,1.33,0,0,0,0,0,1.54,0,0,0,0,0,1.28,0,0,0,0,0,1.22,0,0,0,0,0,0,0,0,1.65,0,0,2.61,0,0,0,0,0,0,0,0,0,0,0,0,0,0,0,0,0,0,0,0,1.62,0,0,0,0,0,0,0,0,0,0,0,0,0,0,0,0,0,0,0,0,0,0,0,0,0,0,0,0,0,0,0,0,0,0,0,0,0,0,0,0,0,0,0,0,0,0,0,0,0,0,0,0,0,0,0,0,0,0,0,0,0,0,0,0,0,0,0,0,0,0,1.18,0,0,0,0,0,0,0,0,0,0,0,0,0,0,0,0,0,0,1.54,0,0,0,0,0,0
DOTAP-DC-Chol,none,254.6,33.1,HP,50,500,14000,15,4,liposome,sphere,buffer,7.4,254.6,0.12,water,1,37,1,Neutral,4.32,1.48,0,1.45,2.67,2.79,5.81,1.34,0,7.62,0,0,1.62,0,0,0,0,1.14,0,0,0,0,0,1.7,0,0,0,0,0,0,0,2.2,3.28,0,0,0,1.69,0,0,0,0,0,3.36,0,4.4,0,2.94,0,1.32,0,0,0,0,0,0,0,0,0,0,0,0,1.03,0,0,1.03,0,0,0,0,0,1.49,0,0,0,1.5,0,0,0,0,0,0,0,0,0,0,0,0,0,0,0,0,0,0,0,0,0,1.26,0,0,0,0,0,0,0,0,0,0,1.41,0,0,0,0,0,0,0,0,0,0,0,0,0,0,0,0,0,0,0,0,0,0,0,0,0,0,0,0,0,0,0,0,0,0,0,0,0,0,0,0,0,0,0,0,0,0,0,0,0,0,0,0,0,0,0,0,0,0,0,0,0,0,0,0,0,0,0,0,0,0
DOTAP-DC-Chol,none,108,34.5,HP,50,500,14000,15,4,liposome,sphere,buffer,7.4,108,0.14,water,1,37,1,Neutral,1.94,1.34,1,1.13,1.91,2.73,7.79,0,0,7.73,0,0,2.19,0,0,0,0,0,0,0,0,0,0,2.09,0.99,0,0,0,2.26,0,0,0,3.43,0,0,0,2.92,1.2,0,0,0,0,3.01,0,5.08,0,2.19,0,1.58,0,0,0,0,0,0,0,0,0,0,0,0,0,1.98,0,0,0,0,0,0,0,1.74,0,0,0,1.03,0,0,0,0,0,0,0,0,0,1.04,0,0,0,0,0,0,0,0,0,0,0,0,0,0,0,0,0,0,0,0,0,0,1.1,0,0,0,0,0,0,0,0,0,0,0,0,0,0,0,0,0,0,0,0,0,0,0,0,0,0,0,0,0,0,0,0,0,0,0,0.96,0,0,0,0,0,0,0,0,0,0,0,0,0,0,0,0,0,0,0,0,0,0,0,0,0,0,0,0,0,0,0,0,0,0
DOTAP-DC-Chol,none,193.4,42.1,HP,50,500,14000,15,4,liposome,sphere,buffer,7.4,193.4,0.13,water,1,37,1,Neutral,3.38,4.29,2.04,0,5.59,0,9.12,0,0,1.59,0,0,1.98,1.13,0,0,0,1.37,1.27,0,0,0,0,1.32,0,1.49,0,0,0,0,0,2.77,0,1.27,0,0,1.7,1.33,0,0,0,0,1.43,0,1.82,0,1.1,0,1.1,0,1.14,0,0,0,0,0,0,0,0,0,0,0,0,0,0,0,0,0,0,1.19,0,0,0,0,0,0,0,0,0,0,0,0,0,0,1.26,0,0,0,0,0,0,0,0,0,0,0,0,0,0,0,0,0,0,0,0,0,0,0,0,0,0,0,0,0,0,0,0,0,0,0,0,0,0,0,0,0,0,0,0,0,0,0,0,0,0,0,0,0,0,0,0,0,0,1.14,0,0,0,0,0,0,0,0,0,0,0,0,0,0,0,0,0,0,0,0,0,0,0,0,0,0,0,0,0,0,0,0,0,0
DOTAP-DC-Chol,none,125,46.2,HP,50,500,14000,15,4,liposome,sphere,buffer,7.4,125,0.18,water,1,37,1,Neutral,2.03,1.5,1.13,1.02,2.24,2.98,5.58,1.19,0,8.33,0,0,1.69,0,0,0,0,1.1,0,0,0,0,0,1.6,0,0,0,0,2.01,0,0,0,3.53,0,0,0,2.36,1,0,0,0,0,3.76,0,5.16,0,3.1,0,1.7,0,0,0,0,0,0,0,0,0,0,0,0,0,0,0,0,0,0,0,0,0,1.25,0,0,0,1.5,0,0,0,0,0,0,0,0,0,0,0,0,0,0,0,0,0,0,0,0,0,1.55,0,0,0,0,0,0,0,0,0,0,1.46,0,0,0,0,0,0,0,0,0,0,0,0,0,0,0,0,0,0,0,0,0,0,0,0,0,0,0,0,0,0,0,0,0,0,0,0,0,0,0,0,0,0,0,0,0,0,0,0,0,0,0,0,0,0,0,0,0,0,0,0,0,0,0,0,0,0,0,0,0,0
DOTAP-DC-Chol,none,128,47.4,HP,50,500,14000,15,4,liposome,sphere,buffer,7.4,128,0.11,water,1,37,1,Neutral,0,2.39,0,1.01,4.66,3.24,3.68,0,0.95,4.13,0,0,4.06,1.8,0,0,0,0,0,0,0,0,0,5.48,1.61,0,0,0,1.59,0,0,0,2.94,0,0,0,3.99,2.46,0,0,0,0,4.49,0,2.5,0,1.84,0,2.14,0,0,0,0,0,0,0,0,0,0,0,0,0,0,0,0,0,0,0,0,0,0,0,0,0,0,0,0,0,0,0,0,0,0,0,0,0,0,0,0,0,0,0,0,0,0,0,3.73,0,0,0,0,0,0,0,0,1.25,0,2.3,0,0,0,0,0,0,2.87,0,0,0,0,0,0,0,0,0,0,0,0,0,0,0,1.4,0,0,0,0,0,0,0,0,0,0,0,0,0,0,0,0,0,0,0,0,0,0,0,0,0,0,0,0,0,0,0,0,0,0,0,0,0,0,0,0,0,0,0,0,0,0,0
DOTAP-DC-Chol,none,157,58.2,HP,50,500,14000,15,4,liposome,sphere,buffer,7.4,157,0.17,water,1,37,1,Neutral,0,2.3,3.26,1.19,4.63,2.55,4.23,1.61,0,2.97,1.51,1.26,3.13,2.15,0,0,0,0,0,0,0,0,1.42,2.09,1.87,0,0,0,0,0,0,0,1.63,0,0,0,4.21,1.91,0,0,0,0,2.62,0,1.71,0,0,0,2.33,0,0,0,0,0,0,0,0,0,0,0,0,0,1.87,0,0,0,0,0,0,0,1.12,0,0,0,0,0,0,0,0,0,0,0,0,0,0,0,0,0,0,0,0,0,0,0,0,0,0,0,0,0,0,0,0,0,0,0,0,1.75,0,0,0,0,0,0,0,0,0,0,0,0,0,0,0,0,0,0,0,0,0,0,1.28,0,0,0,0,0,0,0,0,0,0,0,0,0,0,0,0,0,0,0,0,0,0,0,0,0,0,0,0,0,0,0,0,0,0,0,0,0,0,0,0,0,0,0,0,0,0,0
DOTAP-DC-Chol,PEG,115,-13.2,HP,50,500,14000,15,4,liposome,sphere,plasma,7.4,115,0.13,water,1,37,1,Neutral,2.93,4.64,1.36,1.36,1.84,1.76,7.87,0,1.36,0,0,0,1.49,1.2,0,1.12,0,2.3,0,0,0,0,0,2.7,0,0,0,0,3.65,0,1.35,0,0,0,0,0,0,0,0,0,0,0,0,0,0,1.54,0,0,0,0,0,0,0,0,0,0,0,0,0,0,1.66,0,0,0,0,0,0,1.23,0,1.75,0,0,0,0,0,0,0,0,0,0,0,1.59,0,0,0,0,0,0,0,0,0,0,0,0,0,0,0,0,0,3.64,0,0,0,0,0,0,0,0,0,1.36,0,0,0,0,0,0,0,0,0,0,0,0,0,0,0,0,0,0,0,0,0,0,0,0,0,0,0,0,0,0,0,0,0,0,0,0,0,0,0,0,0,0,1.23,0,0,0,0,0,0,0,0,0,0,0,0,0,0,0,0,0,0,0,0,0,0,0,0,0
DOTAP-DC-Chol,PEG,137,-13.9,HP,50,500,14000,15,4,liposome,sphere,plasma,7.4,137,0.16,water,1,37,1,Neutral,1.02,1.69,2.47,1.87,1.28,0,1.56,0,1.39,0,0,0,0,0,0,1.03,0,2.24,0,0,0,0,1.89,1.11,0,0,0,0,1.24,0,1.54,0,0,0,0,0,1.08,0,1,0,0,0,1.01,0,0,0,0,0,0,0,0,0,0,0,0,0,0,1.42,0,0,2.24,0,0,0,0,1.19,0,0,0,0,0,0,0,0,0,0,0,0,0,0,0,1.71,0,0,0,0,0,0,0,0,0,0,0,0,0,0,0,0,0,0,0,0,0,0,0,0,0,0,0,1.31,0,0,0,0,0,0,0,0,0,0,0,0,0,0,0,0,0,0,0,1.02,0,1.3,0,0,0,0,0,0,0,0,0,0,0,0,0,0,0,0,0,0,0,0,1.28,0,0,0,0,0,0,0,0,0,0,0,0,0,0,0,0,0,0,0,0,0,0,0,0,0
DOPG-DOPA,none,126,-14.2,HP,50,500,14000,15,4,liposome,sphere,buffer,7.4,126,0.11,water,1,37,1,Neutral,1.42,1.41,0,0,2.98,2,2.67,3.34,1.14,0,0,2.01,0,0,0,0,3.66,2.49,0,0,1.81,1.48,1.13,0,4.48,0,0,0,1.85,0,0,0,0,0,0,0,5.78,0,0,0,0,0,0,0,0,0,0,0,4.09,0,0,0,0,0,0,0,0,0,0,0,0,0,0,0,0,1.15,0,0,0,0,1.47,0,0,0,0,0,0,0,0,0,0,3.14,0,0,0,0,0,1.4,0,0,0,0,0,0,0,0,0,0,0,0,0,0,0,0,0,0,0,0,0,2.33,0,0,0,0,0,0,0,0,0,0,0,0,0,0,0,0,0,0,0,0,0,2.21,0,0,0,0,0,0,0,0,0,0,0,0,0,0,0,0,0,0,0,0,3.13,0,0,0,0,0,0,0,0,0,0,0,0,0,0,0,0,0,0,0,0,0,0,0,0,0
DOTAP-DC-Chol,none,329,-15.4,HP,50,500,14000,15,4,liposome,sphere,plasma,7.4,329,0.15,water,1,37,1,Neutral,4.32,1.48,0,1.45,2.67,2.79,5.81,1.34,0,7.62,0,0,1.62,0,0,0,0,1.14,0,0,0,0,0,1.7,0,0,0,0,0,0,0,2.2,3.28,0,0,0,1.69,0,0,0,0,0,3.36,0,4.4,0,2.94,0,1.32,0,0,0,0,0,0,0,0,0,0,0,0,1.03,0,0,1.03,0,0,0,0,0,1.49,0,0,0,1.5,0,0,0,0,0,0,0,0,0,0,0,0,0,0,0,0,0,0,0,0,0,1.26,0,0,0,0,0,0,0,0,0,0,1.41,0,0,0,0,0,0,0,0,0,0,0,0,0,0,0,0,0,0,0,0,0,0,0,0,0,0,0,0,0,0,0,0,0,0,0,0,0,0,0,0,0,0,0,0,0,0,0,0,0,0,0,0,0,0,0,0,0,0,0,0,0,0,0,0,0,0,0,0,0,0
DOTAP-DC-Chol,none,216,-17.9,HP,50,500,14000,15,4,liposome,sphere,plasma,7.4,216,0.22,water,1,37,1,Neutral,1.94,1.34,1,1.13,1.91,2.73,7.79,0,0,7.73,0,0,2.19,0,0,0,0,0,0,0,0,0,0,2.09,0.99,0,0,0,2.26,0,0,0,3.43,0,0,0,2.92,1.2,0,0,0,0,3.01,0,5.08,0,2.19,0,1.58,0,0,0,0,0,0,0,0,0,0,0,0,0,1.98,0,0,0,0,0,0,0,1.74,0,0,0,1.03,0,0,0,0,0,0,0,0,0,1.04,0,0,0,0,0,0,0,0,0,0,0,0,0,0,0,0,0,0,0,0,0,0,1.1,0,0,0,0,0,0,0,0,0,0,0,0,0,0,0,0,0,0,0,0,0,0,0,0,0,0,0,0,0,0,0,0,0,0,0,0.96,0,0,0,0,0,0,0,0,0,0,0,0,0,0,0,0,0,0,0,0,0,0,0,0,0,0,0,0,0,0,0,0,0,0
DOPG-DOPA,none,152,-18.2,HP,50,500,14000,15,4,liposome,sphere,plasma,7.4,152,0.15,water,1,37,1,Neutral,1,1.39,1.12,1.09,5.81,0,3.45,1.68,1.77,0,0,0,1.42,1.21,0,0,0,3.44,0,0,0,0,1.02,0,3.24,0,1.81,0,1.63,0,0,0,0,0,0,4.4,6.33,1.24,0,0,0,0,0,0,0,0,0,0,4.12,0,0,0,0,0,0,0,0,0,0,0,0,0,0,0,0,0,0,0,0,0,1.19,0,0,0,0,0,0,0,0,0,0,2.85,0,0,0,0,0,0,0,0,0,0,0,0,0,0,0,0,0,0,0,0,0,0,0,0,0,0,0,3.23,0,0,0,0,0,0,0,0,0,0,0,0,0,0,0,0,0,0,0,0,0,2.58,0,0,0,0,0,0,0,0,0,0,0,0,0,0,0,0,0,0,0,0,1.96,0,0,0,0,0,0,0,0,0,0,0,0,0,0,0,0,0,0,0,0,0,0,0,0,0
DOTAP-DC-Chol,none,259,-19.3,HP,50,500,14000,15,4,liposome,sphere,plasma,7.4,259,0.12,water,1,37,1,Neutral,0,1.16,2.01,1.21,8.56,8.93,1.38,3.75,1.69,1.13,0,0,1.56,1.09,0,0,0,16.8,0,0,0,0,1.44,0,0,0,0,0,1,0,1.33,0,0,0,0,0,1.32,0,0,0,0,0,0,0,0,1.74,0,0,0.96,0,0,0,0,0,0,0,0,0,0,0,3.24,0,0,0,0,0,0,0,0,0,1.42,0,0,0,0,0,0,0,0,0,0,0,0,0,0,0,0,1.11,0,0,0,0,0,0,0,0,0,0,0,0,0,0,0,0,0,0,0,0,0,0,0,0,0,0,0,0,0,0,0,0,0,0,0,0,0,0,0,0,0,0.98,0,0,0,0,0,0,0,0,0,0,0,0,0,0,0,0,0,0,0,0,0,0,0,0,0,0,0,0,0,0,0,0,0,0,0,0,0,0,0,0,0,0,0,0,0,0,0,0
DOTAP-DC-Chol,none,236,-19.3,HP,50,500,14000,15,4,liposome,sphere,plasma,7.4,236,0.19,water,1,37,1,Neutral,3.38,4.29,2.04,0,5.59,0,9.12,0,0,1.59,0,0,1.98,1.13,0,0,0,1.37,1.27,0,0,0,0,1.32,0,1.49,0,0,0,0,0,2.77,0,1.27,0,0,1.7,1.33,0,0,0,0,1.43,0,1.82,0,1.1,0,1.1,0,1.14,0,0,0,0,0,0,0,0,0,0,0,0,0,0,0,0,0,0,1.19,0,0,0,0,0,0,0,0,0,0,0,0,0,0,1.26,0,0,0,0,0,0,0,0,0,0,0,0,0,0,0,0,0,0,0,0,0,0,0,0,0,0,0,0,0,0,0,0,0,0,0,0,0,0,0,0,0,0,0,0,0,0,0,0,0,0,0,0,0,0,0,0,0,0,1.14,0,0,0,0,0,0,0,0,0,0,0,0,0,0,0,0,0,0,0,0,0,0,0,0,0,0,0,0,0,0,0,0,0,0
DOTAP-DC-Chol,none,207,-20.4,HP,50,500,14000,15,4,liposome,sphere,plasma,7.4,207,0.21,water,1,37,1,Neutral,2.03,1.5,1.13,1.02,2.24,2.98,5.58,1.19,0,8.33,0,0,1.69,0,0,0,0,1.1,0,0,0,0,0,1.6,0,0,0,0,2.01,0,0,0,3.53,0,0,0,2.36,1,0,0,0,0,3.76,0,5.16,0,3.1,0,1.7,0,0,0,0,0,0,0,0,0,0,0,0,0,0,0,0,0,0,0,0,0,1.25,0,0,0,1.5,0,0,0,0,0,0,0,0,0,0,0,0,0,0,0,0,0,0,0,0,0,1.55,0,0,0,0,0,0,0,0,0,0,1.46,0,0,0,0,0,0,0,0,0,0,0,0,0,0,0,0,0,0,0,0,0,0,0,0,0,0,0,0,0,0,0,0,0,0,0,0,0,0,0,0,0,0,0,0,0,0,0,0,0,0,0,0,0,0,0,0,0,0,0,0,0,0,0,0,0,0,0,0,0,0
DOPC-DOPE-PEG-DSPC-DPPC,none,301,-22.1,HP,50,500,14000,15,4,liposome,sphere,plasma,7.4,301,0.15,water,1,37,1,Neutral,4.96,3.46,1.92,1.42,7.25,0,10.79,0,1.42,0,0,0,2.35,1.81,0,0,0,1.72,0,1.04,0,0,0,1.11,0,1.27,0,0,2.59,0,0,0,0,1.04,0,0,2.18,2.27,1.04,0,0,0,0,0,0,0,0,0,1.34,0,0,0,0,0,0,0,0,0,0,0,0,0,0,0,0,0,0,0,0,2.12,0,0,0,0,0,0,0,0,0,0,0,1.31,0,0,0,0,0,0,0,0,0,0,0,0,0,0,0,0,0,1.55,0,0,0,0,0,0,0,0,0,1.01,0,0,0,0,0,0,0,0,0,0,0,0,0,0,0,0,0,0,0,0,0,0,0,0,0,0,0,0,0,0,0,0,0,0,0,0,0,0,0,0,0,0,0,0,0,0,0,0,0,0,0,0,0,0,0,0,0,0,0,0,0,0,0,0,0,0,0,0
DOTAP-DC-Chol,none,150,-23,HP,50,500,14000,15,4,liposome,sphere,plasma,7.4,150,0.15,water,1,37,1,Neutral,0,2.39,0,1.01,4.66,3.24,3.68,0,0.95,4.13,0,0,4.06,1.8,0,0,0,0,0,0,0,0,0,5.48,1.61,0,0,0,1.59,0,0,0,2.94,0,0,0,3.99,2.46,0,0,0,0,4.49,0,2.5,0,1.84,0,2.14,0,0,0,0,0,0,0,0,0,0,0,0,0,0,0,0,0,0,0,0,0,0,0,0,0,0,0,0,0,0,0,0,0,0,0,0,0,0,0,0,0,0,0,0,0,0,0,3.73,0,0,0,0,0,0,0,0,1.25,0,2.3,0,0,0,0,0,0,2.87,0,0,0,0,0,0,0,0,0,0,0,0,0,0,0,1.4,0,0,0,0,0,0,0,0,0,0,0,0,0,0,0,0,0,0,0,0,0,0,0,0,0,0,0,0,0,0,0,0,0,0,0,0,0,0,0,0,0,0,0,0,0,0,0
DOTAP-DC-Chol,PEG,169,-24.5,HP,50,500,14000,15,4,liposome,sphere,plasma,7.4,169,0.17,water,1,37,1,Neutral,2.4,5.21,1.66,1.95,2.46,0,5.79,0,1.47,0,0,0,1.12,0,0,1.1,0,3.14,0,0,0,0,1.16,1.69,0,0,0,0,3.42,0,1.19,0,0,0,0,0,1.07,0,1.22,0,0,0,0,0,0,1.22,0,0,0,0,0,0,0,0,0,0,0,0,0,0,1.31,0,0,0,0,0,0,1.17,0,1.79,0,0,0,0,0,0,0,0,0,0,0,1.47,0,0,0,0,0,0,0,0,0,0,0,0,0,0,0,0,0,2.58,0,0,0,0,0,0,0,0,0,1.22,0,0,0,0,0,0,0,0,0,0,0,0,0,0,0,0,0,0,0,0,0,1.08,0,0,0,0,0,0,0,0,0,0,0,0,0,0,0,0,0,0,0,0,1.17,0,0,0,0,0,0,0,0,0,0,0,0,0,0,0,0,0,0,0,0,0,0,0,0,0
DOTAP-DC-Chol,none,182,-25.5,HP,50,500,14000,15,4,liposome,sphere,plasma,7.4,182,0.16,water,1,37,1,Neutral,0,2.3,2.97,2.69,4.09,1.79,2.39,0,2.73,0,0,0,1.86,0,0,0,0,0,1.61,0,0,0,1.24,5.55,0,0,0,0,2.23,0,2.81,0,0,0,0,0,1.58,0,0,0,0,0,3.1,0,0,1.73,0,0,1.94,0,0,0,0,0,0,0,0,0,0,0,2.85,0,0,0,0,2.5,0,0,0,0,0,0,0,0,0,0,0,0,0,0,0,0,0,0,0,0,0,0,0,0,0,0,0,0,0,0,0,0,2.73,0,0,0,0,0,0,0,0,0,0,2.08,0,0,0,0,0,0,0,0,0,0,0,0,0,0,0,0,0,0,0,0,0,1.59,0,0,0,0,0,0,0,0,0,0,0,0,0,0,0,0,0,0,0,0,1.69,0,0,0,0,0,0,0,0,0,0,0,0,0,0,0,0,0,0,0,0,0,0,0,0,0
DOPG-DOPA,none,136,-26.6,HP,50,500,14000,15,4,liposome,sphere,buffer,7.4,136,0.1,water,1,37,1,Neutral,1,1.39,1.12,1.09,5.81,0,3.45,1.68,1.77,0,0,0,1.42,1.21,0,0,0,3.44,0,0,0,0,1.02,0,3.24,0,1.81,0,1.63,0,0,0,0,0,0,4.4,6.33,1.24,0,0,0,0,0,0,0,0,0,0,4.12,0,0,0,0,0,0,0,0,0,0,0,0,0,0,0,0,0,0,0,0,0,1.19,0,0,0,0,0,0,0,0,0,0,2.85,0,0,0,0,0,0,0,0,0,0,0,0,0,0,0,0,0,0,0,0,0,0,0,0,0,0,0,3.23,0,0,0,0,0,0,0,0,0,0,0,0,0,0,0,0,0,0,0,0,0,2.58,0,0,0,0,0,0,0,0,0,0,0,0,0,0,0,0,0,0,0,0,1.96,0,0,0,0,0,0,0,0,0,0,0,0,0,0,0,0,0,0,0,0,0,0,0,0,0
DOTAP-DC-Chol,none,211,-28.5,HP,50,500,14000,15,4,liposome,sphere,plasma,7.4,211,0.23,water,1,37,1,Neutral,0,2.3,3.26,1.19,4.63,2.55,4.23,1.61,0,2.97,1.51,1.26,3.13,2.15,0,0,0,0,0,0,0,0,1.42,2.09,1.87,0,0,0,0,0,0,0,1.63,0,0,0,4.21,1.91,0,0,0,0,2.62,0,1.71,0,0,0,2.33,0,0,0,0,0,0,0,0,0,0,0,0,0,1.87,0,0,0,0,0,0,0,1.12,0,0,0,0,0,0,0,0,0,0,0,0,0,0,0,0,0,0,0,0,0,0,0,0,0,0,0,0,0,0,0,0,0,0,0,0,1.75,0,0,0,0,0,0,0,0,0,0,0,0,0,0,0,0,0,0,0,0,0,0,1.28,0,0,0,0,0,0,0,0,0,0,0,0,0,0,0,0,0,0,0,0,0,0,0,0,0,0,0,0,0,0,0,0,0,0,0,0,0,0,0,0,0,0,0,0,0,0,0
DOPG-DOPA,none,171,-28.6,HP,50,500,14000,15,4,liposome,sphere,plasma,7.4,171,0.13,water,1,37,1,Neutral,1.42,1.41,0,0,2.98,2,2.67,3.34,1.14,0,0,2.01,0,0,0,0,3.66,2.49,0,0,1.81,1.48,1.13,0,4.48,0,0,0,1.85,0,0,0,0,0,0,0,5.78,0,0,0,0,0,0,0,0,0,0,0,4.09,0,0,0,0,0,0,0,0,0,0,0,0,0,0,0,0,1.15,0,0,0,0,1.47,0,0,0,0,0,0,0,0,0,0,3.14,0,0,0,0,0,1.4,0,0,0,0,0,0,0,0,0,0,0,0,0,0,0,0,0,0,0,0,0,2.33,0,0,0,0,0,0,0,0,0,0,0,0,0,0,0,0,0,0,0,0,0,2.21,0,0,0,0,0,0,0,0,0,0,0,0,0,0,0,0,0,0,0,0,3.13,0,0,0,0,0,0,0,0,0,0,0,0,0,0,0,0,0,0,0,0,0,0,0,0,0
DOTAP-DC-Chol,none,178,-29.3,HP,50,500,14000,15,4,liposome,sphere,plasma,7.4,178,0.14,water,1,37,1,Neutral,0,1.69,2.53,2.57,1.31,1.24,1.33,1.25,1.54,1.47,0,0,0,0,0,1.29,0,2.22,0,0,1.26,0,2.03,1.4,1.17,0,0,0,1.25,0,1.33,0,0,0,0,0,1.54,0,0,0,0,0,1.28,0,0,0,0,0,1.22,0,0,0,0,0,0,0,0,1.65,0,0,2.61,0,0,0,0,0,0,0,0,0,0,0,0,0,0,0,0,0,0,0,0,1.62,0,0,0,0,0,0,0,0,0,0,0,0,0,0,0,0,0,0,0,0,0,0,0,0,0,0,0,0,0,0,0,0,0,0,0,0,0,0,0,0,0,0,0,0,0,0,0,0,0,0,0,0,0,0,0,0,0,0,0,0,0,0,0,0,0,0,0,0,0,0,1.18,0,0,0,0,0,0,0,0,0,0,0,0,0,0,0,0,0,0,1.54,0,0,0,0,0,0
DOPC-DOPE-PEG-DSPC-DPPC,none,191,-8.4,HP,50,500,14000,15,4,liposome,sphere,buffer,7.4,191,0.11,water,1,37,1,Neutral,4.96,3.46,1.92,1.42,7.25,0,10.79,0,1.42,0,0,0,2.35,1.81,0,0,0,1.72,0,1.04,0,0,0,1.11,0,1.27,0,0,2.59,0,0,0,0,1.04,0,0,2.18,2.27,1.04,0,0,0,0,0,0,0,0,0,1.34,0,0,0,0,0,0,0,0,0,0,0,0,0,0,0,0,0,0,0,0,2.12,0,0,0,0,0,0,0,0,0,0,0,1.31,0,0,0,0,0,0,0,0,0,0,0,0,0,0,0,0,0,1.55,0,0,0,0,0,0,0,0,0,1.01,0,0,0,0,0,0,0,0,0,0,0,0,0,0,0,0,0,0,0,0,0,0,0,0,0,0,0,0,0,0,0,0,0,0,0,0,0,0,0,0,0,0,0,0,0,0,0,0,0,0,0,0,0,0,0,0,0,0,0,0,0,0,0,0,0,0,0,0
Fe3O4,none,30,-19.5,HP,50,10000,1400,60,37,metal,sphere,PBS,7.4,250,0.126944444,buffer,1,37,1,Cationic,0.495507443,5.716921436,2.763588818,8.018930489,0.566412533,1.728804436,0.903278635,4.029008391,3.364009249,0.724119235,0,0.824673117,1.761019626,0,0,0,0.376095786,3.138278035,5.357730699,0.071142922,0.740817793,3.4449283,0.530675165,0.793229228,0.175641155,0.048549415,0,0,0,0.789222591,0,0,0,0,0.370311385,0,0.212062437,0,0,0.187063407,0,2.013426278,0.988446084,0,0.77140147,0,0,1.173690114,0.100644348,0,0,0.823365689,0.155787544,0,0.324415215,0,0.950743412,3.334014203,0.286661733,0.236729559,2.968467127,0.109227176,0.191929939,0.768731843,0.21735849,0,0.135598693,0.295421568,3.053752415,0.351247982,1.171501259,0.254407107,0.772462896,0,0.042444555,1.427408558,0,0.260532847,0,2.099336955,0.261309757,0.703893197,0.062258363,0,0,0.246936451,0.665141176,0,0.226532853,0,0.079901529,0,0,0.097229075,0,0,0.139428549,2.316710924,0.227299318,0,0,0,0,0,0.194935933,0.308178789,0.445826117,0.461355104,1.23219229,0.604232714,0,0.435309234,0,0.90371901,0,0.105725166,0.114819392,0,0,0,0,0,0.052316998,0,0.333833996,0.168253654,0,0.227921152,0,0,0,0.308344774,0,0,0,0,0,0,0,0,0.070073188,0,0,0.096981597,0.863830977,0,0,0,0,0,0,0,0,0,0,0.138059419,0.01343002,0,0,0,0.307636722,0.624498498,0.402448686,0.548786434,0,0,0.556972874,0,0,0,0.138472912,0,0,0,0,0,0.065317638,0
Fe3O4,PC,7,-11.5,RS,80,20,16000,120,10,metal,sphere,PBS,7.4,74.9,0.14,buffer,0.25,37,1,Anionic,0,0.788208549,0.03436445,0.394475811,0.031983908,0,0,0.303535751,0,0,0,0.01740605,0,0.201607533,0.043786868,0,0.493464783,0.025817546,0,0.003492283,0.036714021,0.086858368,0,0,0.436982787,0.073349066,0,0.047846623,0,0,0.074861018,0,0.139364335,0,0,0,0.229815476,0,0,0,0.978501113,0,0.021572547,0.082683623,0.4200323,0.229129118,0,0.138588107,0.10529732,0.065146977,0,0.021575938,0.14927293,0,0,0.433787088,0.322197023,0.044482922,0.08709137,0,0.026234688,0.165627561,0,0,0.068500059,0,0,0,0,0.026029964,0.099351513,0.195944994,0,0.061682409,0,0.239394856,0,0,0,0,0,0.110980748,0.010061263,0,0,0,0,0,0,0.131991512,0.785362164,0.245020112,0,0,0,0.308215868,0.057972428,0.380115936,0,0,0,0,0,0,0,0.592026578,0,0.16458308,0.191076993,0.600587643,0,0,0,0.04761771,0.055852264,0.027516724,0.037620939,0,0.142180247,0,0,0,0,0.046790038,0,0.057421618,0,0,0,0.221948119,0,0,0,0,0,0,0.770303275,0,0,0,0,0,0.073293591,0.222266274,0,0,0,0,0,0,0,0,0,0,0,0,0.139109007,0,0.032711796,0,0,0,0.286736992,0,0,0,0,0,0.370877184,0.057239249,0,0,0,0.129790196,0,0,0.032595978,0.060131335
Fe3O4,PC,7,-11.5,RS,80,20,16000,120,10,metal,sphere,PBS,7.4,74.9,0.14,buffer,1.5,37,1,Anionic,0.069983862,0.986424545,0.030177359,0.384901583,0,0.096654496,0,0.266551837,0.036727611,0.023685774,0,0.015285233,0,0.240229634,0,0,0.433339215,0,0.174029464,0,0.064481299,0.063562687,0,0.024032536,0.455690292,0.085882594,0,0.042016814,0,0,0,0,0.244767342,0,0,0,0.302720867,0,0,0,0.994952236,0,0.037888137,0.145218291,0.368854017,0.150908387,0,0,0,0.042906922,0.068543156,0,0.131084966,0,0.015572289,0.444421683,0.268584093,0.039062959,0.076479837,0,0,0.145446888,0,0,0.03007688,0,0,0,0.061649118,0,0.087246159,0.154269954,0,0.054166797,0,0.210226104,0.077744642,0,0,0,0,0,0.035341447,0,0,0,0,0,0.020259273,0.11590918,0.689670744,0.22494623,0,0,0,0.405992566,0.084848089,0.556335349,0.095253788,0,0.04946728,0,0,0,0,0.658529712,0,0.144529671,0.22372729,0.527409831,0,0.136680732,0,0,0.049047018,0,0.033037065,0,0.166475309,0,0,0,0,0.041088968,0,0.037333943,0,0,0,0.222748734,0,0,0,0,0,0,0.901928913,0.03069116,0,0,0,0,0.12872646,0.292776798,0,0,0,0.104968389,0,0,0.057313663,0,0,0,0,0,0.122159453,0,0.057452141,0,0.046603538,0,0.2517999,0,0,0,0,0,0.325688141,0,0,0,0,0.091180864,0,0,0.028624364,0.105609422
Fe3O4,PC,7,-11.5,RS,80,20,16000,120,10,metal,sphere,PBS,7.4,74.9,0.14,buffer,3,37,1,Anionic,0.116325847,0.563561901,0.077470961,0.494057408,0,0,0.034607003,0.291456316,0,0,0,0.019620035,0.055328582,0.171351881,0,0,0.185410556,0,0.273175722,0,0.082767817,0.048953215,0.021331885,0,0.446387369,0.055119196,0,0.053932536,0,0,0,0,0,0,0,0.050832372,0.25904715,0,0,0,1.044912142,0,0,0.186401344,0.315639232,0,0,0,0.059345374,0.091791788,0.087981593,0.016777568,0.056086631,0,0.019988499,0.325975462,0.271047671,0.050140984,0.199465655,0,0,0,0,0,0,0.030002975,0.018448762,0.090695935,0,0.029340879,0.335965969,0.175171544,0,0.139056364,0,0.161906995,0,0,0.056853278,0.03714383,0,0,0.011341018,0,0,0,0,0,0,0.148780342,0.885257312,0.175754574,0,0,0,0.17370989,0.108910508,0.285643513,0,0,0,0,0,0,0,0.711818835,0,0.185517435,0.251278155,0.812376189,0,0,0,0,0,0,0,0,0,0,0,0,0.040003195,0.158224672,0,0,0,0,0,0.250179094,0,0,0,0,0,0,0.578855325,0,0,0,0,0,0.24784879,0.093951644,0.05177066,0,0,0.025828956,0,0,0.073567481,0.109058156,0,0,0,0,0.078401578,0,0.036872615,0,0.029910014,0,0.242406654,0,0.074754566,0,0,0,0.278700922,0.052599872,0,0,0,0.087779416,0,0,0.227264304,0
Fe3O4,none,11,-4,RS,80,20,16000,120,10,metal,sphere,PBS,7.4,25,0.19,buffer,0.25,37,1,Cationic,0,0.975691808,0.061623678,0.392994156,0,0,0,0.34271509,0,0,0,0.031213211,0,0,0,0,0,0,0.446336746,0,0.065837021,0.025959638,0,0,0.35507539,0.053460707,0,0,0,0,0,0,0,0.009958584,0,0,0.412114116,0,0,0,1.29292692,0,0,0,0.502145586,0.102720828,0,0,0,0.087618084,0.139968559,0,0.178454711,0,0,0.388942001,0.372577252,0.159537038,0.312351316,0,0,0,0,0,0,0,0,0,0,0,0.178161026,0.157513487,0,0.221222626,0,0,0,0,0,0,0,0,0.036084503,0,0,0,0,0,0,0.236692351,1.173618503,0.319548848,0,0,0,0,0.034652809,0.22721293,0,0.081929935,0.07654708,0,0,0,0,0.707763504,0,0,0.057107792,0.861597834,0,0,0,0,0,0,0,0,0,0,0,0,0,0.251717191,0,0,0,0,0,0.398006063,0,0,0,0,0,0,0.613928006,0,0,0,0,0,0.131432939,0.099644148,0,0,0,0,0,0.146164599,0.234074741,0,0,0,0,0,0.124727861,0,0,0,0.04758338,0,0.514188009,0,0.118925886,0,0,0,0.886761998,0,0,0,0,0.093097946,0,0,0.058452385,0
Fe3O4,none,11,-4,RS,80,20,16000,120,10,metal,sphere,PBS,7.4,25,0.19,buffer,1.5,37,1,Cationic,0,0.19793519,0,0.780856657,0,0.217871874,0,0.534082401,0,0,0,0.034454914,0,0,0,0,0.325601089,0,0,0,0.072674641,0,0,0,0.418983566,0.145192949,0,0,0,0,0,0,0,0,0,0,0.227457476,0,0.137647894,0.054038349,0.917489645,0.049843126,0,0.081835255,0.554296797,0,0,0,0,0,0,0,0,0,0,0.572448341,0.314196037,0,0.099665808,0,0,0,0.047081647,0,0,0,0,0,0.138965174,0,0,0.254121093,0,0,0,0.189550854,0,0.126414352,0,0,0,0,0.039832122,0,0,0,0,0,0,0,0,0.352736154,0,0,0,0,0,0,0,0,0,0,0,0,0,1.328158192,0,0,0.063038822,0.713310442,0,0,0,0,0,0,0.074469865,0,0,0,0,0,0,0.185239814,0,0,0,0,0,0.313815487,0,0,0,0,0,0,0.338844288,0.022555858,0.090346998,0,0,0,0.217624707,0.109992865,0,0,0,0,0,0,0,0,0,0,0,0,0.137681692,0,0,0,0,0,0.283794953,0,0,0,0.098403806,0,0.489429111,0.237213055,0,0,0,0.154150195,0,0,0,0
Fe3O4,none,11,-4,RS,80,20,16000,120,10,metal,sphere,PBS,7.4,25,0.19,buffer,3,37,1,Cationic,0.06772157,0.598099028,0.02974739,0.493242721,0,0.095277356,0.099706246,0.204364212,0,0,0,0.015067448,0.169961067,0.197991155,0,0,0.284776645,0,0.277828229,0,0.063562565,0.050125633,0,0,0.496481541,0.126988398,0.03384353,0,0,0,0.037050952,0,0,0,0,0.033617254,0.298407679,0,0.060194678,0,0.624130237,0.017438293,0.018674152,0.107361908,0.242399039,0.049586078,0.025593225,0,0,0.112788217,0,0,0.043072419,0,0,0.312921094,0.303103023,0.038506387,0.182585675,0,0,0.011238779,0,0,0,0,0,0.139302122,0.060770737,0.02253269,0.293462972,0.122827308,0,0.213580099,0,0.082892315,0,0,0.043661176,0,0.094993437,0,0.008709475,0,0,0.006275424,0.070348894,0,0,0.114257698,0.679844267,0.154254734,0,0,0,0.266805303,0.0501835,0.109681729,0.093896606,0.03954976,0,0,0,0,0,0.580815678,0,0.159752704,0.27567451,0.727853362,0,0,0,0.083891412,0,0.023819695,0,0,0.041025839,0,0,0.031234468,0,0.243021175,0,0,0,0,0,0.274468743,0,0,0,0,0,0,0.370449236,0,0.103932785,0,0,0.02414663,0.095169267,0.120252205,0,0,0,0.019835665,0,0,0.169491162,0.083752555,0,0.023207893,0,0,0.060209458,0,0,0,0.045939528,0,0.310265297,0,0.05740869,0.021286558,0,0.028118956,0.321047714,0.109551674,0.022525684,0,0,0.067411285,0,0,0.105204345,0
SiO2,none,245.8,-11.1,HP,10,1250,18000,3,4,other,sphere,plasma,7.4,245.8,0.07,buffer,1,0,1,Neutral,1.045,0.037,9.451,3.129,1.801,0.253,3.258,0,0,0,0,1.541,0.332,0.095,0.16,0,4.02,0,0.962,0.019,0,0,0.114,0,15.429,0.158,0,0.042,0,0,0,0,0.331,0.097,0.314,0,23.919,0.569,0,0.872,0,0,0,0.031,0,0,0,0,18.396,0,0,0.013,0.372,0,0,0,0.449,0,0,0,0,0,0,0.379,0,0,0.853,1.706,0,2.275,0.379,0,0,0,0,0,0,0.29,0,0,0,0,1.054,0,0,0,0,0,0,0,0.18,0,0,0,0,0,0,0,0,0,0.021,0,0,0,0.131,0,0.756,0,0,0,0,0,0,0,0,0,0,0,0,0,0,0,0,0,0,0.159,0,0,0,0,0,0,0,0,0,0,0,0,0,0,0.048,0.097,0,0,0,0,0,0,0,0,0,0,0,0,0,0,0,0,1.838,0,0,0,0,0,0,0,0.299,0,0,0,0,0,0,0,0,0,0,0
SiO2,none,245.8,-11.1,HP,55,1250,18000,3,4,other,sphere,plasma,7.4,245.8,0.07,buffer,1,0,1,Neutral,1.152,0.251,14.83,3.866,9.666,1.742,5.13,0,0,0,0,2.22,2.264,0.348,0,0,13.932,0,0.909,0.522,0,0,0.07,0,4.876,0.022,0,0.466,0,0,0,0,0.234,0.162,0.907,0,7.994,0.174,0,3.274,0,0,0,0.855,0,0,0,0,6.52,0,0,1.374,0.342,0,0,0,0.144,0,0,0,0,0,0,0.139,0,0,0.784,0.313,0,0.581,0,0,0,0,0,0,0,0.063,0,0,0,0,4.149,0,0,0,0,0,0,0,0,0,0,0,0,0,0,0,0,0,0.378,0,0,0,0.06,0,1.836,0,0,0,0,0,0,0,0,0,0,0,0,0,0,0,0,0,0,0.875,0,0,0,0,0,0,0,0,0,0,0,0,0,0,0.069,0.033,0,0,0,0,0,0,0,0,0,0,0,0,0,0,0,0,0.241,0,0,0,0,0,0,0,0.392,0,0,0,0,0,0,0,0,0,0,0
SiO2,none,205,-25.2,HP,10,1250,18000,3,4,other,sphere,PBS,7.4,205,0.041,buffer,1,0,1,Neutral,1.045,0.037,9.451,3.129,1.801,0.253,3.258,0,0,0,0,1.541,0.332,0.095,0.16,0,4.02,0,0.962,0.019,0,0,0.114,0,15.429,0.158,0,0.042,0,0,0,0,0.331,0.097,0.314,0,23.919,0.569,0,0.872,0,0,0,0.031,0,0,0,0,18.396,0,0,0.013,0.372,0,0,0,0.449,0,0,0,0,0,0,0.379,0,0,0.853,1.706,0,2.275,0.379,0,0,0,0,0,0,0.29,0,0,0,0,1.054,0,0,0,0,0,0,0,0.18,0,0,0,0,0,0,0,0,0,0.021,0,0,0,0.131,0,0.756,0,0,0,0,0,0,0,0,0,0,0,0,0,0,0,0,0,0,0.159,0,0,0,0,0,0,0,0,0,0,0,0,0,0,0.048,0.097,0,0,0,0,0,0,0,0,0,0,0,0,0,0,0,0,1.838,0,0,0,0,0,0,0,0.299,0,0,0,0,0,0,0,0,0,0,0
SiO2,none,205,-25.2,HP,55,1250,18000,3,4,other,sphere,PBS,7.4,205,0.041,buffer,1,0,1,Neutral,1.152,0.251,14.83,3.866,9.666,1.742,5.13,0,0,0,0,2.22,2.264,0.348,0,0,13.932,0,0.909,0.522,0,0,0.07,0,4.876,0.022,0,0.466,0,0,0,0,0.234,0.162,0.907,0,7.994,0.174,0,3.274,0,0,0,0.855,0,0,0,0,6.52,0,0,1.374,0.342,0,0,0,0.144,0,0,0,0,0,0,0.139,0,0,0.784,0.313,0,0.581,0,0,0,0,0,0,0,0.063,0,0,0,0,4.149,0,0,0,0,0,0,0,0,0,0,0,0,0,0,0,0,0,0.378,0,0,0,0.06,0,1.836,0,0,0,0,0,0,0,0,0,0,0,0,0,0,0,0,0,0,0.875,0,0,0,0,0,0,0,0,0,0,0,0,0,0,0.069,0.033,0,0,0,0,0,0,0,0,0,0,0,0,0,0,0,0,0.241,0,0,0,0,0,0,0,0.392,0,0,0,0,0,0,0,0,0,0,0
PSOSO3,none,244.5,-43.4,HP,10,1250,18000,3,4,liposome,sphere,PBS,7.4,244.5,0.051,buffer,1,0,1,Anionic,1.824,0.876,2.865,0.559,5.276,0.931,13.205,0.197,0,0.356,0,1.423,3.466,1.241,0,0,1.097,0,0,1.428,0,0.307,1.904,0,5.742,1.197,2.188,0,0,0,0,0,2.14,0.202,1.421,2.646,12.694,1.397,0,1.324,1.924,0.57,0,0.135,0,0,0,0,15.419,1.68,0,0,0,0,0,0,0.1,0,0,0,0,0.559,0.397,0,0,0,0.026,0.435,0,0.207,0,0,0,0,0,0,0,1.844,0,0,0,0,0.11,0,0,0,0,0,0,0,0,0,0,0,0,0,0,0,0,1.218,0.067,0,0,0,0.752,0,0,0,0,0,0,0.417,0,0,0,0,0,0,0,0,0,0,0,0,0,0.173,0,0,0,0,0,0,0,0,0,0,0,0,0,0,0.019,0.02,0,0,0,0,0,0,0,0,0,0,0,0,0,0,0,0,0,0,0,0,0,0,0,0,0.466,0,0,0,0,0,0,0,0,0,0,0
PSOSO3,none,244.5,-43.4,HP,55,1250,18000,3,4,liposome,sphere,PBS,7.4,244.5,0.051,buffer,1,0,1,Anionic,0.775,0.517,5.58,0.17,4.15,0.96,7.694,0.299,0,0.152,0,0.912,1.679,0.62,0,0,0.461,0,0,0.422,0,0.488,1.57,0,16.192,0.444,0.604,0,0,0,0,0,1.186,0.107,0.68,1.091,25.187,0.43,0,0.595,1.123,0.224,0,0,0,0,0,0,15.717,0.914,0,0,0,0,0,0,0.086,0,0,0,0,0.604,0.253,0,0,0,0,0.058,0,0,0,0,0,0,0,0,0,2.798,0,0,0,0,0.025,0,0,0,0,0,0,0,0,0,0,0,0,0,0,0,0,0,0.042,0,0,0,0.731,0,0,0,0,0,0,0.026,0,0,0,0,0,0,0,0,0,0,0,0,0,0,0,0,0,0,0,0,0,0,0,0,0,0,0,0,0.003,0.018,0,0,0,0,0,0,0,0,0,0,0,0,0,0,0,0,0,0,0,0,0,0,0,0,0.56,0,0,0,0,0,0,0,0,0,0,0
SiO2,none,869,-11.6,FBS,10,1000,14800,5,25,other,sphere,water,7,754,0.371,DMEM,1,25,1,Neutral,0,0,0,0,0.785741663,0,0,0,0,0,0,0,0,0,1.571483327,0,0,0.881563818,0,0,0.038328862,3.487926409,0,0,0,0,0.651590648,0,0,0,0.670755079,0,0,0,0,0,0,0,0,0,0.804906094,0,0,0,0.210808739,0.93905711,0,0,0,0,0,0.249137601,0,0,0,0,0,0,0,0,0,0,0,0,0,1.993100805,0,0,0,0,0,0.22997317,0,0,0,0,0,0,0,0,0,0,0,0,0,0,0,0,0,0,0,0,0,0,0,0,0,0,0,0,0.095822154,0,0,0,0,0,0,0,0,0,0,0,0,0,0,0,0,0,0,0,0,0,0,0,0,0,0,0,0,0,0,0,0,0,0,0,0,0,0,0,0,0,0,0,0,0,0,0,0,0,0,0,0,0,0,0,0,0,0,0,0,0,0,0,0,0,0.287466462,0,0,0,0,0,0,0,0,0,0,0
SiO2,none,73,-12.2,FBS,10,1000,14800,5,25,other,sphere,water,7,119,0.251,DMEM,1,25,1,Neutral,0,0.151416829,0.165837479,0.266782032,1.002235201,0,0,0,0.439829836,0.057682601,0,0.129785853,0,0,1.009445526,0,0.129785853,0,0,0,0.01442065,0.59845699,0,0,0.295623333,0.100944553,0,0.144206504,0,0.20909943,0.511933088,0,0,0.057682601,0,0.021630976,0.129785853,0,0.028841301,0.728242844,1.723267719,0.237940731,0,0.064892927,0,0,0,0,0.273992357,0,0,0,0,0,0.043261951,0,1.059917802,0,0,0,0.086523902,0,0,1.449275362,0,1.341120485,0,0,0,0,0,0,0,0.093734227,0,0,0,0,0,0,0,0,0.036051626,0,0,0,0,0,0,0,0,0,0,0,0,0,0,0,0.37493691,0,0.043261951,0,0,0,0,0,0,0,0,0,0,0,0,0,0,0,0,0,0,0,0,0,0,0,0,0,0,0.100944553,0,0,0,0,0,0,0,0,0,0,0,0,0,0,0,0,0,0.201889105,0,0,0,0,0,0,0,0,0,0,0,0,0,0,0,0,0,0.064892927,0,0,0,0,0,0,0,0,0,0,0,0,0,0
SiO2,none,914,-20.1,FBS,10,1000,14800,5,25,other,sphere,water,7,1496,0.401,DMEM,1,25,1,Neutral,0,0,0,0,0,0,0,0,0,0,0,0,0,0,0.741626794,0,0,0.14354067,0,0,0.167464115,1.459330144,0,0,0,0,0.550239234,0,0,0,1.531100478,0,0,0,0,0.023923445,0,0,0,0,0,0,0.167464115,0,0.14354067,0.741626794,1.387559809,1.746411483,0,0,0,0.09569378,0,0,0,0,0,0,0,0,0,0,0,0,0,0.669856459,0,0,0,0,0,0,0,0,0,0,0,0,0,0,0,0,0,0,0,0,0,0,0,0,0,0,0,0,0,0,0,0,0,0,0,0,0,0,0,0,0,0,0,0,0,0,0,0.167464115,0,0,0,0,0,0,0,0,0,0,0,0,0,0.071770335,0,0,0,0,0,0,0,0,0,0,0,0,0,0,0,0,0,0,0,0,0,0,0,0,0,0,0,0.19138756,0,0,0,0,0,0,0.358851675,0.406698565,0,0,0.598086124,0,0,0,0,0,0,0,0,0,0,0
SiO2,none,251,-22.6,FBS,10,1000,14800,5,25,other,sphere,water,7,281,0.074,DMEM,1,25,1,Neutral,0,0,0,0,0.325115145,0,0,0,0,0,0,0,0,0,0.189650501,0,0,0,0,0,0.243836359,1.463018152,0,0,0,0,0.284475752,0,0,0,1.422378759,0,0,0,0,0.108371715,0,0,0,0,0,0,0.176104037,0,0.149011108,0.325115145,0,0,0,0,0,0.230289894,0,0,0,0,0,0,0,0,0,0,0,0,0,1.39528583,0,0,0,0,0,0.108371715,0,0,0,0,0,0,0,0,0,0,0,0,0,0,0,0,0,0,0,0,0,0,0,0,0,0,0,0,0,0,0,0,0,0,0,0.108371715,0,0,0,0,0,0.270929287,0,0,0,0,0,0,0,0,0,0,0,0,0,0.325115145,0,0,0,0,0,0,0,0,0,0,0,0.243836359,0,0,0,0,0,0,0,0,0,0,0,0,0,0,0,0.094825251,0,0,0,0,0,0,0.121918179,0.203196966,0,0,1.30046058,0,0,0,0,0,0,0,0.108371715,0,0,0
SiO2,none,482,-37.2,FBS,10,1000,14800,5,25,other,sphere,water,7,525,0.265,DMEM,1,25,1,Neutral,0,0,0,0,0.316813759,0,0,0,0,0,0,0,0,0,0.814663951,0,0,0.226295542,0,0,0.27155465,2.172437203,0,0,0,0,0.27155465,0,0,0,1.493550577,0,0,0,0,0.158406879,0,0,0,0,0,0,0.248925096,0,0,0.113147771,0,0.226295542,0,0,0,0.203665988,0,0,0,0,0,0,0,0,0,0,0,0,0,1.40303236,0,0,0,0,0,0,0,0,0,0,0,0,0,0,0,0,0,0,0,0,0,0,0,0,0,0,0,0,0,0,0,0,0,0,0,0,0,0,0,0,0,0,0,0,0,0,0,0.113147771,0,0,0,0,0,0,0,0,0,0,0,0,0,0.362072867,0,0,0,0,0,0,0,0,0,0,0,0,0,0,0,0,0,0,0,0,0,0,0,0,0,0,0,0,0,0,0,0,0,0,0.181036434,0.294184205,0,0,1.176736818,0,0,0,0,0,0,0,0.045259108,0,0,0
SiO2,none,85,-37.7,FBS,10,1000,14800,5,25,other,sphere,water,7,137,0.123,DMEM,1,25,1,Neutral,0,0,0,0,0.98758465,0,0,0,0.611361926,0,0,0,0,0,1.92814146,0,0,0,0,0,0.188111362,1.100451467,0.329194883,0,0,0,0.206922498,0,0,0,0.978179082,0,0,0,0,0,0,0,0,0,0,0,0.639578631,0,0.630173062,0,0,0,0,0,0,0.216328066,0,0,0,0,0.216328066,0,0,0,0,0,0,0,0,1.260346125,0,0,0,0,0,0,0,0,0,0,0,0,0,0,0,0,0,0,0,0,0,0,0,0,0,0,0,0,0,0,0,0,0,0,0.216328066,0,0,0,0,0,0,0.34800602,0,0,0,0,0,0.39503386,0,0,0,0,0,0,0,0,0,0,0,0,0,0,0,0,0,0,0,0,0,0,0,0,0,0.376222724,0,0,0,0,0,0,0,0,0,0,0,0,0,0,0,0,0,0,0,0,0,0,0,0.536117381,0,0,1.203912716,0,0,0,0,0,0,0,0,0,0,0
Au,MSA,59.3,-14.23833333,HS,100,474.087541,15000,45,4,metal,sphere,PBS,7.4,52,0.287666667,buffer,1,37,1,Anionic,2.0924,1.0159,0.8635,10.7055,0,4.6181,6.8782,0.2895,1.6962,12.1581,1.3831,1.5831,1.1577,0,0.0466,0,0.255,0,0.1767,0,0.239,0,0,0.1575,0,0,0,0.2582,0.322,8.7401,0,0,8.5628,1.0237,1.1086,0,0,0.276,0,0,0,0,0,0.2088,0,0,0.5845,0.5411,0,0,0.9869,0,0,0.2878,0,0,0,0,0,0,0,0,4.9579,0.1679,0,0,0,0,0,0,0,0,0,0,0,3.7396,0,0.1822,0.0997,0,0,0,0,0,0,0.0503,0.3518,0,0,0,0,0,0,3.594,0,8.9602,2.2607,0,0,0,0,0.6254,0,0,0,0.4496,0.1626,0,0,0,0,0,0,0,0.4853,0,0,0,0,0,0,0,0.0167,0,0,0,0,0,0,0,1.7,0,0,0,0,0,0,0,0,0,0,0,0,0,0,0,0,0,0,0,0,0,0,0.0704,0,0,0,0,0,0,0,0,0,0,0,0,0,0,0,0,0,0,0,1.0308,0,0,0,0
Au,amino acid,59.3,-12.15,HS,100,1888.699399,1500,45,4,metal,sphere,PBS,7.4,97.68,0.095888889,buffer,1,37,1,Anionic,0.5143,1.1718,3.7043,27.3146,0,10.4056,3.4346,0.138,2.4254,6.5454,0,4.9047,0.602,0.4036,0.0444,0,5.8036,0.1661,0,0,0.1139,0.1691,0.1994,0.0188,0,0.2215,0,0.4044,0,7.1957,0,0,0.2703,0.3753,0.3843,0,0,0.0438,0,0,0,0,0,0.0332,0,0,0,0,0,0,0.4704,0,0,0.9604,0,0,0,0,0,0,0,0,0,0.5603,0,0,0.2029,0,0.666,0,0,0,4.435,0,0,0.1426,0,0.2171,0,0,2.6048,0,0,0,0,0.2279,1.1738,0,0,0,0,0.3843,0,0,0,0,0,0.0412,0,0,0,0,0,0,0,0,4.3401,0,0,0,0,0,0,0,0,0,0,0,0,0,0,0,0,0.2078,0,0,0,0,0,0,0,0,0,0,0,0.0256,0,0,0,0,0,0,0,0,0,0,0,0,1.8734,0,0,0,0,0,0,0.0571,0,0.2084,0,0,0,0,0,0,0,0,0,0,0,0,0,0,2.4039,0,0,0,0,0
Au,ODA,59.3,-11.75166667,HS,100,474.087541,15000,45,4,metal,sphere,PBS,7.4,41.78,0.42125,buffer,1,37,1,Cationic,0.6658,0.7739,21.4589,4.3275,0,4.616,3.2154,6.2236,12.3885,2.0248,1.6293,0.746,0.4133,0,0,0,0,6.2963,0.506,0.0774,0.2815,0,3.2862,0,0,0,0,0.4201,0,2.8648,1.0257,0,0,0.1391,0.9894,0,0,0.0361,0,0,0.1689,0,0,0,0,0.195,0,0,0,0,0.5813,0,0,0,0.0059,0,0,3.0383,0,0.3443,4.225,0,0,0.2473,0,0,0,0,0,0,1.6911,0,4.5672,0,0,0,0,0.0358,0,0,3.5766,0,0,0,0,0.1778,0,1.9893,0,0,0,0,0,0,0,0,0,0.8477,0,0,0,0,0.0409,0,0,0,0,0,0,0,0,0,0,0,0,0,0,0,1.0507,0,0,0,0,0,1.5594,0,0,0,0,0,0,0,0,0,0,0,0,0,0,0,0,0,0,0,0,0,0,0,0,0,0,0,0,0,0,0,0,0,0,0,0,0,0,0,0,0,0,0,0,0,0,0,0.9242,0,0,0,0,0
Au,amino acid,59.3,-11.645,HS,100,1007.212946,4500,45,4,metal,sphere,PBS,7.4,60.9,0.143777778,buffer,1,37,1,Anionic,0.4932,0.9232,0.9474,14.3749,0,8.0159,3.5636,0.3242,1.3027,9.1708,0.0521,6.3831,1.1451,0.3387,0.0597,0,6.1607,0,0,0,0,0.1419,0,0.0126,0,0.1749,0,0.2597,0,12.2969,0,0,0,1.3985,0.387,0,0,0.1178,0,0,0,0,0,0,0,0,0,0,0,0,0.4211,0.0565,0,1.1053,0.0193,0,0,0,0,0,0,0,0,1.854,0,0,0.5108,0,0.5962,0,0,0,1.6542,0,0,11.9667,0,0.0583,0,0,0,0,0,0,0,0.2255,2.2515,0,0,0,0,0.3225,0,0,0,0,0,0,0,0,0,0,0,0,0,0,3.8157,0,0,0,0,0,0,0,0,0,0,0,0,0,0,0,0,0.093,0,0,0,0,0,0,0,0,0,0,0,0,0,0,0,0,0,0,0,0,0,0,0,0,3.5636,0,0,0,0,0,0,0,0,0,0,0,0,0,0,0,0,0,0,0,0,0,0,0,1.5063,0,0,0,0,0
Au,CVVIT,59.3,-11.57666667,HS,100,1888.699399,1500,45,4,metal,sphere,PBS,7.4,103.94,0.0575,buffer,1,37,1,Anionic,0.2708,1.4563,1.0402,9.8095,0,6.3922,2.762,0.1526,2.1455,6.4079,0.1143,7.8616,0.8875,0.2231,0.2948,0,6.5853,0.245,0,0,1.5113,0.9346,0,0.0415,0,0.1921,0,1.4257,0,13.6036,0,0,0,1.3419,0.7082,0.0697,0,0.3879,0,0.1474,0,0,0,0.2445,0,0,0,0,0,0,0.3467,0,0,0.2023,0.1589,0,0,0.2862,0.1479,0,0,0,0,1.3571,0,0,1.4958,0,0.8417,0,0,0,1.453,0,0.0852,1.0512,0,0.2561,0,0,1.8287,0,0.0394,0,0,0.9371,0.9889,0,0,0.2029,0,0.9207,0,0,0,0,0,0,0,0,0,0,0,0,0,0,7.8461,0,0.3862,0,0,0,0,0,0,0,0,0,0,0.2073,0,0,0,0.9189,0,0,0,0,0,0,0,0,0,0,0,0.3021,0,0,0,0.9207,0,0.0351,0,0,0,0,0,0,1.8414,0,0,0,0,0.0198,0,0.1685,0,0.6829,0,0,0,0,0,0,0,0.2306,0,0,0,0,0,0,0.9451,0,0,0,0,0
Au,AUT,59.3,-11.46666667,HS,100,1888.699399,1500,45,4,metal,sphere,PBS,7.4,108.27,0.086111111,buffer,1,37,1,Cationic,0.8744,0.6825,4.8218,2.5,0,7.5641,6.8015,0.8398,1.6575,17.3706,2.4348,0,1.5427,0.4525,0.1566,0,0.1947,0.2129,0.1394,0.301,10.362,0,1.5334,0.0962,0,0,0.1181,0.0901,0.1967,4.6322,0.5801,0,1.5932,0.5651,1.1079,0,0,0.2247,0,0,0.1313,0,0.4378,0.34,0.046,0,0.119,0,0,0,0.7032,0,0,0.1758,0.1289,0.2567,0,0,0,0.238,1.6428,0,1.6994,0,0,0,0,0,0,0,0,0,0.4736,0,0.7402,0,0,0,0,0,0,0,0,0,0,0,0,0.3438,0,0,0,0,0,2.9118,0,8.9511,2.8951,0,0,0,0,0.9549,0,0,0,0.0915,0,0,0,0,0,0,0,0,0.1694,0,0,0,0,0,0,0,0,0,0,0,0.028,0,0,0,1.765,0,0.585,0,0,0,0,0,0,0,0,0,0,0.038,0,0,0,0,0,0,0,0,0,0,0,0,0,0,0,0,0,0,0,0,0,0,0,0,0,0,0,0,0.8214,1.0343,0,0,0,0
Au,CALNN,59.3,-11.405,HS,100,1007.212946,4500,45,4,metal,sphere,PBS,7.4,65.4,0.08625,buffer,1,37,1,Anionic,0.2641,1.6849,1.0145,1.3667,0,6.522,4.9386,0.1488,1.395,7.626,0.3903,7.4141,1.5148,0,0.4793,0,6.0731,0.2389,0.0101,0,1.3102,0.5469,0,0.054,0,0.3934,0,0.7332,0.4414,18.4161,0,0,0,1.7135,0.7598,0.204,0,0.5675,0,0.0288,0,0,0,0.4292,0,0,0,0,0,0,0.3382,0.0202,0,0.1973,0.093,0,0,0,0.1443,0.1335,0,0,0,1.7552,0,0,1.5682,0,0.7297,0,0,0,1.4171,0,0.1246,7.689,0,0.2498,0,0,0.5351,0,0,0,0,0.983,0.7233,0,0,0.3166,0,0.967,0,0,0,0,0,0,0,0,0,0,0.0713,0,0,0,6.2778,0,0.2152,0,0,0,0,0,0,0,0,0,0,0.0404,0,0,0,0.4979,0,0,0,0,0,0,0,0,0,0,0,0.1473,0,0,0,0.449,0,0,0,0,0,0.2893,0,0,1.5714,0,0,0,0,0.0193,0,0,0,1.3653,0,0,0,0,0,0,0,0,0,0,0,0,0,0,1.1522,0,0,0,0,0
Au,AC,31.6,-11.355,HS,100,1007.212946,4500,45,4,metal,sphere,PBS,7.4,64.29,0.248,buffer,1,37,1,Anionic,2.2876,2.1641,1.0107,14.1892,0,4.914,7.4758,0.9741,2.3824,5.146,0.5238,1.4515,1.7247,0.2478,0.2455,0,4.2905,0,0.2586,0,1.5383,0.6227,0,0.0806,0,0.8958,0,0.0648,0.3769,11.4138,0,0.5447,1.3607,0.7028,1.0027,0,0,0.5384,0,0.1228,0,0,0.0629,0.1629,0,0,0,0.5277,0,0,0.4813,1.672,0.4431,0.1685,0.0441,0,0.093,0,0.1232,0.114,0,0.5552,0.0888,0.5651,0.5218,0,0.0623,1.2066,0.5841,1.499,0,0,0,0,0,7.7038,0,0.16,0.2334,0,0,0,0.7215,0,0,0.7805,0.4118,0,0,0,0,1.2976,0,0,0,0,0,0.1011,0,0.3712,0,0,0.0609,0,0,0,0.9833,0,0.2757,0,0,0,0.0433,0,0,0,0,0,0,0.8977,0,0,0.0392,0,0,0,0,0,0,0,0,0,0,0,0,0.0629,0,0,0,0,0,0.0585,0,0,0,0,0,0,1.5335,0,0,0,0,0.0988,0,0,0,0.654,0,0,0,0,0,0,0,0.2304,0,0,0,0,0,0,2.7549,0,0,0,0,0
Au,MAA,59.3,-11.13833333,HS,100,1007.212946,4500,45,4,metal,sphere,PBS,7.4,61.91,0.214444444,buffer,1,37,1,Anionic,0.4668,1.9815,1.4198,5.0862,0,6.612,6.349,0.2192,2.6714,7.7265,0.3943,11.5714,1.3388,0.1282,0.4659,0,3.7843,0.2111,0.0223,0,0.7237,0.5103,0,0.0715,0,0.2649,0,1.1843,0.195,7.7446,0,0.3811,0.7214,0.8347,1.0989,0.0601,0,0.2786,0,0.1016,0,0,0,0.0843,0,0,0,0.0364,0,0,0.3985,0,0.4586,0.1744,0.0365,0,0,0.2467,0.0638,0.059,0,0,1.5629,0.5849,0,0,1.8051,0,0,0,0,0,0.9394,0,0,0.9967,0,0.2208,0,0,0.1576,0,0.1697,0.1272,0,0.3201,1.0655,0,0,0,0,0.1221,0,1.8216,0,4.5441,1.0602,0,0,0,0,0.5683,0,0,0,0.0454,6.7633,0,0.3804,0,0,0,0,0,0,0,0,0,0,0,0,0,0,0.088,0,0,0,0,0,0,0.5149,0,0.3868,0,0,0.0326,0,0,0,0.6614,0,0,0,0,0,0,0,0,1.5872,0,0,0,0,0.0597,0,0,0,0.0883,0.1744,0,0,0,0,0,0,0,0,0,0,0,0,0,1.222,1.3827,0,0,0,0
Au,MPA,59.3,-10.96166667,HS,100,474.087541,15000,45,4,metal,sphere,PBS,7.4,55.65,0.289111111,buffer,1,37,1,Anionic,2.1943,0.8609,0.5807,14.5765,0,2.7451,6.6819,0.4543,1.5971,10.6896,1.5959,2.1945,0.9084,0.1661,0,0,1.3005,0,0.0924,0,0.1875,0,0,0.0772,0,0,0,0.2605,0.7579,5.8943,0,0.257,7.4752,0.9113,1.028,0,0,0.0722,0,0,0,0,0,0,0,0,0,0.7076,0,0,1.4196,0,0,0.2258,0,0,0,0,0,0,0,0,4.2475,0.0659,0,0,0,0,0,0,0,0,0,0,0,6.5727,0,0,0,0,0,0,0,0,0,0,0,0,0,0,0,0,0,3.6258,0,6.5946,2.346,0,0,0,0,0.4907,0,0,0,0.1764,0,0,0,0,0,0,0,0,0.5984,0,0,0,0,0,0,0,0,0,0,0,0,0,0,0,2.0008,0,0,0,0,0,0,0,0,0,0,0,0,0,0,0,0,0,2.57,0,0,0,0,0,0,0,0,0,0,0,0,0,0,0,0,0,0,0,0,0,0,0,2.902,0.7511,0,0,0,0
Au,LA,59.3,-10.8975,HS,100,1007.212946,4500,45,4,metal,sphere,PBS,7.4,62.97,0.158,buffer,1,37,1,Anionic,0.5685,1.1639,0.9597,9.7241,0,7.225,2.7798,0.3071,2.6391,6.7946,0.4028,6.3073,0.6699,0.2246,0.3792,0,9.0623,0,0.0156,0,1.69,0.2508,0,0.0696,0,0.5026,0,0.6522,0,18.2888,0,0,0,0.3202,0.6415,1.6838,0,0,0,0.089,0,0.0314,0,0.4921,0,0,0,0,0,0,0.2327,0,0,0,0.4479,0,0,0,0.2233,0.0689,0,0,0,0.4751,0,0,0.8656,0,0.9883,0,0,0,1.6452,0,0,0.2116,0,0.3222,0,0.0503,2.9448,0,0,0,0,0.4627,1.244,0.199,0,0,0,1.9245,0,0,0,0,0,0,0,0,0,0,0,0,0,0,4.7149,0,0.5552,0,0,0,0,0,0,0,0,0,0,0.4173,0,0,0,0.411,0,0,0,0,0,0,0,0,0.2258,0,0,0.19,0,0,0,0,0,0,0,0,0,0,0,0,2.0848,0,0,0,0,0,0,0,0,0.3093,0,0,0,0,0,0,0,0,0,0,0,0,0,0,0.7134,0,0,0,0,0
Au,HDA,59.3,-10.795,HS,100,1888.699399,1500,45,4,metal,sphere,PBS,7.4,94.45,0.106333333,buffer,1,37,1,Cationic,1.45,1.1289,9.0138,5.2726,0,3.6216,5.4847,3.3051,6.4552,2.3549,6.2545,0,1.442,0,0.0532,0,0.097,2.1225,0.6053,0.2251,4.547,0,3.7582,0.03,0,0,0,0.0562,0.4902,3.6836,1.2652,0,0.259,0.2248,0.7671,1.0571,0,0.14,0,0,0,0,0.1637,0,0,0.9451,0,0.0915,0,0,0.626,0,0,0.4382,0.0459,0.128,0,2.1697,0.1602,0.4449,3.327,0.2166,0.154,0,0.1885,0,0,0,0,0,2.9138,0.2174,6.6888,0,0,0.4554,0,0,0,0,3.1692,0,0,0,0,0.0958,0,0.4284,0,0,0,0,0.2295,0,0,0.1057,0,1.3145,0,0,0,0,0,0,0,0.6274,0,0,0.0598,0,0,0,0,0,0,0,0,0,1.6293,0,0,0.6941,0,0,2.0423,0.9202,0,0,0,0,0,0,0,0,0,0,0,0,0,0,0.0115,0.0381,0,0,0,0,0,0,0,0,0,0,0,0.0321,0,0,0,0,0.2191,0,0.7019,0,0,0,0,0,0,0,0,0,0,0,0.7678,0,0,0,0,0
Au,MAA,59.3,-10.705,HS,100,474.087541,15000,45,4,metal,sphere,PBS,7.4,60.99,0.238444444,buffer,1,37,1,Anionic,1.0921,2.2416,1.6232,7.9677,0,10.4112,5.636,0.2198,1.3735,6.4279,0.7412,10.3622,1.0653,0,0.4247,0,4.1297,0,0.0373,0,0.7256,0.2692,0,0.0598,0,0,0,1.1948,0,15.2075,0,0,0.8036,0.7572,0.7141,0,0,0,0,0,0,0,0,0.2113,0,0,0,0.1826,0,0,1.1654,0,0.3483,0.2913,0,0,0,0,0,0,0,0,1.2802,0.7649,0,0,1.2927,0,0.4715,0,0,0,0,0,0,0.9084,0,0.2767,0,0.072,0,0,0,0,0,0.1273,1.4244,0,0,0,0,0,0,2.153,0,4.0075,2.0668,0,0,0,0,0.633,0,0,0,0,4.0597,0,0,0,0,0,0,0,0,0,0,0,0,0,0,0,0,0,0,0,0,0,0,0,0.4302,0,0,0,0,0,0,0,0,0.442,0,0,0,0,0,0,0,0,2.6522,0,0,0,0,0,0,0,0,0,0,0,0,0,0,0,0,0,0,0,0,0,0,0,0,0.7453,0,0,0,0
Au,DTNB,59.3,-10.66,HS,100,1888.699399,1500,45,4,metal,sphere,PBS,7.4,105.18,0.056777778,buffer,1,37,1,Anionic,1.2778,1.4042,1.2631,2.1493,0,6.2091,6.1484,0.1852,2.0262,2.964,2.0826,14.7235,2.2451,0.2709,0.8751,0,7.8871,0.2974,0.0377,0,1.4272,0.3026,0,0.0504,0,0.1633,0,1.2905,0.2747,6.1016,0,0.2573,0,0.4031,1.8058,0.2539,0,0.0785,0,0.5011,0,0,0,0.5344,0,0,0,0,0,0,0.9824,0,0.8809,0,0.0386,0,0,0.3475,0.0898,0.2494,0,0,0,0.6448,0,0,2.4064,0,0.2839,0,0,0,1.3232,0,0,0.5105,0,0.5442,0,0,0.222,0,1.9126,0,0,0.8158,1.2007,0,0,0,0,1.5478,0,0,0,0,0,0,0,0,0,0,0,0,0,0.2558,6.7057,0,0.6698,0,0,0,0,0,0,0,0,0,0,0.1007,0,0,0,0.9918,0,0,0,0,0,0,0,0,0,0,0,0.1376,0,0.3505,0,0.1863,0,0,0,0,0,0.3602,0,0,2.5152,0,0,0,0,0.1561,0,0.4091,0,0.8291,0.2456,0,0,0,0,0,0,0,0,0,0,0,0,0,1.4345,0,0,0,0,0
Au,amino acid,59.3,-10.59833333,HS,100,1007.212946,4500,45,4,metal,sphere,PBS,7.4,61.31,0.201333333,buffer,1,37,1,Anionic,0.4172,0.9486,1.0851,11.5758,0,7.4331,3.546,0.2938,2.0658,8.9244,0.2202,7.0341,1.1394,0.2864,0.205,0,8.1093,0.2359,0.0149,0,0.9701,0.21,0,0.1332,0,0.3144,0,0.4493,0,20.1365,0,0,0.1535,0.5994,0.4773,0,0,0.1867,0,0.0568,0,0,0,0,0,0,0,0.0407,0,0,0.6677,0.0598,0,0.1948,0.0714,0,0,0.2755,0.1424,0,0,0,0,0.767,0,0,0.4321,0,0.6303,0,0,0,1.7489,0,0,0.4049,0,0.185,0,0,1.0565,0,0,0,0,0.2213,1.9043,0,0,0,0,0.8183,0,0,0,0,0,0,0,0,0,0,0,0,0,0,2.3838,0,0.1593,0,0,0,0,0,0,0,0,0,0,0.0798,0,0,0,0.4916,0,0,0,0,0,0,0,0,0,0,0,0.2182,0,0,0,0,0,0,0,0,0,0,0,0,2.8811,0,0,0,0,0.0381,0,0,0,0.4603,0,0,0,0,0,0,0,0,0,0,0,0,0,0,1.365,0,0,0.2275,0,0
Au,amino acid,59.3,-10.42333333,HS,100,474.087541,15000,45,4,metal,sphere,PBS,7.4,41.93,0.140388889,buffer,1,37,1,Anionic,0,1.8602,3.9339,16.8434,0,6.5502,1.6847,0.8934,6.6306,7.8729,0.5859,1.1943,0.4331,0,0.2158,0,3.8036,0,0.0833,0,1.2291,0.1824,0.3444,0.0608,0,0.225,0,0.3036,0,29.9457,0.2443,0,0,0.2228,0.7257,0,0,0.0946,0,0,0,0,0,0.6443,0,0,0,0.0618,0,0,0.1692,0,0,0,0.031,0,0,0,0.2165,0,0,0,0,0.4751,0,0,0,0,0.9583,0,0,0,2.9248,0,0,0.1539,0,0.4687,0,0.2928,1.0708,0,0,0,0,0.2847,1.4476,0,0,0,0,0.5184,0,0,0,0,0,0,0,0,0,0,0,0,0,0,0,0,0.1615,0,0,0,0,0,0,0,0,0,0,0.6676,0,0,0,0,0,0,0,0,0,0,0,0,0,0,0,0.0553,0,0,0,0,0,0,0,0,0,0,0,0,2.0217,0,0,0,0,0,0,0,0,0.1499,0,0,0,0,0,0,0,0.135,0,0,0,0,0,0,0,0,0,0,0,0
Au,DTNB,59.3,-10.41666667,HS,100,474.087541,15000,45,4,metal,sphere,PBS,7.4,60.27,0.247555556,buffer,1,37,1,Anionic,0.6562,1.0296,1.0503,4.8847,0,7.2302,3.7094,0.2794,1.4021,5.7432,1.5939,11.5598,1.2441,0,0.5781,0,13.1744,0,0.0142,0.0136,0.9877,0.0979,0,0.0435,0,0.0301,0,1.0063,0.1775,16.1816,0.5241,0,0.0938,0.2067,0.9414,0.0273,0,0.076,0,0.3572,0,0,0.0394,0.7075,0,0,0.0268,0,0,0,0.499,0,1.9175,0.2379,0.054,0,0,0.4477,0.1453,0,0,0,0,0.5102,0,0,1.8475,0,0.8801,0,0,0,0.641,0,0,0.3302,0,0.5024,0,0,0.2151,0,2.886,0,0,0.3744,1.2592,0,0,0,0,0.2774,0,0,0,0,0,0,0,0,0,0,0.1437,0,0,0,2.7644,0,0.5406,0,0,0,0,0,0,0,0,0,0,0,0,0,0,0.1399,0,0,0,0,0,0,0,0,0,0,0,0.0742,0,0.1132,0,0,0,0,0,0,0,0,0,0,1.9847,0,0,0,0,0.0698,0,0.2645,0,0.1337,0.2379,0,0,0,0,0,0,0.0542,0,0,0,0,0,0,0.3697,0,0,0,0,0
Au,amino acid,59.3,-10.26333333,HS,100,1888.699399,1500,45,4,metal,sphere,PBS,7.4,94.89,0.103777778,buffer,1,37,1,Anionic,1.4899,0.8768,0.7218,7.3696,0,5.7319,4.5517,0.4235,1.4887,5.677,0.357,6.4456,1.1547,0.3096,0.2557,0,5.1289,0,0.0323,0,1.0487,0.5188,0,0.0432,0,0.1799,0,0.4047,0.471,12.6268,0,0,0.5392,2.347,0.5897,0.1451,0,0.471,0,0.092,0,0,0,0.1527,0,0,0,0.3078,0,0,0.7218,0.237,0,0.2105,0.0662,0,0,0,0.154,0,0,0,0.259,0.9212,0,0,0.8952,0,0.438,0,0,0,0.9452,0,0.0886,10.1749,0,0.1999,0.0729,0,0.7614,0,0.6558,0,0,0.4233,0.7719,0,0,0.0422,0,1.032,0,0,0,0.3556,0,0,0,0,0,0,0,0,0,0,4.876,0,0.2871,0,0,0,0,0,0,0,0,0,0,0.0432,0,0,0,0.3719,0,0,0,0,0,0,0,0,0,0,0,0.0786,0,0,0,0.0799,0,0.0366,0,0,0,0.2058,0,0,3.3539,0,0,0,0,0.0515,0,0,0,1.2793,0.2105,0,0,0,0,0,0,0,0,0,0,0,0,0,1.7215,0,0,0.7378,0,0
Au,MES,59.3,-10.21333333,HS,100,474.087541,15000,45,4,metal,sphere,PBS,7.4,61.86,0.286,buffer,1,37,1,Anionic,0.9185,1.3923,0.9801,2.7102,0,5.2814,4.8794,0.2875,1.0107,4.1507,3.1512,10.1672,0.8362,0,0.3009,0,0.0633,0,0.1755,0,0.2373,0,0,0.0391,0,0,0,1.2456,0,16.7149,0,0,0.6758,0.9385,1.2011,0.5911,0,0,0,0.8333,0,0,0.0356,0.7602,0,0,0,0,0,0,0.6534,0,3.4179,0,0,0,0,9.7065,0,0,0,0,0.8039,0.542,0,0,2.0083,0,0.1983,0,0,0,0,0,0,1.337,0,0.4524,0,0,0,0,2.5601,0,0,0.2999,1.3976,0,0,0,0,0,0,1.9668,0,3.1043,1.2312,0,0,0,0,0,0,0,0,0.0744,4.0372,0,0,0,0,0,0,1.5094,0,0,0,0,0,0,0,0,0,0,0,0,0,0,0,0,0,0,0,0,0,0,0,0,0,0,0,0.0993,0,0,0,0,0,0,2.2771,0,0,0,0,0.1258,0,0,0,0,0,0,0,0,0,0,0,0,0,0,0,0,0,0,1.0018,0.1463,0,0,0,0
Au,TP,59.3,-10.09,HS,100,474.087541,15000,45,4,metal,sphere,PBS,7.4,57.28,0.27,buffer,1,37,1,Anionic,1.525,0.9336,1.0527,10.1971,0,3.6287,4.3003,0.3801,1.3362,6.7698,0.7477,1.9399,1.3127,0.4863,0.2448,0,3.0549,0,0.4205,0,0.4706,0.1164,0,0.0905,0,0,0,0.1695,0.2114,12.3285,0,0.215,7.408,0.7754,1.1908,0,0,0.2416,0,0,0,0,0.0471,0.2741,0,0,0,0.0395,0,0,0.6478,0,0,0.189,0.0792,0,0,0,0.2764,0.1279,0,0,2.4244,0.6339,0,0,0.2096,0,0.7862,0,0,0,0,0,0.0398,9.9177,0,0.1196,0.3928,0,0,0,0.2575,0,0,0.3304,1.3856,0,0,0,0,0,0,0.5296,0,4.5597,0.1436,0,0,0,0,0.3079,0.205,0,0,0,0.6049,0,0.2577,0,0,0,0,0,0.6827,0,0,0,0,0,0,0,0.1538,0.0477,0,0,0,0,0,0,0.6138,0,0,0,0,0,0,0,0,0,0,0.0328,0,0,0,0,0,0,2.7952,0,0,0,0,0.1755,0,0.5508,0,0.5103,0.3779,0,0,0,0,0,0,0.3015,0,0,0,0,0,0,1.7658,0,0,0,0,0
Au,AUT,59.3,-10.03333333,HS,100,1007.212946,4500,45,4,metal,sphere,PBS,7.4,77.26,0.167,buffer,1,37,1,Cationic,0.9381,0.4488,6.773,3.1132,0,9.185,4.7543,1.0505,1.9268,15.4487,2.2592,0,0.7971,0.1336,0.0883,0,0.2012,0.22,0.1533,0.0933,12.9693,0,1.7429,0.0994,0,0,0.061,0.0698,0,5.06,0.5995,0,1.8968,0.5342,0.5088,0,0,0,0,0,0.1357,0,0.5203,0.7027,0.2374,0,0.3074,0,0,0,0.1038,0.0929,0,0.1817,0.1332,0,0.0091,0,0,0,1.9098,0,1.9476,0.053,0,0,0,0,0.21,0,0,0,0,0,1.5679,0,0,0,0.0629,0,0.3285,0,0,0,0,0,0,0.3552,0,0,0,0,0,3.3329,0,6.9699,2.6693,0,0,0,0,0.9868,0,0,0,0.1419,0,0,0,0,0,0,0,0,0.1313,0,0,0,0,0,0,0,0,0,0,0,0.0289,0,0,0,2.1993,0,0,0,0,0,0,0,0,0,0,0,0,0.0197,0,0,0,0,0,0,0,0,0,0,0,0,0,0,0,0,0,0,0,0,0,0,0,0,0,0,0,0,0.4244,0.9759,0,0,0,0
Au,PAH-SH,59.3,-9.8175,HS,100,1007.212946,4500,45,4,metal,sphere,PBS,7.4,68.42,0.278,buffer,1,37,1,Cationic,1.2289,1.5743,4.8229,2.7605,0,5.7697,9.0804,1.0289,0.7234,6.9836,3.5279,1.7255,1.9452,0.1505,0.2154,0,1.6314,5.4512,0.0262,0.1051,7.3042,0.7248,2.3796,0.1399,0.6255,0.5635,1.0996,0.4982,0.2289,4.3131,0.1688,0.2328,2.4993,0.8676,2.1492,0,0,0.1962,0.0519,0,0.4077,0.0316,1.4269,1.1377,0.6685,0,0.554,0.2137,0,0.3134,0.4677,0,0.0979,0.2046,0.2144,0,0.0308,0,0,0.0693,0.956,0.2023,1.8341,0.0298,0.1056,0,0,0,0,0,0,0,0,0,0.3446,0,0,0,0,0,0.185,0,0,0,0,0.1431,0,1.4004,0,0,0.0257,0,0,2.3984,0,4.0982,2.0217,0.1228,0,0,0,0,0.148,0,0,0.1598,0,0.1353,0,0,0,0,0,0,0.1479,0,0,0,0,0,0,0,0,0,0,0,0,0,0,0,1.3897,0,0.227,0,0,0,0,0,0,0.2328,0,0,0,0.0886,0.0972,0,0,0,0,0,0,0,0,0,0,0,0,0,0,0,0,0,0,0,0,0,0,0,0.0524,0,0,0,2.1511,0.4711,0,0,0,0
Au,CTAB,59.3,-9.765,HS,100,1888.699399,1500,45,4,metal,sphere,PBS,7.4,107.61,0.094833333,buffer,1,37,1,Cationic,0.6379,2.34,5.3581,2.6939,0,2.7629,7.1134,1.0002,2.9023,2.6791,2.5165,5.3482,2.2165,0.2786,0.2148,0,2.2655,5.0468,0.1163,0.8756,1.7299,0.8753,2.2581,0.0259,0.2369,0.4677,1.2725,2.4762,0.4238,4.3259,0.4688,0.2156,0.1866,1.0624,2.3877,2.4156,0,0.4844,0.1202,0.138,0.6133,0.3509,0.4954,0.5953,0.2476,0,0.4488,0.1583,0,0.8706,0.6495,0,0,0.1894,0.0496,0.2766,0.0095,2.68,0.1385,0.1282,2.2128,0.0312,0,1.0775,0,0,1.2958,0,0.3065,0,0.126,0.047,1.8711,0,0.1196,0,0.2128,0.1199,0,0.8897,1.8839,0,0.0738,0,0.0697,1.0267,0,2.0374,0,0.114,0,0.5969,0,0,0,0,0,0.0568,0,0,0,0,0.0685,0,0,0,3.781,0,0,0,0,0,0,0,0,0,0,0,0,0,0,0,0,0.1434,0.1413,0,0,0,0,0,0,0,0,0,0,0.0707,0,0,0,0.1437,0,0,0,0,0,0,0,0,0.6467,0,0,0,0,0,0,0,0,0,0,0,0,0.1608,0,0,0,0,0,0,0,0,0,0,2.6554,0,0,0,0,0
Au,CFGAILS,59.3,-9.72,HS,100,1007.212946,4500,45,4,metal,sphere,PBS,7.4,68.38,0.0975,buffer,1,37,1,Anionic,0.6614,3.5842,2.3151,4.793,0,4.7711,5.3273,0.8149,2.1221,4.2103,0.3563,7.4935,2.041,0.2648,0.4229,0,3.7885,1.3083,0.1566,0.1233,1.3454,1.0262,0.4712,0.0246,0.1001,1.0431,0,3.3921,0.4028,11.2513,0.7427,0,0.5676,2.0073,0.8826,2.0479,0,0.5179,0.0457,0.2099,0,0.2224,0.0897,0.3918,0,0,0,0,0,0,0.5145,0,0,0.1801,0.1037,0,0,0.7642,0.1975,0.1828,0,0.1187,0,1.2606,0.031,0,1.4314,0,0.7076,0.178,0,0,0,0,0,0.5614,0,0.285,0,0.178,2.2791,0,0.1753,0,0,0.9602,0.8803,1.2324,0,0.2167,0,1.0087,0,0,0,0,0,0,0,0,0,0,0,0,0.1017,0,5.5944,0,0.1964,0,0,0,0,0.7394,0,0,0,0,0,0.6643,0,0,0,0.2727,0,0,0,0,0,0,0,0,0.1997,0,0,0.2017,0,0.257,0,0.7513,0,0.0625,0,0,0,0.2641,0,0,1.2294,0,0,0,0,0,0,0.3749,0,0.3343,0,0,0,0,0,0,0,0.1231,0,0,0,0,0,0,1.4723,0,0,0,0,0
Au,DDT,59.3,-9.7,HS,100,474.087541,15000,45,4,metal,sphere,PBS,7.4,47.03,0.336444444,buffer,1,37,1,Cationic,4.0367,2.5448,7.0875,1.9297,0,1.6081,15.8076,2.079,5.0676,0.7484,5.2353,0,3.3863,0.7297,0.1607,0,0,0.4005,2.7075,1.1892,4.6679,0.1528,1.6348,0.0905,0,0,0,0.3391,1.11,1.743,0.8186,0.3764,0.1303,0.6334,2.3161,0,0,0.6343,0.042,0,0.1648,0,0.4531,0,0,0.5707,0,0.2763,0,0,1.134,0,0,0.9923,0,1.1591,0,0,0,1.2314,2.7045,0,0,0,0.0569,0,0,0,0,0,1.5396,0,4.158,0,0,0,0,0,0.3438,0,0.8971,0,0,1.2061,0.2432,0,0,0,0,0,0,0,0.3465,0,0,0,0,2.183,0.4099,0,0,0,0,0,0,0.1722,0,0,0,0,0,0,0,0,0,0,0,0,0,0,0,0,0.0385,0,1.9733,0.2646,0,0,0,0,0,0,0,0.1932,0,0,0,0,0,0,0.0349,0.1149,0,0,0,0,0,0,0,0,0,0,0,0,0,0,0,0,0.3308,0,0,0,0,0,0,0,0,0,0,0,0,0,5.0227,0,0,0,0,0
Au,DDT,59.3,-9.696666667,HS,100,1888.699399,1500,45,4,metal,sphere,PBS,7.4,114.53,0.138111111,buffer,1,37,1,Cationic,2.3123,1.6433,3.3794,1.3692,0,10.6797,12.8184,0.5665,0.4425,0.7081,8.8091,0,3.707,0.6903,0.9426,0,0.5821,0.4547,0.3554,0.7714,3.1173,0,0.2183,0.3339,0,0,0,0.0962,0.42,0,0,0.4273,0.2219,1.4381,2.4979,0,0,0.24,0.0953,0,0,0,4.6759,2.9049,3.6315,0,3.3043,0,0,0,1.502,0,0.7183,0.3755,0.1377,0,0,0,0,0.5084,0,0.0619,0,0.6572,0,0,0,0.1921,0,0,0,0.1863,0,0,10.7508,0,0,0,0,0,0,0,0,0,0,0,0.4589,0,0,0,0,0,0,0,0,0,0,0,0,0,0,0.6119,0,0,0,0.0978,0,0.9436,0,0,0,0,0,0,0,0,0,0,0,0,0,2.1808,0,0,0,0,0,0,0,0,0,0,0,0,0,0,0,0,0,0,0,0,0,0.0306,0,0,0,0,0.8546,0,0,0,0,0,0,0,0,0,0,0,0,0,0,0,0,0,0,0,0,0,0,0,2.1931,0,0,1.7545,0,0
Au,SPP,59.3,-9.683333333,HS,100,1888.699399,1500,45,4,metal,sphere,PBS,7.4,105.01,0.073333333,buffer,1,37,1,Anionic,0.942,2.0712,2.7463,5.2882,0,7.2149,7.2919,0.1696,4.3724,2.4168,0.3813,11.068,1.7265,0,0.5462,0,4.5565,0.8169,0.069,0,2.24,1.039,0,0.0461,0.2812,0.6406,0,3.5875,0,6.8556,0,0,0.1329,1.361,1.0628,0.5812,0,0.4312,0,0,0,0,0,0,0,0,0,0,0,0.2583,0.7709,0,0,0,0.0883,0,0,0,0,0,0,0,0,0.8363,0,0,1.4964,0,0.4678,0,0,0,0,0,0,0.5258,0,0.427,0,0.0834,2.1345,0,0,0,0,0.8845,0,0.3298,0,0,0,2.2437,0,0.0859,0,0,0,0,0,0,0,0,0,0,0,0,8.5101,0,0.184,0,0,0,0,0.5936,0,0,0,0,0,0,0,0,0,1.7025,0,0,0,0,0,0,0,0,0,0,0,0.1889,0,0.2406,0,0.7676,0,0,0,0,0,0.1649,0,0,1.1514,0,0,0,0,0.033,0,0,0,0.854,0.6745,0,0,0,0,0,0,0,0,0,0,0,0,0,0,0,0,0,0,0
Au,amino acid,59.3,-9.628333333,HS,100,1888.699399,1500,45,4,metal,sphere,PBS,7.4,100.73,0.1,buffer,1,37,1,Anionic,0.832,1.5662,2.0713,9.7731,0,5.8211,4.2498,0.2762,2.5892,5.3855,0.3726,8.3372,1.3656,0.4847,0.1957,0,7.2011,0.266,0,0,1.8238,0.6768,0,0.0902,0,0.4172,0,0.9291,0,11.4672,0,0,0.1731,0.601,1.0769,0.1514,0,0,0,0,0,0,0,0.2124,0,0,0,0,0,0,0.6277,0,0,0.2197,0.069,0,0,0.3108,0.1607,0,0,0,0,0.5768,0,0,0.9341,0,0.3555,0,0,0,3.1563,0,0,0.2283,0,0.2086,0,0.1629,2.1848,0,0.1711,0,0,0.4417,1.3425,0.2148,0,0,0,1.7692,0,0,0,0,0,0,0,0,0,0,0,0,0,0,7.8185,0.0872,0.3595,0,0,0,0,0,0,0,0,0,0,0.0901,0,0,0,0.998,0,0,0,0,0,0,0,0,0,0,0,0.1641,0,0,0,0.3333,0,0,0,0,0,0,0,0,2.4999,0,0,0,0,0.0107,0,0,0,0.5933,0.2197,0,0,0,0,0,0,0,0,0,0,0,0,0,1.2831,0,0,0,0,0
Au,PEG,59.3,-9.618166667,HS,100,1888.699399,1500,45,4,metal,sphere,PBS,7.4,88.32,0.050333333,buffer,1,37,1,Neutral,1.1625,2.6169,5.4393,2.314,0,0.6495,4.5608,1.0077,3.9364,0.1889,0,14.6345,1.0991,0.2456,0.027,0,0.074,10.9207,0.0769,0.0572,0.2773,0.1029,1.2624,0.0457,0.4641,0.2537,0.5609,2.5682,0.3736,0,0,0,0,2.4442,1.1694,1.4964,0,0,0,0,0,0,0,0,0,0,0,0,0,0,0.7634,0,0,0.334,0,0,0,8.0331,0,0.113,2.7311,0.2752,0,0.0487,0,0,0,0,0,0,0,0,4.1988,0,0,0.5207,0,0,0,0.0826,3.3216,0,0,0.2436,0,0.1168,0.4082,8.1643,0,0,0,1.1694,0,0,0,0,0,0,0,0,0,0,0,0,0,0,0,0,0,0,0,0,0,0,0,0,0,0,0,0,1.2687,0,0,0,0.2491,0,0,0,0,0,0,0,0,0,0,0,0,0,0,0.2534,0,0,0,0,0,0,0,0,0.7601,0,0,0,0,0,0,0,0,0,0,0,0,0,0,0,0,0,0,0,0,0,0,0,2.7311,0,1.1161,1.1705,0,0
Au,DDT,59.3,-9.611666667,HS,100,1007.212946,4500,45,4,metal,sphere,PBS,7.4,53.24,0.260666667,buffer,1,37,1,Cationic,1.6768,2.0702,6.2156,3.5256,0,3.2906,10.6356,2.8362,5.3178,2.431,5.8302,0,4.0068,1.422,0.3915,0,0.9279,1.5612,1.7891,0.938,3.2107,0.1986,1.9678,0.0441,0,0,0.1083,0.0826,0.7211,4.2866,0.2659,0.7335,0,0.3527,2.2569,1.444,0,0.618,0.0818,0,0.1605,0,0.4816,0.2337,0,0.5561,0,0.2693,0,0.1646,0.9208,0,0,0.9669,0,0.9412,0,0,0,0.9817,1.8824,0.1062,0,0,0.1664,0,0,0,0,0,1.7146,0.1599,5.2093,0,0,0,0,0,0,0,2.6225,0,0,0,0.3555,0.0282,0,0.3151,0.2037,0,0,0,0,0,0,0,0,2.6106,0,0,0,0,0,0,0,0.4195,0,0,0,0,0,0,0,0,0,0,0,0,0,0,0,0,0,0,1.6825,0.838,0,0,0,0,0,0,0,0,0,0,0,0,0,0,0.0255,0,0,0.1046,0,0,0,0,0,0,0,0,0,0,0,0,0,0,0,0,0,0,0,0,0,0,0,0,0,0,0,0,2.6354,0,0,0,0,0
Au,MPA,59.3,-9.600833333,HS,100,1888.699399,1500,45,4,metal,sphere,PBS,7.4,100.75,0.087111111,buffer,1,37,1,Anionic,2.0142,0.6529,1.1434,9.2743,0,2.8536,6.2742,0.2236,2.0962,12.8456,1.3071,2.9021,1.4958,0.1308,0.072,0,3.9392,0,0.0728,0,0.5906,0.0274,0.1034,0.146,0,0,0,0.2051,0.5969,3.1244,0,0.2024,5.957,0.5109,1.1209,0,0,0.3411,0.0226,0,0,0,0,0.086,0,0,0.3612,1.4859,0,0,0.6098,0,0.0425,0.1779,0,0,0,0,0,0.0602,0,0,3.5951,0,0,0,0.0329,0,0,0,0,0,0,0,0,2.4032,0,0.1689,0.1849,0,0,0,0.277,0.2594,0,0.0155,0.6522,0,0,0,0,0,0,4.9856,0,9.4425,2.6136,0,0,0,0,0.3865,0,0,0,0.2778,1.1387,0,0,0,0,0,0,0,0.3856,0,0,0,0,0,0,0.3756,0.0414,0,0,0,0,0,0,0,1.9959,0,0,0,0,0,0,0,0,0,0,0,0,0,0,0,0,0,1.4168,0,0,0,0,0.0348,0,0,0,0,0.1779,0,0,0,0,0,0,0,0,0,0,0,0,0,1.8699,1.365,0,0,0,0
Au,MUA,59.3,-9.411666667,HS,100,1007.212946,4500,45,4,metal,sphere,PBS,7.4,66.32,0.161222222,buffer,1,37,1,Anionic,2.9036,0.8354,0.8115,1.0932,0,2.3782,8.2597,0.2777,1.3018,2.1721,0.8028,1.2439,2.0194,0.2321,0.2939,0.1947,6.0459,0,0.218,0,1.048,0,0,0.1079,0,0.0899,0,0.1618,0.353,4.1182,0,0.3449,10.0724,0.8742,1.7127,0,0,0.4539,0,0.23,0,0,0,0.3052,0,0,0.0534,0,0,0,0.9017,0.0646,1.2829,0.3156,0.0083,0,0,0,0,0.267,0,0,4.5485,0.0921,0,0,0.3501,0,0.073,0,0,0,0,0,0,7.6263,0.0886,0.0999,0.492,0,0,0,2.642,0.2302,0.1741,0.0138,1.35,0,0,0,0,0.8287,0.1653,5.3077,0,8.7199,0.6796,0,0,0,0,0.4286,0.1141,0,0,0.6162,0.5943,0,0,0,0,0,0,0,0.6842,0,0,0,0,0.3234,0,0,0.0184,0,0,0,0,0,0,0,1.4445,0,0,0,0,0,0,0,0,0,0,0,0,0,0,0.0771,0,0,1.4365,0,0,0,0,0.0231,0,0,0,0.2664,0.1578,0,0,0,0,0,0,0,0,0,0,0,0,0,2.5805,0.1615,0,0,0,0
Au,ODA,59.3,-9.311666667,HS,100,1888.699399,1500,45,4,metal,sphere,PBS,7.4,95.18,0.099916667,buffer,1,37,1,Cationic,0.7346,1.0294,13.5523,4.0542,0,4.1419,4.9293,3.2674,6.4667,2.9407,0.9795,0.6089,0.8448,0.1593,0.152,0,0.3518,4.0218,0.3398,0.2225,2.5173,0.0667,2.8548,0.0494,0,0.0411,0,0.4811,0.1615,7.1746,1.0721,0.1643,0,0.3555,0.7583,1.4432,0,0.1384,0,0,0,0,0.036,0.1047,0.0189,0.4983,0,0.0905,0,0,0.6601,0,0,0.1444,0.1059,0,0,2.86,0.2112,0.1955,3.5421,0.0952,0,0.4423,0,0,0,0,0.2337,0,1.0562,0,5.9643,0,0,0.3752,0,0.0457,0,0.3212,2.6109,0,0,0.1053,0,0.6185,0,6.3533,0,0,0,0,0,0,0,0,0,0.9097,0,0,0,0,0,0,0,0,0,0,0,0,0,0,0,0,0,0,0,0,0.6264,0,0,0,0,0,0.9691,0,0,0,0,0,0,0,0,0,0,0.1078,0,0,0,0,0,0.0502,0,0,0,0,0,0,0.4929,0,0,0,0,0,0,0,0,0,0,0,0.4164,0,0,0,0,0,0,0,0,0,0,0,1.012,0,0,0.6747,0,0
Au,CTAB,59.3,-9.25875,HS,100,474.087541,15000,45,4,metal,sphere,PBS,7.4,59.7,0.371,buffer,1,37,1,Cationic,1.3068,2.4019,7.5698,2.0837,0,3.2519,8.2761,0.9796,4.4389,2.596,3.8912,3.4287,2.8493,0.4298,0.326,0,0.9492,4.4038,0.4386,0.8449,2.372,0.8602,2.6432,0.0799,0.2346,0.7277,2.1811,1.1817,0.2906,6.1925,0.2143,0.2956,0.1023,1.8831,2.6829,2.5514,0,0.4981,0.1319,0.1704,1.0998,0.3409,0.6954,0.5652,0.5262,0.2241,0.3077,0.2984,0,0.8953,1.8553,0,0.1242,0.1299,0.068,0.4551,0.013,2.0212,0,0.2198,0.9103,0.3424,0,0.5683,0.1118,0,0.4562,0.1329,0.2702,0,0.2159,0.1289,0.5831,0.1579,0.1367,0,0.073,0.0822,0.18,0.4816,0.9394,0,0.1011,0,0.191,0.8515,0,0.254,0,0.0782,0.0163,0.2728,0,0,0,0.0627,0,0.1558,0,0,0,0,0.0939,0,0.0183,0.0338,0,0.0859,0,0,0,0,0,0,0,0,0,0,0,0,0.37,0,0,0,0.1937,0,0,0,0.2179,0,0,0,0.1441,0,0,0.0727,0,0.0927,0,0.197,0.0068,0,0,0.0703,0,0,0,0,0,0,0,0.0744,0,0,0,0,0,0,0,0,0,0.1929,0,0,0,0,0,0,0,0,0,0,2.2757,0,0,0,0,0
Au,AC,14.9,-9.111666667,HS,100,474.087541,15000,45,4,metal,sphere,PBS,7.4,57.53,0.270222222,buffer,1,37,1,Anionic,1.9486,2.1816,0.8221,13.135,0,3.4198,5.5786,1.3398,1.5073,4.9036,0.7832,1.5631,2.2602,0.5486,0.397,0,4.107,0,0.8561,0,0.7078,0.4268,0,0.0437,0,0.8704,0,0.1366,0.7153,11.8212,0,0.6891,2.6456,0.7872,1.1941,0,0,0.6812,0.0271,0.0311,0,0,0.4778,0.1031,0.195,0,0,0.4897,0,0,0.8526,1.6576,0.4078,0.2131,0.0893,0,0.4707,0,0.2338,0.2886,0,0.8079,0.2248,0.6529,0.7336,0,0,1.7448,0.7391,1.686,0,0,0,0,0,6.8677,0,0.4048,0,0,0,0,0.3735,0,0.0784,0.8571,0,0,0,0,0,0.2985,0,0,0,0,0,0.1918,0.1321,0.2562,0,0.5789,0.1542,0,0,0,1.0837,0,0.2907,0,0,0,0.2194,0,0.154,0,0,0,0,1.1359,0,0,0.1239,0.0538,0,0,0.0339,0,0,0,0,0,0,0,0,0,0,0,0,0,0,0.1111,0,0,0,0,0,0,0.7276,0,0,0,0,0.1563,0,0,0,0.7556,0,0,0,0,0,0,0,0.2916,0,0,0,0,0,0,3.4858,0,0,0,0,0
Au,PEG,59.3,-8.9875,HS,100,474.087541,15000,45,4,metal,sphere,PBS,7.4,39.99,0.146333333,buffer,1,37,1,Neutral,2.4372,2.8914,3.5109,2.6553,0,1.5489,19.6801,0.4577,0,1.0299,1.801,3.0038,4.9925,1.3387,0.0737,0,0,2.2046,0.9547,0.7792,0,0,0,0,0,0,7.6433,1.7498,0,18.0457,0,0,0,1.2451,3.1871,0,0,0,0,0,0,0,0,0,0,0,0,0,0,0,1.5604,0,0,0.9102,0,0.5316,0,0,0,0,0,0.6,0,0,0,0,0,0,0,0,0,0,0,0,0,0,0,0,0.3154,0,5.7607,0,0,0,0,0,0,0,0,0,0,0,0,0,0,0,0,0,0,0,0,0,0.3292,0,0,0,0,0,0,0,0,0,0,0,0,0,0,0,0,0,0,0,0,0,0,0,0,0,0,0,0,0,0,0,0,0,0,0,0,0,0,0,0,0,0,0,0,0,0,0,0,0,0,0,0,0,0,0,0,0,0,0,0,0,0,0,0,0,0,0,0,0,8.5063,0,0,0,0,0
Au,CIT,59.3,-8.966666667,HS,100,1888.699399,1500,45,4,metal,sphere,PBS,7.4,109.94,0.080888889,buffer,1,37,1,Anionic,0.6148,2.9713,3.0833,1.9535,0,1.6745,7.3157,0.3849,1.6236,1.9051,0.6057,6.4264,3.9739,1.5196,0.2603,0,2.5765,1.8537,0.0117,1.2055,0.6354,1.8861,0.8901,0.0105,0.4892,1.3373,0.5141,3.276,0.5137,3.534,0.6314,0.4949,0.965,1.1621,1.715,2.4267,0,0.8317,0.136,0.6023,0.305,0.4726,0.2669,0.259,0.14,0,0.1036,0.2238,0,0.938,1.2246,0,0.5124,0.3061,0,0,0,1.2994,0.1119,0.1554,0.894,0.0757,0.0807,0.8261,0.0527,0,1.5564,0.1566,0.3185,0.227,0,0,1.0996,0,0,0.1591,0,0.0969,0,0,1.6607,0,0.298,0,0.2814,0.7359,0.5613,1.796,0,0.2764,0.1539,1.3935,0,0,0,0,0,0,0,0,0,0,0.0554,0,0.1945,0,3.5453,0,0.2922,0,0,0,0.0788,1.796,0.0737,0,0,0,0,0,0.8722,0,0,0.5022,0,0,0,0.1746,0,0,0,0,0.1698,0,0,0.1143,0,0,0,0.4645,0,0,0,0.1491,0.0727,0.6735,0,0,0.8709,0,0,0,0,0,0,0.3824,0,0.1034,0.1531,0,0,0.0325,0,0,0,0,0,0,0,0,0,0,3.3973,0,0,0,0,0
Au,LA,59.3,-8.9525,HS,100,474.087541,15000,45,4,metal,sphere,PBS,7.4,48.09,0.201166667,buffer,1,37,1,Anionic,0.6516,2.0614,0.6519,14.8636,0,11.7578,2.7692,0.5354,1.4341,9.1781,0.7738,1.45,0.4449,0,0.1232,0,8.0847,0,0.0389,0,1.7678,0,0,0.0624,0,0,0,0.4288,0,30.7644,0,0,0,0.3745,0.7456,0,0,0,0,0,0,0,0,0.3677,0,0,0,0,0,0,0.1738,0,0,0,0.6214,0,0,0,0,0,0,0,0,0.3993,0,0,0,0,1.3361,0,0,0,0,0,0,0,0,0.2889,0,0,3.8504,0,0,0,0,0.1596,0.7436,0,0,0,0,0.3195,0,0,0,0,0,0,0,0,0,0,0,0,0,0,0,0,0.2489,0,0,0,0,0,0,0,0,0,0,0.3118,0,0,0,0,0,0,0,0,0,0,0,0,0,0,0,0.0568,0,0,0,0,0,0,0,0,0,0,0,0,1.7308,0,0,0,0,0,0,0,0,0,0,0,0,0,0,0,0,0,0,0,0,0,0,0,0,0,0,0,0,0
Au,MHA,59.3,-8.918333333,HS,100,474.087541,15000,45,4,metal,sphere,PBS,7.4,58.99,0.244333333,buffer,1,37,1,Anionic,2.5072,0.7733,0,7.9894,0,2.618,5.7049,0.2801,0.4377,9.5239,0.8922,0.851,0.6789,0,0,0,3.2899,0,0.0427,0,0.1542,0,0,0.0635,0,0,0,0.119,1.0386,5.6848,0,0.6003,10.499,1.0287,0.8452,0,0,0.0593,0,0,0,0,0,0,0,0,0,0,0,0,1.1671,0,0,0.3714,0,0,0,0,0,0,0,0,5.385,0.0271,0,0,0,0,0,0,0,0,0,0,0,12.641,0,0,0.0643,0,0,0,0,0,0,0,0.2269,0,0,0,0,0,0,3.5487,0,8.2895,1.5525,0,0,0,0,0.5043,0,0,0,0.2901,0,0,0,0,0,0,0,0,0.5814,0,0,0,0,0,0,0,0,0,0,0,0,0,0,0,2.3029,0,0,0,0,0,0,0,0,0,0,0,0,0,0,0,0,0,2.3242,0,0,0,0,0,0,0,0,0,0,0,0,0,0,0,0,0,0,0,0,0,0,0,2.8197,0.3325,0,0,0,0
Au,MHDA,59.3,-8.81,HS,100,1007.212946,4500,45,4,metal,sphere,PBS,7.4,67.37,0.120777778,buffer,1,37,1,Anionic,2.8909,0.8328,0.9565,1.5696,0,2.4028,8.5264,0.2806,0.7516,2.4952,1.2617,1.2276,2.6815,0.7034,0.439,0.1967,5.4022,0,0.0693,0.1911,1.1912,0.0246,0,0.1199,0,0.0606,0,0.1634,0.3567,2.5205,0,0.5298,10.6476,1.1449,2.2328,0.989,0,0.5605,0,0.0929,0,0,0.0199,0,0.0208,0,0,0,0,0.0814,0.7288,0,0.4575,0.3188,0,0.3725,0,1.3533,0,0.4856,0,0,4.9317,0.093,0,0,0.1179,0,0.1474,0,0,0.0396,0,0,0,6.4623,0.0895,0.1514,0.5523,0,0.1441,0,1.4278,0.3488,0.1759,0.0139,1.1691,0,0,0,0,0.3907,0.167,5.4032,0,7.3481,0.6867,0,0,0,0,0.3464,0.173,0,0,0.4151,0.6604,0,0,0,0,0,0,0,0.6144,0,0,0,0,0.1961,0,0,0.0185,0,0,0,0,0,0,0,1.6477,0,0,0,0,0,0,0,0,0,0,0,0,0,0,0,0,0,1.9955,0,0,0,0,0,0,0,0,0.0538,0,0,0,0,0,0,0,0,0,0,0,0,0,0,2.9797,0.1631,0,0,0,0
Au,AHT,14.9,-8.788333333,HS,100,474.087541,15000,45,4,metal,sphere,PBS,7.4,90.06,0.215222222,buffer,1,37,1,Cationic,2.7558,0.6356,1.4217,0.288,0,2.1888,7.5495,0.556,1.4894,20.6724,1.9646,0,2.3681,0.1742,0.1535,0,0.1749,0.1913,0.2263,0.3245,1.4425,0.0243,0.1378,0.2161,0,0,0,0.2632,0.5301,4.9155,0,0.3595,10.4256,1.5665,1.6592,0,0,0.1515,0,0,0.0787,0,0.2754,0.3437,0,0,0.695,0,0,0,0.6319,0.0647,0.0378,0.3159,0.0579,0.2307,0,0,0,0.2673,0,0.026,4.9976,0,0,0,0,0,0,0,0,0.0784,0,0,0,0.5746,0,0,0.4378,0,0,0,0,0.3456,0.0581,0,0,0,0,0,0,0,0,5.3939,0,8.2718,2.5614,0,0,0,0,0.6865,0,0,0,0.3701,0,0,0,0,0,0,0,0,0.799,0,0,0,0,0,0,0,0,0,0,0,0,0,0,0,1.6793,0,0,0.0369,0,0,0,0,0,0,0,0,0,0,0,0,0,0,0.1798,0,0,0,0,0,0,0,0,0,0,0,0,0,0,0,0,0,0,0,0,0,0,0,2.5833,1.0506,0,0,0,0
Au,MBA,59.3,-8.738333333,HS,100,474.087541,15000,45,4,metal,sphere,PBS,7.4,67.7,0.272888889,buffer,1,37,1,Anionic,1.6175,0.6433,0.7594,10.8001,0,4.3693,6.6255,0.2546,2.3868,10.3111,0.9302,3.5272,0.6479,0,0.041,0,1.1774,0,0.1036,0,0.8406,0,0,0.1385,0,0,0,0.1947,0.2832,11.4985,0,0,6.4337,0.7791,0.8864,0,0,0.1618,0,0,0,0,0,0.3672,0,0,0.257,0.1057,0,0,0.7233,0,0,0.2531,0,0,0,0,0.0926,0,0,0,3.7376,0.2585,0,0,0,0,0.5852,0,0,0,0,0,0,3.1574,0,0.1603,0,0,0,0,0.1479,0,0,0.0885,1.2376,0,0,0,0,0,0,3.0319,0,8.0637,2.1165,0,0,0,0,0.8251,0,0,0,0.1318,0.429,0,0,0,0,0,0,0,0.3049,0,0,0,0,0,0,0,0.0147,0,0,0,0,0,0,0,1.2708,0,0,0,0,0,0,0,0,0,0,0,0,0,0,0,0,0,1.1523,0,0,0,0,0.0495,0,0,0,0,0,0,0,0,0,0,0,0,0,0,0,0,0,0,0.5914,0.6476,0,0,0,0
Au,amino acid,59.3,-8.731666667,HS,100,474.087541,15000,45,4,metal,sphere,PBS,7.4,57.25,0.265888889,buffer,1,37,1,Anionic,1.1778,1.8837,0.9897,12.9118,0,6.7366,3.5038,0.6451,2.7217,7.1611,0.5802,1.0349,0.5629,0,0.3325,0,1.3639,0,0.3807,0,1.0651,0.4743,0,0.0351,0,0.1706,0,0.1973,0,28.0748,0,0,0,0.702,0.8086,0,0,0.082,0,0,0,0,0.1278,0.4963,0,0,0,0.1608,0,0,0.7331,0.5776,0,0.2566,0,0,0,0.363,0.1876,0,0,0,0,0.5988,0,0,0,0,1.0084,0,0,0,0,0,0,8.2675,0,0.2437,0.0889,0.0634,0.464,0,0.2498,0,0,0.3365,1.2544,0,0,0,0,0.539,0,0,0,0,0,0,0,0,0,0.2788,0,0,0,0,0.1933,0,0.14,0,0,0,0,0,0,0,0,0,0,0.5785,0,0,0,0,0,0,0,0,0,0,0,0,0,0,0,0.0958,0,0,0,0,0,0.0891,0,0,0,0,0,0,2.0439,0,0,0,0,0.0376,0,0,0,0.7363,0.2566,0,0,0,0,0,0,0.0585,0,0,0,0,0,0,0.8992,0,0,0,0,0
Au,PEG,59.3,-8.713333333,HS,100,1007.212946,4500,45,4,metal,sphere,PBS,7.4,65.58,0.046444444,buffer,1,37,1,Neutral,6.4599,4.3223,4.9723,2.3503,0,0.7834,16.1361,0.6482,0,0.1215,4.919,1.0635,4.7136,1.659,0.2088,0,2.2841,0.7806,0.2473,0.7725,5.8861,0,0,0.0441,0,0,0.6495,0.826,1.4421,0.4853,0,0.7335,0.127,0.3968,3.8366,0.4443,0,0.618,0,0,0,0,0,0,0,0,5.8902,0,0,0.3291,2.5782,0,0,1.2891,0,0.5647,0,0,0.2357,0.6545,0.7529,0.3187,0,0,0,0,0,0,0,0,0,0,0,0,0,0,0,0,0.6699,0,1.1655,0,0,1.4102,0,0,0,0,0,0,0,0,0.6752,0,0,0,0,0.1934,0,0,0,0,0.2331,0,0,0,0,0,0,0,0,0,0,0,0,0,0,0,0,0,0,0,0,0,0,0,0,0,0,0,0,0,0,0,0,0,0,0,0,0,0,0,0,0,0,0,0,0,0,0,0,0,0,0,0,0,0,0,1.2891,0,0,0,0,0,0,0,0,0,0,0,0,0,9.0352,0,0,1.5059,0,0
Au,MBA,59.3,-8.661666667,HS,100,1888.699399,1500,45,4,metal,sphere,PBS,7.4,102.9,0.082833333,buffer,1,37,1,Anionic,1.9011,0.6688,1.1602,4.2305,0,3.8074,6.601,0.1945,2.051,12.1786,1.8583,2.2333,1.2727,0.2133,0.0626,0,2.5267,0,0.0791,0,0.8026,0,0.0562,0.1455,0,0,0,0.223,0.4326,5.1436,0,0.22,6.4381,0.529,1.0832,0,0,0.4326,0,0.0564,0,0,0,0,0,0,0.4581,0.6462,0,0,0.5525,0,0.2774,0.1934,0,0,0,2.4621,0.0707,0,0.2259,0,4.2143,0.141,0,0,0,0,0.0894,0,0,0,0,0,0,2.3112,0,0.0612,0.201,0,0,0,1.2047,0.141,0,0.1014,0.709,0,0,0,0,0,0,5.5187,0,9.0057,2.6455,0,0,0,0,0.4201,0,0,0,0.4027,0.1456,0,0.1582,0,0,0,0,0,0.4192,0,0,0,0,0,0,0.2042,0,0,0,0,0,0,0,0,2.1127,0,0,0,0,0,0,0.138,0,0,0,0,0,0,0,0,0,0,1.3202,0,0,0,0,0.0473,0,0,0,0,0.1934,0,0,0,0,0,0,0,0,0,0,0,0,0,1.3553,1.4345,0,0,0,0
Au,MHDA,59.3,-8.646666667,HS,100,474.087541,15000,45,4,metal,sphere,PBS,7.4,43.62,0.154555556,buffer,1,37,1,Anionic,2.5819,0.6944,0.8198,6.1779,0,3.9193,7.152,0.2748,0.6441,6.905,0.3862,1.1022,0.8993,0,0,0,4.1155,0,0.021,0,0.4537,0,0,0.2056,0,0,0,0,0.3057,11.315,0,0.2863,9.8522,1.3083,1.0525,0.0942,0,0.262,0,0,0,0,0,0.3303,0,0,0,0.0571,0,0,1.0931,0,0,0.2733,0,0,0,3.0929,0,0,0,0,6.0038,0.1594,0,0,0,0,0.5054,0,0,0,0,0,0,4.9704,0,0.0865,0.1893,0,1.7294,0,0,0.3986,0,0.0717,0.668,0,0,0,0,0,0,2.7158,0,7.0559,0.5539,0,0,0,0,0,0.0988,0,0,0.1423,0,0,0,0,0,0,0.1406,0,0.5924,0,0,0,0,0,0,0,0,0,0,0,0,0,0,0,1.2911,0,0,0,0,0,0,0,0,0,0,0,0,0,0,0,0,0,1.8657,0,0,0,0,0,0,0,0,0.6458,0,0,0,0,0,0,0,0,0,0,0,0,0,0,1.5961,0,0,0,0,0
Au,NT,59.3,-8.595,HS,100,474.087541,15000,45,4,metal,sphere,PBS,7.4,41.94,0.131888889,buffer,1,37,1,Anionic,0.4271,1.5763,5.2123,19.5566,0,7.8033,2.7225,0.5013,4.6996,10.5271,0.5072,0.2924,0.5832,0.1466,0.0807,0,4.4599,0.2414,0.0714,0,1.3242,0.1535,0.1159,0.0545,0,0.1136,0,0.2555,0.223,20.9142,0,0,0,0.1773,0.4887,0,0,0,0.0253,0,0,0,0.0248,0.2892,0,0,0,0,0,0,0.4557,0,0,0.1994,0.0627,0,0,0.5642,0.2187,0,0,0,0,0.378,0,0,0,0,1.1062,0,0.1989,0,4.8339,0,0,0.7253,0,0.0631,0,0,3.4249,0,0,0,0,0.3312,0,1.3646,0,0,0,0.2792,0,0,0,0,0,0,0,0,0,0,0,0,0,0,0,0,0.2175,0,0,0,0,0,0,0,0,0,0,0.0817,0,0,0,0,0,0,0,0,0,0,0,0,0,0,0,0.1489,0,0,0,0,0,0,0,0,0,0,0,0,0.6806,0,0,0,0,0,0,0,0,0,0,0,0,0,0,0,0,0,0,0,0,0,0,0,0.4658,0,0,0,0,0
Au,CIT,59.3,-8.501666667,HS,100,474.087541,15000,45,4,metal,sphere,PBS,7.4,54.03,0.217148148,buffer,1,37,1,Anionic,1.1416,3.3394,2.8715,1.6288,0,3.3563,12.2453,0.7147,1.1965,1.7229,0.6887,5.0996,4.3802,0.8959,0.3288,0,1.5739,2.7047,0.0727,1.8076,0.3371,1.4073,0.6494,0,0.0564,1.5232,1.0229,3.0704,1.817,7.9486,0,0.6564,0.76,0.9859,2.5592,4.1986,0,0.8436,0.2062,0.1776,0.4045,0.5015,0.2528,0.5399,0.1327,0,0,0,0,1.1405,2.9005,0,0.7283,0.8122,0,0,0,1.4363,0,0,0.2372,0,0,1.5399,0.0349,0,1.0135,0.3116,0.1877,0.1004,0,0,0,0,0,0.211,0,0.0643,0,0.2008,1.1014,0,0.1581,0,0.0747,0.4082,0,0.1985,0,0.2037,0.0766,0.5687,0.4254,0,0,0,0,0,0,0,0,0,0,0.2252,0,0,1.3381,0,0,0,0,0,0,1.3103,0,0,0,0,0,0,0.3856,0,0,0,0,0,0,0,0,0,0,0,0.2252,0,0.2233,0.0379,0,0,0,0.231,0,0,0,0,0,0.3971,0,0,0,0,0,0,0,0,0,0,0,0,0,0,0,0,0,0,0,0,0,0,0,0,0,0,5.2179,0,0,0,0,0
Au,T20,59.3,-8.451666667,HS,100,474.087541,15000,45,4,metal,sphere,PBS,7.4,51.52,0.209083333,buffer,1,37,1,Anionic,0.9242,1.8962,4.3092,3.3381,0,1.6781,5.6354,5.1316,2.653,1.7263,1.1453,2.5587,1.2621,0.4414,0.3889,0,0.698,5.6339,0.4415,0.5139,0.7475,0.0462,0.8727,0.0103,0.0834,1.3966,0.4537,5.7697,0.5036,4.5946,1.2381,0.1708,0.1183,1.0572,2.9425,0.5172,0,0.4796,0,0.0875,0.1121,0.139,0.2243,0.3265,0.0588,0.6474,0.0508,0,0,0,0.7718,0,0.5383,0.3001,0.1808,0.263,0,4.0341,0.1097,0.7111,1.0518,0.643,0,0.7223,0.3874,0,0.8878,0.2303,0,0,2.5448,0.0372,4.0427,0,0.158,0.156,0.0843,0.0475,0,0.8903,2.5779,0,0,0,0.1104,0.7347,0,3.2282,0,0.1204,0,0,0,0,0,0,0,0.4052,0.558,0,0,0,0.1085,0,0,0,0.1978,0,0,0,0,0,0,0,0,0,0,0,2.5111,0,0,0,0,0.0758,0.5596,0,0,0,0,0,0,0,0.1665,0,0,0,0,0,0,0.2846,0,0,0,0,0,0,0,0,0,0,0,0,0,0,0,0,0,0,0,0,0.3366,0,0.1412,0,0,0,0,0,0,0,0,0,3.1555,0,0,0.5259,0,0
Au,MUTA,59.3,-8.354444444,HS,100,1888.699399,1500,45,4,metal,sphere,PBS,7.4,106.63,0.196666667,buffer,1,37,1,Cationic,2.773,0.8527,1.856,0.3324,0,3.1582,10.8932,0.6877,1.8804,1.0315,9.0194,0,3.5003,0.5866,2.5102,0,0.2019,0.552,0.1516,1.0926,1.8922,0,0.0663,0.2182,0,0.0866,0,0.3505,0.5099,1.0868,0,0.7575,0.3592,0.8574,2.7133,0,0,0.5099,0.2025,0,0.0568,0,6.3862,2.0939,5.1534,0,5.1686,0,0,0.0582,0.9117,0,1.0901,0.2279,0,0.6656,0,0,0,0.7714,0,0.1127,0.0401,0.4654,0.0785,0,0,0,0,0,0,0.3959,0,0,11.9481,0,0,0,0.4738,0,0,0,0,0.3324,0.2514,0,0.2786,0,0,0,0,0,0,0,0,0.495,0.0577,0,0,0,0,0.6191,0.0824,0,0,0.1187,0,2.9845,0,0,0,0,0,0,0,0,0,0,0,0,0,0,0,0,0,0,0,0,0,0,0,0,0,0,0,0,0,0,0,0,0,0,0,0.0247,0,0,0,0,0,0,0,0,0,0,0,0,0,0,0,0,0,0,0,0,0,0,0,0,0,0,0,0,3.9937,0,0,0,0,0
Au,MUA,59.3,-8.349722222,HS,100,474.087541,15000,45,4,metal,sphere,PBS,7.4,45.52,0.165518519,buffer,1,37,1,Anionic,2.8174,0.787,1.006,8.8801,0,5.8487,6.3437,0.2213,2.0748,6.9714,0.4147,1.7751,0.751,0,0.0475,0,5.0037,0,0.0225,0,0.2436,0,0,0.1405,0,0,0,0,0.3282,14.5054,0,0,6.0696,1.0034,0.8219,0.809,0,0.0938,0,0,0,0,0,0.4965,0,0,0,0.0613,0,0,1.3413,0,0,0.2934,0,0,0,0,0.2146,0,0,0,4.2289,0.2996,0,0,0,0,0.8818,0,0,0,0,0,0,3.0496,0,0,0.2033,0,0.7958,0,0.3427,0,0,0.3078,1.0758,0,0,0,0,0.3082,0,2.2431,0,7.0096,0,0,0,0,0,0.7969,0.1061,0,0,0.0764,0,0,0,0,0,0,0.0755,0,0.2827,0,0,0,0,0.2406,0,0,0,0,0,0,0,0,0,0,0.4332,0,0,0,0,0,0,0,0,0,0,0,0,0,0,0,0,0,1.6694,0,0,0,0,0,0,0,0,0.2476,0,0,0,0,0,0,0,0,0,0,0,0,0,0,1.0282,0,0,0.3427,0,0
Au,amino acid,14.9,-8.291666667,HS,100,474.087541,15000,45,4,metal,sphere,PBS,7.4,37.75,0.206666667,buffer,1,37,1,Anionic,1.5121,2.1174,1.0813,13.1872,0,6.1336,4.7852,0.4934,2.6433,7.084,0.317,1.1307,0.6151,0.1031,0.1362,0,3.1666,0,0.2367,0,1.1637,0.2591,0,0.0575,0,0.2396,0,0.1796,0,25.6086,0,0,0.1105,0.3835,0.7853,0,0,0.0896,0,0,0,0,0,0.4744,0,0,0,0.0586,0,0,1.1214,0.3442,0,0.2803,0,0,0,0,0.205,0,0,0,0,0.6134,0,0,0,0,0.7777,0,0,0,0,0,0,9.9071,0,0.1775,0,0.0693,0,0,0,0,0,0.2696,1.3706,0,0,0,0,1.2761,0,0,0,0,0,0,0,0,0,0.4569,0,0,0,0,0,0,0.2294,0,0,0,0,0,0,0,0,0,0,0.3448,0,0,0,0.1415,0,0,0,0,0,0,0,0,0,0,0,0.1047,0,0,0,0,0,0,0,0,0,0,0,0,1.5951,0.0467,0,0,0,0,0,0,0,0.7572,0,0,0,0,0,0,0,0,0,0,0,0,0,0,1.9649,0,0,0,0,0
Au,TP,59.3,-8.138333333,HS,100,1007.212946,4500,45,4,metal,sphere,PBS,7.4,50.05,0.282444444,buffer,1,37,1,Anionic,2.6649,0.8322,0.853,8.0954,0,2.7543,7.4918,0.1925,1.985,3.4647,0.6059,1.2912,1.2877,0.2252,0.0992,0,1.2886,0,0.329,0.0262,0.7627,0.0472,0,0.1675,0,0,0,0.0981,0.3426,5.8403,0,0.495,11.1912,1.1833,1.1258,0,0,0.2936,0,0,0,0,0,0,0,0,0,0.1919,0,0,0.6999,0,0.0732,0.6124,0,0,0,0,0.112,0.2073,0,0,3.5792,0.268,0,0,0,0.3133,0.2124,0.1514,0,0,0,0,0,15.6751,0,0.0485,0.3713,0,0,0,0.3279,0.335,0.0563,0.0937,1.6842,0,0,0,0,0.0536,0,0.8193,0,6.1334,0.4267,0,0,0,0,0.5822,0.1107,0,0,0.0399,0.2883,0,0,0,0,0,0,0.0898,0.8483,0,0,0,0,0,0.2908,0,0.0623,0,0,0,0,0,0,0,0.9495,0,0,0,0,0,0,0,0,0,0,0,0,0,0,0,0,0,2.6134,0,0,0,0,0.0973,0,0,0,0.0517,0,0,0,0,0,0,0,0,0,0,0,0,0,0,2.3251,0,0,0,0,0
Au,PVA,59.3,-8.073333333,HS,100,1888.699399,1500,45,4,metal,sphere,PBS,7.4,106.12,0.070166667,buffer,1,37,1,Anionic,2.911,1.1512,3.7275,2.4777,0,3.4358,9.7426,2.6994,1.6017,1.3326,0.3457,4.983,3.23,1.7989,0.011,0,0.1204,3.4561,0.0174,0,0.3385,0,0,0.0651,0.0755,0,0.0456,4.3018,0.6081,3.4445,0.8969,0.1424,0,0.7808,1.5702,0,0,0.3475,0,0,0,0,0,0,0,0,0,0,0,0,2.6403,0,0,2.9898,0,0,0,0,0.1988,0,0.1588,0,0,0.7929,0,0,0.4774,0,0,0,1.5815,0,6.9558,0,0,0,0,0,0.1413,0.0336,10.0752,0,0,0.6938,0,0.1782,0,7.9728,0,0,0,0.0952,0,0,0,0,0,0.1223,0,0,0,0,0.0491,0,0,0,1.4842,0,0,0,0,0,0,0,0,0,0,0.6081,0,0,0,0,0,0,0,0,0,0,0,0,0,0,0,0,0.1495,0,0,0,0,0.1031,0,0,0,0,0,0,0,0,0,0.5436,0,0,0,0,0,0,0,0,0,0,0,0,0,0,0,0,0,0,0,0,0,0,3.3338,0,0,0,0,0
Au,MUTA,59.3,-8.065833333,HS,100,474.087541,15000,45,4,metal,sphere,PBS,7.4,127.34,0.173240741,buffer,1,37,1,Cationic,1.8725,1.2616,1.1656,0.7084,0,7.7447,12.3792,1.1722,0,2.8573,4.7222,0,1.7048,0,1.8563,0,0,0.4705,0.2485,0,3.548,0,0,0.2392,0,0,0,0.6971,0.4346,6.5325,0,0,0.6124,4.5173,0.9522,0,0,0.2484,0.1973,0,0,0,4.9834,2.0664,4.7731,0,3.5505,0,0,0,1.3321,0,1.1149,0.777,0.1832,0,0,0,0,0,0,0,0,0.68,0,0,0,0,0.3593,0,0,0.8676,0,0,7.1979,0,0,0,0,0,0,0,0,0,0,0,0,0,0,0,0,0,0,0,0,0,0,0,0,0,0,2.1105,0.1405,0,0,0.2023,0,3.0319,0,0,0,0,0,0,0,0,0,0,0,0,0,0,0,0,0,0,0,0,0,0,0,0,0,0,0,0,0,0,0,0,0,0,0,0,0,0,0,0,0,0,0,0,0,0,0,0,0,0,0,0,0,0,0,0,0,0,0,0,0,0,0,0,1.8154,0,0,0,0,0
Au,SPP,59.3,-8.028333333,HS,100,474.087541,15000,45,4,metal,sphere,PBS,7.4,48.66,0.115222222,buffer,1,37,1,Anionic,1.4438,1.5047,1.2345,6.3023,0,7.9129,4.9169,0.7243,3.395,6.5727,0.8956,11.9353,0.948,0,0.3033,0,5.8057,0.3488,0.0074,0.0493,2.6306,0.4881,0,0.1182,0,0.5471,0,1.1075,0,15.1807,0,0,0.454,0.8866,0.6052,0.5957,0,0,0,0,0,0,0,0.5571,0,0,0.0975,0,0,0,0.823,0,0.0689,0.2881,0.1207,0,0,0,0.2107,0.0975,0,0,0,0.7563,0,0,1.4911,0,0.5993,0,0,0,0,0,0,0,0,0.5471,0,0,0.7813,0,0.1122,0,0,0.3274,1.0562,0,0,0,0,1.3112,0,0,0,0,0,0,0,0,0,0,0,0,0,0,3.6343,0,0.1571,0,0,0,0,0,0,0,0,0,0,0,0,0,0,0.5816,0,0,0,0,0,0,0,0,0,0,0,0.1076,0,0,0,0.3278,0,0,0,0,0,0,0,0,2.6223,0,0,0,0,0,0,0,0,0.8752,0,0,0,0,0,0,0,0,0,0,0,0,0,0,0.673,0,0,0,0,0
Au,NT,59.3,-7.945833333,HS,100,474.087541,15000,45,4,metal,sphere,PBS,7.4,43.77,0.3395,buffer,1,37,1,Anionic,2.1061,1.827,6.4162,5.459,0,1.2954,5.4862,7.7835,6.5793,0.4785,1.4345,0.093,1.4845,0.5598,0.0616,0,0.1124,6.7604,1.9798,0.1303,1.2639,0.1563,2.5084,0.0174,0,0,0,0.2276,0.5677,1.0825,1.4654,0.2887,0,0.3644,0.8884,0,0,0.3244,0,0,0,0,0.4108,0,0,0.8757,0,0.583,0,0,0.725,0,0,0.5075,0,0,0,0,0,1.0306,3.2605,0,0,0,0,0,0,0,0,0.1254,0.3375,0.1259,8.8863,0,0,0,0.1425,0,0,0,4.3589,0,0,0,0.0933,0,0,8.1875,0,0,0,0,0.2658,0,0,0,0,3.045,0.7863,0,0,0,0.0918,0,0,0,0,0,0,0,0,0,0,0,0,0,0,0,0,0,0,0,0,0,0.5677,0.3552,0,0,0,0,0,0,0,0,0,0,0,0,0,0,0,0.0441,0,0,0,0,0,0,0,0,0,0,0,0.0248,0,0,0,0,0.2537,0,1.0569,0,0,0,0,0,0,0,0,0.3221,0,0,2.9641,0,0,0,0,0
Au,AUT,59.3,-7.945,HS,100,474.087541,15000,45,4,metal,sphere,PBS,7.4,55.98,0.272555556,buffer,1,37,1,Cationic,2.2682,0.6876,2.1594,1.776,0,9.227,6.689,0.8023,1.5835,16.9754,2.2312,0,0.9212,0.1235,0.1768,0,0.1488,0.2034,0.2406,0.1438,8.0869,0,0.6348,0.1493,0,0,0,0.1291,0,4.299,0.2771,0.1911,7.9082,1.4933,1.2937,0,0,0.2684,0,0,0.1255,0,0.5438,0.7309,0.3073,0,0.1137,0,0,0,0.5758,0.2922,0,0.1679,0.1232,0,0,0,0,0.2842,1.7657,0,3.5719,0.0735,0,0,0,0,0.1941,0,0,0.0417,0,0,1.6972,0.4364,0,0,0.2909,0,0,0,0,0.4899,0,0,0,0,0,0,0,0,0,2.6963,0,4.4582,2.2552,0,0,0,0,0.8211,0,0,0,0.0437,0,0,0,0,0,0,0,0,0.5664,0,0,0,0,0,0,0,0,0,0,0,0.0267,0,0,0,2.2814,0,0,0,0,0,0,0,0,0,0,0,0,0.0182,0,0,0,0,0,0,0,0,0,0,0,0,0,0,0,0,0,0,0,0,0,0,0,0,0,0,0,0,1.1771,0.7733,0,0,0,0
Au,MUTA,59.3,-7.943333333,HS,100,1007.212946,4500,45,4,metal,sphere,PBS,7.4,122.28,0.203333333,buffer,1,37,1,Cationic,2.3252,0.955,2.2088,0.3132,0,3.8109,9.5304,0.8639,1.7717,1.5793,9.105,0,2.3557,0.4738,2.7477,0,0.2854,0.2601,0.3461,0.8824,2.8525,0,0,0.1909,0,0,0,0.4128,0.4805,1.7784,0,0.9387,0.3385,1.0722,2.2557,0,0,0.4805,0.2453,0,0,0,6.1775,2.1286,5.922,0,5.306,0,0,0.1097,0.9817,0,0.7189,0.2147,0.0562,0.3136,0,0,0,0.3634,0,0.1769,0,0.5325,0,0,0,0,0,0,0,0.4796,0,0,11.2122,0,0,0,0.1488,0,0,0,0,0,0.1579,0,0.5249,0,0,0,0,0,0,0,0,0.2591,0.1088,0,0,0,0,1.1665,0.0777,0,0,0.0559,0,3.6073,0,0,0,0,0,0,0,0,0,0,0,0,0,0,0,0,0,0,0,0,0,0,0,0,0,0,0,0,0,0,0,0,0,0,0,0.0465,0,0,0,0,0.4887,0,0,0,0,0,0,0,0,0,0,0,0,0,0,0,0,0,0,0,0,0,0,0,2.5086,0,0,0,0,0
Au,amino acid,59.3,-7.907666667,HS,100,474.087541,15000,45,4,metal,sphere,PBS,7.4,58.53,0.267333333,buffer,1,37,1,Anionic,1.0282,3.1362,2.7865,2.6079,0,2.845,12.0845,1.0353,1.5326,2.493,0.7351,7.907,3.2491,0.2391,0.2457,0,2.784,2.0997,0.0388,1.1132,0.1799,1.5356,0.7562,0.0148,0.2409,1.8729,0.9463,3.6663,0.9698,7.288,0,0.227,0.5978,1.0821,1.8971,3.7348,0,0.6234,0.11,0.379,0.2699,0.7027,0.2969,0.524,0.1699,0,0.1467,0,0,1.5494,1.1146,0,0.3628,0.2167,0,0,0,0.9199,0.0792,0.1467,0,0.3214,0.0762,1.1064,0.1492,0,1.5226,0,0.4008,0,0,0.0538,0,0,0,0.4505,0,0.1372,0,0.1607,0.9797,0,0.2954,0.1581,0.1594,0.5684,0,0.8477,0,0.2609,0.1635,1.3659,0,0,0,0,0,0,0,0,0,0,0,0,0.0612,0,2.5303,0,0,0,0,0,0.0558,1.5258,0.0522,0,0,0,0,0,0,0,0,0,0,0,0,0,0,0,0,0,0.2404,0,0,0,0,0,0,0.2466,0,0,0,0,0,0,0,0,0,0,0,0,0,0,0,0,0,0,0,0,0,0.138,0,0,0,0,0,0,0,0,0,0,2.5317,0,0,0.2532,0,0
Au,NT,59.3,-7.806666667,HS,100,474.087541,15000,45,4,metal,sphere,PBS,7.4,41.64,0.129333333,buffer,1,37,1,Anionic,0.2939,1.9179,5.2929,17.0126,0,5.871,1.2492,0.9661,6.7925,7.6076,0.6982,0.1006,0.5018,0,0.2,0,3.7078,0.3324,0.2176,0,0.9114,0.1691,0.4788,0.0375,0,0.4952,0,0.3165,0,27.2735,0,0,0,0.1689,0.6726,0,0,0.0877,0,0,0,0,0.1025,0.6635,0,0,0,0.0573,0,0,0.6273,0,0,0,0.0863,0,0,2.3297,0,0,0,0,0,0.4003,0,0,0,0,1.142,0,0,0,3.4502,0,0,0.7131,0,0.3475,0,0.2035,3.7219,0,0,0,0,0.2879,0,0.5367,0,0,0,0.4805,0,0,0,0,0,0,0,0,0,0,0,0,0,0,0,0,0.1497,0,0,0,0,0,0,0,0,0,0,0.2813,0,0,0,0,0,0,0,0,0,0,0,0,0,0,0,0.1537,0,0,0,0,0,0,0,0,0,0,0,0,0,0,0,0,0,0,0,0,0,0,0.2744,0,0.1759,0,0,0,0,0,0,0,0,0,0,0,0,0,0,0,0,0
Au,HDA,59.3,-7.726666667,HS,100,474.087541,15000,45,4,metal,sphere,PBS,7.4,54.89,0.234777778,buffer,1,37,1,Cationic,2.2021,1.2271,4.3577,3.4087,0,4.0266,5.7853,7.8758,5.7986,1.7009,8.993,0,1.4992,0.2412,0.1328,0,0,1.3902,1.2292,0.3369,7.216,0.101,2.4318,0.0561,0,0,0,0.1681,0.1835,2.3459,1.2177,0.5302,0.0323,0.3028,1.5504,0,0,0.1048,0,0,0.0408,0,0.388,0.4361,0,0.9904,0,0,0,0,0.4686,0,0.1569,0.164,0.0172,0.3353,0,0,0.1799,1.3877,1.341,0.3784,0,0,0.2258,0,0,0.1678,0.1896,0,6.2708,0.4069,2.3563,0,0.0691,0,0.0921,0,0.1705,0,0.5931,0,0,0.3588,0,0,0,0.1604,0,0,0,0,0.1718,0.0418,0,0,0,2.1648,0.3049,0,0,0.0891,0,0,0,0.2562,0,0,0.3578,0,0,0,0,0,0,0,0,0,2.2359,0,0,0,0,0,2.9353,0.492,0,0,0.0917,0,0,0,0,0.0383,0,0,0,0,0,0,0.013,0.057,0,0.0355,0,0,0,0,0,0,0,0,0,0.0962,0,0,0,0,0,0,0.4729,0,0,0,0,0,0,0,0,0,0,0,2.6821,0,0,0,0,0
Au,NT,59.3,-7.573333333,HS,100,474.087541,15000,45,4,metal,sphere,PBS,7.4,61.79,0.183888889,buffer,1,37,1,Anionic,0.5291,1.4645,16.619,15.9412,0,4.6833,3.3727,1.7388,6.9863,7.3123,0.5585,0,0.8128,0,0.08,0,0.2188,0.5982,0.7329,0.0423,0.4101,0,2.0107,0.0338,0,0,0,0.2532,0,21.198,0.4075,0,0.292,0.152,0.6918,0,0,0.2368,0,0.144,0,0,0.1845,0.4777,0,0,0,0.0516,0,0,0.5646,0,0,0,0.0129,0,0,0,0.1806,0.1672,0,0,0,0.4683,0,0,0,0,0.8565,0,0.4106,0,1.7743,0,0,0.2567,0,0.1564,0,0,2.903,0,0,0,0,0.0432,0,1.449,0,0,0,0,0,0,0,0,0,0,0.3061,0,0,0,0,0,0,0,0,0,0,0,0,0,0,0,0,0,0,0,0,0,0,0,0,0,0,0,0,0,0,0,0,0,0,0,0,0,0,0,0,0,0,0,0,0,0,0,0,0,0,0,0,0,0,0,0,0,0,0,0,0,0.8705,0,0,0,0,0,0,0,0,0,0,0,0,0,0,0,0,0
Au,PEG,59.3,-7.48,HS,100,474.087541,15000,45,4,metal,sphere,PBS,7.4,44.6,0.092888889,buffer,1,37,1,Neutral,1.5003,1.7301,2.3342,2.5819,0,1.3902,13.0154,1.4379,0,0.3595,0.7698,5.442,2.2903,0.4005,0.3088,0,1.2666,6.9256,0,0.0932,0.4522,1.7617,0.7918,0,0.4541,2.5861,0.2744,4.9908,1.2186,0.6151,0,0.3099,0.5365,0.7636,3.3373,5.913,0,0.6963,0.1037,0,0.0678,0.2523,0,0,0,0,0,0,0,0.1391,2.1786,0,1.1071,0.2723,0.1284,0,0,2.3117,0,0,0,0.359,0,0.8739,0.1875,0,1.158,0,0,0,0,0,0.7336,0,0,0,0,0,0,0.202,2.4622,0,0.4242,0.1986,0,0.4285,0.6657,2.929,0,0,0,2.0024,0,0,0,0,0,0,0,0,0,0,0,0,0,0,0.9743,0,0,0,0,0,0.0701,2.2367,0,0,0,0,0,0,1.2931,0,0,0,0,0,0,0.2329,0,0,0,0,0,0,0,0,0,0,0,0.2066,0,0,0,0,0,1.1982,0,0,1.5495,0,0,0,0,0,0,0,0,0,0,0,0,0,0,0.087,0,0,0,0,0,0,0,0,4.1355,0,0,0,0,0
Au,amino acid,59.3,-7.368333333,HS,100,474.087541,15000,45,4,metal,sphere,PBS,7.4,43.48,0.145333333,buffer,1,37,1,Anionic,0.3849,1.9077,3.2036,14.048,0,6.6396,2.9444,0.5783,6.0992,6.4516,0.5689,3.8478,0.6308,0,0.2794,0,8.5325,0,0.1103,0,1.1934,0.7528,0,0.0393,0,0.5461,0,0.479,0,23.8093,0.2372,0,0,0.4326,0.7047,0,0,0,0,0.1257,0,0,0,0.4865,0,0,0,0.06,0,0,0.3286,0,0,0,0.0452,0,0,0,0.2103,0,0,0,0,0.4193,0,0,0.4784,0,1.0634,0,0,0,1.8072,0,0,0,0,0.5461,0,0.2843,1.5596,0,0.1679,0,0,0.3519,1.0542,0,0,0,0,0.8053,0,0,0,0,0,0,0,0,0,0,0,0,0,0,0.9745,0,0.2352,0,0,0,0,0,0,0,0,0,0,0.825,0,0,0,0,0,0,0,0,0,0,0,0,0,0,0,0.1074,0,0,0,0,0,0,0,0,0,0,0,0,2.6173,0,0,0,0,0,0,0,0,0.1456,0,0,0,0,0,0,0,0,0,0,0,0,0,0,0,0,0,0,0,0
Au,amino acid,59.3,-7.198333333,HS,100,474.087541,15000,45,4,metal,sphere,PBS,7.4,52.42,0.215333333,buffer,1,37,1,Anionic,0.4718,1.8036,0.5035,15.0996,0,7.7105,2.0052,0.7384,3.8074,8.4732,0.8301,1.5076,0.4295,0,0.3092,0,3.5774,0,0.1202,0,1.4629,0.1809,0,0.0803,0,0.0837,0,0.1129,0,31.6175,0,0,0,0.4017,0.7198,0,0,0.1877,0,0,0,0,0.1097,0.568,0,0,0,0,0,0,0.6713,0.0902,0,0,0.0923,0,0,0,0.2148,0,0,0,0,0.5569,0,0,0,0,1.29,0.1452,0,0,0,0,0,0.9157,0,0.4648,0,0,0.2655,0,0.0572,0,0,0.3081,1.0768,0,0,0,0,0.9255,0,0,0,0,0,0,0,0,0,0.3191,0,0,0,0,0.1659,0,0.3204,0,0,0,0,0,0,0,0,0,0,0.4214,0,0,0,0.8154,0,0,0,0,0,0,0,0,0,0,0,0.1645,0,0,0,0,0,0.051,0,0,0,0,0,0,1.671,0,0,0,0,0.0431,0,0,0,0.5453,0,0,0,0,0,0,0,0.2678,0,0,0,0,0,0,0,0,0,0,0,0
Au,DDT,59.3,-7.196666667,HS,100,1007.212946,4500,45,4,metal,sphere,PBS,7.4,71.85,0.155555556,buffer,1,37,1,Cationic,2.5859,1.0965,1.7259,0.6293,0,12.4468,10.4744,0.5063,2.7121,1.1933,7.8053,0,1.8932,0.2115,1.0715,0,0.3822,1.045,0.4194,0.4925,2.8656,0,0.2509,0.2558,0,0,0,0.1475,0.3218,0,0,0,0.7367,0.846,1.9136,0,0,0.2758,0.1095,0,0,0,6.7342,2.573,4.0601,0,4.4785,0,0,0,1.1506,0,0.7566,0.2876,0.0753,0,0.0144,0,0,0.4868,0,0,0.1011,0.5035,0,0,0,0,0,0,0,0.2141,0,0,12.2932,0.299,0,0,0,0,0,0,0,0,0.1058,0,0,0,0,0,0,0,0,0.0733,0,0.3471,0,0,0,0,0,0.9375,0.104,0,0,0.0749,0,1.1033,0,0,0,0,0,0,0,0,0,0,0,0,0,1.8225,0,0,0,0,0,0,0,0,0,0,0,0,0,0,0,0,0,0,0,0,0,0,0,0,0,0,0,0,0,0,0,0,0,0,0,0,1.1506,0,0,0,0,0,0,0,0,0,0,0,0,0,1.3441,0,0,0,0,0
Au,PEI-SH,59.3,-7.043333333,HS,100,474.087541,15000,45,4,metal,sphere,PBS,7.4,52.46,0.176333333,buffer,1,37,1,Cationic,2.2951,0.5454,1.0236,0,0,3.0054,6.8742,0.6005,1.159,13.1401,3.2562,0.0773,2.1062,0.2583,1.0239,0,0.0622,0.1701,0.1402,0.3367,1.6328,0,0,0.2114,0,0,0,0.144,0.3143,2.2211,0,0.3197,10.9053,1.7007,2.066,0,0,0.1347,0.0535,0,0,0,2.3968,1.0189,1.8728,0,2.3775,0,0,0,0.8028,0.2444,0.2688,0.281,0.2428,0,0.0282,0,0,0.3328,0,0,3.5558,0.1639,0,0,0,0,0,0,0,0.3137,0,0,4.821,0.8031,0,0.0445,0.3894,0,0,0,0,0.4098,0.1033,0,0,0,0,0,0,0,0,3.2936,0,6.1363,1.7441,0,0,0,0,0.6105,0.1016,0,0,0.4023,0,1.6166,0,0,0,0,0,0,0.8798,0,0,0,0,0,0,0.4451,0,0,0,0,0.1566,0,0,0,1.3276,0,0,0,0,0,0,0,0,0,0,0,0,0.0456,0,0,0.3149,0,0,0,0,0,0,0,0,0,0,0,0,0,0,0,0,0,0,0,0,0,0,0,0,0,2.7899,0.3234,0,0,0,0
Au,amino acid,59.3,-6.778333333,HS,100,474.087541,15000,45,4,metal,sphere,PBS,7.4,42.05,0.193222222,buffer,1,37,1,Anionic,1.0226,2.0306,0.9962,15.3632,0,6.4985,2.9758,0.8036,3.0821,7.3423,0.4107,1.4916,0.6375,0,0.3294,0,1.6732,0,0.2899,0,1.2061,0.3133,0,0.0596,0,0.1932,0,0.1862,0,30.6257,0,0,0,0.5564,0.8139,0,0,0.1857,0,0,0,0,0.1447,0.562,0,0,0,0.1821,0,0,0.8302,0.6839,0,0.2906,0,0,0,0,0.2125,0,0,0,0,0.6357,0,0,0,0,1.0076,0,0,0,0,0,0,6.0402,0,0.4599,0,0,0,0,0.0566,0,0,0.3556,1.0654,0,0,0,0,0.8139,0,0,0,0,0,0,0,0,0,0,0,0,0,0,0,0,0,0,0,0,0,0,0,0,0,0,0,0.536,0,0,0,0.2933,0,0,0,0,0,0,0,0,0,0,0,0.0543,0,0,0,0,0,0,0,0,0,0,0,0,1.9839,0,0,0,0,0,0,0,0,0.5886,0,0,0,0,0,0,0,0.1325,0,0,0,0,0,0,1.0183,0,0,0,0,0
Au,amino acid,14.9,-6.728333333,HS,100,474.087541,15000,45,4,metal,sphere,PBS,7.4,44.43,0.183888889,buffer,1,37,1,Anionic,0.9041,2.1602,0.909,14.8049,0,7.8076,2.4135,0.838,4.6423,8.799,0.6851,1.1665,0.4432,0,0.2699,0,2.6171,0,0.1628,0,1.5093,0.14,0,0.0414,0,0,0,0.1165,0,29.6544,0,0,0,0.4559,0.7426,0,0,0.1937,0,0,0,0,0.1509,0.6593,0,0,0,0.2531,0,0,0.3463,0.6511,0,0,0,0,0,0,0.1108,0,0,0,0,0.5745,0,0,0,0,1.4009,0,0,0,0,0,0,3.1492,0,0.3836,0,0.0749,0,0,0.295,0,0,0.2914,1.111,0,0,0,0,0.7426,0,0,0,0,0,0,0,0,0,0.3292,0,0,0,0,0,0,0,0,0,0,0,0,0,0,0,0,0,0.4347,0,0,0,0,0,0,0,0,0,0,0,0,0,0,0,0.0566,0,0,0,0,0,0,0,0,0,0,0,0,2.7583,0,0,0,0,0,0,0,0,0.6649,0,0,0,0,0,0,0,0.1382,0,0,0,0,0,0,0,0,0,0,0,0
Au,F127,59.3,-6.633333333,HS,100,474.087541,15000,45,4,metal,sphere,PBS,7.4,46.63,0.1965,buffer,1,37,1,Anionic,1.3325,2.0983,3.9812,2.3711,0,1.8442,6.3424,2.0631,2.0072,1.6057,0.9628,3.7751,1.6983,0.3985,0.4764,0,1.4402,4.3123,0.0475,0,1.1568,1.24,1.2154,0.0106,0.4302,1.4997,0.416,5.0596,0.5196,5.2452,1.405,0.3384,0.4575,0.9954,3.0357,3.5217,0,0.5443,0.1572,0.1354,0.2699,0.2629,0.0964,0.4117,0.0405,0.2671,0,0,0,0,1.1501,0,1.1107,0.3096,0.1135,0,0,2.6285,0.1132,0.2096,1.0851,0.3062,0,0.9936,0.1332,0,0.9732,0.1584,0.1074,0.1531,0.8751,0,3.0586,0,0,0,0,0.147,0,0.5358,2.3796,0,0.2713,0,0.1708,0.7579,0.5677,2.7249,0,0.1242,0,0.5963,0,0,0,0,0,0.0464,0,0,0,0,0.056,0,0,0,1.7201,0,0,0,0,0,0.0797,1.1808,0,0,0,0,0.8635,0,1.4703,0,0,0,0.1155,0,0,0,0,0,0,0,0.3435,0,0,0.0867,0,0,0,0.4111,0,0,0,0.0335,0,0.6812,0,0,0.3524,0,0,0,0,0,0,0.1289,0,0,0,0,0,0,0.2913,0,0,0,0,0,0,0,0,0,2.8937,0,0,0,0,0
Au,PEG,59.3,-6.628333333,HS,100,474.087541,15000,45,4,metal,sphere,PBS,7.4,29.68,0.151777778,buffer,1,37,1,Neutral,1.4571,2.593,1.1662,7.9376,0,4.2995,9.289,0,0,5.3876,1.1537,0,2.9848,0,0,0,3.3145,0,0.174,2.3293,0,0,0,0.0931,0,1.6796,0,0,0,37.5564,0,0,8.3093,0.2792,0,0,0,0,0.1727,0,0,0,0,0,0,0,0,0,0,0,1.5549,0,0,0,0.1425,0,0,0,0,0,0,0,1.4348,0,0,0,0,0,0,0,0,0,0,0,0.2864,1.4141,0,0,0,0,0,0,0,0,0,0,0,1.3303,0,0,0,0,0,1.0401,0,2.2982,0,0,0,0,0,0,0,0,0,0,0,0,0,0,0,0,0,0,0,0,0,0,0,0,0,0,0,0,0,0,0,0,0,0,0,0,0,0,0,0,0,0,0,0,0,0,0,0,0,0,0,0,0,0,0,0,0,0,0,0,0,0,0,0,0,0,0,0,0,0,0,0,0,0,0,0,0,0,0,0,0,0
Au,CALNN,59.3,-6.536666667,HS,100,474.087541,15000,45,4,metal,sphere,PBS,7.4,38.8,0.154083333,buffer,1,37,1,Anionic,0.6957,1.2106,1.4477,1.516,0,5.1797,2.6612,0.784,0,10.4859,1.1017,4.0969,2.0903,0.2866,0.3788,0,6.2729,0,0,0.089,1.0786,0.3202,0,0.0355,0,0.1481,0,1.1322,0,18.3236,0,0.2957,0,0.9241,1.0918,1.7911,0,0.5814,0,0,0,0.7221,0.2589,0.2513,0,0,0,0,0,0,0.7424,0,0,0.5197,0.1089,0,0,0,0.19,0.1759,0,0,0,1.895,0,0,1.7774,0,0.9611,0,0,0,0,0,0.3282,13.9089,0,0.2468,0.09,0,0,0,0,0,0,1.0676,0.3176,0,0,0.417,0,0.5459,0,0,0,0,0,0,0,0,0,0.4235,0.1879,0,0,0,1.2722,0,0.2126,0,0,0,0,0,0,0,0,0,0,0.3196,0,0,0,0.2623,0,0,0,0,0,0,0,0,0,0,0,0,0,0,0,0,0,0,0,0,0,0.6352,0,0,1.1827,0.0433,0,0,0,0,0,0,0,1.6229,0.5197,0,0,0,0,0,0,0,0,0,0,0,0,0,2.1248,0,0,0,0,0
Au,DDT,59.3,-6.523333333,HS,100,474.087541,15000,45,4,metal,sphere,PBS,7.4,48.4,0.308,buffer,1,37,1,Cationic,1.9029,2.2823,8.6337,1.9952,0,2.5393,8.7734,3.877,6.4487,2.1574,3.3743,2.143,1.455,0.3658,0.141,0,0.6059,5.1202,1.5842,0.6387,1.4453,0.4597,1.8801,0.051,0.311,0.0472,2.0884,1.753,0.5564,4.2441,0.6156,0.8041,0.196,0.6294,2.8737,0.1714,0,0.318,0.1263,0,0.7433,0.1536,0.4646,0.481,0.3575,0.4291,0.2525,0.5714,0,0.635,1.137,0,0.1189,0.2487,0,0,0,1.0556,0.0909,0.5051,2.3242,0.2869,0,0.2177,0.214,0,0,0,0,0,0.9096,0,3.7966,0,0.0524,0,0,0,0.0862,0,0.8994,0,0,0.5441,0.3658,0.1522,0,1.7023,0,0,0,0,0.2606,0,0,0,0,1.7161,0,0,0,0,0.2698,0,0,0,0,0,0,0,0,0,0,0,0,0,0,0,0,0,0,0,0,0,1.4838,0,0,0,0,0,0,0,0,0,0,0,0,0,0,0.0943,0,0,0,0,0,0,0,0,0,0,0,0,0,0,0,0,0,0,0.4974,0,0,0.1056,0,0,0,0,0,0,0,0,0,0,2.9053,0,0,0,0,0
Au,NT,59.3,-6.52,HS,100,1888.699399,1500,45,4,metal,sphere,PBS,7.4,93.52,0.0545,buffer,1,37,1,Anionic,0.2677,1.214,6.9423,19.3243,0,7.2436,2.0481,0.5028,5.6567,9.1638,0.3392,0.5133,0.5119,0.1471,0.0324,0,5.8022,0.2422,0.0102,0,0.6641,0.154,0.5233,0.0274,0,0.1709,0,0.4101,0.2237,18.4684,0,0,0,0.1778,0.4201,0,0,0,0,0,0,0,0,0.3384,0,0,0,0,0,0,0.2286,0,0,0.2,0.0838,0,0,0.8488,0.2194,0,0,0,0,0.4084,0,0,0,0,1.1095,0,0.3325,0,4.8486,0,0,0.6236,0,0.1266,0,0,3.6161,0,0,0,0,0.507,0.4888,1.5643,0,0,0,0.4901,0,0,0,0,0,0,0,0,0,0,0,0,0,0,0,0,0.3818,0,0,0,0,0,0,0,0,0,0,0.082,0,0,0,0,0,0,0,0,0,0,0,0,0,0,0,0.112,0,0,0,0,0,0,0,0,0,0,0,0,0.9103,0,0,0,0,0,0,0,0,0,0,0,0,0,0,0,0,0,0,0,0,0,0,0,0.4672,0,0,0,0,0
Au,PAH-SH,59.3,-6.483333333,HS,100,474.087541,15000,45,4,metal,sphere,PBS,7.4,68.07,0.310111111,buffer,1,37,1,Cationic,1.312,1.3832,3.0258,1.5762,0,5.1489,6.7224,1.0506,2.5472,8.6402,3.136,1.9019,1.4225,0.2119,0.175,0,1.436,3.3153,0.0184,0.3207,7.2967,0.6214,1.8014,0.1183,0.3804,0.6157,1.0647,0.4801,0.1612,5.8577,0.4755,0.164,2.6116,0.8475,2.3207,0,0,0.3224,0.0549,0.063,0.5383,0.0667,1.4893,0.5573,0.7909,0,0.4877,0.331,0,0.5518,0.741,0,0.1034,0.1441,0.2113,0,0.0723,0,0.0527,0.3414,1.5148,0.19,1.8488,0.063,0.0744,0,0,0,0.1665,0,0,0,0,0,0.4853,0.2246,0.0809,0.0456,0.2496,0,0.2605,0,0,0.2102,0.053,0.0882,0,0.8453,0,0,0,0,0,2.5702,0,5.598,1.7888,0.2594,0,0,0,0.5479,0.1042,0,0,0.2251,0,0.1906,0,0,0,0,0,0,0.2429,0,0,0,0,0,0,0,0,0,0,0,0,0,0.0806,0,1.5743,0,0,0,0,0.0269,0,0.1028,0,0.164,0,0,0,0.0935,0,0,0,0,0,0,0,0,0,0,0,0,0,0,0,0,0,0,0,0,0,0,0,0,0.0554,0,0,0,2.693,0.3686,0,0,0,0
Au,DDT,59.3,-6.373333333,HS,100,474.087541,15000,45,4,metal,sphere,PBS,7.4,47.34,0.237111111,buffer,1,37,1,Cationic,3.3616,1.2259,2.3328,0.6616,0,15.6894,11.503,1.1079,2.4439,1.3197,5.9344,0,2.4642,0.5718,0.9656,0,0.2296,0.9417,0.5636,0.6656,2.7974,0.1597,0.0754,0.2836,0,0,0,0.1661,0.29,0.1301,0.2138,0.5899,1.9405,0.9218,2.5411,0,0,0.4142,0.0987,0,0,0,5.1644,1.6919,3.7602,0,3.0705,0,0,0,1.333,0,0.4339,0.2592,0.1222,0.4542,0,0,0.0948,0.7896,0,0,0.1367,0.4537,0,0,0,0,0,0,0,0,0,0,9.3857,0.1347,0,0,0.5388,0,0,0,0,0,0.0953,0,0,0,0,0,0,0,0,0,0,0.3753,0,0,0,0,0,0.5632,0,0,0,0,0,0.5142,0,0,0,0,0,0,0,0,0,0,0,0,0,0,0,0,1.5464,0,0,0,0,0,0,0,0,0.0606,0,0,0,0,0,0,0.0137,0,0,0.028,0,0,0,0,0,0,0,0,0,0,0,0,0,0,0,0,0,0,0,0,0,0,0,0,0,0,0,0,3.3306,0,0,0,0,0
Au,DDT,59.3,-6.096666667,HS,100,474.087541,15000,45,4,metal,sphere,PBS,7.4,59.93,0.366916667,buffer,1,37,1,Cationic,2.3918,3.0525,9.3969,5.7743,0,3.5534,10.165,7.6567,7.1782,0.9188,0.9755,0.3722,3.3405,0.9704,0.0164,0,0.0899,5.163,2.1345,0.1738,0.3371,0.3752,1.0625,0.0139,0,0,0.6819,0.1821,0.6813,2.0379,1.3399,0.231,0.2,0.4443,1.9193,0,0,0.3244,0,0,0.1011,0,0,0,0,0,0,0.3392,0,0,2.5522,0,0,1.0151,0,0,0,0,0,0.3436,1.6601,0,0,0,0.0699,0,0,0,0,0,1.8901,0.0504,6.5629,0,0,0,0,0,0,0.3513,2.0191,0,0,0,0.0746,0,0,0.5955,0,0,0,0,0,0,0,0,0,3.228,0,0,0,0,0.3671,0,0,0,0,0,0,0,0,0,0,0,0,0,0,0,0.6291,0,0,0,0,0,1.7411,0.0812,0,0,0,0,0,0,0,0,0,0,0,0,0,0,0,0,0,0,0,0,0,0,0,0,0,0,0,0,0,0,0,0,0,0,0,0,0,0,0,0,0,0,0,0,0,0,3.083,0,0,0,0,0
Au,SA,59.3,-6.091666667,HS,100,474.087541,15000,45,4,metal,sphere,PBS,7.4,46.53,0.214166667,buffer,1,37,1,Anionic,0.7534,2.502,3.6667,1.8817,0,1.8817,9.7356,1.1268,1.9206,1.8694,0.8061,3.5603,5.2635,1.6478,0.3849,0,1.2332,3.947,0.1563,1.9065,0.9019,1.1504,1.224,0.0186,0.1887,1.6378,1.6421,3.1675,0.4557,3.2035,0.5602,0.1545,1.0702,1.3189,2.0921,4.8676,0,0.6945,0.2585,0.4552,0.8456,0.6919,0.3044,0.4268,0.142,0,0.1379,0.1702,0,1.1789,3.0264,0,0.4871,0.5432,0.0213,0,0,2.3056,0.0497,0.1839,0.4759,0.1567,0,0.8517,0.1402,0,1.2051,0.2084,0.3453,0.1343,0.2709,0,0,0,0.1429,0.2117,0,0.086,0,0.4364,1.3506,0,0.3966,0.3962,0.5992,0.6173,0,1.4606,0.0095,0.2724,0.0683,0.951,0.1423,0,0,0,0,0,0,0.0272,0,0,0.0982,0,0.1725,0,1.3297,0,0,0,0,0,0,1.4341,0,0,0,0,0,0,0.5159,0,0,0,0.1013,0,0,0,0,0,0,0,0.1506,0,0,0,0,0,0,0.1545,0,0,0,0,0,0.1992,0,0,0.6181,0,0,0,0,0,0,0.0565,0,0,0,0,0,0.0288,0.1277,0,0,0,0,0,0,0,0,0,2.2209,0,0,0,0,0
Au,PVA,59.3,-6.063333333,HS,100,474.087541,15000,45,4,metal,sphere,PBS,7.4,53.12,0.178083333,buffer,1,37,1,Anionic,2.7607,1.4191,0.8616,1.1729,0,1.9549,8.9221,1.8703,0,1.8576,0.9092,5.6761,3.161,2.3655,0.5373,0.464,2.1818,0.9739,0.0103,0.1721,0.8345,0.0929,0,0.0275,0.0838,0.5537,0.1351,6.2092,0.6747,6.8614,1.161,0.2288,0.198,0.8387,2.8156,0.485,0,0.7068,0.0255,0,0,0,0,0.2916,0,0,0,0,0,0,2.0679,0,0.5288,1.6083,0.1474,0,0,0,0.0735,0.2722,0,0.1325,0,0.821,0,0,1.8584,0,0.1859,0,2.2059,0,4.8742,0,0,0,0,0.1273,0.3483,0.1988,3.09,0,0,0.4398,0.2218,0.58,0,2.5555,0,0.0807,0,0.4927,0,0,0,0,0,0,0,0,0,0,0.1454,0,0,0,2.8392,0,0,0,0,0,0,0.1179,0,0,0,0.4498,0.9967,0,0,0,0,0.1015,0,0,0,0,0,0,0,0,0,0,0.446,0,0,0,0,0.1525,0,0,0,0,0,0,0,0,0.2288,0.7036,0.0774,0,0,0,0,0,0,0,0,0,0,0,0,0.1882,0,0,0,0,0,0,0,0,4.462,0,0,0.9394,0,0
Au,PEG,59.3,-5.993333333,HS,100,474.087541,15000,45,4,metal,sphere,PBS,7.4,52.02,0.193666667,buffer,1,37,1,Neutral,0.4109,1.4926,3.9464,4.166,0,0.7047,4.2689,0.4287,1.4068,1.1254,0.4338,2.501,0.8106,0.1254,0,0,0.0755,23.335,0.0044,0,0.1416,0.5778,1.1403,0,0.308,0,0.6873,2.7754,0.1908,0.0856,0,0,0,1.3879,0.7762,3.4087,0,0,0,0,0,0,0,0,0,0,0,0,0,0,0.1949,0,0,0.1705,0,0,0,6.2726,0,0,2.1911,0,0,0.199,0,0,0,0,0,0,0,0,2.45,0,0,0,0,0,0,0,10.792,0,0,0,0,0,0,10.1707,0,0,0,0.1194,0,0,0,0,0,0,0,0,0,0,0.185,0,0,0,0,0,0,0,0,0,0,0,0,0,0,0,0,0,6.6393,0,0,0,0,0,0,0,0,0,0,0,0,0,0,0,0,0,0,0.8409,0,0,0,0,0.2429,0,0,0,0,0,0,0,0,0,0,0,0,0,0,0,0,0,0,0,0,0,0,0,0,0,0,0,1.7927,0,0.4274,0,0,0
Au,PEG,59.3,-5.913333333,HS,100,474.087541,15000,45,4,metal,sphere,PBS,7.4,38.69,0.153555556,buffer,1,37,1,Neutral,1.3092,2.0386,1.7802,1.4426,0,0.9617,9.0035,1.3428,1.3988,0.3357,0.615,5.4396,3.3271,0.5091,0.2243,0,0.7009,6.2281,0.0354,0,1.3137,1.7366,0.9777,0.0271,0.3848,2.5922,0.7308,3.1434,0.4425,0.0993,0,0.4323,0.8963,1.2582,5.1251,11.7939,0,0.6322,0.0753,0.0288,0.0493,0.3359,0,0.1435,0.0517,0,0,0,0,0,1.8085,0,1.1825,0.5934,0,0,0,1.6791,0,0.2008,0,0.163,0,0.6924,0.1021,0,1.3531,0.3036,0,0,0,0,1.0657,0,0,0,0,0.0626,0.1371,0.1956,2.146,0,0.4621,0.577,0.0727,0.3112,0,3.288,0,0.0397,0,3.1166,0,0,0,0,0,0,0,0,0,0,0.2146,0,0,0,0.9684,0,0,0,0,0,0,1.6246,0,0,0,0,0,0,1.8784,0,0,0,0,0,0,0,0,0,0,0,0.2194,0,0,0,0,0,0,0.2251,0,0,0,0,0,0.967,0,0,0,0,0,0,0,0,0,0,0,0,0,0,0,0,0,0,0,0,0,0,0,0,0,0,3.0038,0,0.3305,0,0,0
Au,DDT,59.3,-5.705,HS,100,474.087541,15000,45,4,metal,sphere,PBS,7.4,100.13,0.370166667,buffer,1,37,1,Cationic,1.5478,2.7791,7.1476,3.1902,0,2.0603,7.7779,3.2996,4.1889,0.928,1.8547,2.2055,3.299,0.9047,0.1328,0,1.1505,2.6488,1.4478,1.5915,1.8158,1.3054,2.6232,0.0187,0.3799,0.1817,1.1938,2.1724,0.6117,3.1561,1.8045,0.3111,0.2693,1.1032,1.1487,1.1307,0,0.5243,0.0347,0.0797,1.0214,0.3377,0.4767,0,0.2859,0.2359,0,0.7423,0,0.5584,1.0936,0,0.1961,0.2734,0,0.5589,0,0,0,0.9254,1.9162,0.0901,0,0.3589,0,0,0.2527,0,0,0,1,0.2035,3.9281,0.0665,0,0,0,0,0,0.8786,2.7191,0,0,0,0.2011,0.1912,0,3.4753,0,0,0,0.0957,0.2864,0,0,0,0,1.8865,0,0,0,0,0.1977,0,0,0,0,0,0.0746,0,0,0,0,0.1604,0,0,0,0,0,0,0,0,0,0,0.8156,0.1094,0,0,0,0,0,0,0,0,0,0,0,0,0,0,0.0072,0,0,0,0.1947,0,0,0,0,0,0,0.0522,0,0,0,0,0,0,0.2734,0,0,0,0,0,0,0,0,0,0,0,0,0,3.8325,0,0,0,0,0
Au,amino acid,59.3,-5.676666667,HS,100,474.087541,15000,45,4,metal,sphere,PBS,7.4,55.39,0.236222222,buffer,1,37,1,Anionic,0.8351,1.5611,0.9721,15.9214,0,5.5828,3.549,0.5703,4.0099,8.1267,0.3206,0.9876,0.5184,0,0.1607,0,1.0675,0,0.2176,0,0.9415,0.2184,0,0.0582,0,0,0,0.109,0,25.9702,0,0,2.0668,0.7757,0.7942,0,0,0.0906,0,0,0,0,0.0706,0.4113,0,0,0,0.1777,0,0,0.8101,0.2611,0,0,0,0,0,0,0,0,0,0,0.9967,0.6617,0,0,0,0,0.8521,0,0,0,0.5092,0,0,4.715,0,0.2692,0,0.0701,0,0,0,0,0,0.1983,1.0396,0,0,0,0,0.0993,0,0.5058,0,4.1052,0.6465,0,0,0,0,0.308,0,0,0,0,0,0,0.232,0,0,0,0,0,0,0,0,0,0,0,0,0,0,0,0,0,0,0,0,0,0.3349,0,0,0,0,0,0,0,0,0,0,0,0,0,0,0,0,0,2.5811,0,0,0,0,0.0832,0,0,0,0.5264,0,0,0,0,0,0,0,0,0,0,0,0,0,0,0,0.2901,0,0,0,0
Au,amino acid,59.3,-5.643333333,HS,100,474.087541,15000,45,4,metal,sphere,PBS,7.4,72.3,0.201277778,buffer,1,37,1,Anionic,2.2875,0.5816,0.5599,0.2199,0,4.0795,8.3474,0.9601,0.9475,9.9294,2.8403,0,2.4251,0.2956,0.9277,0,0.1335,0,0.0077,0.0344,2.3359,0,0,0.1581,0.0419,0,0,0.2189,0.4496,1.4878,0.0829,0.4392,6.9292,1.3264,1.9703,0,0,0.3212,0.0383,0,0.025,0,4.4548,1.1418,3.4409,0,3.027,0.042,0,0,0.8039,0.8329,0.2163,0.3015,0.2158,0,0.0353,0,0,0.1701,0,0,2.2431,0.1759,0,0,0,0,0,0,0,0.3491,0,0,5.712,0.1567,0,0,0.5222,0,0,0,0,0.2199,0,0,0,0,0,0,0,0,0,2.0742,0,4.1952,2.3677,0,0,0,0,1.2555,0.109,0,0,0.2878,0,2.0734,0,0,0,0,0,0,0.3873,0,0,0,0,0,0,3.2365,0,0,0,0,0.864,0,0,0,1.5431,0,0.1115,0,0.3316,0,0,0,0,0,0,0,0,0.0544,0,0,0.6382,0,0,0,0,0,0,0,0,0,0,0,0,0,0,0,0,0,0,0,0,0.0266,0,0,0,0,2.2303,0.0771,0,0,0,0
Au,DDT,59.3,-5.518333333,HS,100,1007.212946,4500,45,4,metal,sphere,PBS,7.4,61.43,0.225666667,buffer,1,37,1,Cationic,2.1738,1.7166,10.1217,5.9686,0,3.2969,8.5148,1.2934,5.7874,2.8661,4.23,0,2.223,0.3439,0.0947,0,1.4501,1.1327,1.0349,0.6005,2.9119,0.108,1.5637,0.048,0,0.0888,0,0.0899,0.2616,5.692,0.9646,0.2661,0,0.1919,1.7193,2.6595,0,0.2989,0,0,0,0,0.233,0.0565,0,0.4035,0,0.0977,0,0,0.9353,0,0,0.2338,0.0857,0.3414,0,2.3158,0.0855,0.3957,1.9121,0,0,0.1364,0,0,0,0,0.2703,0,1.7882,0,7.1391,0,0,3.038,0,0,0,0.1156,2.3255,0,0,0.3411,0.172,0,0,0.2286,0,0,0,0,0,0,0,0,0,1.6135,0.2898,0,0,0,0,0,0,0.3044,0,0,0,0,0,0,0,0,0,0,0,0,0,0,0,0,0,0,0.7847,0.5144,0,0,0,0,0,0,0,0,0,0,0,0,0,0,0.0123,0,0,0,0,0,0,0,0,0,0,0,0,0,0,0,0,0,0.4677,0,0.3746,0,0,0,0,0,0,0,0,0,0,0,1.3658,0,0,0,0,0
Au,DDT,59.3,-5.455,HS,100,474.087541,15000,45,4,metal,sphere,PBS,7.4,58.95,0.345916667,buffer,1,37,1,Cationic,1.0811,0.9501,10.9596,0.9816,0,1.3087,4.5947,5.4144,19.0351,0.5076,1.5217,0,3.4449,0,0,0,0,3.2598,2.0658,0,0,0,2.7393,0,0,0,0,0,0,8.7817,1.1104,0,0.2652,0.1841,1.885,0,0,0,0,0,0,0,0,0,0,0,0,0,0,0,2.3073,0,0,0,0,0,0,0,0,0,4.7167,0,0,0,0,0,0,0,0,0,5.3701,0,6.0429,0,0,0,0,0,0,0,0,0,0,0,0,0,0,0,0,0,0,0,0,0,0,0,0,3.2302,0,0,0,0,0,0,0,0,0,0,0,0,0,0,0,0,0,0,0,0,0,0,0,0,0,0,4.5168,0,0,0,0,0,0,0,0,0,0,0,0,0,0,0,0,0,0,0,0,0,0,0,0,0,0,0,0,0,0,0,0,0,0,0,0,0,0,0,0,0,0,0,0,0,0,0,3.1444,0,0,0,0,0
Au,DDT,59.3,-5.43,HS,100,1888.699399,1500,45,4,metal,sphere,PBS,7.4,53.41,0.085666667,buffer,1,37,1,Cationic,1.2256,1.831,5.7545,4.7848,0,3.1899,9.7232,1.4578,3.9562,3.165,3.709,0,2.1201,0.4488,0.0741,0,1.7573,1.8478,1.3818,0.5747,4.0535,0,0.976,0.0417,0,0,0.1025,0.0391,0.3414,5.4373,1.007,0.3473,0.1202,0.2296,0.9616,4.207,0,0.3901,0,0,0,0,0.38,0,0,0.2633,0,0.3187,0,0,0.3488,0,0,0.3052,0.1279,0.4456,0,0.8635,0.3348,0.4131,2.1389,0,0.1609,0,0,0,0,0,0,0,0.7103,0.1514,15.8935,0,0,1.1101,0,0,0,0,2.759,0,0,0,0,0.0534,0,0,0.3857,0,0,0,0.3197,0.0778,0,0.1473,0,1.9225,0.1891,0,0,0,0,0,0,0.6356,0,0,0,0,0,0,0,0,0,0,0,0,0,0,0,0,0,0,0.1138,1.5258,0,0,0,0,0,0,0,0,0,0,0,0,0,0,0.0161,0,0,0,0,0,0,0,0,0,0,0,0,0,0,0,0,0,0,0,0,0,0,0,0,0,0,0,0,0,0,0,0.3565,0,0,0,0,0
Au,NT,59.3,-5.351666667,HS,100,474.087541,15000,45,4,metal,sphere,PBS,7.4,44.75,0.298666667,buffer,1,37,1,Anionic,0.9964,1.5522,11.1641,13.4462,0,0.8224,5.7745,1.5311,9.5692,0,0.9562,0,1.4844,1.1195,0,0,0,4.0969,0.5279,0.2317,0.5617,0,4.2296,0.0231,0,0,0,0.2168,0.7569,0.9339,0.8373,0.385,0,0.3239,1.303,0,0,0.1081,0,0,0,0.0522,0,0,0,0.2919,0,0,0,0,0.9666,0,0,0.3383,0,0,0,0,0,0.3435,2.3711,0,0,0,0,0,0,0,0,0,0,0,9.7211,0,0,0,0,0,0,0,2.4469,0,0,0,0.1244,0,0,4.3002,0,0,0,0,0.3544,0,0,0,0,4.8716,0.8386,0,0,0,0.2447,0,0,0,0,0,0,0,0,0,0,0,0,0,0,0,0,0,0,0,0,0,0.2523,0,0,0,0,0,0,0,0,0,0.3721,0,0,0,0,0,0,0,0,0,0,0,0,0,0,0,0,0,0,0,0,0,0,0,0,0,0.6503,0,0,0,0,0,0,0,0,0,0,0,2.3711,0,0,1.1856,0,0
Au,NT,59.3,-5.258333333,HS,100,474.087541,15000,45,4,metal,sphere,PBS,7.4,41.88,0.118444444,buffer,1,37,1,Anionic,0.2968,1.7607,5.5826,15.5634,0,5.7942,2.523,0.8362,5.8796,7.6304,0.6267,0.3557,0.5067,0,0.202,0,3.8057,0,0.312,0,1.1504,0.1708,0,0.0948,0,0.3685,0,0.2486,0,29.3507,0,0,0,0.2275,0.7763,0,0,0,0,0,0,0,0,0.469,0,0,0,0,0,0,0.6335,0,0,0,0.0871,0,0,0,0.304,0,0,0,0,0.5255,0,0,0,0,0.897,0,0,0,2.7376,0,0,0.7202,0,0.2632,0,0.274,4.2598,0,0,0,0,0.2181,0,0.813,0,0,0,0.7763,0,0,0,0,0,0,0,0,0,0,0,0,0,0,0,0,0,0,0,0,0,0,0,0,0,0,0,0.3408,0,0,0,0,0,0.0554,0,0,0,0,0,0,0,0,0,0.1552,0,0,0,0,0,0,0,0,0,0,0,0,0.9461,0,0,0,0,0,0,0,0,0,0.2772,0,0.0888,0,0,0,0,0.0632,0,0,0,0,0,0,0,0,0,0,0,0
Au,PVP,59.3,-5.238333333,HS,100,474.087541,15000,45,4,metal,sphere,PBS,7.4,52.96,0.216875,buffer,1,37,1,Anionic,1.3641,3.7425,1.2965,0.7547,0,3.2899,11.0517,1.5212,0,2.552,0.405,7.6768,2.154,0.761,0.4384,0.1964,1.0931,3.2778,0.1263,0.0545,0.7931,0.6131,0.2315,0.1089,0.2212,5.1256,0.4813,4.1013,0.5343,6.1931,0.1314,0.696,0.1255,2.0145,3.6235,4.1155,0,0.7124,0,0.1392,0,0.0983,0.0397,0.5774,0,0,0,0,0,0,1.6376,0,0.1904,0.3184,0.0167,0,0.008,0.2253,0.1164,0.1617,0,0.0787,0,2.1829,0.0548,0,1.7955,0.0815,0,0,0,0,0.4289,0,0,0.1655,0,0.0504,0.2206,0,1.5834,0,0.124,0.3483,0,0.5985,0,1.5568,0,0.1916,0,0.8362,0,0,0,0,0,0.0478,0,0,0,0,0.4031,0,0,0,1.8288,0,0,0,0,0,0,0.3736,0,0,0,0,0,0,0,0,0,0,0,0,0,0,0,0,0,0,0.1766,0,0,0,0,0,0,0.4227,0,0,0,0,0,0,0,0,0.3624,0.2654,0,0,0,0,0,0,0,0,0,0,0,0,0.7488,0,0,0,0,0,0,0,0,0,2.7898,0,0,0,0,0
Au,DDT,59.3,-5.140833333,HS,100,1007.212946,4500,45,4,metal,sphere,PBS,7.4,55.07,0.251833333,buffer,1,37,1,Cationic,2.203,2.0328,6.9545,6.6672,0,3.8892,8.5826,2.5859,2.963,5.2149,0.7752,0.2514,1.2536,0.3361,0,0,1.7717,2.491,1.6371,0.1956,3.0359,0.352,1.1297,0.0469,0,0,0,0.2929,0.767,14.2815,0.3771,0,0.045,0.3283,0.6402,0.7877,0,0,0,0,0,0,0,0,0,0,0,0.8115,0,0,0.9142,0,0,0.4571,0,0.1335,0,0,0.2507,0.2321,2.4028,0,0,0.1667,0,0,0,0,0.4227,0,0.456,0,8.2092,0,0,0.5939,0,0,0,0,1.8597,0,0,0,0,0.0999,0,1.7878,0,0,0,0,0.2394,0,0,0,0,3.0169,0,0,0,0,0.0827,0,0,0,0,0,0,0,0,0,0,0,0,0,0,0,0,0,0,0,0,0,0.2557,0.6399,0,0,0,0,0,0,0,0,0,0,0,0,0,0,0.006,0,0,0,0,0,0,0,0,0,0,0,0,0,0,0,0,0,0,0,0.3661,0,0,0,0,0,0,0,0,0,0,0,2.4028,0,0,0,0,0
Au,PEG,59.3,-5.0435,HS,100,474.087541,15000,45,4,metal,sphere,PBS,7.4,51.18,0.162888889,buffer,1,37,1,Neutral,1.5038,2.6572,1.8065,1.3583,0,1.6205,11.0435,1.75,0.5777,0.6285,0.8313,5.14,3.226,0.5407,0.8732,0,1.0421,4.986,0.0752,0.1343,1.2207,1.0569,0.5415,0.0268,0.3269,2.3832,0.8231,4.5227,0.7676,1.353,0.1617,0.6339,0.3283,1.1063,5.2515,7.2977,0,0.4386,0.0498,0,0.0977,0.3027,0,0.3081,0.1025,0,0.1327,0,0,0.025,2.2407,0,0.7736,0.7842,0.0719,0.2004,0,1.3869,0,0.4977,0.229,0.5654,0,0.9437,0.2193,0,1.2324,0.1003,0,0.0969,0,0,0.5282,0,0,0.2038,0,0.0931,0,0.2908,1.9498,0,0.3435,0.5004,0.2163,0.3342,0.3594,2.8755,0,0.0787,0,1.9564,0,0,0,0,0,0,0,0,0,0,0.0709,0,0,0,1.3475,0,0,0,0,0,0,1.3227,0,0,0,0,0,0,0.9309,0,0,0,0,0,0,0,0,0,0,0,0.2175,0,0.1078,0,0,0,0,0.3347,0,0,0,0,0,0.8627,0,0,0.6693,0,0.0377,0,0,0,0,0.0408,0,0,0,0,0,0,0.0307,0.0627,0,0,0,0,0,0,0,0,3.2063,0,0.2457,0,0,0
Au,MUEG4,59.3,-5.007083333,HS,100,474.087541,15000,45,4,metal,sphere,PBS,7.4,226.51,0.438527778,buffer,1,37,1,Neutral,4.3977,25.4707,3.6296,1.8716,0,0.6239,19.2745,0.9679,1.8148,0,1.5233,0,3.5659,1.5098,0.1247,0,0.3979,0,0.8666,1.2303,1.4914,0.2372,0,0.0527,0,0,0,0.296,1.4354,2.0609,0.2117,0.853,0.3539,0.5617,2.8754,0,0,0.4922,0,0,0.0639,0.2377,0,0,0,0,0,0.5896,0,0.131,1.6132,0,0,1.0266,0,0.5996,0,0,0,0.8686,1.499,0,0.0451,0,0,0,0,0,0,0,0,0,0,0.0624,0,0.2667,0,0,0.6224,0,0,0,0,0,0.3775,0,0,0,0,0,0,0,0.2689,0,0,0,0,0,0,0,0,0,0,0,0,0,0,0,0,0,0,0,4.9527,0,0,0,0.4557,0,0,0,0,0,0.0597,0,0,0,0,0,0,0,0,0,0,0.2698,0,0,0,0,0,0,0.0203,0.0891,0,0,0,0,0,0,0,0,0,0,0,0.0125,0.0389,0,0,0,0,0,0,0,0,0,0,0,0,0,0,0,0,0,5.696,0,0,0,0,0
Au,PEG,59.3,-4.4106,HS,100,1007.212946,4500,45,4,metal,sphere,PBS,7.4,84.87,0.037888889,buffer,1,37,1,Neutral,0.5074,2.6755,4.1965,2.9946,0,0.1536,3.9537,0.3971,2.6059,0.4765,0.625,11.2342,0.8085,0.2323,0,0,0.2798,15.3005,0.3232,0,0.5245,0,1.3776,0,0.9217,0,0.6365,1.4573,0.7067,0,0.7818,0,0,2.3979,0.3318,0,0,0,0,0,0,0,0,0,0,0,0,0,0,0,0.1805,0,0,0.3159,0,0,0,6.7032,0,0,2.5828,0.2082,0,0,0,0,0,0,0,0,0,0,4.8218,0,0,0.4924,0,0,0,0,5.9971,0,0,0,0,0,1.1582,12.9715,0,0,0,0,0,0,0,0,0,0.0948,0,0,0,0,0,0,0,0,0,0,0,0,0,0,0,0,0,0,0,0,0,0,2.3997,0,0,0,0,0,0,0,0,0,0,0,0,0,0,0,0,0,0,0.3594,0,0,0,0,0,0,0,0,2.1566,0,0,0,0,0,0,0,0,0,0,0,0,0,0,0,0,0,0,0,0,0,0,0,0,0,1.0555,0.369,0,0
Au,NT,59.3,-3.916833333,HS,100,1007.212946,4500,45,4,metal,sphere,PBS,7.4,47,0.178333333,buffer,1,37,1,Anionic,1.0205,1.3071,11.2986,17.9674,0,1.2207,5.3571,1.4993,9.9871,0.5918,0.621,0,0.6886,0.1154,0.0508,0,0,3.8007,0.4496,0.1075,1.0422,0,6.8438,0.0215,0,0,0,0,0.3511,0.4726,1.0357,0,0,0.1073,0.4396,0.2163,0,0,0,0,0,0,0,0,0,0.8123,0,0,0,0,0.538,0,0,0.3138,0,0,0,0,0,0.1062,3.2996,0,0,0,0,0,0,0,0,0,0,0,12.4002,0,0,0,0.1763,0,0,0,4.2563,0,0,0,0,0,0,3.3756,0,0,0,0,0,0,0,0,0,4.6136,0,0,0,0,0,0,0,0,0,0,0,0,0,0,0,0,0,0,0,0,0,0,0,0,0,0,0,0,0,0,0,0,0,0,0,0,0,0,0,0,0,0,0,0,0,0,0,0,0,0,0,0,0,0,0,0,0,0,0,0,0.3138,0,0.4022,0,0,0,0,0,0,0,0,0,0,0,0.7332,0,0,1.0999,0,0
Au,NT,59.3,-3.891333333,HS,100,474.087541,15000,45,4,metal,sphere,PBS,7.4,64.65,0.252333333,buffer,1,37,1,Anionic,7.2798,1.853,0.4018,0.8547,0,0.2279,16.0031,0.4715,0,0,0.3975,0,7.1992,6.0327,0.038,0,0,0.5677,0.3478,0.321,0.3892,0,0,0.0321,0,0,0,0.3605,2.0976,1.7646,0,1.0669,0.0924,0.545,2.2979,0,0,1.3484,0,0,0,0,0,0,0,0,0,0.1958,0,0,5.6253,0,0.4484,3.2814,0,0,0,0,0,0.7933,0,0,0,0,0,0,0,0,0,0,0,0,0,0,0,0,0,0,0.6496,0,0,0,0,1.3675,0,0,0,0,0,0,0,0,0.4911,0,0,0,0,0.1406,0,0,0,0,0.1695,0,0,0,0,0,0,0,0,0,0,0,0,0,0,2.0976,0,0,0,0,0,0,0,0,0,0,0,0,0,0,0,0,0.5157,0,0,0,0,0,0,0,0,0,0,0,0,0,0,2.1095,0,0,0,0,0,0,0,0,0,0,0,0,0,0,0,0,0,0,0,0,0,0,13.1423,0,0,1.6428,0,0
Au,PEG,59.3,-3.772566667,HS,100,474.087541,15000,45,4,metal,sphere,PBS,7.4,47.07,0.124555556,buffer,1,37,1,Neutral,0,1.4249,0,2.4535,0,4.3618,22.9702,0,0,2.9606,2.5358,0,0,0,0.5449,0,0,0,0.3443,0,0,0,0,0,0,0.426,0,0,0,55.7223,0,0,0,0,0,0,0,0,1.1387,0,0,0,0,0,0,0,0,0,0,0,0,0,0,0,0.1175,0,0,0,0,0,0,0,1.1827,0,0,0,0,0,0,0,0,0,0,0,0.9444,2.3312,0,0,0,0,0,0,0,0,0,0,0,0,0,0,0,0,0,0,0,0.5412,0,0,0,0,0,0,0,0,0,0,0,0,0,0,0,0,0,0,0,0,0,0,0,0,0,0,0,0,0,0,0,0,0,0,0,0,0,0,0,0,0,0,0,0,0,0,0,0,0,0,0,0,0,0,0,0,0,0,0,0,0,0,0,0,0,0,0,0,0,0,0,0,0,0,0,0,0,0,0,0,0,0
Au,NT,59.3,-3.580333333,HS,100,1888.699399,1500,45,4,metal,sphere,PBS,7.4,100.88,0.083916667,buffer,1,37,1,Anionic,7.6432,1.1576,0.5206,0.6644,0,1.0335,20.7343,0.1527,0.7158,0,0.1717,0,6.4405,3.1265,0,0,0.4036,0,0.1398,0,0,0,0,0,0,0,0,0,2.7177,3.9629,0,0,0,0.1662,1.9139,0,0,1.1647,0,0,0,0,0,0,0,0,0,0,0,0,4.5119,0,0,5.4663,0,0,0,0,0,0,0,0,0,0,0,0,0,0,0,0,0,0,1.0908,0,0,0,0,0,0.4209,0,0,0,0,0,0,0,0,0,0,0,0,0,0.6363,0,0,0,0,0.1822,0,0,0,0,0,0,0,0,0,0,0,0,0,0,0,0,0,0,0,3.3971,0,0,0,0,0,0,0,0,0,0,0,0,0,0,0,0,1.3362,0,0,0,0,0,0,0,0,0,0,0,0,0,0,0.8098,0,0,0,0,0,0,0,0,0,0,0,0,0,0,0,0,0,0,0,0,0,0,16.3183,0,0,0,0,0
Au,PEG,59.3,-2.935,HS,100,474.087541,15000,45,4,metal,sphere,PBS,7.4,48.76,0.133888889,buffer,1,37,1,Neutral,2.527,2.6648,4.7482,1.6459,0,0.4988,12.1404,0.619,0,0.1548,3.0156,0.1505,5.5515,2.2632,0.7975,0,0.2726,0.4969,0.7033,2.0373,2.044,0.1264,0.2386,0.0281,0,0,0.2756,0.4733,0.918,2.9863,1.0156,0.4669,0.2425,0.6455,2.4424,0,0,0.7869,0.2083,0,0.1022,0.0634,0.2044,0,0.2681,0,0,0.0857,0,0.3143,1.8758,0,0,0.4103,0,1.1983,0,0,0.4501,1.25,0,0,0,0,0,0,0,0,0,0.2029,0,0.2036,0,0,0,0.6397,0,0,0.4265,0,0,0,0,0,0.1509,0,0,0,0,0,0,0,0.4299,0,0,0,0,0.3693,0,0,0,0,1.484,0,0,0,0,0,0,0,0,0,0,0,0,0,0,0,0,0,0,0,0,0,0,0,0,0,0,0,0,0,0,0,0.9143,0,0.1148,0,0.0246,0,0,0,0,0.1776,0,0,0,0,0,0,0.3158,0,0,0,0,0,0,2.2857,3.6931,0,0,0,0,0,0,0,0,0,0,0,0,0,8.1487,0,0,1.9173,0,0
Au,PEG,59.3,-2.753333333,HS,100,474.087541,15000,45,4,metal,sphere,PBS,7.4,33.05,0.158222222,buffer,1,37,1,Neutral,3.5065,3.1431,6.1739,2.0693,0,0.5306,15.896,0.8781,0,0.4116,3.0847,0.6403,6.3848,3.3707,0.9898,0,0.29,0.5287,0.9045,2.9148,2.8993,0.2017,1.2692,0.0299,0,0,0.2932,0.5594,0.9767,4.4915,0.7203,0.4968,0.344,0.6568,2.9041,0,0,0.8371,0.2216,0,0.1087,0.4718,0.4349,0,0.3423,0,0,0.2735,0,0.5573,2.744,0,0,1.3096,0,1.5298,0,0,0.3192,1.773,0,0,0,0,0,0,0,0,0,0.2158,0.2903,0.1083,0,0,0,0.9074,0,0,0.4537,0,0,0,0,0.6367,0.321,0,0,0,0,0,0.0549,0,0.4573,0,0,0,0,0.131,0,0,0,0,0.3157,0,0,0,0,0,0,0,0,0,0.1123,0,0,0.0884,0,0,0,0,0,0,0,0,0,0,0,0,0,0,0,0,0,0,1.4529,0,0,0,0,0,0,0,0,0.4251,0,0,0,0,0,0,0,0,0,0,0,0,0,0,0.8731,0,0,0,0,0,0,0,0,0,0,0,0,0,7.6491,0,0,1.5298,0,0
Au,PEG,59.3,-2.232166667,HS,100,1888.699399,1500,45,4,metal,sphere,PBS,7.4,110.75,0.077777778,buffer,1,37,1,Neutral,3.3258,3.5379,6.3563,1.3054,0,0.4973,12.2213,0.5143,3.0138,0,5.2041,1.8752,3.3661,0.9402,0.497,0,13.5923,1.2387,0.1439,1.5761,4.2458,0,0,0.035,0,0,1.0307,1.2453,1.1442,0.8984,0,0.582,0.1008,0.9444,2.686,0.705,0,0.4904,0.0649,0,0,0,0,0,0,0,8.828,0,0,0,1.7535,0,0,2.0457,0,0.5974,0,0,0,0.6924,0,0.1686,0,0,0,0,0,0.5233,0,0.2528,0,0,1.3777,0,0,0,0,0,0,0,0.4624,0,0,0.7459,0,0,0,0.5001,0,0,0,0,0.5358,0,0,0,0,0.1534,0,0,0,0,0,0,0,0,0,0,0,0,0,0,0,0,0,0,0,0,0,0,0,0,0,0,0,0,0,0,0,0,0,0,0,0,0,0,0,0,0,0,0,0,0,0,0,0,0,0,0,0,0,0,0,0,0,0,0,0,0,0,0,0,0,0,0,0,0,0,0,0,0,0,4.1819,0,0,1.7923,0,0
Au,PEG,59.3,-2.015,HS,100,1888.699399,1500,45,4,metal,sphere,PBS,7.4,98.21,0.044222222,buffer,1,37,1,Neutral,3.141,3.0549,7.8469,3.237,0,1.7534,19.5723,0.558,3.9235,0.5231,3.1365,0.5086,7.9122,1.632,1.1682,0,0.8602,0.6719,0.4116,0.8549,1.3819,0,0,0.1138,0,0,0.9318,0.9955,1.862,1.8101,0,0.6314,0.4372,0.7969,2.3312,0,0,1.064,0.0704,0,0,0,0,0,0,0,0.939,0,0,0,3.1705,0,0,1.6645,0,0.8102,0,0,0,0.939,0,0.2743,0,0,0,0,0,0,0,0,0,0,4.484,0,0,0.2883,0,0,0,0,1.0033,0,0,0,0,0,0,0,0,0,0,0,0.5813,0,0,0,0,0.1665,0,0,0,0,0,0,0,0,0,0,0,0,0,0,0,0,0,0,0,0,0,0,0,0,0,0,0,0,0,0,0,0,0,0,0,0,0,0,0,0,0,0,0,0,0,0,0,0,0,0,0,0,0,0,0,0,0,0,0,0,2.2193,0,0,0,0,0,0,0,0,0,0,0,0,0,3.8887,0,0,2.5925,0,0
Au,PEG,59.3,-1.730833333,HS,100,474.087541,15000,45,4,metal,sphere,PBS,7.4,34.77,0.134666667,buffer,1,37,1,Neutral,0,1.2703,0,1.3124,0,5.2496,8.1912,0,0,4.7509,0,0,0,0,0,0,0,0,0.3683,0,0,0,0,0,0,0.6836,0,0,0,75.8698,0,0,0,0,0,0,0,0,0.9136,0,0,0,0,0,0,0,0,0,0,0,0,0,0,0,0,0,0,0,0,0,0,0,0.6326,0,0,0,0,0,0,0,0,0,0,0,0.7577,0,0,0,0,0,0,0,0,0,0,0,0,0,0,0,0,0,0,0,0,0,0,0,0,0,0,0,0,0,0,0,0,0,0,0,0,0,0,0,0,0,0,0,0,0,0,0,0,0,0,0,0,0,0,0,0,0,0,0,0,0,0,0,0,0,0,0,0,0,0,0,0,0,0,0,0,0,0,0,0,0,0,0,0,0,0,0,0,0,0,0,0,0,0,0,0,0,0,0,0,0,0,0
Au,PEG,59.3,-0.61,HS,100,1888.699399,1500,45,4,metal,sphere,PBS,7.4,127.22,0.027666667,buffer,1,37,1,Neutral,3.6995,5.8736,6.2648,1.6401,0,0.5467,15.3545,0.5654,3.9757,1.4843,4.1318,4.7414,4.1116,0.4134,0,0,0.9962,1.3617,0.7767,0,0,0,0,0,0,0,0,1.441,2.5157,0,0,0,0,3.23,1.9685,0,0,0,0,0,0,0,0,0,0,0,1.9029,0,0,0,2.5702,0,0,1.1244,0,0,0,0,0,0.3806,0,0,0,0,0,0,0,0,0,0,0,0,3.0291,0,0,0,0,0,0,0,2.0332,0,0,0,0,0,0,12.0941,0,0,0,0,0,0,0,0,0,0.3373,0,0,0,0,0,0,0,0,0,0,0,0,0,0,0,0,0,0,0,0,0,0,0,0,0,0,0,0,0,0,0,0,0,0,0,0,0,0,0,0,0,0,0,0,0,0.1217,0,0,0,0,0,0,0,0,0,0,0,0,0,0,0,0,0,0,0,0,0,0,0,0,0,0,0,0,0,0,0,5.2541,0,0
Ag,AUT,38.4,-13.5,HS,100,671.2825,5000,45,4,metal,sphere,PBS,7.4,38.4,0.126944444,buffer,1,37,1,Cationic,3.1957,1.0526,1.1244,0.5035,0,5.1692,6.285,0.4166,1.9528,20.8823,2.3808,0.1013,2.4739,0.6092,0.4249,0,0.1835,0.3344,0.0459,0.9692,0.4585,0,0.2007,0.1322,0,0,0.0928,0.3185,0.7723,1.5939,0,0.6035,12.1328,2.1437,1.2086,0,0,0.1765,0.0526,0,0.2751,0,0.3783,0.701,0.2166,0,0.5608,0,0,0.1058,0.9468,0,0.2311,0.2762,0.0434,0.7662,0.0277,0,0.101,0.6075,0,0,4.8539,0.141,0,0,0,0,0,0,0,0,0,0.1343,1.7442,0.9328,0.4654,0.0874,0.5741,0,0,0,0,0.4028,0.0508,0,0,0,0,0,0,0,0,3.0964,0,4.365,1.4343,0,0,0,0,0.375,0.0499,0,0,0.0719,0,0,0,0,0,0,0.0711,0,1.6963,0,0,0,0,0,0,0,0,0,0,0,0,0,0,0,1.3864,0,0.1532,0,0.1519,0,0,0,0,0,0,0,0,0,0,0,0,0,0,0,0,0,0,0,0,0,0,0,0,0,0,0,0,0,0,0,0,0,0,0,0,0,2.2581,0.4592,0,0,0,0
Ag,CIT,38.4,-13.5,HS,100,154800.795,5000,45,4,metal,sphere,PBS,7.4,38.4,0.126944444,buffer,1,37,1,Anionic,0.7766,1.4331,0.7196,1.7255,0,4.4529,10.2485,0.1919,1.2593,2.015,1.2944,9.3191,6.5304,1.6838,0.5316,0,7.6406,0,0,1.0192,1.1405,1.3872,0,0.0313,0.2121,0.5943,0,0.9781,1.0246,6.1674,1.0075,0.6535,0.6316,0.7099,1.6034,0.8944,0,0.7806,0.0387,0.3337,0.1901,0.1885,0.057,0.4798,0.0798,0.3951,0,0,0,0.5067,1.919,0,1.2411,0.3053,0.1839,0.5349,0,0,0.0558,0.5167,0,0.0503,0,0.6011,0,0,1.9472,0,0.2117,0,0,0,0.4112,0.2598,0,0,0.5145,0.5315,0,0,0.414,0,0.8619,0,0.3368,0.3603,0.9328,0,0,0,0.0384,0.5345,0.3198,0,0.1665,0,0,0,0,0,0,0,0.1104,0.1693,0.1509,0,2.3857,0,0.1249,0,0,0.0601,0,0,0,0,0,0,0,0,0,0,0,0.4623,0,0,0,0,0,0,0,0,0.508,0,0.3358,0.171,0.0427,0,0,0.8106,0,0,0,0,0,0.6717,0,0,1.5633,0,0,0,0,0.0597,0,0,0,0.2061,0,0,0.0489,0,0,0,0,0,0,0,0,0,0,0,2.4964,0,0,0,0,0
Ag,PEG,38.4,-13.5,HS,100,671.2825,5000,45,4,metal,sphere,PBS,7.4,38.4,0.126944444,buffer,1,37,1,Neutral,3.2635,3.4736,2.8758,1.0486,0,0.8545,10.5448,0.3214,3.766,0.5423,4.6966,11.6578,5.2578,1.8798,1.7596,0,1.3446,0.387,0.2044,3.0636,1.5917,0,0.1858,0.0656,0,0.1214,0.5366,0.86,0.7149,1.2028,0.5272,1.3967,0.5036,1.1583,2.4614,0.4405,0,0.5106,0.3245,0,1.2733,0.2467,0.5173,0.0773,0.5429,0,1.1897,0.0667,0,0.4079,1.4607,0,0.5349,0.9586,0.067,1.9596,0,0,0,1.6223,0,0.158,0,0,0,0,0.9452,0,0,0,0.1062,0,0,0.6214,0,0,2.5128,0,0.5535,0,0,0,0,0,0.8224,0,0,0,0,0,0,0,0,0,0,0,0,0,0,0,0,0,0.4622,0,0,0,1.3237,0,0,0,0,0,0.0822,0,0,0,0,0,0,0,0,0,0,0,0,0,0,0,0,0,0,0,0,0,0.703,0,0,0,0,0,0.0084,0,0,0.6223,0,0,0,0,0,0,0.4919,0.061,0,0,0,0,0,0,0,0,0,0,0,0,0,0,0,0,0,0,0,0,4.8525,0,0,0,0,0
Ag,DDT,38.4,-13.5,HS,100,671.2825,5000,45,4,metal,sphere,PBS,7.4,38.4,0.126944444,buffer,1,37,1,Cationic,1.4328,1.2811,2.4929,0.6787,0,13.4048,10.5905,0.8775,3.0164,0.9652,4.209,0.5119,4.1687,1.9676,1.545,0,0.5668,0,0.0833,2.5096,1.3521,0.0358,0.1353,0.0637,0,0.0884,0.3126,0.1789,1.0411,0.8174,0.3839,1.017,0.3209,0.541,2.1996,0.2406,0,0.5205,0.1772,0,0.7533,0,1.5066,2.7,1.7637,0.2007,1.26,0,0,0.2376,1.1966,0,0.8346,0.4653,0.0731,1.8346,0,0,0.0851,1.6537,0,0,0,0.3054,0,0,0,0.119,0,0,0.1547,0.1155,0,0.6787,9.3558,0.2418,1.3069,0,0.1612,0,0,0,0,0.3394,0.5133,0,0,0,0,0,0,0,0.2437,0.2372,0,0,0,0,0.4326,0,0,0.6319,0.589,0,0,0.0606,0,0.3385,0,0,0,0,0,0,0,0,0,0,0,0,0,0.4914,0,0,0.9543,0,0.037,0,0,0,0,0,0.5162,0,0.2559,0,0,0,0,0,0.0061,0,0,0.3273,0,0,0,0,0,0,0.2686,0.0889,0,0,0,0,0,0,0,0,0,0,0,0,0,0,0,0,0,0,0,0,2.9897,0,0,0,0,0
Ag,HDA,38.4,-13.5,HS,100,671.2825,5000,45,4,metal,sphere,PBS,7.4,38.4,0.126944444,buffer,1,37,1,Cationic,0.7193,1.0363,1.9088,2.7067,0,5.2932,5.0681,0.7465,2.3329,2.6129,1.6785,9.9193,1.6889,0.9098,0.708,0,8.5854,0,0.1308,0.7625,0.9586,0.6352,0.1439,0.0226,0.0917,0.141,0.1662,1.0993,0,8.4447,1.3609,0.1877,0.13,0.5415,1.1551,1.2507,0,0.2109,0,0.0962,0.4108,0,0.1849,0.5184,0,1.1385,0.1117,0.0345,0,0.1685,0.2828,0,1.1045,0.165,0.3543,0.6744,0,1.6336,0.5428,0.67,0,0,0,0.6737,0,0,1.9212,0,0.3051,0,0,0,2.2219,0.1604,0.1042,0.6858,0.5559,0.6788,0,0.2854,1.4914,0,0.7387,0,0.2426,0.3605,0.8064,0,0,0,0,0.2888,0,0,0,0,0,0,0,0,0,0,0.2386,0,0,0,2.4228,0,0.2699,0,0,0,0,0,0,0,0,0,0,0,0,0,0,0.4996,0.1845,0,0,0,0,0,0,0,0,0,0,0.154,0,0,0,1.0011,0.013,0,0,0.0892,0,0.4032,0,0.2419,1.5017,0,0.127,0,0,0.1774,0,0,0,0.3898,0.6598,0,0,0,0,0,0,0,0,0,0,0,0,0,1.1561,0,0,0.7708,0,0
Ag,LA,38.4,-13.5,HS,100,671.2825,5000,45,4,metal,sphere,PBS,7.4,38.4,0.126944444,buffer,1,37,1,Anionic,0.7609,1.4185,1.3919,3.7009,0,7.2044,4.6197,0.4083,1.9139,3.866,2.1229,10.0851,2.004,0.5225,0.9041,0,12.1834,0,0,0.9383,1.5167,0.3127,0,0.0555,0,0.3663,0,0.8845,0.2271,13.8557,0,0.231,0.08,0.4581,1.3504,0,0,0.1946,0.0773,0,0.455,0,0.1517,0.4907,0,0,0.2748,0,0,0.1555,0.58,0,0.6796,0.203,0.3509,1.067,0,0,0.0742,0.8244,0,0,0,0.7402,0,0,2.2141,0,0.4223,0,0,0,0.5468,0.3454,0,0.422,0.6841,0.6426,0,0,0.7341,0,0,0,0.1493,0.3017,0.9924,0,0,0,0,0.9239,0,0,0,0,0,0,0,0,0,0,0.1468,0,0,0,3.1725,0,0.3875,0,0,0,0,0,0,0,0,0,0,0.0832,0,0,0,0.7172,0,0,0,0,0,0,0,0,0,0,0,0.1137,0,0,0,0.385,0,0.0353,0,0.1537,0,0,0,0,1.3859,0,0.0781,0,0,0.1786,0,0,0,0.5482,0,0,0,0,0,0,0,0,0,0,0,0,0,0,0.9485,0,0,0,0,0
Ag,MAA,38.4,-13.5,HS,100,671.2825,5000,45,4,metal,sphere,PBS,7.4,38.4,0.126944444,buffer,1,37,1,Anionic,1.8736,1.0942,1.0607,12.397,0,4.1482,4.8915,0.2948,2.6099,5.9935,1.3255,1.1702,1.7147,0.479,0.4536,0,2.6542,0,0.06,0.8475,0.5407,0.4013,0,0.0891,0,0.0742,0,0.1002,0.5829,8.5318,0,0.433,7.2114,0.7484,1.049,0,0,0.3331,0.0827,0,0.292,0,0.1784,0.4724,0,0,0.0882,0.7346,0,0.133,0.4466,0.1599,0.4984,0.1303,0.3412,0.6467,0,0.1843,0.1429,0.5731,0,0,3.1138,0.228,0,0,0,0,0.3614,0,0,0,0,0.2533,0,3.5878,0.6585,0.1649,0.361,0,0,0,0.9383,0.285,0.2395,0.2847,0.6368,0,0,0,0,0.1368,0,1.5269,0,5.6267,0.8911,0,0.0807,0,0,0.2123,0.1413,0,0,0,0.1472,0,0.3197,0,0,0.0513,0,0,0.502,0,0,0,0,0,0,0,0.0227,0,0,0,0,0,0,0.2277,1.0386,0,0,0,0,0.0486,0.0729,0,0,0,0,0.0905,0,0.0987,0,0.2547,0,0.191,1.334,0,0,0,0,0.2038,0,0.3254,0,0,0,0,0,0,0,0,0,0.1782,0,0,0,0,0,0,1.9781,0.1,0,0,0,0
Ag,MBA,38.4,-13.5,HS,100,671.2825,5000,45,4,metal,sphere,PBS,7.4,38.4,0.126944444,buffer,1,37,1,Anionic,2.7534,0.8788,1.0426,2.1915,0,1.8089,6.3505,0.2878,1.5178,23.3141,1.8606,2.2037,1.6743,0.4209,0.4983,0,0.3803,0,0.0329,0.9555,0.2376,0,0.0416,0.1272,0,0,0,0.2934,0.3201,3.5551,0,0.4626,8.2885,1.0472,1.1524,0,0,0.1829,0.0726,0,0.2495,0,0.1069,0.2768,0.0187,0,0.5812,0.0598,0,0,0.7359,0,0.2053,0.2862,0,0.7522,0,0,0.0523,0.5812,0,0,4.5273,0.1252,0,0,0,0,0,0,0,0,0,0.1391,0,1.7848,0.5626,0.1359,0.4958,0,0,0,0,0.3131,0.1578,0,0.3498,0,0,0,0,0,0,3.9382,0.1561,6.4919,2.0303,0,0,0,0,0.2332,0.1035,0,0,0.0745,0.6467,0,0,0,0,0,0,0,0.8617,0,0,0,0,0,0,0,0.0166,0,0,0,0,0,0,0,1.6058,0,0,0,0.3148,0,0,0,0,0,0,0,0,0.0774,0,0,0,0,0.6513,0,0,0,0,0.1609,0,0,0,0,0,0,0,0,0,0,0,0,0,0,0,0,0,0,2.173,0.5491,0,0,0,0
Ag,MES,38.4,-13.5,HS,100,671.2825,5000,45,4,metal,sphere,PBS,7.4,38.4,0.126944444,buffer,1,37,1,Anionic,3.0993,0.822,1.0619,3.4784,0,1.6564,5.216,0.2492,1.6061,7.7092,1.9609,1.6126,1.6307,0.4555,0.4515,0,0,0,0.1616,0.806,0.3085,0.1145,0.2882,0.1186,0,0.0941,0,0.2858,0.6929,6.2178,0.3066,0.5415,10.2022,1.1438,1.3013,0.6404,0,0.1188,0,0.1806,0.2468,0.0765,0.2468,0.4193,0,0,0.2935,0.0776,0,0.1265,0.5663,0.038,0.5925,0.2478,0.0649,0.6512,0,3.856,0.0453,0.587,0,0,4.0719,0.1265,0,0,0.1603,0.2535,0,0.49,0,0,0,0.1506,0,1.352,0.6263,0.1569,0.7297,0,0,0,0.9406,0.4517,0.0911,0.0758,0.6057,0,0,0,0,0,0,3.1253,0.1351,5.2018,1.7891,0,0,0,0,0.2019,0.0448,0,0,0.387,0.7232,0,0.1014,0,0.2596,0,0,1.1629,1.1638,0,0,0,0,0,0,0,0.0144,0,0,0,0,0,0,0,2.0487,0,0,0,0.2725,0,0,0.9723,0,0,0,0.2152,0,0.1608,0,0,0,0,1.2688,0,0,0,0,0.1272,0,0,0,0,0.1239,0,0,0,0,0,0,0.3389,0,0,0,0,0,0.0574,2.3154,0.4437,0,0,0,0
Ag,MHDA,38.4,-13.5,HS,100,671.2825,5000,45,4,metal,sphere,PBS,7.4,38.4,0.126944444,buffer,1,37,1,Anionic,2.7308,0.5746,0,4.7949,0,2.5877,2.1376,0,0.738,8.0294,1.4159,2.9848,1.1448,0.6907,0.4564,0,0.8321,0,0,0.3216,0,0,0,0.1285,0,0,0,0.4012,0,10.2141,0,0,20.1087,0.6852,0,0,0,0,0.2384,0,0,0,0.156,0.1514,0,0,0.2119,0,0,0,0.3578,0,0.1497,0,0,0,0,0,0,0.4239,0,0,5.0628,0,0,0,0,0,0,0.3096,0,0,0,0,0,13.0166,0,0,0,0,0,0,0,0,0,0,0,0,0,0,0,0,0,2.3935,0,9.2175,0.6346,0,0,0.2509,0,0,0,0,0,0,0.4716,0,0,0,0,0,0,0,1.2067,0,0,0,0,0,0,0,0,0,0,0,0,0,0,0,1.4793,0,0,0,0,0,0,0,0,0,0,0,0,0,0,0,0,0,0,0,0,0,0,0,0,0,0,0,0,0,0,0,0,0,0,0,0,0,0,0,0,0,0,0,0,0,0,0
Ag,PEG,38.4,-13.5,HS,100,671.2825,5000,45,4,metal,sphere,PBS,7.4,38.4,0.126944444,buffer,1,37,1,Neutral,2.478,3.3734,3.9446,0.6454,0,0.4303,12.8905,0.534,3.7549,0.534,5.003,5.7112,5.0482,2.6032,2.0641,0,0.6272,0,0.1268,3.4546,1.7633,0,0.2059,0.0242,0,0.0672,1.0701,0.6351,0.792,1.066,0.5841,1.1445,0.5579,1.8643,3.0987,0.366,0,0.5657,0.4942,0,2.0278,0,0.7494,0,0.7402,0,0.9585,0,0,0.2711,1.6183,0,0.5926,0.708,0,2.998,0,0,0,2.3963,0,0.2333,0,0,0,0,0,0,0,0,0.3531,0.0878,0,0.8606,0,0,2.7838,0,0.3679,0,0,0,0,1.0327,1.0413,0,0,0,0,0,0,0,0,0,0.3862,0.0854,0,0,0,0,0,0,0.5121,0,0,0,0,0,0,0,0,0,0,0,0,0,0,0,0,0,0,0,0,0,0,0,0,0,0,0,0,0,0,0,0.3894,0,0,0,0,0,0,0,0,0.8426,0,0,0,0,0,0,0.5449,0.1352,0,0,0,0,0,0,0.354,0,0,0,0,0,0,0,0,0,0,0,0,0,3.7217,0,0,1.2406,0,0
Ag,MUTA,38.4,-13.5,HS,100,671.2825,5000,45,4,metal,sphere,PBS,7.4,38.4,0.126944444,buffer,1,37,1,Cationic,1.5721,1.1703,2.5019,0.596,0,2.4977,9.8318,0.7633,2.4769,1.1889,4.6863,0.685,3.33,1.1162,2.0991,0,0.362,0,0.0956,2.0389,1.1632,0,0.1358,0.1118,0,0.1109,0.3137,0.4788,0.7837,1.6994,0.3853,0.755,1.1041,1.6131,1.9623,0,0,0.4478,0.2964,0,0.8142,0,3.4604,1.7501,4.3642,0,4.347,0,0,0.3577,1.2009,0,1.0051,0.467,0.0612,1.7049,0,0,0,1.3436,0,0.077,0.041,0.3747,0,0,0,0,0,0,0.1553,0.6953,0,0.5109,10.7171,0,1.4428,0,0,0,0,0,0,0.6812,0.5152,0,0,0,0,0,0,0,0,0,0,0,0.2367,0,0.4341,0,0,1.1416,0.1689,0,0,0,0,3.4283,0,0,0,0,0,0,0,0,0,0,0,0,0,0,0,0,0,0,0,0,0,0,0.2758,0,0.518,0,0.5137,0,0,0,0,0,0.0062,0,0,0.3032,0,0,0,0,0,0,0.2696,0.1784,0,0,0,0,0,0,0.2335,0,0,0,0,0,0,0,0,0,0,0,0,0,3.0006,0,0,0,0,0
Ag,PEG,38.4,-13.5,HS,100,671.2825,5000,45,4,metal,sphere,PBS,7.4,38.4,0.126944444,buffer,1,37,1,Neutral,2.2534,2.3844,2.8954,0.9854,0,1.5766,11.3778,0.5436,3.5034,1.172,4.3538,9.4627,3.656,1.7885,1.5319,0,4.1297,0.3273,0.2143,2.5446,1.5704,0.0416,0.3143,0.0185,0,0,0.6354,0.9004,0.9069,2.2379,0.2229,0.8737,0.3194,0.7578,2.1762,1.6764,0,0.4319,0.3087,0,1.1442,0.1252,0.5384,0.4573,0.3885,0,4.4817,0,0,0.276,1.2354,0,0.6462,0.8107,0.0566,1.894,0,0,0,1.7378,0,0,0,0.3153,0,0,1.5987,0,0,0,0.4493,0,0,0.7226,0,0,1.5179,0,0,0,0.2443,0,0,1.1825,0.8943,0,0,0,0,0,0,0,0.5662,0,0.2948,0,0,0,0,0,0,0,0.2932,0,0,0,1.2721,0.0357,0,0,0,0,0,0,0,0,0,0,0,0,0,0,0,0,0,0,0,0,0,0,0,0,0.2998,0,0.3049,0,0,0,0,0,0.0071,0,0,0.4386,0,0,0,0,0,0,0.52,0.2065,0,0,0,0,0,0,0,0,0,0,0,0,0,0,0,0,0,0,0,0,4.4194,0,0,0,0,0
Ag,amino acid,38.4,-13.5,HS,100,671.2825,5000,45,4,metal,sphere,PBS,7.4,38.4,0.126944444,buffer,1,37,1,Anionic,2.6625,0.6242,1.0528,0.0597,0,2.7868,7.4543,0.3706,0.9651,9.2337,2.6385,0.1801,2.036,0.4817,0.6498,0,0.2176,0.1983,0,1.0654,0.4079,0,0,0.1008,0,0,0.11,0.1889,0.7328,0.6576,0.1351,0.7158,6.7433,1.1313,1.6055,0,0,0.2617,0.1247,0.0955,0.3671,0,2.6716,2.9694,2.9965,0,3.1595,0,0,0.1254,1.2166,0.5865,1.214,0.3275,0.0686,0.9087,0,0,0,0.6652,0,0,3.08,0.215,0,0,0,0,0,0,0.1634,0.2438,0,0.2389,8.6539,0,0.6439,0,0.6241,0,0,0,0,0.4777,0.1806,0,0,0,0,0,0,0,0,1.2102,0.1787,3.5963,2.3651,0,0,0,0,0.7117,0.2369,0,0,0.3411,0,1.8628,0,0,0.3431,0,0,0,0.4734,0,0,0,0,0,0,2.6806,0,0,0,0,0.4172,0,0,0,1.0156,0,0.1817,0,0.3695,0,0,0,0,0,0,0,0,0.1595,0,0,0.5302,0,0,0,0.1891,0,0,0,0,0,0,0,0,0,0,0,0,0,0,0,0,0,0,0,0,0,2.487,0.1257,0,0,0,0
Ag,PVA,38.4,-13.5,HS,100,671.2825,5000,45,4,metal,sphere,PBS,7.4,38.4,0.126944444,buffer,1,37,1,Anionic,2.1018,0.906,5.6245,4.6277,0,3.7162,4.5951,1.7405,2.3796,2.366,1.4675,7.271,1.8457,0.9545,0.5956,0,2.1081,1.7465,0,0.8889,1.0775,0.1111,0.4612,0.0493,0,0.0411,0.1453,0.7208,0.3227,5.9354,1.7847,0.1641,0.0284,0.4932,1.1614,0.3976,0,0.1844,0.0915,0,0.3951,0,0.1257,0.2789,0.0377,2.1152,0.1952,0.1205,0,0.1841,0.6593,0,0.7242,0.2884,0.2115,0.6739,0,2.0404,0.1582,0.6346,2.1901,0.0238,0,0.5679,0,0,1.7597,0,0.1,0,0.8152,0,3.108,0.2104,0,0,0.405,0.2739,0.2998,0.2495,3.7813,0,0,0.4207,0.2121,0.3656,0.7051,1.5511,0,0,0,0.101,0,0.0735,0.1573,0,0,0.5192,0,0,0,0,0.2086,0,0.0407,0,2.9329,0,0.0393,0,0,0,0,0,0,0,0.0854,0,0,0.0296,0,0,0,0,0.4302,0,0,0,0,0.2521,0,0,0,0,0,0.0808,0,0.3087,0,0.4923,0,0.1002,0,0.1092,0,0,0,0,1.1488,0.6009,0.0555,0,0,0.1128,0,0,0,0.2678,0.1442,0,0.1386,0,0,0,0,0,0,0,0,0,0,0,2.3585,0,0,0,0,0
Ag,SA,38.4,-13.5,HS,100,671.2825,5000,45,4,metal,sphere,PBS,7.4,38.4,0.126944444,buffer,1,37,1,Anionic,0.8364,1.5258,7.5505,7.8821,0,10.0539,4.9764,3.3301,6.9213,3.063,1.7659,4.3066,1.7361,0.4594,0.1619,0,0.3874,0.7566,0.0703,0.8343,0.1037,1.3857,0.218,0.0171,0,0.178,0.1259,0.3203,1.6773,4.578,0.9277,0.2844,0.7877,0.2136,1.1812,0.4306,0,0.1198,0.0634,0,0.2178,0.0772,0.0622,0,0,0.2156,0,0.1566,0,0,0.7854,0,0.0299,1.3744,0.0654,1.6785,0,1.2374,0.0914,2.622,0,0,0,0.2551,0,0,0.6006,0,0.1444,0,1.371,0.062,4.488,0.0911,0,0,0,0.1187,0.1299,0.0927,3.0501,0,0,0.2734,0.0459,0.0765,0,0,0.0088,0,0.0471,0.0875,0.2618,0,0,0,0,0.3748,0.1549,0,0,0,0.2259,0,0.0706,0,2.5646,0,0,0,0,0,0,0,0,0,0,0,0,0,0,0,0,0,0.2795,0,0,0,0,0,0,0,0,0,0,0,0,0.0892,0,0,0.0033,0.0868,0,0.027,0.178,0,0,0,0.5687,0,0.0962,0.0239,0,0.0367,0,0,0.0133,0,0,0,0.1601,0,0.0392,0,0,0,0,0,0,0,0,0,5.2545,0,0,0,0,0
SiO2,BCN,47.02,-16.6,FBS,9,200,10000,30,25,other,sphere,plasma,7.4,383,0.28,buffer,1,37,1,Neutral,0,0,6.05,2.41,0.41,0.3,0,0,16.27,0,0.98,0.28,0,0,0,0,0,0,0,0,0,0,0,0,0,0,0,0,0,0,50.79,0,0,0,0,0,0,0,0,0.19,0,0,0,0,0,0,0,0,0,0,0,0,0,0,0.32,0,0,0,0,0,0,0,0,0,0,0,0,0,0,0,0,0,0,0,0,0,0,0,0,0,0,0,0,0,0,0,0,0,0,0,0,0,0,0,0,0,0,0,0,0,0,0,0,0,0,0,0,0,0,0,0,0,0,0,0,0,0,0,0,0,0,0,0,0,0,0,0,0,0,0,0,0,0,0,0,0,0,0,0,0,0,0,0,0,0,0,0,0,0,0,0,0,0,0,0,0,0,0,0,0,0,0,20.74,0,0,0,0,0,0,0,0,0,0,0,0,0,0,0
SiO2,BCN,47.02,-18.9,FBS,9,200,10000,30,25,other,sphere,PBS,7.4,154,0.19,buffer,1,37,1,Neutral,0,0,6.05,2.41,0.41,0.3,0,0,16.27,0,0.98,0.28,0,0,0,0,0,0,0,0,0,0,0,0,0,0,0,0,0,0,50.79,0,0,0,0,0,0,0,0,0.19,0,0,0,0,0,0,0,0,0,0,0,0,0,0,0.32,0,0,0,0,0,0,0,0,0,0,0,0,0,0,0,0,0,0,0,0,0,0,0,0,0,0,0,0,0,0,0,0,0,0,0,0,0,0,0,0,0,0,0,0,0,0,0,0,0,0,0,0,0,0,0,0,0,0,0,0,0,0,0,0,0,0,0,0,0,0,0,0,0,0,0,0,0,0,0,0,0,0,0,0,0,0,0,0,0,0,0,0,0,0,0,0,0,0,0,0,0,0,0,0,0,0,0,20.74,0,0,0,0,0,0,0,0,0,0,0,0,0,0,0
SiO2,BCN,47.02,-18.9,FBS,90,200,10000,30,25,other,sphere,PBS,7.4,154,0.19,buffer,1,37,1,Neutral,0,0,5.96,0,1.12,0,0,0,10.19,0,1.73,0,0,0,0,0,0,0,0,0,0,0,0,0,0,0,0,0,0,0,59.62,0,0,0,0,0,0,0,0,0,0,0,0,0,0,0,0,0,0,0,0,0,0,0,0,0,0,0,0,0,0,0,0,0,0,0,0,0,0,0,0,0,0,0,0,0,0,0,0,0,0,0,0,0,0,0,0,0,0,0,0,0,0,0,0,0,0,0,0,0,0,0,0,0,0,0,0,0,0,0,0,0,0,0,0,0,0,0,0,0,0,0,0,0,0,0,0,0,0,0,0,0,0,0,0,0,0,0,0,0,0,0,0,0,0,0,0,0,0,0,0,0,0,0,0,0,0,0,0,0,0,0,19.91,0,0,0,0,0,0,0,0,0,0,0,0,0,0,0
SiO2,BCN,47.02,-7.9,FBS,90,200,10000,30,25,other,sphere,plasma,7.4,634,0.34,buffer,1,37,1,Neutral,0,0,5.96,0,1.12,0,0,0,10.19,0,1.73,0,0,0,0,0,0,0,0,0,0,0,0,0,0,0,0,0,0,0,59.62,0,0,0,0,0,0,0,0,0,0,0,0,0,0,0,0,0,0,0,0,0,0,0,0,0,0,0,0,0,0,0,0,0,0,0,0,0,0,0,0,0,0,0,0,0,0,0,0,0,0,0,0,0,0,0,0,0,0,0,0,0,0,0,0,0,0,0,0,0,0,0,0,0,0,0,0,0,0,0,0,0,0,0,0,0,0,0,0,0,0,0,0,0,0,0,0,0,0,0,0,0,0,0,0,0,0,0,0,0,0,0,0,0,0,0,0,0,0,0,0,0,0,0,0,0,0,0,0,0,0,0,19.91,0,0,0,0,0,0,0,0,0,0,0,0,0,0,0
PS,NH2,116,42.8,HP,76.92,100,20000,60,25,other,sphere,water,7,116,0.126944444,water,1,37,1,Anionic,0.42,0.9,2.09,0.36,58.15,9.58,0.56,18.71,0,2.5,0.3,0.78,0.67,0.25,0,0.01,0,0.47,0,0,0.41,0.09,0.47,0,0,0,0,0.61,0,0.23,0,0,0.17,0.17,0.03,0.02,0,0,0,0,0.38,0.09,0.01,0.06,0,0,0,0.23,0.01,0.03,0,0,0,0,0,0,0,0,0.03,0,0,0.01,0,0,0,0,0,0,0.01,0,0,0,0,0,0.01,0,0,0,0,0.07,0,0,0,0,0,0,0,0.04,0.01,0,0.01,0,0,0,0,0,0,0,0,0,0,0,0.01,0,0.02,0,0,0,0.09,0,0,0,0.28,0,0,0,0.01,0,0,0,0,0,0,0,0,0,0,0,0,0,0,0,0,0,0,0,0,0,0,0,0,0,0,0,0,0,0,0,0,0,0,0,0,0,0,0,0,0,0,0,0,0,0,0,0,0,0,0,0,0,0,0,0,0,0,0,0,0
PS,NH2,116,42.8,HP,76.92,100,20000,60,25,other,sphere,water,7,116,0.126944444,water,1,37,1,Anionic,0.67,0.5,0.26,0,53.19,0.2,6.45,0.14,0,0.14,1.18,0.19,15.97,2.16,0.84,0.33,0.05,0,0.2,2.78,0.6,0.03,0.09,0,0,0.35,0.33,0.16,0,0.05,0,0.16,0.1,0.25,0.91,0.22,0,0.49,0.17,0.21,0.25,0.13,0.17,0,0.59,0,0.08,0,0,1.2,0.98,0,0.09,0.2,0,1.22,0.03,0,0,0.1,0,0,0,0,0,0,0,0,0.01,0,0.04,0.06,0,0.22,0,0.01,0.61,0,0.05,0,0,0,0,0.01,0.74,0,0,0,0,0,0,0,0.15,0,0.28,0,0,0,0,0,0,0,0.38,0,0,0,0,0,0,0,0.06,0,0,0,0,0,0,0,0,0,0,0,0,0,0,0,0,0,0.22,0,0,0,0,0,0.29,0,0,0,0,0,0,0,0.07,0.23,0,0,0,0,0,0,0.1,0.01,0,0,0,0,0,0,0,0,0,0,0,0,0,0,0,0,0,0,0,0,0,0,0,0,0,0
PS,NH2,116,42.8,HP,76.92,100,20000,60,25,other,sphere,water,7,116,0.126944444,water,1,37,1,Anionic,0.41,0.63,0.54,0.12,46.68,19.03,0.48,7.28,0,0,0.07,0.08,0.45,0.11,0,0,0,0.25,0,0,0.7,0.01,0.25,0,4.48,0,0,0.14,0,0,0,0,0,0,0,0.2,6.3,0,0,0,0.27,0,0,0,0,0,0,0.01,10.77,0,0,0,0,0,0,0,0,0,0,0,0,0,0,0,0,0,0,0,0,0,0,0,0,0,0.18,0,0,0,0,0,0,0.05,0,0,0,0,0,0.02,0,0,0,0,0,0,0,0,0,0,0,0,0,0,0,0,0,0,0,0,0,0,0,0,0.04,0,0,0,0,0,0,0,0,0,0,0,0,0,0,0,0,0,0,0,0,0,0,0,0,0,0,0,0,0,0,0,0,0,0,0,0,0,0,0,0.03,0,0,0,0,0,0,0,0,0,0,0,0,0,0,0,0,0,0,0,0,0,0,0,0,0
PS,NH2,116,42.8,HP,76.92,100,20000,60,25,other,sphere,water,7,116,0.126944444,water,1,37,1,Anionic,0.49,0.5,0.24,0,58.88,0.18,7.33,0.17,0,0.15,1.31,0.18,10.85,1.81,0.8,0.34,0.07,0,0.16,2.18,0.5,0.05,0,0.08,0.19,0.29,0.37,0.1,0,0.09,0,0.11,0.1,0.06,0.95,0.21,0.23,0.48,0.16,0.19,0.25,0.11,0.17,0.02,0.11,0,0.08,0,0.45,1.13,0.87,0,0.11,0.3,0,1.03,0,0,0,0.12,0,0,0,0,0,0,0,0.01,0.01,0,0.06,0.08,0,0.19,0,0,0.44,0,0.02,0,0,0,0,0,1.1,0,0,0,0,0,0,0,0.15,0,0.26,0,0,0,0,0,0,0,0.19,0,0,0,0,0,0,0,0.06,0,0,0,0,0,0,0,0,0,0,0,0,0,0,0.01,0,0,0.2,0,0,0,0,0,0.28,0,0,0,0,0,0,0,0.07,0.2,0,0,0,0,0,0,0.08,0.01,0,0,0,0,0,0,0,0,0,0,0,0,0,0,0,0,0,0,0,0,0,0,0,0,0,0
PS,NH2,116,42.8,HP,76.92,100,20000,60,25,other,sphere,water,7,116,0.126944444,water,1,37,1,Anionic,0.45,0.05,0.09,0.03,39.35,10.5,1.11,5.44,0,0.01,0.02,0.01,0.64,0.05,0,0.04,0,0.21,0,0,0.26,0.1,0.14,0.02,7.62,0,0,0,0,0,0,0,0.72,0.09,0.17,0.01,11.15,0.44,0,0,0.22,0,0,0.01,0,0,0,0,19.74,0.03,0,0,0,0,0,0,0,0,0,0,0,0,0.22,0,0,0,0,0,0,0,0,0,0,0,0.21,0,0,0,0,0,0,0.12,0,0,0.04,0,0,0.01,0,0,0,0,0,0.05,0,0,0.11,0,0,0,0,0.04,0,0,0,0,0,0,0,0,0,0,0,0,0,0,0,0,0,0,0,0,0,0,0,0,0,0,0,0,0,0,0,0,0,0,0,0,0,0,0,0,0,0,0,0,0,0,0,0,0,0,0.01,0,0,0,0,0,0,0,0,0,0,0,0,0,0,0,0,0,0,0,0,0.02,0,0,0,0
PS,NH2,116,42.8,HP,76.92,100,20000,60,25,other,sphere,water,7,116,0.126944444,water,1,37,1,Anionic,0.61,0.55,0.23,0,45.04,0.16,9.77,0.11,0,0.13,1.13,0.14,15.45,0.87,0.77,0.59,0.06,0,0.12,2.21,0.55,0.04,0.05,0.11,0.53,0.19,0.38,0.14,0,0.09,0,0.09,0.1,0.2,0.65,0.22,0.61,0.46,0.18,0.16,0.2,0.1,0.14,0.02,0.08,0,0.04,0,1.18,1.05,0.47,0,0.03,0.2,0,1.94,0.16,0,0,0.14,0,0,0,0,0,0,0,0,0.01,0,0.02,0.01,0,0.18,0,0,0.47,0,0.05,0,0,0,0,0,6.39,0,0,0,0,0,0,0,0.16,0,0.13,0,0,0,0,0,0,0,0.22,0,0,0,0,0,0,0,0.03,0,0,0,0,0,0,0,0,0,0,0,0,0,0,0,0,0,0.2,0,0,0,0,0,0.59,0,0,0,0,0,0,0,0.05,0.18,0,0,0,0,0,0,0.05,0.02,0,0,0,0,0,0,0,0,0,0,0,0,0,0,0,0,0,0,0,0,0,0,0,0,0,0
Fe3O4,SiO2,44,-11.24,HP,100,1000,3500,15,4,metal,sphere,cell culture,7.4,391.7,0.126944444,water,1,37,1,Neutral,0.17922007,2.095044203,3.02283199,3.308586708,8.877629128,2.732952616,5.27194917,0.42197544,2.180470763,1.423279169,0.047396283,3.293941209,1.227031558,0,0.122091485,0,4.127073213,0,0.292143957,1.437221057,0.278864489,0.697908025,0.048793147,0,7.533685394,0,0.281647816,0.921581345,0,0,0,0,0.396549772,0.608986611,0,0.231360392,7.248145705,0.429221803,0.185948674,0.733747774,0,0.051796618,0.270489099,0,0.065544391,1.016261666,0,0.140259926,6.751439104,0.514395868,0,1.01013614,0.160652723,0,0,0.343017819,1.2483339,0,0,0,0,0,0,0,0,1.008410795,0.248301535,0.687564234,0.31051288,1.077654402,0,0,0.30042179,0,0,0,0,0,0,0,0,0.201259262,1.045626656,0,0,0.01466401,5.92343403,0,0,0,0,0.941344483,0,0,0,0,0,0.151122941,0,0,0,0,0.181615157,0,0,0.174741954,0.126383778,0,0,0.112966499,0,0,0,1.277769043,0,0,0,0,0,0,2.232059953,0,0.117342896,0,0,0,0,0.095662466,0,0,0,0,0,0.54706406,0,0,0,0,0,0,0,0,0,0,0,0,0,0,0,0,0,0,0,0.090325209,0,0,0.035786397,0.765001176,0,0,0,0.1424151,0,0,0,0,0.516394453,0,0.04298861,0,0.176430098,0,0,0,0,0,0,0
Fe3O4,SiO2,44,-19.92,HP,100,1000,3500,15,4,metal,sphere,cell culture,7.4,124.8,0.126944444,water,1,37,1,Neutral,0.17922007,2.095044203,3.02283199,3.308586708,8.877629128,2.732952616,5.27194917,0.42197544,2.180470763,1.423279169,0.047396283,3.293941209,1.227031558,0,0.122091485,0,4.127073213,0,0.292143957,1.437221057,0.278864489,0.697908025,0.048793147,0,7.533685394,0,0.281647816,0.921581345,0,0,0,0,0.396549772,0.608986611,0,0.231360392,7.248145705,0.429221803,0.185948674,0.733747774,0,0.051796618,0.270489099,0,0.065544391,1.016261666,0,0.140259926,6.751439104,0.514395868,0,1.01013614,0.160652723,0,0,0.343017819,1.2483339,0,0,0,0,0,0,0,0,1.008410795,0.248301535,0.687564234,0.31051288,1.077654402,0,0,0.30042179,0,0,0,0,0,0,0,0,0.201259262,1.045626656,0,0,0.01466401,5.92343403,0,0,0,0,0.941344483,0,0,0,0,0,0.151122941,0,0,0,0,0.181615157,0,0,0.174741954,0.126383778,0,0,0.112966499,0,0,0,1.277769043,0,0,0,0,0,0,2.232059953,0,0.117342896,0,0,0,0,0.095662466,0,0,0,0,0,0.54706406,0,0,0,0,0,0,0,0,0,0,0,0,0,0,0,0,0,0,0,0.090325209,0,0,0.035786397,0.765001176,0,0,0,0.1424151,0,0,0,0,0.516394453,0,0.04298861,0,0.176430098,0,0,0,0,0,0,0
DOTAP/DOPC/DC-Chol/DOPE/DOPE-PEG2k,PEG,60,58.4,HP,50,500,84000,30,4,liposome,sphere,buffer,7.4,60,0.126944444,water,1,37,1,Neutral,1.02,5.21,1.66,1.95,2.46,0.9,5.79,0.84,1.47,0.45,1.22,0.21,0.05,3.42,0.32,0.82,0.24,3.14,0.81,0.57,0.66,0.28,1.17,1.69,0.83,0.79,0.16,0.27,1.12,0.11,1.19,0,0.96,0,0.4,0.02,1.07,0.26,0.26,0.09,0.22,0,0.77,0.21,0.55,1.22,0,0.62,0.98,0.14,0.8,0.13,0.38,0.53,0.05,0.69,0.06,0.75,0.3,0.81,1.31,0.15,0.68,0.04,0.32,0.99,0,1.17,0.14,1.79,0.41,0.2,0.65,0.08,0,0.15,0.37,0,0,0.2,0.55,1.47,0.02,0.33,0,0,0,0.17,0.64,0.11,0.31,0.65,0.24,0.13,0.03,0.05,0.13,0.19,0.49,2.58,0.08,0.3,0,0,0.27,0.08,0,0.38,0,1.22,0.13,0.32,0.15,0,0.05,0.2,0.53,0.28,0.2,0.01,0,0.65,0.24,0,0.16,0,0.13,0.09,0.05,0.36,0.16,1.08,0,0.26,0,0,0.02,0,0.51,0,0.06,0.19,0.02,0.19,0.05,0,0.07,0.3,0,0.14,0.04,0,1.17,0.24,0.19,0,0.14,0,0.17,0,0,0.05,0,0,0.09,0.06,0,0,0.1,0.3,0.01,0.41,0,0,0,0.38,0.46,0
PS,none,115,51,HP,90,600,15300,20,4,other,sphere,buffer,7.4,117,0.011,buffer,0.5,37,1,Neutral,2.59,0.6,10.59,0.59,20.87,2.08,9.9,0.94,0.76,0.63,1.15,0.72,7.88,1.1,0.41,0.69,0.2,1.51,0,0.75,0.17,0.31,1.23,0,0.48,0.21,0.47,1.7,3.89,0.24,0.59,0.51,0.3,0.4,1.3,0.41,0.05,2.95,0.11,0.11,0.28,0.22,0.17,0.57,0.12,0.37,0.08,0.07,0.09,0.4,0,0.13,0.13,0.87,0,0.98,0,0.46,0.06,0.11,0.2,1.24,0.05,0,0.91,0.71,0,0.92,0.28,0.56,0.1,0.06,0.08,0.08,0.16,0.27,0.15,0,0.15,0.21,0,0.81,0,0.16,1.03,0,0.37,0.35,0.04,0,0,0.06,0.17,0,0.33,0.05,0,0,0.27,0.56,0.11,0.1,0.1,0.29,0,0,0,0,0,0.37,0,0,0.04,0.13,0,0,0,0.11,0,0,0.12,0.06,0,0,0.11,0,0,0,0.06,0.05,0,0.1,0.28,0.09,0.24,0,0,0,0.06,0,0,0.06,0,0,0.1,0,0,0,0,0,0.05,0.1,0.26,0,0.06,0,0.04,0,0,0,0,0,0,0,0,0,0,0,0.04,0.03,0,0,0,0,0,0,0.04,0
PS,none,115,51,HP,90,600,15300,20,4,other,sphere,buffer,7.4,117,0.011,buffer,2,37,1,Neutral,2.32,0.44,13.93,0.85,18.78,3.35,9.34,1.97,0.86,0.71,0.89,0.48,7.22,1.01,0.32,0.68,0.12,3.79,0,0.54,0.22,0.32,1.76,0,0.46,0.19,0.3,1.89,3.13,0.31,0.62,0.42,0.35,0.39,1.04,0.31,0.06,2.37,0.09,0.1,0.24,0.26,0.15,0.5,0.09,0.36,0.06,0.07,0.09,0.31,0,0.09,0.09,0.76,0,0.63,0,0.57,0.08,0.1,0.33,0.65,0.05,0,0.54,0.93,0,0.61,0.17,0.35,0.07,0.04,0.06,0.06,0.19,0.2,0.11,0,0.13,0.44,0,0.7,0,0.15,0.83,0,0.2,0.18,0.03,0,0,0.04,0.15,0,0.28,0.05,0,0,0.29,0.46,0.12,0.09,0.07,0.23,0,0,0,0,0,0.33,0,0,0.03,0.13,0,0,0,0.08,0,0,0.12,0.07,0,0,0.11,0,0,0,0.05,0.06,0,0.13,0.24,0.14,0.19,0,0,0,0.09,0,0,0.08,0,0,0.16,0,0,0,0,0,0.04,0.08,0.27,0,0.08,0,0.05,0,0,0,0,0,0,0,0,0,0,0,0.06,0.04,0,0,0,0,0,0,0.04,0
PS,none,115,51,HP,90,600,15300,20,4,other,sphere,buffer,7.4,117,0.011,buffer,5,37,1,Neutral,1.06,0.79,14.26,0.92,23.06,3.91,7.39,3.55,1.1,0.76,1.19,0.24,5.82,1.14,0.52,0.55,0.1,5.2,0,1.07,0.23,0.2,1.98,0,0.06,0.16,0.27,0.35,2.8,0.29,0.52,0.37,0.23,0.4,1.29,0.23,0.01,1.21,0.12,0.08,0.26,0.13,0.15,0.12,0.1,0.3,0.06,0.08,0.02,0.59,0,0.07,0.12,0.76,0,1.09,0,0.67,0.08,0.07,0.44,0.48,0.04,0,0.35,0.74,0,0.45,0.1,0.25,0.07,0.08,0.07,0.11,0.09,0.53,0.26,0,0.07,0.19,0,0.48,0,0.07,1.12,0,0.13,0.15,0.05,0,0,0.04,0.14,0,0.29,0.04,0,0,0.25,0.25,0.05,0.08,0.12,0.2,0,0,0,0,0,0.28,0,0,0.07,0.08,0,0,0,0.07,0,0,0.08,0.04,0,0,0.1,0,0,0,0.1,0.05,0,0.1,0.21,0.11,0.19,0,0,0,0.08,0,0,0.07,0,0,0.12,0,0,0,0,0,0.09,0.08,0.27,0,0.06,0,0.04,0,0,0,0,0,0,0,0,0,0,0,0.06,0.05,0,0,0,0,0,0,0.04,0
PS,none,115,51,HP,90,600,15300,20,4,other,sphere,buffer,7.4,117,0.011,buffer,15,37,1,Neutral,1.73,2.42,10.21,0.94,14.54,2.96,5.97,3.92,0.89,0.52,0.45,0.22,7.35,1.62,0.16,0.68,0.1,4.63,0,0.27,0.24,0.39,1.86,0,0.18,0.27,0.58,0.5,2.43,0.23,1.39,0.46,0.22,0.46,0.95,0.2,0,0.86,0,0.08,0.14,0.17,0.14,0.15,0.05,0.9,0,0.23,0,0.17,0,0.19,0.18,0.73,0,0.17,0,1,0.16,0.09,0.37,1,0.08,0,0.99,2.58,0,1.3,0.1,0.7,0.02,0,0,0,0.04,0.76,0.04,0,0.1,0.23,0,2.12,0,0.17,0.53,0,0.19,0.23,0.08,0,0,0.06,0.14,0,0.57,0.21,0,0,0.31,1.24,0.18,0.26,0.3,0.4,0,0,0,0,0,1.44,0,0,0.21,0.06,0,0,0,0.13,0,0,0.24,0.26,0,0,0.12,0,0,0,0.01,0.16,0,0.55,0.25,0.37,0.28,0,0,0,0.25,0,0,0.23,0,0,0.05,0,0,0,0,0,0,0.02,0.99,0,0.23,0,0.14,0,0,0,0,0,0,0,0,0,0,0,0.17,0.12,0,0,0,0,0,0,0.15,0
PS,none,115,51,HP,90,600,15300,20,4,other,sphere,buffer,7.4,117,0.011,buffer,30,37,1,Neutral,1.19,1.47,8.37,1.21,18.98,5.66,6.89,6.69,1.42,0.82,0.75,0.26,7.93,0.87,0.24,0.51,0.14,5.59,0,0.24,0.23,0.33,2.5,0,0.04,0.23,0.2,0.37,2.18,0.32,0.91,0.37,0.27,0.46,0.76,0.19,0,2.23,0.07,0.11,0.27,0.13,0.17,0.12,0.09,0.52,0.05,0.24,0.01,0.13,0,0.14,0.15,0.63,0,0.38,0,0.72,0.1,0.05,0.4,0.67,0.05,0,0.54,1.15,0,1.21,0.16,0.6,0.07,0.05,0.09,0.04,0.11,0.61,0.06,0,0.07,0.2,0,0.88,0,0.06,0.57,0,0.17,0.15,0.1,0,0,0.06,0.11,0,0.24,0.11,0,0,0.25,0.7,0.09,0.13,0.06,0.23,0,0,0,0,0,0.48,0,0,0.11,0.07,0,0,0,0.08,0,0,0.06,0.13,0,0,0.15,0,0,0,0.03,0.07,0,0.17,0.15,0.22,0.1,0,0,0,0.14,0,0,0.11,0,0,0.09,0,0,0,0,0,0.01,0.09,0.41,0,0.11,0,0.07,0,0,0,0,0,0,0,0,0,0,0,0.09,0.07,0,0,0,0,0,0,0.07,0
PS,none,115,51,HP,90,600,15300,20,4,other,sphere,buffer,7.4,117,0.011,buffer,60,37,1,Neutral,1.04,1.58,11.1,0.78,20.84,2.24,6.12,4.13,0.78,0.62,0.62,0.28,5.31,1.31,0.34,0.4,0.09,4.47,0,0.63,0.2,0.32,1.46,0,0.11,0.17,0.76,0.42,2.54,0.19,1.36,0.15,0.21,0.53,1.07,0.22,0,0.86,0.11,0.09,0.17,0.18,0.14,0.1,0.09,0.7,0.07,0.23,0,0.28,0,0.09,0.18,0.65,0,0.51,0,1.13,0.11,0.05,0.37,0.54,0.09,0,0.38,1.36,0,0.53,0.09,0.3,0.06,0.08,0.1,0.08,0.08,0.46,0.16,0,0.08,0.26,0,2.28,0,0.09,0.87,0,0.1,0.12,0.09,0,0,0.07,0.11,0,0.22,0.23,0,0,0.23,0.81,0.11,0.2,0.09,0.2,0,0,0,0,0,0.9,0,0,0.12,0.06,0,0,0,0.11,0,0,0.15,0.26,0,0,0.1,0,0,0,0.05,0.1,0,0.29,0.18,0.25,0.22,0,0,0,0.19,0,0,0.12,0,0,0.09,0,0,0,0,0,0.07,0.04,1.13,0,0.17,0,0.09,0,0,0,0,0,0,0,0,0,0,0,0.12,0.07,0,0,0,0,0,0,0.55,0
PS,none,115,51,HP,90,600,15300,20,4,other,sphere,buffer,7.4,117,0.011,buffer,120,37,1,Neutral,1.57,1.34,7.55,0.82,17.26,1.82,7.9,3.59,0.68,0.64,0.64,0.29,6.69,1.59,0.4,0.61,0.21,3.19,0,0.68,0.21,0.4,1.41,0,0.14,0.21,0.89,0.52,2.96,0.16,1.63,0.42,0.29,0.66,1.22,0.23,0,1.42,0.14,0.1,0.13,0.28,0.16,0.11,0.1,0.85,0.06,0.3,0,0.27,0,0.13,0.23,0.67,0,0.59,0,0.89,0.12,0.08,0.31,0.64,0.11,0,0.55,1.36,0,1.33,0.09,0.82,0.07,0.07,0.12,0.08,0.11,0.46,0.16,0,0.09,0.3,0,2.1,0,0.11,1,0,0.14,0.1,0.09,0,0,0.08,0.14,0,0.29,0.3,0,0,0.22,0.72,0.1,0.22,0.11,0.28,0,0,0,0,0,1.04,0,0,0.13,0.03,0,0,0,0.13,0,0,0.2,0.22,0,0,0.15,0,0,0,0.06,0.11,0,0.39,0.26,0.29,0.24,0,0,0,0.25,0,0,0.12,0,0,0.11,0,0,0,0,0,0.07,0.09,0.86,0,0.2,0,0.12,0,0,0,0,0,0,0,0,0,0,0,0.13,0.08,0,0,0,0,0,0,0.67,0
SiO2,NH2,30.2,-10,HP,90,60,15300,20,4,other,sphere,buffer,7.4,31,0.104,buffer,0.5,37,1,Anionic,1.32,2.12,3.13,1.41,2.33,1.14,2.05,0.77,1.04,1.08,0.34,0.96,0.77,0.27,0.62,0.33,1.92,0.25,2.95,0.76,0.06,1.65,1,0.38,0.65,2.05,0.19,0.83,1.28,0.31,0.31,0.46,1.36,0.74,1.17,1.53,0.07,1.06,0.18,0.6,0.16,1.15,0.44,0.27,0.29,0.14,0.24,0.66,0.03,0.4,0.52,1.06,1.03,0.64,0.5,0.61,1.41,0.73,0.13,0.23,0.17,1.45,0.42,0.1,0.81,0.04,0.72,1.21,0.08,0.87,1.64,0.13,0.66,0.12,0.41,0.93,0.3,0.49,0.23,0.27,0.18,0.47,0.74,0.13,1.4,0.35,0.5,0.02,0.44,0.25,0.33,0.29,0.15,0.11,0.33,0.16,0.05,0.33,0.94,0.46,0.05,0.07,0.1,0.38,0.19,0.31,0.14,0,0.08,0,0.17,0.75,0.24,0.85,0.4,0.8,0.4,0.15,0.62,0.4,0.44,0.08,0.02,0.03,0.33,0.57,0.38,0.71,0.04,0.03,0.22,0,0.37,0.09,0,0.14,0.24,0.18,0.18,0.06,0.63,0,0.09,0,0.02,0.11,0.08,0.06,0.05,0.1,0.43,0.05,0,0,0.1,0.22,0.08,1.03,0.02,0.23,0.02,0.05,0,0.49,0.06,0.09,0.22,0.29,0.2,0.02,0.2,0.04,0,0.02,0.34,0.6,0,0.07
SiO2,NH2,30.2,-10,HP,90,60,15300,20,4,other,sphere,buffer,7.4,31,0.104,buffer,2,37,1,Anionic,1.15,2.07,2.67,1.4,2.36,1.14,2.22,0.89,1.38,1.16,0.33,1,0.82,0.3,0.6,0.33,1.69,0.24,2.75,0.74,0.06,1.68,0.85,0.36,0.51,2.26,0.22,0.8,1.28,0.37,0.29,0.51,1.4,0.93,1.15,1.68,0.04,0.86,0.18,0.64,0.18,0.97,0.43,0.22,0.27,0.21,0.22,0.71,0.03,0.46,0.53,1,1,0.59,0.53,0.58,1.71,0.82,0.17,0.2,0.18,1.4,0.39,0.1,0.9,0.05,0.59,1.1,0.1,0.85,1.53,0.12,0.63,0.11,0.46,0.93,0.29,0.42,0.21,0.27,0.21,0.54,0.64,0.12,1.25,0.35,0.46,0.02,0.37,0.25,0.36,0.25,0.13,0.11,0.32,0.2,0.07,0.38,1.07,0.44,0.06,0.14,0.08,0.37,0.16,0.32,0.14,0,0.08,0,0.15,0.73,0.22,0.92,0.31,0.72,0.44,0.13,0.63,0.26,0.52,0.1,0.02,0.02,0.33,0.55,0.46,0.89,0.07,0.02,0.19,0,0.39,0.06,0,0.12,0.26,0.19,0.19,0.06,0.54,0,0.1,0,0.03,0.14,0.03,0.07,0.04,0.1,0.44,0.05,0,0,0.04,0.21,0.08,0.46,0,0.22,0.03,0.04,0,0.41,0.18,0.08,0.28,0.33,0.19,0.1,0.26,0.04,0,0,0.35,0.69,0,0.08
SiO2,NH2,30.2,-10,HP,90,60,15300,20,4,other,sphere,buffer,7.4,31,0.104,buffer,5,37,1,Anionic,1.33,2.15,2.45,1.27,2.37,1.15,2.17,0.49,1.28,1.23,0.39,1.05,1.25,0.56,0.56,0.31,1.89,0.38,2.68,0.83,0.16,1.52,1.07,0.59,0.67,2.31,0.19,0.65,1.37,0.34,0.29,0.56,1,0.74,1.12,1.71,0.03,0.76,0.18,0.7,0.16,1.09,0.66,0.38,0.27,0.16,0.24,0.72,0.03,0.42,0.49,0.81,1.04,0.55,0.56,0.61,1.59,0.91,0.11,0.15,0.23,1.15,0.29,0.03,0.63,0.07,0.65,1.1,0.08,0.82,1.21,0.11,0.67,0.13,0.55,1.17,0.35,0.41,0.21,0.28,0.2,0.47,0.78,0.15,1.2,0.42,0.67,0.02,0.55,0.27,0.49,0.4,0.14,0.2,0.3,0.09,0.05,0.29,0.8,0.42,0.12,0.08,0.13,0.34,0.13,0.34,0.2,0,0.09,0,0.22,0.74,0.22,0.77,0.23,1.01,0.44,0.11,0.43,0.4,0.38,0.09,0.03,0.05,0.23,0.52,0.49,0.57,0.05,0.06,0.16,0,0.38,0.09,0,0.15,0.22,0.17,0.12,0.06,1.02,0.02,0.12,0,0.02,0.11,0.06,0.05,0.07,0.1,0.47,0.06,0,0,0.05,0.18,0.04,0.58,0.03,0.25,0.02,0.07,0,0.43,0.06,0.07,0.24,0.2,0.17,0.03,0.32,0.07,0,0.01,0.31,0.59,0,0.1
SiO2,NH2,30.2,-10,HP,90,60,15300,20,4,other,sphere,buffer,7.4,31,0.104,buffer,15,37,1,Anionic,1.29,1.98,3.02,1.3,2.37,1.25,2.2,0.65,1.22,1.26,0.35,0.93,1.25,0.32,0.62,0.43,1.71,0.26,2.55,0.79,0.06,1.62,1.1,0.48,0.61,2.41,0.17,0.76,1.34,0.38,0.28,0.51,1.09,0.72,1.14,1.75,0.03,0.86,0.19,0.75,0.27,0.92,0.54,0.26,0.42,0.13,0.25,0.83,0.02,0.41,0.5,0.96,1.03,0.44,0.4,0.6,1.51,0.85,0.02,0.17,0.17,1.2,0.35,0.05,0.76,0.05,0.61,1.09,0.09,0.78,1.42,0.11,0.59,0.11,0.57,1.08,0.33,0.37,0.22,0.3,0.18,0.57,0.56,0.14,1.37,0.41,0.53,0.03,0.6,0.24,0.38,0.39,0.15,0.14,0.34,0.13,0.05,0.36,0.85,0.4,0.07,0.1,0.08,0.36,0.16,0.54,0.11,0,0.14,0,0.21,0.64,0.16,0.88,0.19,0.93,0.43,0.13,0.54,0.45,0.41,0.12,0.03,0.03,0.27,0.46,0.44,0.61,0.05,0.05,0.15,0,0.32,0.08,0,0.14,0.23,0.18,0.15,0.06,0.72,0,0.09,0,0.02,0.11,0.1,0.07,0.06,0.13,0.4,0.05,0,0,0.04,0.15,0.14,0.69,0.03,0.24,0.02,0.05,0,0.4,0.1,0.1,0.33,0.17,0.2,0.03,0.26,0.22,0,0.02,0.41,0.61,0,0.1
SiO2,NH2,30.2,-10,HP,90,60,15300,20,4,other,sphere,buffer,7.4,31,0.104,buffer,30,37,1,Anionic,1.31,2.04,2.92,1.21,2.37,1.15,2.43,0.54,1.28,1.23,0.38,1.09,1.06,0.43,0.62,0.41,1.72,0.31,2.43,0.87,0.1,1.65,1.25,0.69,0.67,2.48,0.22,0.67,1.45,0.34,0.27,0.58,0.84,0.86,1.12,1.77,0.05,0.76,0.19,0.71,0.18,1.05,0.43,0.29,0.25,0.13,0.24,0.84,0.04,0.46,0.54,0.85,1.05,0.64,0.42,0.6,1.66,0.85,0.06,0.18,0.23,0.89,0.28,0.03,0.66,0.06,0.54,1.08,0.08,0.78,1.22,0.11,0.6,0.12,0.58,1.14,0.35,0.38,0.22,0.29,0.18,0.26,0.81,0.16,1.56,0.46,0.57,0.02,0.56,0.34,0.37,0.38,0.16,0.24,0.34,0.18,0.06,0.37,0.74,0.37,0.09,0.07,0.09,0.41,0.16,0.46,0.14,0,0.12,0,0.26,0.64,0.2,0.8,0.15,0.88,0.44,0.11,0.44,0.52,0.42,0.11,0.04,0.05,0.29,0.45,0.49,0.53,0.06,0.1,0.14,0,0.33,0.11,0,0.12,0.22,0.18,0.13,0.07,0.59,0.01,0.12,0,0.02,0.13,0.15,0.08,0.07,0.14,0.45,0.05,0,0,0.1,0.16,0.09,0.7,0.02,0.28,0.02,0.06,0,0.34,0.04,0.1,0.25,0.18,0.18,0.06,0.33,0.07,0,0.02,0.37,0.51,0,0.06
SiO2,NH2,30.2,-10,HP,90,60,15300,20,4,other,sphere,buffer,7.4,31,0.104,buffer,60,37,1,Anionic,1.15,2.39,2.31,1.35,1.76,1.21,2.09,0.49,1.45,1.46,0.21,1.15,1.4,0.21,0.41,0.28,2.07,0.58,2.7,0.46,0.11,1.56,1.14,1.01,0.57,2.31,0.12,0.51,1.34,0.32,0.26,0.42,0.69,0.95,0.97,1.92,0.05,0.78,0.1,0.76,0.15,1.12,0.4,0.31,0.28,0.17,0.24,0.73,0.03,0.33,0.4,0.78,1.11,0.33,0.28,0.35,1.59,0.96,0.11,0.14,0.51,0.94,0.37,0.03,0.64,0.07,0.69,1.25,0.07,0.96,1.16,0.09,0.8,0.06,0.52,1.18,0.19,0.43,0.18,0.33,0.2,0.3,1.03,0.14,1.09,0.37,0.88,0.03,0.51,0.27,0.58,0.5,0.11,0.14,0.32,0.13,0.05,0.37,0.75,0.48,0.22,0.06,0.15,0.31,0.14,0.44,0.21,0,0.21,0,0.19,0.95,0.31,0.78,0.11,1.1,0.65,0.13,0.47,0.78,0.52,0.05,0.1,0.07,0.22,0.56,0.55,0.63,0.07,0.17,0.09,0,0.29,0.09,0,0.22,0.28,0.17,0.16,0.06,0.84,0.04,0.05,0,0.01,0.13,0.1,0.03,0.11,0.15,0.35,0.03,0,0,0.05,0.24,0.05,1.07,0.06,0.19,0.03,0.05,0,0.43,0.04,0.08,0.26,0.26,0.16,0.02,0.15,0.1,0,0.04,0.59,0.39,0,0.07
SiO2,NH2,30.2,-10,HP,90,60,15300,20,4,other,sphere,buffer,7.4,31,0.104,buffer,120,37,1,Anionic,1.07,2.37,3.01,1.38,1.49,1.34,1.96,0.48,1.32,1.42,0.16,1.05,1.03,0.2,0.34,0.32,2.16,0.48,2.84,0.36,0.09,1.67,1.11,1.06,0.55,2.31,0.1,0.5,1.28,0.37,0.25,0.37,0.75,0.96,1.04,1.78,0.03,0.78,0.1,0.71,0.15,1.18,0.56,0.23,0.36,0.1,0.25,0.77,0.02,0.34,0.48,0.85,1.14,0.49,0.36,0.31,1.67,0.97,0.03,0.14,0.34,1.17,0.33,0.05,0.61,0.09,0.69,1.33,0.1,0.97,1.63,0.08,0.82,0.08,0.55,1.14,0.16,0.38,0.18,0.31,0.2,0.32,1.13,0.11,0.89,0.35,0.99,0.03,0.58,0.28,0.61,0.5,0.12,0.16,0.39,0.09,0.06,0.43,0.77,0.53,0.09,0.05,0.08,0.28,0.21,0.34,0.2,0,0.16,0,0.17,0.92,0.31,0.79,0.11,1.13,0.49,0.1,0.54,0.49,0.46,0.06,0.03,0.12,0.28,0.58,0.47,0.69,0.08,0.12,0.2,0,0.26,0.06,0,0.23,0.29,0.17,0.19,0.05,0.8,0.02,0.05,0,0.02,0.13,0.1,0.08,0.12,0.15,0.32,0.03,0,0,0.05,0.23,0.05,0.68,0.04,0.2,0.02,0.06,0,0.53,0.1,0.07,0.26,0.28,0.17,0.04,0.16,0.1,0,0.02,0.29,0.35,0,0.07
SiO2,none,31.4,-14,HP,90,60,15300,20,4,other,sphere,plasma,7.4,48,0.004,buffer,0.5,37,1,Neutral,0.71,1.85,15.16,0.4,13.21,1.15,8.72,0.93,1.57,0.47,0.78,1.91,4.67,1.74,0.5,0.83,0.66,0.57,0,1.25,0.15,1.09,0.77,0,0.13,1.06,1.38,0.63,4.44,0.3,0.91,0.3,0.79,0.68,1.73,1.75,0,2.05,0.57,0.42,0.3,0.63,0.39,0,0.46,0.35,0.32,0.27,0,1.35,0,0.13,1.09,0.62,0,1.42,0,0.67,0,0.34,0.05,0.83,0.22,0,0.61,0.55,0.17,0.64,0,0.4,0.69,0.1,0.17,0.14,0.04,0.15,0.17,0,0.07,0.02,0,0.33,0,0.03,1.89,0,0,0.03,0.11,0.15,0.07,0.23,0.2,0,0.62,0,0,0.08,0.89,0,0,0,0.08,0.1,0.18,0,0,0,0.04,0.13,0.23,0,0,0.23,0.1,0.12,0.16,0,0.13,0,0.59,0,0,0,0.14,0.17,0,0.27,0.11,0,0,0.3,0.27,0,0.21,0,0,0,0,0,0,0,0,0,0,0,0,0,0,0,0,0,0.14,0,0,0,0,0,0,0,0,0,0,0,0,0,0.09,0,0,0,0,0,0,0,0,0,0.03,0
SiO2,COOH,27.2,-14,HP,90,60,15300,20,4,other,sphere,plasma,7.4,69,0.068,buffer,0.5,37,1,Anionic,1.71,2.24,2.06,1.08,2.92,0.91,2.64,0.45,0.63,1.11,0.5,1.28,1.42,0.54,0.63,0.43,1.78,0.21,1.76,0.92,0.14,1.45,1.17,0.72,0.66,1.84,0.19,1.45,1.96,0.26,0.23,0.58,1.21,0.87,1.39,1.75,0.04,0.92,0.51,0.54,0.21,1.61,0.91,0.32,0.78,0.13,0.48,0.96,0.02,0.63,0.68,0.85,1.08,0.84,0.76,0.65,0.89,0.38,0.04,0.26,0.09,0.76,0.37,0.09,0.56,0.06,0.56,1.37,0.08,0.82,1.11,0.14,0.39,0.14,0.27,0.69,0.36,0.25,0.27,0.28,0.07,0.51,0.51,0.16,2.01,0.26,0.55,0.06,0.55,0.41,0.58,0.24,0.12,0.14,0.32,0.12,0.09,0.27,0.76,0.59,0.06,0.07,0.24,0.45,0.3,0.29,0.09,0,0.08,0,0.23,0.62,0.18,0.51,0.3,0.75,0.32,0.14,0.32,0.66,0.32,0.28,0.02,0.07,0.19,0.46,0.41,0.44,0.08,0.06,0.09,0,0.33,0.1,0,0.06,0.29,0.12,0.1,0.08,0.64,0.01,0.13,0,0.04,0.09,0.15,0.09,0.09,0.09,0.57,0.06,0,0,0.08,0.14,0.05,0.39,0.02,0.34,0.01,0.16,0,0.48,0.05,0.06,0.15,0.16,0.23,0.06,0.29,0.07,0,0.02,0.31,0.59,0,0.08
SiO2,none,31.4,-14,HP,90,60,15300,20,4,other,sphere,plasma,7.4,48,0.004,buffer,2,37,1,Neutral,1.27,1.38,20.01,1.05,8,2,3.31,0.84,8.64,0.92,0.37,1.59,2.54,0.71,0.55,0.49,0.04,2.67,0,0.53,0.07,0.64,0.83,0,0.16,3.91,0.44,1.46,2.31,0.46,0.36,0.14,2.5,0.17,0.76,4.22,0,0.98,0.18,0.33,0.06,0.28,0.25,0,0.21,0.1,0.15,0.6,0,0.24,0,0.21,3.24,0.32,0,0.54,0,2.94,0,0.21,0.85,0.77,0.38,0,0.68,0.1,0.06,0.08,0,0.07,1.48,0.02,0.3,0.04,0.19,0.72,0.15,0,0.09,0.02,0,0.38,0,0.02,0.58,0,0,0.04,0,0.06,0.05,0.14,0.07,0,0.25,0,0,0.1,1.29,0,0,0,0.01,0.12,0.13,0,0,0,0.03,0.19,0.07,0,0,0.35,0.3,0.12,0.16,0,0.35,0,0.87,0,0,0,0.3,0.12,0,0.28,0.1,0,0,0.14,0.15,0,0.03,0,0,0,0,0,0,0,0,0,0,0,0,0,0,0,0,0,0.15,0,0,0,0,0,0,0,0,0,0,0,0,0,0.2,0,0,0,0,0,0,0,0,0,0.04,0
SiO2,COOH,27.2,-14,HP,90,60,15300,20,4,other,sphere,plasma,7.4,69,0.068,buffer,2,37,1,Anionic,1.8,2.23,2.24,0.97,2.97,0.88,2.91,0.42,0.55,1.09,0.52,1.37,1.81,0.66,0.54,0.47,1.73,0.17,1.48,0.87,0.14,1.46,1.1,0.88,0.76,1.95,0.16,1.23,1.92,0.21,0.17,0.71,1.21,0.68,1.4,1.91,0.03,0.88,0.42,0.61,0.34,1.76,0.85,0.32,0.79,0.12,0.52,1.01,0.02,0.62,0.73,0.79,1.06,0.84,0.74,0.54,0.77,0.35,0.02,0.32,0.07,0.65,0.35,0.09,0.57,0.05,0.51,1.14,0.07,0.79,0.72,0.13,0.31,0.14,0.28,0.76,0.32,0.24,0.31,0.28,0.07,0.28,0.52,0.17,1.73,0.37,0.52,0.06,0.53,0.32,0.65,0.31,0.14,0.27,0.3,0.1,0.05,0.21,0.68,0.61,0.06,0.09,0.24,0.5,0.29,0.31,0.12,0,0.08,0,0.32,0.82,0.19,0.49,0.2,0.78,0.38,0.16,0.28,0.49,0.36,0.27,0.03,0.07,0.15,0.49,0.5,0.46,0.1,0.05,0.09,0,0.35,0.07,0,0.09,0.27,0.11,0.09,0.12,0.54,0.01,0.15,0,0.05,0.11,0.14,0.07,0.08,0.11,0.66,0.06,0,0,0.1,0.14,0.04,0.48,0.02,0.26,0.03,0.15,0,0.38,0.1,0.05,0.16,0.14,0.22,0.03,0.34,0.08,0,0.02,0.32,0.61,0,0.07
SiO2,none,31.4,-14,HP,90,60,15300,20,4,other,sphere,plasma,7.4,48,0.004,buffer,5,37,1,Neutral,1.67,1.15,18.48,0.69,8.17,0.83,5.04,0.87,9.25,0.47,0.28,1.89,3.67,0.68,0.46,0.53,0.04,2.3,0,0.5,0.11,0.28,1.11,0,0.18,3.47,0.24,1.53,2.69,0.39,0.3,0.21,2.98,0.27,0.83,4.17,0,1.59,0.17,0.49,0.07,0.29,0.4,0,0.32,0.09,0.28,0.81,0,0.28,0,0.12,3.11,0.45,0,0.46,0,1.93,0,0.32,0.57,0.84,0.47,0,0.59,0.15,0.1,0.06,0,0.04,1.39,0.03,0.18,0.04,0.1,0.44,0.17,0,0.13,0.01,0,0.24,0,0.02,0.74,0,0,0.05,0,0.13,0.03,0.13,0.09,0,0.35,0,0,0.06,1.01,0,0,0,0.02,0.16,0.32,0,0,0,0.05,0.14,0.11,0,0,0.32,0.38,0.08,0.1,0,0.37,0,0.36,0,0,0,0.26,0.12,0,0.15,0.17,0,0,0.16,0.2,0,0.1,0,0,0,0,0,0,0,0,0,0,0,0,0,0,0,0,0,0.14,0,0,0,0,0,0,0,0,0,0,0,0,0,0.24,0,0,0,0,0,0,0,0,0,0.02,0
SiO2,COOH,27.2,-14,HP,90,60,15300,20,4,other,sphere,plasma,7.4,69,0.068,buffer,5,37,1,Anionic,1.62,2.36,2.09,1.18,2.8,1.12,2.66,0.3,0.67,1.33,0.4,0.95,1.56,0.49,0.5,0.45,1.95,0.32,2.27,0.78,0.1,1.57,1.04,1.03,0.65,2.43,0.13,1.11,1.68,0.32,0.19,0.57,1.11,1.06,1.3,2,0.03,0.75,0.24,0.76,0.14,1.48,0.39,0.26,0.37,0.08,0.26,0.85,0.02,0.43,0.67,0.79,1.15,0.76,0.62,0.54,1.17,0.71,0.03,0.19,0.11,0.74,0.38,0.09,0.57,0.07,0.55,1.26,0.05,0.84,1.15,0.1,0.53,0.11,0.46,0.93,0.28,0.28,0.28,0.4,0.1,0.36,0.56,0.16,1.32,0.31,0.74,0.09,0.41,0.18,0.57,0.35,0.11,0.24,0.3,0.11,0.07,0.21,0.77,0.54,0.06,0.05,0.2,0.41,0.16,0.24,0.17,0,0.09,0,0.25,0.84,0.23,0.58,0.26,0.84,0.4,0.12,0.34,0.47,0.37,0.34,0.02,0.08,0.17,0.5,0.55,0.5,0.09,0.11,0.16,0,0.29,0.11,0,0.09,0.32,0.12,0.13,0.07,0.79,0.02,0.09,0,0.03,0.11,0.16,0.08,0.1,0.09,0.6,0.05,0,0,0.05,0.17,0.03,0.48,0.03,0.23,0.01,0.08,0,0.47,0.06,0.07,0.22,0.2,0.2,0.02,0.34,0.09,0,0.03,0.28,0.56,0,0.08
SiO2,none,31.4,-14,HP,90,60,15300,20,4,other,sphere,plasma,7.4,48,0.004,buffer,15,37,1,Neutral,1.38,0.95,17.25,0.76,10.63,0.87,4.78,0.78,8.51,0.37,0.38,1.88,3.94,0.65,0.54,0.6,0.07,1.66,0,0.49,0.04,0.36,0.78,0,0.17,4.12,0.31,1.62,3.08,0.39,0.41,0.17,2.18,0.22,0.87,4.09,0,1.5,0.2,0.49,0.08,0.21,0.19,0,0.21,0.12,0.14,0.72,0,0.24,0,0.14,3.43,0.48,0,0.52,0,1.93,0,0.3,0.66,1.12,0.27,0,0.66,0.18,0.1,0.11,0,0.06,1.42,0.02,0.2,0.04,0.06,0.62,0.15,0,0.12,0.02,0,0.45,0,0.03,0.94,0,0,0.02,0,0.12,0.03,0.13,0.1,0,0.45,0,0,0.07,1.01,0,0,0,0.01,0.17,0.26,0,0,0,0.05,0.18,0.11,0,0,0.42,0.25,0.08,0.12,0,0.23,0,0.55,0,0,0,0.23,0.07,0,0.14,0.09,0,0,0.21,0.19,0,0.09,0,0,0,0,0,0,0,0,0,0,0,0,0,0,0,0,0,0.16,0,0,0,0,0,0,0,0,0,0,0,0,0,0.17,0,0,0,0,0,0,0,0,0,0.04,0
SiO2,COOH,27.2,-14,HP,90,60,15300,20,4,other,sphere,plasma,7.4,69,0.068,buffer,15,37,1,Anionic,1.14,2.13,2.24,1.27,2.75,1.22,2.38,0.41,0.69,1.47,0.42,0.98,1.45,0.37,0.55,0.33,1.91,0.43,2.55,0.77,0.1,1.47,1.05,0.75,0.53,2.31,0.16,1.29,1.34,0.44,0.2,0.45,0.88,0.97,1.17,1.78,0.03,0.81,0.28,0.59,0.24,1.08,0.38,0.32,0.31,0.1,0.27,0.77,0.02,0.37,0.59,0.8,1.12,0.58,0.69,0.57,1.46,0.76,0.04,0.15,0.14,0.87,0.35,0.11,0.68,0.06,0.54,1.34,0.07,0.9,1.28,0.11,0.68,0.12,0.64,1.17,0.28,0.32,0.18,0.34,0.14,0.51,0.61,0.11,1.18,0.28,0.83,0.12,0.47,0.45,0.41,0.33,0.11,0.19,0.34,0.14,0.04,0.23,0.93,0.59,0.08,0.04,0.18,0.3,0.16,0.3,0.13,0,0.13,0,0.27,0.87,0.25,0.75,0.15,0.94,0.4,0.09,0.4,0.68,0.38,0.32,0.07,0.07,0.18,0.44,0.48,0.51,0.06,0.07,0.11,0,0.25,0.05,0,0.12,0.33,0.13,0.14,0.07,0.84,0.01,0.08,0,0.03,0.1,0.14,0.08,0.11,0.11,0.57,0.05,0,0,0.05,0.17,0.06,0.46,0.03,0.21,0.02,0.07,0,0.55,0.08,0.06,0.26,0.23,0.22,0.08,0.29,0.08,0,0.02,0.27,0.57,0,0.09
SiO2,none,31.4,-14,HP,90,60,15300,20,4,other,sphere,plasma,7.4,48,0.004,buffer,30,37,1,Neutral,2.34,1.4,2.11,1.45,8.09,7.88,9.65,0.49,0.25,2.74,0.31,0.65,8.61,0.7,0.16,0.59,0.28,0.13,0,0.45,0.09,0.86,0.11,0.31,0.06,0.97,0.59,1.42,4.26,0.82,0.18,0.33,1.38,0.21,0.39,1.94,0.01,2.77,0.1,0.26,0.08,0.06,0.09,0.13,0.1,0.08,0.86,0.14,0,0.18,0,0.55,0.44,0.53,0,0.72,0,0.58,0,0.05,0,2,0.18,0,1.7,0.11,0.05,1.29,0,1.29,0,0.07,0,0.05,0.19,1.72,0.14,0.07,0.16,1.73,0,1.27,0,0.13,0.14,0.24,0.23,8.14,0.34,0.04,0.07,0.74,0.15,0.03,0.22,0.18,0.08,0,0,0.55,0,0.07,0.04,0.37,0.01,0.09,0.06,0,0,0.58,0.19,0,0.2,0.08,0.13,0,0,0.13,0,0.26,1.13,0.62,0,0,0,0,0,0.15,0.04,0,0.07,0.24,0.24,0,0.15,0,0,0,0,0,0,0,0,0,0,0,0,0,0,0,0.02,0,0.41,0,0,0.05,0,0,0,0,0,0,0,0,0,0,0,0,0,0,0,0,0,0,0,0,0.08,0
SiO2,COOH,27.2,-14,HP,90,60,15300,20,4,other,sphere,plasma,7.4,69,0.068,buffer,30,37,1,Anionic,1.38,2.02,2.22,1.26,2.52,1.22,2.41,0.4,0.86,1.56,0.39,0.96,1.38,0.33,0.53,0.26,1.87,0.44,2.41,0.72,0.1,1.52,1.21,0.92,0.57,2.44,0.16,1.15,1.56,0.48,0.19,0.48,0.83,1,1.16,1.78,0.06,0.86,0.27,0.63,0.13,1.01,0.53,0.32,0.29,0.09,0.26,0.81,0.02,0.33,0.53,0.8,1.22,0.65,0.64,0.52,1.52,0.86,0.08,0.14,0.19,0.86,0.41,0.09,0.65,0.07,0.55,1.33,0.06,0.94,0.94,0.1,0.62,0.11,0.63,1.17,0.28,0.31,0.2,0.36,0.13,0.41,0.59,0.12,1.23,0.3,0.88,0.14,0.49,0.43,0.38,0.32,0.09,0.13,0.39,0.14,0.04,0.22,0.87,0.59,0.06,0.11,0.16,0.32,0.14,0.25,0.15,0,0.13,0,0.2,0.79,0.19,0.74,0.12,0.89,0.41,0.11,0.39,0.38,0.36,0.35,0.04,0.08,0.19,0.41,0.55,0.53,0.07,0.1,0.08,0,0.24,0.09,0,0.15,0.33,0.16,0.14,0.08,0.85,0.02,0.08,0,0.02,0.1,0.14,0.04,0.13,0.11,0.58,0.04,0,0,0.06,0.15,0.08,0.69,0.02,0.22,0.03,0.07,0,0.56,0.05,0.08,0.26,0.18,0.19,0.03,0.23,0.08,0,0.02,0.29,0.55,0,0.06
SiO2,none,31.4,-14,HP,90,60,15300,20,4,other,sphere,plasma,7.4,48,0.004,buffer,60,37,1,Neutral,1.17,1.42,20.7,0.43,6.68,1.43,4.9,0.95,8.46,0.78,0.27,1.3,3.47,0.62,0.27,0.49,0.03,2.57,0,0.37,0.09,0.63,1.42,0,0.12,3.59,0.18,1.07,2.5,0.45,0.18,0.11,2.34,0.35,0.86,4.42,0,1.39,0.18,0.56,0.05,0.43,0.55,0,0.52,0.06,0.34,0.82,0,0.18,0,0.2,3.11,0.33,0,0.5,0,1.98,0,0.41,0.51,0.99,0.37,0,0.68,0.1,0.12,0.11,0,0.09,1.54,0.03,0.14,0.04,0.17,0.75,0.1,0,0.09,0.02,0,0.39,0,0.02,0.84,0,0,0.02,0.07,0.09,0.06,0.18,0.09,0,0.27,0,0,0.06,1,0,0,0,0.01,0.12,0.18,0,0,0,0.05,0.18,0.11,0,0,0.36,0.26,0.16,0.15,0,0.17,0,0.51,0,0,0,0.3,0.14,0,0.28,0.16,0,0,0.15,0.17,0,0.08,0,0,0,0,0,0,0,0,0,0,0,0,0,0,0,0,0,0.16,0,0,0,0,0,0,0,0,0,0,0,0,0,0.26,0,0,0,0,0,0,0,0,0,0.03,0
SiO2,COOH,27.2,-14,HP,90,60,15300,20,4,other,sphere,plasma,7.4,69,0.068,buffer,60,37,1,Anionic,1.17,2.36,2.18,1.24,2.64,1.22,2.45,0.36,1.07,1.49,0.39,1.12,1.32,0.35,0.45,0.31,1.99,0.57,2.38,0.67,0.12,1.66,1.19,1.05,0.6,2.33,0.17,1.04,1.38,0.43,0.2,0.43,0.71,1.15,1.1,1.77,0.03,0.87,0.24,0.72,0.13,1.14,0.65,0.32,0.37,0.06,0.28,0.82,0.02,0.31,0.67,0.76,1.17,0.49,0.66,0.49,1.42,0.81,0.07,0.13,0.32,0.84,0.37,0.09,0.64,0.06,0.58,1.34,0.06,0.96,0.96,0.1,0.64,0.11,0.56,1.15,0.26,0.28,0.16,0.38,0.14,0.26,0.74,0.12,1.12,0.31,1,0.16,0.49,0.27,0.48,0.4,0.09,0.29,0.32,0.16,0.06,0.27,0.81,0.6,0.08,0.1,0.15,0.3,0.17,0.22,0.18,0,0.14,0,0.21,0.87,0.29,0.68,0.12,0.89,0.46,0.09,0.34,0.34,0.38,0.27,0.05,0.14,0.16,0.46,0.53,0.54,0.07,0.13,0.07,0,0.24,0.07,0,0.14,0.36,0.15,0.15,0.11,0.93,0.02,0.07,0,0.03,0.11,0.16,0.03,0.14,0.12,0.62,0.04,0,0,0.05,0.18,0.04,0.49,0.02,0.21,0.02,0.08,0,0.46,0.05,0.07,0.27,0.22,0.17,0.02,0.32,0.1,0,0.05,0.33,0.49,0,0.04
SiO2,none,31.4,-14,HP,90,60,15300,20,4,other,sphere,plasma,7.4,48,0.004,buffer,120,37,1,Neutral,1.02,0.57,23.17,0.19,8.57,0.53,4.38,1.56,10.24,0.48,0.48,2.56,2.38,0.92,0.39,0.43,0.02,2.99,0,0.55,0.16,0.07,2.39,0,0.1,2,0.33,1.53,1.91,0.61,0.28,0.16,3.01,0.43,0.96,1.32,0,0.7,0.29,0.2,0.12,0.26,0.29,0,0.15,0.1,0.25,0.28,0,0.4,0,0.03,2.47,0.33,0,0.86,0,0.55,0,0.8,0.95,0.98,0.82,0,0.46,0.1,0.07,0.06,0,0.05,2.49,0.08,0,0.08,0.03,0.71,0.2,0,0.09,0,0,0.34,0,0.01,0.91,0,0,0.03,0.01,0.23,0.03,0.05,0.1,0,0.36,0,0,0.09,1.61,0,0,0,0.04,0.11,0.22,0,0,0,0.07,0.19,0.09,0,0,0.22,0.46,0,0,0,0.06,0,0.03,0,0,0,0.43,0.03,0,0.03,0.33,0,0,0.16,0.18,0,0.13,0,0,0,0,0,0,0,0,0,0,0,0,0,0,0,0,0,0.14,0,0,0,0,0,0,0,0,0,0,0,0,0,0.22,0,0,0,0,0,0,0,0,0,0.04,0
SiO2,COOH,27.2,-14,HP,90,60,15300,20,4,other,sphere,plasma,7.4,69,0.068,buffer,120,37,1,Anionic,1.15,2.15,2.49,1.23,2.62,1.18,2.41,0.58,1.18,1.54,0.44,0.95,1.44,0.32,0.52,0.35,1.72,0.5,2.27,0.79,0.12,1.37,1.26,0.99,0.51,2.4,0.21,0.99,1.55,0.43,0.18,0.47,0.79,1.13,1.22,1.76,0.03,0.88,0.28,0.62,0.16,1.1,0.73,0.35,0.43,0.11,0.32,0.87,0.02,0.35,0.58,0.64,1.18,0.56,0.67,0.54,1.52,0.77,0.08,0.15,0.33,0.92,0.33,0.08,0.66,0.06,0.53,1.23,0.07,0.89,1.28,0.11,0.65,0.12,0.6,1.11,0.27,0.28,0.16,0.31,0.16,0.58,0.59,0.12,1.23,0.3,0.78,0.15,0.51,0.43,0.42,0.32,0.08,0.16,0.31,0.15,0.06,0.26,0.82,0.54,0.05,0.05,0.18,0.3,0.18,0.24,0.16,0,0.19,0,0.2,0.83,0.23,0.68,0.15,0.79,0.35,0.08,0.39,0.52,0.41,0.31,0.04,0.13,0.22,0.41,0.5,0.51,0.06,0.13,0.08,0,0.23,0.07,0,0.11,0.32,0.16,0.15,0.07,0.8,0.02,0.08,0,0.03,0.1,0.1,0.06,0.11,0.1,0.61,0.05,0,0,0.04,0.15,0.03,0.57,0.02,0.23,0.01,0.07,0,0.51,0.05,0.1,0.26,0.21,0.16,0.02,0.25,0.08,0,0.02,0.28,0.56,0,0.1
SiO2,none,31.6,-15,HP,90,60,15300,20,4,other,sphere,buffer,7.4,33,0.045,buffer,0.5,37,1,Neutral,1.6,2.51,1.84,1.25,2.3,0.99,2.5,0.79,0.99,1.13,0.36,1.51,1.21,0.33,0.5,0.31,2.04,0.14,1.24,0.66,0.14,1.81,0.9,0.44,0.58,2.83,0.38,1.44,1.67,0.3,0.5,0.59,1.8,0.7,1.24,1.89,0.04,1.03,0.16,0.73,0.24,1.29,0.68,0.2,0.48,0.26,0.32,0.84,0.03,0.42,0.58,0.77,1.23,0.73,0.48,0.48,1.3,0.32,0.03,0.31,0.1,1.23,0.8,0.03,0.79,0.1,0.61,1.47,0.06,1.3,1.05,0.12,0.28,0.09,0.23,0.96,0.26,0.34,0.28,0.32,0.07,0.41,0.74,0.19,1.06,0.32,0.58,0.02,0.5,0.26,0.62,0.35,0.12,0.15,0.38,0.22,0.09,0.21,0.69,0.63,0.09,0.2,0.15,0.48,0.21,0.25,0.17,0,0.05,0,0.25,0.79,0.22,0.65,0.53,0.8,0.58,0.09,0.28,0.12,0.35,0.11,0.04,0.04,0.16,0.62,0.7,0.64,0.1,0.04,0.1,0,0.31,0.11,0,0.12,0.34,0.13,0.09,0.06,0.4,0.08,0.1,0,0.03,0.13,0.13,0.13,0.08,0.1,0.47,0.05,0,0,0.05,0.2,0.05,0.55,0,0.24,0.01,0.05,0,0.45,0.02,0.06,0.24,0.1,0.23,0.02,0.19,0.1,0,0.03,0.26,0.51,0,0.06
SiO2,none,31.6,-15,HP,90,60,15300,20,4,other,sphere,buffer,7.4,33,0.045,buffer,2,37,1,Neutral,1.48,2.43,2.6,1.62,2.04,1.2,1.99,0.9,1.84,1.46,0.32,1.26,1.05,0.23,0.5,0.28,1.58,0.21,1.28,0.63,0.15,2.11,0.9,0.35,0.5,2.74,0.34,1.1,1.41,0.54,0.69,0.47,1.02,0.62,1.24,1.8,0.05,0.9,0.16,0.63,0.14,0.89,0.26,0.19,0.28,0.35,0.19,0.7,0.03,0.28,0.48,0.81,1.13,0.64,0.47,0.5,1.32,0.59,0.06,0.28,0.26,1.46,0.38,0.05,0.95,0.08,0.71,1.46,0.08,1.18,1.4,0.12,0.42,0.09,0.27,1.08,0.26,0.38,0.29,0.31,0.13,0.55,0.75,0.23,0.96,0.35,0.83,0.04,0.52,0.27,0.36,0.45,0.09,0.17,0.29,0.25,0.11,0.29,0.87,0.53,0.07,0.25,0.15,0.33,0.24,0.46,0.14,0,0.08,0,0.16,0.71,0.14,0.88,0.24,0.81,0.59,0.11,0.42,0.3,0.44,0.13,0.07,0.03,0.25,0.62,0.5,0.76,0.06,0.01,0.1,0,0.29,0.15,0,0.21,0.45,0.22,0.1,0.06,0.31,0.01,0.09,0,0.04,0.14,0.11,0.08,0.12,0.13,0.39,0.05,0,0,0.05,0.24,0.06,0.53,0.01,0.23,0.02,0.05,0,0.51,0.03,0.08,0.25,0.1,0.24,0.08,0.24,0.07,0,0.03,0.29,0.51,0,0.06
SiO2,none,31.6,-15,HP,90,60,15300,20,4,other,sphere,buffer,7.4,33,0.045,buffer,5,37,1,Neutral,1.08,2.02,2.76,2,2.22,1.36,1.66,1.03,2.31,1.73,0.32,1.34,0.72,0.17,0.47,0.28,1.39,0.28,1.57,0.57,0.13,2.04,0.99,0.25,0.43,1.87,0.39,1.03,1.23,0.78,1.04,0.29,0.67,0.81,0.99,0.99,0.1,1.08,0.16,0.61,0.23,0.62,0.34,0.22,0.19,0.54,0.13,0.68,0.06,0.24,0.36,0.79,0.92,0.64,0.5,0.5,2.01,0.66,0.11,0.24,0.39,1.27,0.22,0.07,0.91,0.2,0.88,1.12,0.1,0.88,1.78,0.1,0.58,0.08,0.35,0.94,0.27,0.35,0.19,0.33,0.31,0.71,0.77,0.17,0.87,0.4,1.02,0.06,0.56,0.29,0.18,0.29,0.07,0.2,0.3,0.33,0.12,0.36,1.03,0.36,0.09,0.4,0.09,0.28,0.61,0.6,0.14,0,0.08,0,0.14,0.63,0.07,1.13,0.15,0.71,0.38,0.08,0.49,0.23,0.47,0.2,0.08,0.02,0.31,0.47,0.31,0.73,0.03,0.05,0.15,0,0.27,0.17,0,0.3,0.53,0.33,0.22,0.06,0.37,0.07,0.07,0,0.04,0.15,0.06,0.11,0.14,0.16,0.59,0.04,0,0,0.08,0.23,0.13,0.32,0.02,0.19,0.02,0.04,0,0.56,0.07,0.11,0.29,0.09,0.26,0.07,0.3,0.03,0,0.03,0.37,0.51,0,0.04
SiO2,none,31.6,-15,HP,90,60,15300,20,4,other,sphere,buffer,7.4,33,0.045,buffer,15,37,1,Neutral,1.23,2,2.79,2.05,2.31,1.33,1.62,0.83,2.55,1.6,0.3,1.22,0.95,0.23,0.47,0.28,1.59,0.39,2.29,0.57,0.11,2.07,0.99,0.4,0.4,1.93,0.43,0.78,1.16,0.82,0.82,0.26,0.64,0.98,1.04,1.25,0.07,0.84,0.16,0.71,0.21,0.73,0.35,0.2,0.18,0.46,0.11,0.64,0.04,0.24,0.37,0.99,0.89,0.62,0.43,0.48,1.5,0.62,0.1,0.22,0.52,1.23,0.31,0.06,0.82,0.14,0.85,1.36,0.11,1.04,1.53,0.1,0.66,0.08,0.41,0.96,0.22,0.32,0.21,0.29,0.26,0.65,0.73,0.19,0.84,0.35,0.86,0.06,0.69,0.31,0.2,0.32,0.07,0.19,0.26,0.34,0.13,0.35,0.97,0.47,0.07,0.45,0.1,0.24,0.45,0.47,0.17,0,0.06,0,0.11,0.4,0.13,1.09,0.15,0.69,0.45,0.08,0.5,0.28,0.43,0.29,0.09,0.07,0.34,0.42,0.34,0.71,0.05,0.04,0.12,0,0.18,0.21,0,0.19,0.46,0.3,0.17,0.06,0.52,0.05,0.06,0,0.03,0.15,0.05,0.09,0.13,0.15,0.46,0.04,0,0,0.08,0.14,0.11,0.58,0.02,0.18,0.02,0.04,0,0.52,0.08,0.1,0.29,0.12,0.22,0.13,0.35,0.02,0,0.03,0.37,0.48,0,0.04
SiO2,none,31.6,-15,HP,90,60,15300,20,4,other,sphere,buffer,7.4,33,0.045,buffer,30,37,1,Neutral,1.05,1.84,3.2,2.14,2.59,1.34,1.5,1.02,2.26,1.86,0.43,1.06,0.54,0.19,0.56,0.2,1.35,0.42,2.23,0.73,0.13,1.91,1.07,0.43,0.41,1.58,0.48,0.91,1.06,0.95,0.94,0.26,0.62,1.17,0.99,0.89,0.08,0.98,0.22,0.59,0.26,0.73,0.32,0.23,0.21,0.57,0.16,0.65,0.04,0.34,0.27,0.9,0.92,0.52,0.64,0.68,1.56,0.55,0.14,0.2,0.68,1,0.32,0.06,0.75,0.19,0.85,1.05,0.13,0.85,1.77,0.12,0.68,0.13,0.45,0.9,0.31,0.25,0.17,0.28,0.3,0.85,0.59,0.16,0.92,0.37,0.88,0.06,0.7,0.4,0.22,0.24,0.05,0.21,0.23,0.37,0.15,0.4,1.01,0.41,0.09,0.58,0.13,0.2,0.53,0.36,0.23,0,0.08,0,0.1,0.32,0.09,1.09,0.16,0.65,0.45,0.07,0.55,0.24,0.34,0.22,0.1,0.03,0.49,0.35,0.22,0.66,0.06,0.05,0.13,0,0.16,0.27,0,0.17,0.45,0.29,0.21,0.06,0.63,0.04,0.08,0,0.04,0.12,0.03,0.09,0.12,0.17,0.65,0.06,0,0,0.1,0.12,0.17,0.41,0.03,0.2,0.04,0.03,0,0.47,0.07,0.11,0.27,0.11,0.19,0.1,0.53,0.03,0,0.03,0.27,0.63,0,0.05
SiO2,none,31.6,-15,HP,90,60,15300,20,4,other,sphere,buffer,7.4,33,0.045,buffer,60,37,1,Neutral,1.14,1.81,2.77,2.05,2.7,1.36,1.85,0.89,2.19,1.83,0.41,1.15,0.69,0.25,0.56,0.28,1.33,0.37,2.05,0.77,0.15,1.79,1.02,0.36,0.41,1.56,0.52,0.91,1.42,0.87,0.81,0.36,0.47,1.1,1.01,1.12,0.06,1.01,0.22,0.65,0.26,0.72,0.32,0.22,0.22,0.46,0.13,0.64,0.03,0.34,0.39,0.81,0.99,0.61,0.64,0.67,1.2,0.66,0.1,0.18,0.62,0.76,0.28,0.05,0.63,0.12,0.82,1.02,0.12,0.88,1.65,0.11,0.7,0.12,0.49,1,0.35,0.3,0.2,0.28,0.32,0.71,0.75,0.18,1.1,0.45,1.09,0.06,0.63,0.4,0.24,0.31,0.07,0.25,0.28,0.35,0.14,0.43,0.89,0.4,0.06,0.48,0.14,0.29,0.45,0.58,0.22,0,0.08,0,0.15,0.53,0.11,1.03,0.13,0.64,0.4,0.09,0.48,0.27,0.41,0.17,0.13,0.06,0.45,0.34,0.27,0.68,0.06,0.04,0.14,0,0.2,0.23,0,0.23,0.42,0.26,0.18,0.07,0.52,0.03,0.07,0,0.05,0.14,0.09,0.11,0.15,0.16,0.59,0.05,0,0,0.07,0.15,0.16,0.34,0.03,0.25,0.04,0.05,0,0.36,0.04,0.1,0.23,0.2,0.21,0.04,0.48,0.02,0,0.03,0.29,0.6,0,0.04
SiO2,none,31.6,-15,HP,90,60,15300,20,4,other,sphere,buffer,7.4,33,0.045,buffer,120,37,1,Neutral,0.84,1.46,4.07,2.13,2.7,1.51,1.09,0.98,2.6,1.77,0.61,1.39,0.49,0.12,0.75,0.14,1.18,0.44,1.8,0.94,0.15,1.56,1.35,0.39,0.3,1.01,0.37,0.95,0.85,1.03,0.7,0.16,0.43,0.82,0.97,0.75,0.05,1,0.29,0.43,0.29,0.83,0.34,0.27,0.27,0.39,0.15,0.71,0.03,0.46,0.19,0.95,1.1,0.41,0.56,0.8,0.73,1.01,0.07,0.16,0.73,0.65,0.24,0.05,0.55,0.16,0.9,0.94,0.15,0.74,2.35,0.15,0.86,0.19,0.57,0.89,0.46,0.36,0.14,0.23,0.35,0.81,1.04,0.12,0.67,0.47,1.16,0.08,0.59,0.21,0.38,0.35,0.05,0.21,0.55,0.27,0.13,0.56,1.08,0.42,0.06,0.43,0.12,0.19,0.46,0.59,0.23,0,0.12,0,0.08,0.63,0.08,1.28,0.17,0.53,0.36,0.03,0.56,0.27,0.39,0.11,0.2,0.16,0.54,0.35,0.3,0.71,0.06,0.03,0.07,0,0.11,0.22,0,0.23,0.44,0.35,0.27,0.09,0.53,0.05,0.08,0,0.06,0.12,0.06,0.08,0.17,0.22,0.93,0.07,0,0,0.07,0.17,0.19,0.11,0.02,0.14,0.03,0.04,0,0.53,0.11,0.1,0.24,0.13,0.14,0.08,0.51,0.02,0,0.02,0.4,0.7,0,0.06
SiO2,COOH,27.2,-18,HP,90,60,15300,20,4,other,sphere,buffer,7.4,28,0.063,buffer,0.5,37,1,Anionic,1.71,2.24,2.06,1.08,2.92,0.91,2.64,0.45,0.63,1.11,0.5,1.28,1.42,0.54,0.63,0.43,1.78,0.21,1.76,0.92,0.14,1.45,1.17,0.72,0.66,1.84,0.19,1.45,1.96,0.26,0.23,0.58,1.21,0.87,1.39,1.75,0.04,0.92,0.51,0.54,0.21,1.61,0.91,0.32,0.78,0.13,0.48,0.96,0.02,0.63,0.68,0.85,1.08,0.84,0.76,0.65,0.89,0.38,0.04,0.26,0.09,0.76,0.37,0.09,0.56,0.06,0.56,1.37,0.08,0.82,1.11,0.14,0.39,0.14,0.27,0.69,0.36,0.25,0.27,0.28,0.07,0.51,0.51,0.16,2.01,0.26,0.55,0.06,0.55,0.41,0.58,0.24,0.12,0.14,0.32,0.12,0.09,0.27,0.76,0.59,0.06,0.07,0.24,0.45,0.3,0.29,0.09,0,0.08,0,0.23,0.62,0.18,0.51,0.3,0.75,0.32,0.14,0.32,0.66,0.32,0.28,0.02,0.07,0.19,0.46,0.41,0.44,0.08,0.06,0.09,0,0.33,0.1,0,0.06,0.29,0.12,0.1,0.08,0.64,0.01,0.13,0,0.04,0.09,0.15,0.09,0.09,0.09,0.57,0.06,0,0,0.08,0.14,0.05,0.39,0.02,0.34,0.01,0.16,0,0.48,0.05,0.06,0.15,0.16,0.23,0.06,0.29,0.07,0,0.02,0.31,0.59,0,0.08
SiO2,NH2,144.8,-18,HP,90,60,15300,20,4,other,sphere,buffer,7.4,148,0.004,buffer,0.5,37,1,Anionic,1.57,2.12,1.9,1.73,1.91,0.91,1.78,0.78,1.55,1.22,0.3,0.87,0.45,0.17,0.47,0.27,0.78,0.18,0.82,0.46,0.06,3.32,0.36,0.26,0.38,2.86,0.16,1.55,1.28,0.46,0.48,0.25,1.16,0.59,1.13,1.54,0.05,0.95,0.22,1.29,0.2,0.77,0.31,0.14,0.27,0.17,0.18,0.51,0.04,0.3,0.5,1.6,1.31,0.55,0.63,0.3,0.91,0.43,0.18,0.31,0.26,2.61,0.3,0.16,1.4,0.15,1.04,1.5,0.08,1.21,0.55,0.08,0.19,0.08,0.18,0.68,0.43,0.19,0.29,0.48,0.08,1.05,0.26,0.24,0.83,0.27,0.68,0.06,0.43,0.32,0.2,0.21,0.09,0.36,0.51,0.19,0.03,0.28,0.47,0.59,0.07,0.17,0.08,0.26,0.36,0.35,0.18,0,0.03,0,0.1,0.22,0.03,2.07,0.22,1.54,0.83,0.11,0.21,0.34,0.96,0.45,0.42,0.03,0.11,0.45,0.71,1.25,0.02,0.06,0.12,0,0.35,0.2,0,0.16,0.71,0.2,0.12,0.15,0.44,0.03,0.04,0,0.04,0.42,0.03,0.22,0.12,0.27,0.37,0.02,0,0,0.11,0.12,0.08,0.8,0,0.23,0.04,0.03,0,0.67,0.04,0.03,0.35,0.05,0.16,0.03,0.34,0.04,0,0.01,0.28,0.42,0,0.06
PS,none,115,-18,HP,90,600,15300,20,4,other,sphere,plasma,7.4,156,0.011,buffer,0.5,37,1,Neutral,2.59,0.6,10.59,0.59,20.87,2.08,9.9,0.94,0.76,0.63,1.15,0.72,7.88,1.1,0.41,0.69,0.2,1.51,0,0.75,0.17,0.31,1.23,0,0.48,0.21,0.47,1.7,3.89,0.24,0.59,0.51,0.3,0.4,1.3,0.41,0.05,2.95,0.11,0.11,0.28,0.22,0.17,0.57,0.12,0.37,0.08,0.07,0.09,0.4,0,0.13,0.13,0.87,0,0.98,0,0.46,0.06,0.11,0.2,1.24,0.05,0,0.91,0.71,0,0.92,0.28,0.56,0.1,0.06,0.08,0.08,0.16,0.27,0.15,0,0.15,0.21,0,0.81,0,0.16,1.03,0,0.37,0.35,0.04,0,0,0.06,0.17,0,0.33,0.05,0,0,0.27,0.56,0.11,0.1,0.1,0.29,0,0,0,0,0,0.37,0,0,0.04,0.13,0,0,0,0.11,0,0,0.12,0.06,0,0,0.11,0,0,0,0.06,0.05,0,0.1,0.28,0.09,0.24,0,0,0,0.06,0,0,0.06,0,0,0.1,0,0,0,0,0,0.05,0.1,0.26,0,0.06,0,0.04,0,0,0,0,0,0,0,0,0,0,0,0.04,0.03,0,0,0,0,0,0,0.04,0
SiO2,COOH,27.2,-18,HP,90,60,15300,20,4,other,sphere,buffer,7.4,28,0.063,buffer,2,37,1,Anionic,1.8,2.23,2.24,0.97,2.97,0.88,2.91,0.42,0.55,1.09,0.52,1.37,1.81,0.66,0.54,0.47,1.73,0.17,1.48,0.87,0.14,1.46,1.1,0.88,0.76,1.95,0.16,1.23,1.92,0.21,0.17,0.71,1.21,0.68,1.4,1.91,0.03,0.88,0.42,0.61,0.34,1.76,0.85,0.32,0.79,0.12,0.52,1.01,0.02,0.62,0.73,0.79,1.06,0.84,0.74,0.54,0.77,0.35,0.02,0.32,0.07,0.65,0.35,0.09,0.57,0.05,0.51,1.14,0.07,0.79,0.72,0.13,0.31,0.14,0.28,0.76,0.32,0.24,0.31,0.28,0.07,0.28,0.52,0.17,1.73,0.37,0.52,0.06,0.53,0.32,0.65,0.31,0.14,0.27,0.3,0.1,0.05,0.21,0.68,0.61,0.06,0.09,0.24,0.5,0.29,0.31,0.12,0,0.08,0,0.32,0.82,0.19,0.49,0.2,0.78,0.38,0.16,0.28,0.49,0.36,0.27,0.03,0.07,0.15,0.49,0.5,0.46,0.1,0.05,0.09,0,0.35,0.07,0,0.09,0.27,0.11,0.09,0.12,0.54,0.01,0.15,0,0.05,0.11,0.14,0.07,0.08,0.11,0.66,0.06,0,0,0.1,0.14,0.04,0.48,0.02,0.26,0.03,0.15,0,0.38,0.1,0.05,0.16,0.14,0.22,0.03,0.34,0.08,0,0.02,0.32,0.61,0,0.07
SiO2,NH2,144.8,-18,HP,90,60,15300,20,4,other,sphere,buffer,7.4,148,0.004,buffer,2,37,1,Anionic,1.43,2.09,1.82,1.68,2.02,1.03,1.75,0.68,1.51,1.36,0.36,1.18,0.59,0.21,0.53,0.29,0.7,0.16,0.77,0.55,0.06,2.73,0.36,0.31,0.43,3.1,0.17,1.7,1.21,0.54,0.41,0.27,1.24,0.67,1.07,1.56,0.05,0.75,0.26,1.41,0.21,0.79,0.27,0.15,0.26,0.15,0.19,0.6,0.03,0.26,0.48,1.57,1.24,0.63,0.71,0.37,0.97,0.46,0.15,0.23,0.23,2.68,0.37,0.15,1.33,0.12,0.96,1.46,0.07,1.16,0.55,0.08,0.19,0.07,0.19,0.76,0.3,0.41,0.27,0.47,0.09,0.89,0.24,0.22,0.96,0.27,0.47,0.07,0.42,0.27,0.27,0.26,0.09,0.33,0.56,0.2,0.03,0.29,0.46,0.54,0.07,0.16,0.08,0.27,0.37,0.34,0.13,0,0.04,0,0.09,0.23,0.02,1.99,0.26,1.55,0.81,0.1,0.19,0.32,0.96,0.4,0.43,0.02,0.11,0.49,0.65,1.17,0.04,0.06,0.11,0,0.36,0.19,0,0.13,0.64,0.18,0.1,0.16,0.35,0.04,0.04,0,0.03,0.44,0.06,0.21,0.14,0.27,0.39,0.03,0,0,0.1,0.13,0.07,0.85,0,0.2,0.03,0.04,0,0.67,0.04,0.03,0.39,0.05,0.18,0.02,0.35,0.04,0,0.01,0.27,0.45,0,0.06
PS,none,115,-18,HP,90,600,15300,20,4,other,sphere,plasma,7.4,156,0.011,buffer,2,37,1,Neutral,2.32,0.44,13.93,0.85,18.78,3.35,9.34,1.97,0.86,0.71,0.89,0.48,7.22,1.01,0.32,0.68,0.12,3.79,0,0.54,0.22,0.32,1.76,0,0.46,0.19,0.3,1.89,3.13,0.31,0.62,0.42,0.35,0.39,1.04,0.31,0.06,2.37,0.09,0.1,0.24,0.26,0.15,0.5,0.09,0.36,0.06,0.07,0.09,0.31,0,0.09,0.09,0.76,0,0.63,0,0.57,0.08,0.1,0.33,0.65,0.05,0,0.54,0.93,0,0.61,0.17,0.35,0.07,0.04,0.06,0.06,0.19,0.2,0.11,0,0.13,0.44,0,0.7,0,0.15,0.83,0,0.2,0.18,0.03,0,0,0.04,0.15,0,0.28,0.05,0,0,0.29,0.46,0.12,0.09,0.07,0.23,0,0,0,0,0,0.33,0,0,0.03,0.13,0,0,0,0.08,0,0,0.12,0.07,0,0,0.11,0,0,0,0.05,0.06,0,0.13,0.24,0.14,0.19,0,0,0,0.09,0,0,0.08,0,0,0.16,0,0,0,0,0,0.04,0.08,0.27,0,0.08,0,0.05,0,0,0,0,0,0,0,0,0,0,0,0.06,0.04,0,0,0,0,0,0,0.04,0
SiO2,COOH,27.2,-18,HP,90,60,15300,20,4,other,sphere,buffer,7.4,28,0.063,buffer,5,37,1,Anionic,1.62,2.36,2.09,1.18,2.8,1.12,2.66,0.3,0.67,1.33,0.4,0.95,1.56,0.49,0.5,0.45,1.95,0.32,2.27,0.78,0.1,1.57,1.04,1.03,0.65,2.43,0.13,1.11,1.68,0.32,0.19,0.57,1.11,1.06,1.3,2,0.03,0.75,0.24,0.76,0.14,1.48,0.39,0.26,0.37,0.08,0.26,0.85,0.02,0.43,0.67,0.79,1.15,0.76,0.62,0.54,1.17,0.71,0.03,0.19,0.11,0.74,0.38,0.09,0.57,0.07,0.55,1.26,0.05,0.84,1.15,0.1,0.53,0.11,0.46,0.93,0.28,0.28,0.28,0.4,0.1,0.36,0.56,0.16,1.32,0.31,0.74,0.09,0.41,0.18,0.57,0.35,0.11,0.24,0.3,0.11,0.07,0.21,0.77,0.54,0.06,0.05,0.2,0.41,0.16,0.24,0.17,0,0.09,0,0.25,0.84,0.23,0.58,0.26,0.84,0.4,0.12,0.34,0.47,0.37,0.34,0.02,0.08,0.17,0.5,0.55,0.5,0.09,0.11,0.16,0,0.29,0.11,0,0.09,0.32,0.12,0.13,0.07,0.79,0.02,0.09,0,0.03,0.11,0.16,0.08,0.1,0.09,0.6,0.05,0,0,0.05,0.17,0.03,0.48,0.03,0.23,0.01,0.08,0,0.47,0.06,0.07,0.22,0.2,0.2,0.02,0.34,0.09,0,0.03,0.28,0.56,0,0.08
SiO2,NH2,144.8,-18,HP,90,60,15300,20,4,other,sphere,buffer,7.4,148,0.004,buffer,5,37,1,Anionic,1.59,1.78,2.28,1.75,1.79,1.33,2.35,0.69,1.89,1.61,0.29,1.36,0.92,0.31,0.58,0.43,0.73,0.17,0.8,0.36,0.06,2.77,0.5,0.23,0.58,2.39,0.11,1.46,1.55,0.77,0.37,0.34,1.04,0.44,0.92,1.08,0.05,1.21,0.26,1.5,0.29,0.77,0.25,0.15,0.2,0.13,0.15,0.76,0.03,0.29,0.58,1.64,1.01,0.71,0.51,0.27,0.94,0.66,0.15,0.35,0.34,2.07,0.27,0.11,1.13,0.12,0.85,1.04,0.06,0.89,1.2,0.08,0.27,0.06,0.25,1.09,0.26,0.48,0.31,0.32,0.13,1.28,0.21,0.25,1.05,0.44,0.43,0.11,0.61,0.22,0.16,0.22,0.13,0.2,0.46,0.15,0.05,0.3,0.65,0.4,0.06,0.19,0.05,0.38,0.53,0.45,0.08,0,0.08,0,0.2,0.18,0.01,1.97,0.23,0.92,0.47,0.15,0.29,0.21,0.87,0.47,0.12,0.01,0.17,0.29,0.31,0.95,0.12,0.05,0.16,0,0.5,0.18,0,0.08,0.62,0.22,0.12,0.18,0.28,0.02,0.03,0,0.03,0.35,0.12,0.22,0.13,0.24,0.35,0.02,0,0,0.12,0.11,0.07,0.58,0.03,0.28,0.03,0.04,0,0.39,0.09,0.04,0.25,0.08,0.22,0.04,0.32,0.03,0,0.01,0.25,0.41,0,0.06
PS,none,115,-18,HP,90,600,15300,20,4,other,sphere,plasma,7.4,156,0.011,buffer,5,37,1,Neutral,1.06,0.79,14.26,0.92,23.06,3.91,7.39,3.55,1.1,0.76,1.19,0.24,5.82,1.14,0.52,0.55,0.1,5.2,0,1.07,0.23,0.2,1.98,0,0.06,0.16,0.27,0.35,2.8,0.29,0.52,0.37,0.23,0.4,1.29,0.23,0.01,1.21,0.12,0.08,0.26,0.13,0.15,0.12,0.1,0.3,0.06,0.08,0.02,0.59,0,0.07,0.12,0.76,0,1.09,0,0.67,0.08,0.07,0.44,0.48,0.04,0,0.35,0.74,0,0.45,0.1,0.25,0.07,0.08,0.07,0.11,0.09,0.53,0.26,0,0.07,0.19,0,0.48,0,0.07,1.12,0,0.13,0.15,0.05,0,0,0.04,0.14,0,0.29,0.04,0,0,0.25,0.25,0.05,0.08,0.12,0.2,0,0,0,0,0,0.28,0,0,0.07,0.08,0,0,0,0.07,0,0,0.08,0.04,0,0,0.1,0,0,0,0.1,0.05,0,0.1,0.21,0.11,0.19,0,0,0,0.08,0,0,0.07,0,0,0.12,0,0,0,0,0,0.09,0.08,0.27,0,0.06,0,0.04,0,0,0,0,0,0,0,0,0,0,0,0.06,0.05,0,0,0,0,0,0,0.04,0
SiO2,COOH,27.2,-18,HP,90,60,15300,20,4,other,sphere,buffer,7.4,28,0.063,buffer,15,37,1,Anionic,1.14,2.13,2.24,1.27,2.75,1.22,2.38,0.41,0.69,1.47,0.42,0.98,1.45,0.37,0.55,0.33,1.91,0.43,2.55,0.77,0.1,1.47,1.05,0.75,0.53,2.31,0.16,1.29,1.34,0.44,0.2,0.45,0.88,0.97,1.17,1.78,0.03,0.81,0.28,0.59,0.24,1.08,0.38,0.32,0.31,0.1,0.27,0.77,0.02,0.37,0.59,0.8,1.12,0.58,0.69,0.57,1.46,0.76,0.04,0.15,0.14,0.87,0.35,0.11,0.68,0.06,0.54,1.34,0.07,0.9,1.28,0.11,0.68,0.12,0.64,1.17,0.28,0.32,0.18,0.34,0.14,0.51,0.61,0.11,1.18,0.28,0.83,0.12,0.47,0.45,0.41,0.33,0.11,0.19,0.34,0.14,0.04,0.23,0.93,0.59,0.08,0.04,0.18,0.3,0.16,0.3,0.13,0,0.13,0,0.27,0.87,0.25,0.75,0.15,0.94,0.4,0.09,0.4,0.68,0.38,0.32,0.07,0.07,0.18,0.44,0.48,0.51,0.06,0.07,0.11,0,0.25,0.05,0,0.12,0.33,0.13,0.14,0.07,0.84,0.01,0.08,0,0.03,0.1,0.14,0.08,0.11,0.11,0.57,0.05,0,0,0.05,0.17,0.06,0.46,0.03,0.21,0.02,0.07,0,0.55,0.08,0.06,0.26,0.23,0.22,0.08,0.29,0.08,0,0.02,0.27,0.57,0,0.09
SiO2,NH2,144.8,-18,HP,90,60,15300,20,4,other,sphere,buffer,7.4,148,0.004,buffer,15,37,1,Anionic,1.44,2.31,2.36,2.31,1.72,1.37,1.85,0.73,1.59,1.68,0.23,1.15,0.77,0.2,0.63,0.27,1.08,0.19,0.78,0.34,0.05,2.77,0.54,0.45,0.39,2.2,0.13,1.27,1.25,1.18,0.19,0.3,0.62,0.67,0.71,0.91,0.08,0.8,0.35,1.6,0.47,0.51,0.27,0.25,0.21,0.08,0.09,0.83,0.02,0.21,0.39,1.73,1.2,0.57,0.46,0.28,0.82,0.66,0.26,0.31,0.39,1.93,0.16,0.12,1.15,0.11,0.9,1.09,0.12,0.87,0.76,0.07,0.39,0.07,0.76,1.65,0.22,0.4,0.23,0.38,0.33,1.07,0.54,0.18,0.84,0.44,0.5,0.15,0.68,0.28,0.31,0.24,0.1,0.22,0.59,0.12,0.04,0.36,0.52,0.38,0.12,0.21,0.05,0.22,0.76,0.6,0.08,0,0.07,0,0.13,0.18,0.04,2.07,0.13,0.97,0.6,0.12,0.25,0.35,1.04,0.48,0.18,0.02,0.09,0.14,0.34,1.01,0.06,0.05,0.08,0,0.32,0.15,0,0.09,0.71,0.37,0.1,0.16,0.32,0.04,0.03,0,0.03,0.43,0.07,0.22,0.17,0.38,0.37,0.02,0,0,0.17,0.09,0.06,0.49,0.01,0.17,0.07,0.04,0,0.46,0.08,0.04,0.32,0.14,0.17,0.05,0.4,0.05,0,0.01,0.17,0.35,0,0.08
PS,none,115,-18,HP,90,600,15300,20,4,other,sphere,plasma,7.4,156,0.011,buffer,15,37,1,Neutral,1.73,2.42,10.21,0.94,14.54,2.96,5.97,3.92,0.89,0.52,0.45,0.22,7.35,1.62,0.16,0.68,0.1,4.63,0,0.27,0.24,0.39,1.86,0,0.18,0.27,0.58,0.5,2.43,0.23,1.39,0.46,0.22,0.46,0.95,0.2,0,0.86,0,0.08,0.14,0.17,0.14,0.15,0.05,0.9,0,0.23,0,0.17,0,0.19,0.18,0.73,0,0.17,0,1,0.16,0.09,0.37,1,0.08,0,0.99,2.58,0,1.3,0.1,0.7,0.02,0,0,0,0.04,0.76,0.04,0,0.1,0.23,0,2.12,0,0.17,0.53,0,0.19,0.23,0.08,0,0,0.06,0.14,0,0.57,0.21,0,0,0.31,1.24,0.18,0.26,0.3,0.4,0,0,0,0,0,1.44,0,0,0.21,0.06,0,0,0,0.13,0,0,0.24,0.26,0,0,0.12,0,0,0,0.01,0.16,0,0.55,0.25,0.37,0.28,0,0,0,0.25,0,0,0.23,0,0,0.05,0,0,0,0,0,0,0.02,0.99,0,0.23,0,0.14,0,0,0,0,0,0,0,0,0,0,0,0.17,0.12,0,0,0,0,0,0,0.15,0
SiO2,COOH,27.2,-18,HP,90,60,15300,20,4,other,sphere,buffer,7.4,28,0.063,buffer,30,37,1,Anionic,1.38,2.02,2.22,1.26,2.52,1.22,2.41,0.4,0.86,1.56,0.39,0.96,1.38,0.33,0.53,0.26,1.87,0.44,2.41,0.72,0.1,1.52,1.21,0.92,0.57,2.44,0.16,1.15,1.56,0.48,0.19,0.48,0.83,1,1.16,1.78,0.06,0.86,0.27,0.63,0.13,1.01,0.53,0.32,0.29,0.09,0.26,0.81,0.02,0.33,0.53,0.8,1.22,0.65,0.64,0.52,1.52,0.86,0.08,0.14,0.19,0.86,0.41,0.09,0.65,0.07,0.55,1.33,0.06,0.94,0.94,0.1,0.62,0.11,0.63,1.17,0.28,0.31,0.2,0.36,0.13,0.41,0.59,0.12,1.23,0.3,0.88,0.14,0.49,0.43,0.38,0.32,0.09,0.13,0.39,0.14,0.04,0.22,0.87,0.59,0.06,0.11,0.16,0.32,0.14,0.25,0.15,0,0.13,0,0.2,0.79,0.19,0.74,0.12,0.89,0.41,0.11,0.39,0.38,0.36,0.35,0.04,0.08,0.19,0.41,0.55,0.53,0.07,0.1,0.08,0,0.24,0.09,0,0.15,0.33,0.16,0.14,0.08,0.85,0.02,0.08,0,0.02,0.1,0.14,0.04,0.13,0.11,0.58,0.04,0,0,0.06,0.15,0.08,0.69,0.02,0.22,0.03,0.07,0,0.56,0.05,0.08,0.26,0.18,0.19,0.03,0.23,0.08,0,0.02,0.29,0.55,0,0.06
SiO2,NH2,144.8,-18,HP,90,60,15300,20,4,other,sphere,buffer,7.4,148,0.004,buffer,30,37,1,Anionic,1.48,2.06,1.96,2.28,1.6,1.36,2.87,0.64,1.22,1.97,0.24,1.64,1.15,0.3,0.76,0.26,1.21,0.13,1.03,0.29,0.06,2.63,0.6,0.37,0.47,1.87,0.13,1.11,1.34,1.12,0.17,0.42,0.65,0.49,0.73,0.85,0.06,0.85,0.36,1.58,0.36,0.56,0.24,0.25,0.2,0.07,0.09,0.86,0.02,0.15,0.46,1.53,1.13,0.68,0.44,0.25,0.76,0.67,0.27,0.29,0.18,1.58,0.18,0.1,1.01,0.11,0.79,1.06,0.13,1.01,0.63,0.07,0.43,0.05,0.74,1.71,0.2,0.56,0.25,0.36,0.3,1.23,0.69,0.16,0.66,0.52,0.44,0.1,0.77,0.33,0.26,0.46,0.13,0.15,0.59,0.12,0.05,0.38,0.53,0.4,0.12,0.13,0.07,0.25,0.75,0.67,0.13,0,0.1,0,0.18,0.17,0.06,1.98,0.12,0.8,0.63,0.11,0.24,0.33,0.84,0.48,0.25,0.04,0.09,0.15,0.22,0.89,0.09,0.04,0.1,0,0.38,0.16,0,0.09,0.74,0.3,0.09,0.16,0.25,0.04,0.04,0,0.03,0.37,0.11,0.16,0.16,0.33,0.57,0.02,0,0,0.19,0.07,0.09,0.49,0.02,0.2,0.08,0.03,0,0.35,0.05,0.03,0.26,0.27,0.2,0.08,0.38,0.04,0,0.01,0.2,0.46,0,0.08
PS,none,115,-18,HP,90,600,15300,20,4,other,sphere,plasma,7.4,156,0.011,buffer,30,37,1,Neutral,1.19,1.47,8.37,1.21,18.98,5.66,6.89,6.69,1.42,0.82,0.75,0.26,7.93,0.87,0.24,0.51,0.14,5.59,0,0.24,0.23,0.33,2.5,0,0.04,0.23,0.2,0.37,2.18,0.32,0.91,0.37,0.27,0.46,0.76,0.19,0,2.23,0.07,0.11,0.27,0.13,0.17,0.12,0.09,0.52,0.05,0.24,0.01,0.13,0,0.14,0.15,0.63,0,0.38,0,0.72,0.1,0.05,0.4,0.67,0.05,0,0.54,1.15,0,1.21,0.16,0.6,0.07,0.05,0.09,0.04,0.11,0.61,0.06,0,0.07,0.2,0,0.88,0,0.06,0.57,0,0.17,0.15,0.1,0,0,0.06,0.11,0,0.24,0.11,0,0,0.25,0.7,0.09,0.13,0.06,0.23,0,0,0,0,0,0.48,0,0,0.11,0.07,0,0,0,0.08,0,0,0.06,0.13,0,0,0.15,0,0,0,0.03,0.07,0,0.17,0.15,0.22,0.1,0,0,0,0.14,0,0,0.11,0,0,0.09,0,0,0,0,0,0.01,0.09,0.41,0,0.11,0,0.07,0,0,0,0,0,0,0,0,0,0,0,0.09,0.07,0,0,0,0,0,0,0.07,0
SiO2,COOH,27.2,-18,HP,90,60,15300,20,4,other,sphere,buffer,7.4,28,0.063,buffer,60,37,1,Anionic,1.17,2.36,2.18,1.24,2.64,1.22,2.45,0.36,1.07,1.49,0.39,1.12,1.32,0.35,0.45,0.31,1.99,0.57,2.38,0.67,0.12,1.66,1.19,1.05,0.6,2.33,0.17,1.04,1.38,0.43,0.2,0.43,0.71,1.15,1.1,1.77,0.03,0.87,0.24,0.72,0.13,1.14,0.65,0.32,0.37,0.06,0.28,0.82,0.02,0.31,0.67,0.76,1.17,0.49,0.66,0.49,1.42,0.81,0.07,0.13,0.32,0.84,0.37,0.09,0.64,0.06,0.58,1.34,0.06,0.96,0.96,0.1,0.64,0.11,0.56,1.15,0.26,0.28,0.16,0.38,0.14,0.26,0.74,0.12,1.12,0.31,1,0.16,0.49,0.27,0.48,0.4,0.09,0.29,0.32,0.16,0.06,0.27,0.81,0.6,0.08,0.1,0.15,0.3,0.17,0.22,0.18,0,0.14,0,0.21,0.87,0.29,0.68,0.12,0.89,0.46,0.09,0.34,0.34,0.38,0.27,0.05,0.14,0.16,0.46,0.53,0.54,0.07,0.13,0.07,0,0.24,0.07,0,0.14,0.36,0.15,0.15,0.11,0.93,0.02,0.07,0,0.03,0.11,0.16,0.03,0.14,0.12,0.62,0.04,0,0,0.05,0.18,0.04,0.49,0.02,0.21,0.02,0.08,0,0.46,0.05,0.07,0.27,0.22,0.17,0.02,0.32,0.1,0,0.05,0.33,0.49,0,0.04
SiO2,NH2,144.8,-18,HP,90,60,15300,20,4,other,sphere,buffer,7.4,148,0.004,buffer,60,37,1,Anionic,1.59,1.01,2.15,2.15,2.04,1.42,1.82,0.64,1.42,2.04,0.42,1.38,1.05,0.25,0.77,0.28,0.78,0.14,0.87,0.61,0.08,2.55,0.65,0.34,0.59,1.06,0.38,1.07,1.36,1.17,0.26,0.39,0.85,0.52,0.89,0.81,0.06,0.96,0.44,1.58,0.47,0.52,0.31,0.26,0.13,0.12,0.1,0.66,0.02,0.26,0.49,1.83,0.95,0.66,0.54,0.43,0.63,0.73,0.23,0.33,0.26,1.58,0.18,0.1,0.99,0.09,0.83,1.36,0.14,1.16,0.41,0.09,0.49,0.08,0.8,1.48,0.33,0.44,0.28,0.33,0.36,0.8,0.41,0.22,0.81,0.57,0.7,0.1,0.74,0.33,0.29,0.35,0.13,0.2,0.64,0.25,0.11,0.4,0.52,0.58,0.07,0.21,0.08,0.32,0.82,0.46,0.11,0,0.09,0,0.2,0.16,0.03,2.05,0.11,0.47,0.41,0.08,0.24,0.3,0.91,0.47,0.15,0.04,0.11,0.12,0.19,0.77,0.1,0.05,0.13,0,0.42,0.21,0,0.09,0.48,0.31,0.12,0.15,0.44,0.04,0.05,0,0.04,0.37,0.11,0.19,0.26,0.44,0.42,0.04,0,0,0.15,0.05,0.07,0.46,0,0.25,0.09,0.04,0,0.24,0.05,0.05,0.3,0.08,0.13,0.08,0.76,0.03,0,0.02,0.17,0.55,0,0.08
PS,none,115,-18,HP,90,600,15300,20,4,other,sphere,plasma,7.4,156,0.011,buffer,60,37,1,Neutral,1.04,1.58,11.1,0.78,20.84,2.24,6.12,4.13,0.78,0.62,0.62,0.28,5.31,1.31,0.34,0.4,0.09,4.47,0,0.63,0.2,0.32,1.46,0,0.11,0.17,0.76,0.42,2.54,0.19,1.36,0.15,0.21,0.53,1.07,0.22,0,0.86,0.11,0.09,0.17,0.18,0.14,0.1,0.09,0.7,0.07,0.23,0,0.28,0,0.09,0.18,0.65,0,0.51,0,1.13,0.11,0.05,0.37,0.54,0.09,0,0.38,1.36,0,0.53,0.09,0.3,0.06,0.08,0.1,0.08,0.08,0.46,0.16,0,0.08,0.26,0,2.28,0,0.09,0.87,0,0.1,0.12,0.09,0,0,0.07,0.11,0,0.22,0.23,0,0,0.23,0.81,0.11,0.2,0.09,0.2,0,0,0,0,0,0.9,0,0,0.12,0.06,0,0,0,0.11,0,0,0.15,0.26,0,0,0.1,0,0,0,0.05,0.1,0,0.29,0.18,0.25,0.22,0,0,0,0.19,0,0,0.12,0,0,0.09,0,0,0,0,0,0.07,0.04,1.13,0,0.17,0,0.09,0,0,0,0,0,0,0,0,0,0,0,0.12,0.07,0,0,0,0,0,0,0.55,0
SiO2,COOH,27.2,-18,HP,90,60,15300,20,4,other,sphere,buffer,7.4,28,0.063,buffer,120,37,1,Anionic,1.15,2.15,2.49,1.23,2.62,1.18,2.41,0.58,1.18,1.54,0.44,0.95,1.44,0.32,0.52,0.35,1.72,0.5,2.27,0.79,0.12,1.37,1.26,0.99,0.51,2.4,0.21,0.99,1.55,0.43,0.18,0.47,0.79,1.13,1.22,1.76,0.03,0.88,0.28,0.62,0.16,1.1,0.73,0.35,0.43,0.11,0.32,0.87,0.02,0.35,0.58,0.64,1.18,0.56,0.67,0.54,1.52,0.77,0.08,0.15,0.33,0.92,0.33,0.08,0.66,0.06,0.53,1.23,0.07,0.89,1.28,0.11,0.65,0.12,0.6,1.11,0.27,0.28,0.16,0.31,0.16,0.58,0.59,0.12,1.23,0.3,0.78,0.15,0.51,0.43,0.42,0.32,0.08,0.16,0.31,0.15,0.06,0.26,0.82,0.54,0.05,0.05,0.18,0.3,0.18,0.24,0.16,0,0.19,0,0.2,0.83,0.23,0.68,0.15,0.79,0.35,0.08,0.39,0.52,0.41,0.31,0.04,0.13,0.22,0.41,0.5,0.51,0.06,0.13,0.08,0,0.23,0.07,0,0.11,0.32,0.16,0.15,0.07,0.8,0.02,0.08,0,0.03,0.1,0.1,0.06,0.11,0.1,0.61,0.05,0,0,0.04,0.15,0.03,0.57,0.02,0.23,0.01,0.07,0,0.51,0.05,0.1,0.26,0.21,0.16,0.02,0.25,0.08,0,0.02,0.28,0.56,0,0.1
SiO2,NH2,144.8,-18,HP,90,60,15300,20,4,other,sphere,buffer,7.4,148,0.004,buffer,120,37,1,Anionic,1.86,1.29,2.13,2.27,2.16,1.64,1.34,1.42,1.79,2.4,0.41,1.46,0.27,0.16,0.5,0.26,0.58,0.4,0.75,0.62,0.13,3.12,0.71,0.19,0.23,1.8,0.36,1.15,1.23,1.48,0.29,0.21,0.87,0.69,0.91,1.04,0.09,1.26,0.37,1.16,0.5,0.46,0.19,0.31,0.18,0.08,0.13,0.76,0,0.27,0.37,1.48,1.38,0.75,0.51,0.32,0.5,0.75,0.16,0.58,0.57,1.54,0.15,0.1,1.24,0.06,0.72,1.43,0.12,1.41,0.89,0.08,0.42,0.07,0.85,1.55,0.33,0.53,0.29,0.28,0.18,0.99,0.59,0.27,0.69,0.26,0.32,0.21,0.85,0.18,0.37,0.07,0.13,0.18,0.91,0.21,0.05,0.3,0.64,0.49,0.04,0.27,0.08,0.32,0.59,0.46,0.08,0,0.08,0,0.04,0.17,0.02,2.1,0.18,0.58,0.21,0.07,0.24,0.28,1.13,0.42,0.15,0.06,0.16,0.09,0.22,1.01,0.03,0.04,0.09,0,0.31,0.19,0,0.13,0.62,0.3,0.11,0.16,0.89,0,0.03,0,0.06,0.37,0.07,0.24,0.11,0.28,0.47,0.02,0,0,0.07,0.06,0.04,0.24,0,0.21,0.06,0.04,0,0.39,0.03,0.04,0.25,0.2,0.17,0,0.45,0.04,0,0,0.16,0.58,0,0.06
PS,none,115,-18,HP,90,600,15300,20,4,other,sphere,plasma,7.4,156,0.011,buffer,120,37,1,Neutral,1.57,1.34,7.55,0.82,17.26,1.82,7.9,3.59,0.68,0.64,0.64,0.29,6.69,1.59,0.4,0.61,0.21,3.19,0,0.68,0.21,0.4,1.41,0,0.14,0.21,0.89,0.52,2.96,0.16,1.63,0.42,0.29,0.66,1.22,0.23,0,1.42,0.14,0.1,0.13,0.28,0.16,0.11,0.1,0.85,0.06,0.3,0,0.27,0,0.13,0.23,0.67,0,0.59,0,0.89,0.12,0.08,0.31,0.64,0.11,0,0.55,1.36,0,1.33,0.09,0.82,0.07,0.07,0.12,0.08,0.11,0.46,0.16,0,0.09,0.3,0,2.1,0,0.11,1,0,0.14,0.1,0.09,0,0,0.08,0.14,0,0.29,0.3,0,0,0.22,0.72,0.1,0.22,0.11,0.28,0,0,0,0,0,1.04,0,0,0.13,0.03,0,0,0,0.13,0,0,0.2,0.22,0,0,0.15,0,0,0,0.06,0.11,0,0.39,0.26,0.29,0.24,0,0,0,0.25,0,0,0.12,0,0,0.11,0,0,0,0,0,0.07,0.09,0.86,0,0.2,0,0.12,0,0,0,0,0,0,0,0,0,0,0,0.13,0.08,0,0,0,0,0,0,0.67,0
SiO2,none,141,-21,HP,90,60,15300,20,4,other,sphere,buffer,7.4,141,0.002,buffer,0.5,37,1,Neutral,1.24,2,2.73,1.55,1.4,1.69,2.1,0.76,1.93,2.13,0.19,1.79,1.15,0.2,0.52,0.2,0.78,0.14,1.21,0.34,0.07,2.23,0.72,0.82,0.41,3.02,0.17,0.8,1.07,1.03,0.21,0.27,0.62,0.56,0.72,1.59,0.09,0.73,0.1,1.44,0.28,0.89,0.2,0.18,0.26,0.09,0.1,1.09,0.05,0.18,0.3,1.15,1.26,0.41,0.36,0.29,1.6,1.13,0.19,0.17,0.27,1.94,0.18,0.08,1.12,0.12,0.85,0.82,0.13,0.61,1.14,0.06,0.61,0.06,0.45,0.85,0.12,0.52,0.17,0.26,0.22,1.14,0.3,0.16,0.51,0.47,0.25,0.06,0.72,0.2,0.27,0.31,0.07,0.18,0.33,0.13,0.05,0.47,0.52,0.22,0.25,0.2,0.08,0.15,0.68,0.48,0.19,0,0.18,0,0.15,0.36,0.06,1.42,0.16,1.38,0.93,0.09,0.23,0.47,0.67,0.1,0.2,0.05,0.09,0.55,0.57,0.95,0.07,0.05,0.08,0,0.15,0.12,0,0.1,0.75,0.26,0.1,0.14,0.31,0.01,0.06,0,0.05,0.36,0.09,0.11,0.07,0.25,0.45,0.02,0,0,0.16,0.2,0.12,0.52,0.04,0.15,0.07,0.05,0,0.51,0.03,0.17,0.69,0.07,0.18,0.07,0.41,0.04,0,0.02,0.3,0.34,0,0.11
SiO2,none,141,-21,HP,90,60,15300,20,4,other,sphere,buffer,7.4,141,0.002,buffer,2,37,1,Neutral,1.6,2.68,1.46,1.64,1.77,0.79,1.9,0.75,1.25,0.96,0.3,2.16,0.72,0.26,0.57,0.19,0.67,0.13,0.93,0.58,0.08,2.84,0.36,0.53,0.43,3.21,0.28,1.3,1.03,0.33,0.66,0.22,1.46,0.57,0.98,1.84,0.09,0.73,0.17,1.06,0.19,0.83,0.26,0.15,0.25,0.35,0.2,0.8,0.09,0.32,0.42,1.17,1.26,0.52,0.62,0.45,1.47,0.31,0.15,0.14,0.19,2.21,0.59,0.15,1.01,0.18,1.24,1.69,0.09,1.67,0.66,0.08,0.16,0.08,0.19,0.62,0.2,0.31,0.3,0.25,0.09,1.03,0.97,0.25,0.73,0.44,0.6,0.02,0.5,0.2,0.44,0.4,0.1,0.3,0.29,0.21,0.08,0.28,0.29,0.95,0.09,0.28,0.09,0.23,0.34,0.49,0.18,0,0.04,0,0.11,0.26,0.03,2.02,0.31,1.21,0.62,0.1,0.09,0.27,0.64,0.06,0.19,0.02,0.06,0.63,0.58,1.02,0.07,0.06,0.09,0,0.21,0.12,0,0.16,0.68,0.16,0.07,0.21,0.25,0.05,0.07,0,0.03,0.51,0.08,0.19,0.17,0.16,0.43,0.04,0,0,0.14,0.18,0.05,0.3,0.01,0.1,0.03,0.04,0,0.62,0.03,0.05,0.33,0.04,0.16,0.03,0.52,0.07,0,0.02,0.22,0.51,0,0.04
SiO2,none,141,-21,HP,90,60,15300,20,4,other,sphere,buffer,7.4,141,0.002,buffer,5,37,1,Neutral,1.58,2.69,1.23,1.67,2.06,0.65,1.94,0.6,0.71,0.74,0.39,2.47,0.63,0.32,0.6,0.18,0.59,0.1,0.95,0.67,0.09,3.05,0.28,0.62,0.41,3.47,0.27,1.3,1.12,0.26,0.6,0.23,1.41,0.69,0.95,1.86,0.1,0.7,0.19,1.29,0.15,0.66,0.6,0.22,0.18,0.32,0.12,0.68,0.06,0.3,0.33,1.12,1.34,0.59,0.79,0.54,1.26,0.21,0.14,0.13,0.13,2.15,0.53,0.13,1.01,0.21,1.21,1.57,0.09,1.52,0.53,0.08,0.13,0.1,0.2,0.55,0.25,0.53,0.3,0.23,0.06,1.6,0.77,0.21,0.67,0.33,0.51,0.02,0.46,0.28,0.37,0.27,0.08,0.37,0.29,0.19,0.06,0.25,0.19,0.85,0.12,0.18,0.09,0.22,0.33,0.42,0.31,0,0.05,0,0.1,0.25,0.06,1.92,0.33,1.36,0.71,0.09,0.07,0.27,0.59,0.05,0.27,0.02,0.04,0.56,0.59,1.19,0.07,0.08,0.08,0,0.2,0.13,0,0.13,0.78,0.13,0.07,0.18,0.17,0.05,0.07,0,0.03,0.54,0.07,0.17,0.12,0.15,0.47,0.05,0,0,0.15,0.17,0.06,0.34,0.02,0.09,0.08,0.04,0,0.64,0.05,0.06,0.44,0.04,0.17,0.03,0.45,0.06,0,0.02,0.18,0.63,0,0.06
SiO2,none,141,-21,HP,90,60,15300,20,4,other,sphere,buffer,7.4,141,0.002,buffer,15,37,1,Neutral,1.61,1.68,1.48,1.93,1.9,1.15,1.55,0.71,1.55,1.62,0.27,2.98,0.82,0.44,0.72,0.23,0.51,0.13,1.08,0.49,0.08,2.72,0.35,0.65,0.73,2.08,0.28,1.17,1.22,0.75,0.73,0.3,0.96,0.72,0.82,0.95,0.08,0.73,0.16,1.62,0.21,0.45,0.23,0.24,0.16,0.39,0.23,0.57,0.06,0.18,0.39,1.76,1.3,0.53,0.65,0.42,1.19,0.39,0.29,0.15,0.21,1.68,0.31,0.13,0.92,0.13,1.45,1.29,0.1,1.35,0.41,0.08,0.2,0.07,0.26,0.63,0.2,0.68,0.3,0.22,0.1,1.12,1.37,0.27,0.69,0.95,0.93,0.01,0.62,0.28,0.15,0.44,0.1,0.34,0.32,0.18,0.08,0.2,0.28,0.68,0.05,0.29,0.07,0.23,0.46,0.59,0.33,0,0.06,0,0.13,0.45,0.11,2.06,0.2,0.58,0.41,0.1,0.09,0.42,0.74,0.05,0.25,0.03,0.07,0.17,0.25,1.05,0.06,0.05,0.09,0,0.31,0.15,0,0.61,0.6,0.22,0.09,0.24,0.2,0.05,0.05,0,0.03,0.43,0.15,0.17,0.43,0.18,0.34,0.02,0,0,0.26,0.2,0.08,0.53,0.02,0.15,0.04,0.05,0,0.43,0.05,0.05,0.26,0.04,0.22,0.03,0.48,0.04,0,0.02,0.14,0.57,0,0.05
SiO2,none,141,-21,HP,90,60,15300,20,4,other,sphere,buffer,7.4,141,0.002,buffer,30,37,1,Neutral,0.99,1.31,1.41,1.89,1.41,1.7,1.48,0.54,1.09,1.86,0.34,1.77,1,0.28,0.91,0.26,0.46,0.15,1.16,1.12,0.1,1.67,0.47,0.34,0.43,1.17,0.31,0.69,0.89,0.89,0.41,0.43,0.46,0.33,0.65,0.62,0.11,0.59,0.17,1.46,0.19,0.52,0.32,0.36,0.22,0.25,0.12,0.71,0.04,0.34,0.32,1.53,1.39,0.37,0.7,0.37,0.75,0.5,1.01,0.14,0.23,0.82,0.21,0.1,0.48,0.39,0.69,0.57,0.19,0.67,0.42,0.14,0.37,0.07,0.48,0.49,0.2,0.6,0.18,0.31,0.37,1.54,1.67,0.15,0.41,0.46,1.04,0.06,0.5,0.34,0.16,0.56,0.13,0.15,0.56,0.22,0.09,0.18,0.32,0.37,0.19,0.22,0.28,0.27,0.6,0.44,0.55,0,0.14,0,0.21,0.21,0.08,1.54,0.07,0.65,0.46,0.1,0.19,0.32,0.84,0.1,0.35,0.06,0.1,0.17,0.26,0.96,0.09,0.16,0.12,0,0.24,0.18,0,0.26,0.82,0.39,0.55,0.27,0.32,0.1,0.09,0,0.04,0.35,0.15,0.3,0.3,0.34,0.39,0.05,0,0,0.33,0.27,0.14,0.41,0.3,0.17,0.13,0.05,0,0.38,0.33,0.57,0.36,0.47,0.26,0.12,0.47,0.11,0,0.03,0.22,0.43,0,0.25
SiO2,none,141,-21,HP,90,60,15300,20,4,other,sphere,buffer,7.4,141,0.002,buffer,60,37,1,Neutral,1.2,1.22,2.09,2.62,2.11,1.95,2.06,0.78,1.76,2.31,0.37,2.26,1.08,0.27,0.82,0.38,0.81,0.24,1.38,0.52,0.1,2,0.54,0.32,0.59,1.27,0.35,0.79,1.29,1.5,0.5,0.37,0.39,0.36,0.62,0.56,0.08,0.93,0.16,1.73,0.22,0.55,0.33,0.37,0.18,0.24,0.09,0.73,0.04,0.2,0.43,2.18,1.48,0.59,0.62,0.43,0.84,0.57,0.44,0.21,0.31,0.86,0.18,0.13,0.54,0.12,0.75,0.64,0.21,0.68,0.93,0.07,0.39,0.07,0.45,0.52,0.29,0.64,0.18,0.23,0.41,0.96,1.63,0.15,0.66,0.56,1.3,0.02,0.63,0.05,0.22,0.45,0.13,0.16,0.57,0.31,0.09,0.2,0.33,0.31,0.08,0.24,0.04,0.29,0.96,0.57,0.42,0,0.09,0,0.15,0.19,0.08,2.39,0.14,0.48,0.38,0.1,0.12,0.34,0.84,0.1,0.25,0.07,0.05,0.12,0.14,0.69,0.07,0.05,0.11,0,0.37,0.15,0,0.22,0.43,0.33,0.11,0.23,0.5,0.04,0.05,0,0.03,0.38,0.11,0.17,0.27,0.4,0.39,0.02,0,0,0.33,0.07,0.06,0.08,0.05,0.21,0.1,0.04,0,0.32,0.07,0.07,0.33,0.13,0.28,0.05,0.66,0.03,0,0.02,0.17,0.54,0,0.22
SiO2,none,141,-21,HP,90,60,15300,20,4,other,sphere,buffer,7.4,141,0.002,buffer,120,37,1,Neutral,1.8,1.19,2.47,2.7,1.83,1.5,1.77,1.11,2.14,2.44,0.34,2.12,0.57,0.11,0.75,0.26,0.91,0.41,1.43,0.42,0.07,1.61,0.81,0.33,0.3,1.25,0.48,0.65,1.05,1.57,0.37,0.29,0.39,0.45,0.62,0.67,0.11,1.02,0.14,1.47,0.21,0.71,0.33,0.4,0.26,0.18,0.09,0.74,0.02,0.3,0.3,2.18,1.72,0.44,0.6,0.35,0.97,0.79,0.4,0.41,0.46,0.77,0.26,0.11,0.57,0.08,0.71,0.76,0.15,0.8,1.15,0.07,0.54,0.06,0.38,0.47,0.17,0.45,0.22,0.26,0.35,0.77,1.94,0.18,0.63,0.49,1.05,0.02,0.8,0.22,0.29,0.18,0.1,0.13,0.61,0.39,0.13,0.42,0.56,0.34,0.07,0.38,0.04,0.21,0.84,0.86,0.36,0,0.09,0,0.1,0.16,0.05,2.48,0.16,0.49,0.41,0.07,0.28,0.28,0.79,0.15,0.4,0.19,0.09,0.16,0.15,0.89,0.08,0.03,0.13,0,0.26,0.14,0,0.15,0.4,0.39,0.15,0.16,0.46,0.02,0.05,0,0.04,0.27,0.05,0.13,0.27,0.44,0.54,0.02,0,0,0.31,0.05,0.12,0.52,0.02,0.17,0.11,0.02,0,0.3,0.13,0.09,0.31,0.2,0.25,0.04,0.48,0.03,0,0.03,0.12,0.47,0,0.24
PS,none,112,-24,HP,90,600,15300,20,4,other,sphere,plasma,7.4,126,0.011,buffer,0.5,37,1,Neutral,1.95,3.36,3.26,0.34,9.54,2.68,6.73,1.03,0.47,0.83,0.72,3.52,6.66,0.86,0.31,0.37,1.18,0.35,0,0.74,0.15,1.35,0.24,0.41,0.59,3.25,1.03,2.37,3.25,0.24,0.55,0.27,1.12,0.31,0.69,7.82,0.06,2.96,0.2,0.49,0.23,0.28,0.27,0.17,0.18,0.29,0.54,0.18,0,0.55,0,0.34,0.39,0.38,0,1.24,0,0.3,0,0.07,0,1.75,0.23,0,1.35,0.21,0.24,1.47,0,1.16,0,0.15,0,0.11,0.12,0.83,0.21,0.11,0.14,2.25,0,0.54,0,0.12,0.2,0.33,0.49,0.64,0.61,0.12,0.14,1.19,0.09,0.04,0.17,0.18,0.11,0,0,0.65,0,0.1,0.05,0.3,0.1,0.07,0.16,0,0,0.31,0.13,0,0.15,0.14,0.13,0,0,0.06,0,0.22,1.71,0.31,0,0,0,0,0,0.17,0.08,0,0.08,0.13,0.22,0,0.11,0,0,0,0,0,0,0,0,0,0,0,0,0,0,0,0.05,0,0.25,0,0,0.08,0,0,0,0,0,0,0,0,0,0,0,0,0,0,0,0,0,0,0,0,0.03,0
PS,none,112,-24,HP,90,600,15300,20,4,other,sphere,plasma,7.4,126,0.011,buffer,2,37,1,Neutral,1.81,2,2.72,0.65,14.23,3.34,5.56,0.45,0.35,1.16,0.55,3.08,5.21,0.92,0.37,0.32,0.63,0.2,0,0.97,0.16,1.44,0.15,0.6,0.47,2.21,0.78,2.87,3.1,0.34,0.62,0.24,2.08,0.55,0.76,8.34,0.03,2.34,0.18,0.19,0.15,0.12,0.12,0.11,0.1,0.31,0.55,0.13,0,0.47,0,0.38,0.3,0.41,0,1.51,0,0.44,0,0.05,0,1.69,0.29,0,1.51,0.2,0.32,1.15,0,0.99,0,0.09,0,0.11,0.1,0.89,0.32,0.13,0.12,2.6,0,0.71,0,0.11,0.22,0.28,0.24,1.85,0.45,0.07,0.06,1.18,0.13,0.03,0.17,0.17,0.11,0,0,0.54,0,0.1,0.05,0.25,0.02,0.04,0.1,0,0,0.38,0.13,0,0.16,0.13,0.21,0,0,0.05,0,0.25,1.38,0.38,0,0,0,0,0,0.15,0.09,0,0.08,0.16,0.21,0,0.12,0,0,0,0,0,0,0,0,0,0,0,0,0,0,0,0.06,0,0.3,0,0,0.1,0,0,0,0,0,0,0,0,0,0,0,0,0,0,0,0,0,0,0,0,0.04,0
PS,none,112,-24,HP,90,600,15300,20,4,other,sphere,plasma,7.4,126,0.011,buffer,5,37,1,Neutral,1.55,2.69,2.76,1,12.25,7.41,4.87,0.48,0.33,1.98,0.48,2.05,4.28,0.78,0.3,0.25,0.62,0.2,0,0.76,0.15,0.92,0.16,1.06,0.14,1.75,0.53,2.28,2.4,0.61,0.39,0.16,3.74,0.95,0.62,3.46,0,2.33,0.16,0.21,0.15,0.11,0.11,0.12,0.09,0.2,0.7,0.15,0,0.35,0,0.4,0.44,0.36,0,1.11,0,0.53,0,0.05,0,1.34,0.47,0,1.28,0.17,0.17,1.3,0,1.18,0,0.08,0,0.09,0.18,1.14,0.25,0.1,0.1,2.52,0,0.83,0,0.1,0.2,0.27,0.25,7.72,0.31,0.19,0.06,0.87,0.12,0.04,0.15,0.16,0.08,0,0,0.55,0,0.11,0.04,0.22,0.03,0.05,0.11,0,0,0.41,0.11,0,0.23,0.08,0.34,0,0,0.04,0,0.27,1.15,0.34,0,0,0,0,0,0.16,0.09,0,0.07,0.25,0.16,0,0.09,0,0,0,0,0,0,0,0,0,0,0,0,0,0,0,0.05,0,0.33,0,0,0.07,0,0,0,0,0,0,0,0,0,0,0,0,0,0,0,0,0,0,0,0,0.05,0
PS,none,112,-24,HP,90,600,15300,20,4,other,sphere,plasma,7.4,126,0.011,buffer,15,37,1,Neutral,1.66,2.37,2.62,1.46,12.62,7.78,4.99,0.54,0.34,2.78,0.53,1.07,3.91,0.76,0.41,0.27,0.42,0.21,0,0.86,0.17,0.87,0.15,1.06,0.08,1.63,0.93,1.43,2.85,0.77,0.44,0.26,4.56,0.86,0.62,2.44,0.01,1.98,0.16,0.24,0.18,0.1,0.3,0.12,0.12,0.12,0.79,0.17,0,0.42,0,0.46,0.36,0.37,0,1.18,0,0.64,0,0.05,0,1.26,0.57,0,1.34,0.21,0.07,1.61,0,1.32,0,0.08,0,0.09,0.18,1.51,0.28,0.06,0.1,1.95,0,0.56,0,0.1,0.19,0.32,0.2,7.27,0.27,0.19,0.06,0.84,0.12,0.04,0.14,0.2,0.1,0,0,0.67,0,0.13,0.05,0.25,0.02,0.06,0.1,0,0,0.29,0.08,0,0.27,0.07,0.46,0,0,0.07,0,0.32,1.1,0.26,0,0,0,0,0,0.21,0.07,0,0.07,0.15,0.18,0,0.08,0,0,0,0,0,0,0,0,0,0,0,0,0,0,0,0.04,0,0.27,0,0,0.06,0,0,0,0,0,0,0,0,0,0,0,0,0,0,0,0,0,0,0,0,0.03,0
PS,none,112,-24,HP,90,600,15300,20,4,other,sphere,plasma,7.4,126,0.011,buffer,30,37,1,Neutral,0.97,1.61,21.74,0.63,6,1.6,5.06,0.82,6.78,0.87,0.23,1.13,3.98,0.37,0.25,0.47,0.04,2.09,0,0.31,0.07,0.88,1.53,0,0.12,3.41,0.13,1.23,2.41,0.4,0.43,0.14,1.63,0.32,0.75,4.54,0,1.44,0.11,0.47,0.04,0.49,0.51,0,0.43,0.15,0.28,0.75,0,0.22,0,0.24,2.66,0.38,0,0.44,0,1.97,0,0.33,0.41,0.91,0.34,0,0.65,0.14,0.09,0.12,0,0.08,1.47,0.02,0.17,0.01,0.21,0.95,0.07,0,0.07,0.03,0,1.35,0,0.01,0.86,0,0,0.03,0.05,0.08,0.08,0.2,0.11,0,0.26,0,0,0.06,1.02,0,0,0,0.02,0.2,0.14,0,0,0,0.04,1.02,0.15,0,0,0.39,0.19,0.21,0.25,0,0.23,0,0.71,0,0,0,0.21,0.15,0,0.41,0.09,0,0,0.38,0.15,0,0.09,0,0,0,0,0,0,0,0,0,0,0,0,0,0,0,0,0,0.29,0,0,0,0,0,0,0,0,0,0,0,0,0,0.23,0,0,0,0,0,0,0,0,0,0.09,0
PS,none,112,-24,HP,90,600,15300,20,4,other,sphere,plasma,7.4,126,0.011,buffer,60,37,1,Neutral,1.69,1.67,2.46,1.49,8.44,10.27,8.07,0.59,0.21,3.15,0.27,0.84,8.46,0.69,0.12,0.54,0.37,0.11,0,0.35,0.11,0.95,0.13,0.42,0.05,1.17,0.53,1.38,3.52,1.12,0.17,0.27,1.37,0.32,0.34,1.56,0,2.58,0.08,0.29,0.05,0.07,0.08,0.16,0.13,0.08,1.06,0.18,0,0.15,0,0.6,0.42,0.42,0,0.58,0,0.55,0,0.03,0,1.59,0.22,0,1.51,0.13,0.05,1.12,0,1.06,0,0.06,0,0.04,0.2,1.93,0.11,0.1,0.12,1.78,0,1.75,0,0.11,0.1,0.25,0.23,7.02,0.48,0.05,0.11,0.81,0.12,0.05,0.19,0.24,0.09,0,0,0.48,0,0.08,0.03,0.29,0.03,0.1,0.07,0,0,0.93,0.14,0,0.16,0.08,0.13,0,0,0.09,0,0.25,0.99,0.64,0,0,0,0,0,0.15,0.03,0,0.08,0.38,0.21,0,0.14,0,0,0,0,0,0,0,0,0,0,0,0,0,0,0,0,0,0.62,0,0,0.07,0,0,0,0,0,0,0,0,0,0,0,0,0,0,0,0,0,0,0,0,0.13,0
PS,none,112,-24,HP,90,600,15300,20,4,other,sphere,plasma,7.4,126,0.011,buffer,120,37,1,Neutral,2.06,1.63,2.69,1.59,8.88,10.68,8.55,0.61,0.28,3.64,0.3,0.75,7.26,0.62,0.17,0.49,0.36,0.12,0,0.41,0.13,0.96,0.13,0.49,0.08,1.05,0.88,1.16,4.03,1.32,0.16,0.31,2.02,0.55,0.42,1.63,0,2.56,0.09,0.26,0.06,0.08,0.09,0.16,0.19,0.1,1.06,0.19,0,0.17,0,0.48,0.39,0.45,0,0.76,0,0.42,0,0.05,0,1.74,0.29,0,1.43,0.12,0.07,1.04,0,0.97,0,0.06,0,0.05,0.16,1.58,0.15,0.08,0.13,1.73,0,1.17,0,0.12,0.13,0.29,0.24,5.3,0.49,0.06,0.1,0.9,0.11,0.07,0.2,0.32,0.12,0,0,0.44,0,0.08,0.03,0.25,0.03,0.11,0.06,0,0,0.57,0.16,0,0.16,0.08,0.19,0,0,0.09,0,0.27,1.04,0.5,0,0,0,0,0,0.21,0.04,0,0.11,0.25,0.22,0,0.13,0,0,0,0,0,0,0,0,0,0,0,0,0,0,0,0.02,0,0.36,0,0,0.06,0,0,0,0,0,0,0,0,0,0,0,0,0,0,0,0,0,0,0,0,0.07,0
SiO2,none,31.4,-25,HP,90,60,15300,20,4,other,sphere,buffer,7.4,35.2,0.0001,buffer,0.5,37,1,Neutral,0.71,1.85,15.16,0.4,13.21,1.15,8.72,0.93,1.57,0.47,0.78,1.91,4.67,1.74,0.5,0.83,0.66,0.57,0,1.25,0.15,1.09,0.77,0,0.13,1.06,1.38,0.63,4.44,0.3,0.91,0.3,0.79,0.68,1.73,1.75,0,2.05,0.57,0.42,0.3,0.63,0.39,0,0.46,0.35,0.32,0.27,0,1.35,0,0.13,1.09,0.62,0,1.42,0,0.67,0,0.34,0.05,0.83,0.22,0,0.61,0.55,0.17,0.64,0,0.4,0.69,0.1,0.17,0.14,0.04,0.15,0.17,0,0.07,0.02,0,0.33,0,0.03,1.89,0,0,0.03,0.11,0.15,0.07,0.23,0.2,0,0.62,0,0,0.08,0.89,0,0,0,0.08,0.1,0.18,0,0,0,0.04,0.13,0.23,0,0,0.23,0.1,0.12,0.16,0,0.13,0,0.59,0,0,0,0.14,0.17,0,0.27,0.11,0,0,0.3,0.27,0,0.21,0,0,0,0,0,0,0,0,0,0,0,0,0,0,0,0,0,0.14,0,0,0,0,0,0,0,0,0,0,0,0,0,0.09,0,0,0,0,0,0,0,0,0,0.03,0
SiO2,none,31.4,-25,HP,90,60,15300,20,4,other,sphere,buffer,7.4,35.2,0.0001,buffer,2,37,1,Neutral,1.27,1.38,20.01,1.05,8,2,3.31,0.84,8.64,0.92,0.37,1.59,2.54,0.71,0.55,0.49,0.04,2.67,0,0.53,0.07,0.64,0.83,0,0.16,3.91,0.44,1.46,2.31,0.46,0.36,0.14,2.5,0.17,0.76,4.22,0,0.98,0.18,0.33,0.06,0.28,0.25,0,0.21,0.1,0.15,0.6,0,0.24,0,0.21,3.24,0.32,0,0.54,0,2.94,0,0.21,0.85,0.77,0.38,0,0.68,0.1,0.06,0.08,0,0.07,1.48,0.02,0.3,0.04,0.19,0.72,0.15,0,0.09,0.02,0,0.38,0,0.02,0.58,0,0,0.04,0,0.06,0.05,0.14,0.07,0,0.25,0,0,0.1,1.29,0,0,0,0.01,0.12,0.13,0,0,0,0.03,0.19,0.07,0,0,0.35,0.3,0.12,0.16,0,0.35,0,0.87,0,0,0,0.3,0.12,0,0.28,0.1,0,0,0.14,0.15,0,0.03,0,0,0,0,0,0,0,0,0,0,0,0,0,0,0,0,0,0.15,0,0,0,0,0,0,0,0,0,0,0,0,0,0.2,0,0,0,0,0,0,0,0,0,0.04,0
SiO2,none,31.4,-25,HP,90,60,15300,20,4,other,sphere,buffer,7.4,35.2,0.0001,buffer,5,37,1,Neutral,1.67,1.15,18.48,0.69,8.17,0.83,5.04,0.87,9.25,0.47,0.28,1.89,3.67,0.68,0.46,0.53,0.04,2.3,0,0.5,0.11,0.28,1.11,0,0.18,3.47,0.24,1.53,2.69,0.39,0.3,0.21,2.98,0.27,0.83,4.17,0,1.59,0.17,0.49,0.07,0.29,0.4,0,0.32,0.09,0.28,0.81,0,0.28,0,0.12,3.11,0.45,0,0.46,0,1.93,0,0.32,0.57,0.84,0.47,0,0.59,0.15,0.1,0.06,0,0.04,1.39,0.03,0.18,0.04,0.1,0.44,0.17,0,0.13,0.01,0,0.24,0,0.02,0.74,0,0,0.05,0,0.13,0.03,0.13,0.09,0,0.35,0,0,0.06,1.01,0,0,0,0.02,0.16,0.32,0,0,0,0.05,0.14,0.11,0,0,0.32,0.38,0.08,0.1,0,0.37,0,0.36,0,0,0,0.26,0.12,0,0.15,0.17,0,0,0.16,0.2,0,0.1,0,0,0,0,0,0,0,0,0,0,0,0,0,0,0,0,0,0.14,0,0,0,0,0,0,0,0,0,0,0,0,0,0.24,0,0,0,0,0,0,0,0,0,0.02,0
SiO2,none,31.4,-25,HP,90,60,15300,20,4,other,sphere,buffer,7.4,35.2,0.0001,buffer,15,37,1,Neutral,1.38,0.95,17.25,0.76,10.63,0.87,4.78,0.78,8.51,0.37,0.38,1.88,3.94,0.65,0.54,0.6,0.07,1.66,0,0.49,0.04,0.36,0.78,0,0.17,4.12,0.31,1.62,3.08,0.39,0.41,0.17,2.18,0.22,0.87,4.09,0,1.5,0.2,0.49,0.08,0.21,0.19,0,0.21,0.12,0.14,0.72,0,0.24,0,0.14,3.43,0.48,0,0.52,0,1.93,0,0.3,0.66,1.12,0.27,0,0.66,0.18,0.1,0.11,0,0.06,1.42,0.02,0.2,0.04,0.06,0.62,0.15,0,0.12,0.02,0,0.45,0,0.03,0.94,0,0,0.02,0,0.12,0.03,0.13,0.1,0,0.45,0,0,0.07,1.01,0,0,0,0.01,0.17,0.26,0,0,0,0.05,0.18,0.11,0,0,0.42,0.25,0.08,0.12,0,0.23,0,0.55,0,0,0,0.23,0.07,0,0.14,0.09,0,0,0.21,0.19,0,0.09,0,0,0,0,0,0,0,0,0,0,0,0,0,0,0,0,0,0.16,0,0,0,0,0,0,0,0,0,0,0,0,0,0.17,0,0,0,0,0,0,0,0,0,0.04,0
SiO2,none,31.4,-25,HP,90,60,15300,20,4,other,sphere,buffer,7.4,35.2,0.0001,buffer,30,37,1,Neutral,2.34,1.4,2.11,1.45,8.09,7.88,9.65,0.49,0.25,2.74,0.31,0.65,8.61,0.7,0.16,0.59,0.28,0.13,0,0.45,0.09,0.86,0.11,0.31,0.06,0.97,0.59,1.42,4.26,0.82,0.18,0.33,1.38,0.21,0.39,1.94,0.01,2.77,0.1,0.26,0.08,0.06,0.09,0.13,0.1,0.08,0.86,0.14,0,0.18,0,0.55,0.44,0.53,0,0.72,0,0.58,0,0.05,0,2,0.18,0,1.7,0.11,0.05,1.29,0,1.29,0,0.07,0,0.05,0.19,1.72,0.14,0.07,0.16,1.73,0,1.27,0,0.13,0.14,0.24,0.23,8.14,0.34,0.04,0.07,0.74,0.15,0.03,0.22,0.18,0.08,0,0,0.55,0,0.07,0.04,0.37,0.01,0.09,0.06,0,0,0.58,0.19,0,0.2,0.08,0.13,0,0,0.13,0,0.26,1.13,0.62,0,0,0,0,0,0.15,0.04,0,0.07,0.24,0.24,0,0.15,0,0,0,0,0,0,0,0,0,0,0,0,0,0,0,0.02,0,0.41,0,0,0.05,0,0,0,0,0,0,0,0,0,0,0,0,0,0,0,0,0,0,0,0,0.08,0
SiO2,none,31.4,-25,HP,90,60,15300,20,4,other,sphere,buffer,7.4,35.2,0.0001,buffer,60,37,1,Neutral,1.17,1.42,20.7,0.43,6.68,1.43,4.9,0.95,8.46,0.78,0.27,1.3,3.47,0.62,0.27,0.49,0.03,2.57,0,0.37,0.09,0.63,1.42,0,0.12,3.59,0.18,1.07,2.5,0.45,0.18,0.11,2.34,0.35,0.86,4.42,0,1.39,0.18,0.56,0.05,0.43,0.55,0,0.52,0.06,0.34,0.82,0,0.18,0,0.2,3.11,0.33,0,0.5,0,1.98,0,0.41,0.51,0.99,0.37,0,0.68,0.1,0.12,0.11,0,0.09,1.54,0.03,0.14,0.04,0.17,0.75,0.1,0,0.09,0.02,0,0.39,0,0.02,0.84,0,0,0.02,0.07,0.09,0.06,0.18,0.09,0,0.27,0,0,0.06,1,0,0,0,0.01,0.12,0.18,0,0,0,0.05,0.18,0.11,0,0,0.36,0.26,0.16,0.15,0,0.17,0,0.51,0,0,0,0.3,0.14,0,0.28,0.16,0,0,0.15,0.17,0,0.08,0,0,0,0,0,0,0,0,0,0,0,0,0,0,0,0,0,0.16,0,0,0,0,0,0,0,0,0,0,0,0,0,0.26,0,0,0,0,0,0,0,0,0,0.03,0
SiO2,none,31.4,-25,HP,90,60,15300,20,4,other,sphere,buffer,7.4,35.2,0.0001,buffer,120,37,1,Neutral,1.02,0.57,23.17,0.19,8.57,0.53,4.38,1.56,10.24,0.48,0.48,2.56,2.38,0.92,0.39,0.43,0.02,2.99,0,0.55,0.16,0.07,2.39,0,0.1,2,0.33,1.53,1.91,0.61,0.28,0.16,3.01,0.43,0.96,1.32,0,0.7,0.29,0.2,0.12,0.26,0.29,0,0.15,0.1,0.25,0.28,0,0.4,0,0.03,2.47,0.33,0,0.86,0,0.55,0,0.8,0.95,0.98,0.82,0,0.46,0.1,0.07,0.06,0,0.05,2.49,0.08,0,0.08,0.03,0.71,0.2,0,0.09,0,0,0.34,0,0.01,0.91,0,0,0.03,0.01,0.23,0.03,0.05,0.1,0,0.36,0,0,0.09,1.61,0,0,0,0.04,0.11,0.22,0,0,0,0.07,0.19,0.09,0,0,0.22,0.46,0,0,0,0.06,0,0.03,0,0,0,0.43,0.03,0,0.03,0.33,0,0,0.16,0.18,0,0.13,0,0,0,0,0,0,0,0,0,0,0,0,0,0,0,0,0,0.14,0,0,0,0,0,0,0,0,0,0,0,0,0,0.22,0,0,0,0,0,0,0,0,0,0.04,0
SiO2,COOH,129,-28,HP,90,60,15300,20,4,other,sphere,buffer,7.4,133,0.006,buffer,0.5,37,1,Anionic,2.1,2.58,1.72,1.53,2.19,1.02,1.46,0.79,0.93,1.24,0.42,1.2,0.2,0.14,0.58,0.2,0.91,0.19,1.23,0.67,0.12,2.89,0.36,0.31,0.33,3.96,0.23,1.17,0.81,0.53,0.52,0.27,1.36,0.54,1.05,2.5,0.04,0.98,0.2,0.69,0.25,0.55,0.55,0.21,0.33,0.2,0.31,0.78,0.04,0.28,0.51,1.48,1.4,0.51,0.81,0.59,1.43,0.34,0.13,0.21,0.29,2.18,0.47,0.09,1.34,0.12,0.72,1.09,0.11,0.9,0.47,0.08,0.14,0.09,0.28,0.68,0.31,0.19,0.31,0.46,0.05,0.98,0.79,0.25,0.83,0.34,0.39,0.02,0.59,0.18,0.21,0.16,0.08,0.33,0.47,0.29,0.05,0.2,0.29,0.39,0.1,0.23,0.11,0.24,0.43,0.32,0.14,0,0.05,0,0.08,0.3,0.03,1.96,0.32,1.46,0.72,0.07,0.21,0.19,1.06,0.09,0.67,0.02,0.06,0.32,1.08,1.3,0.04,0.04,0.08,0,0.22,0.17,0,0.2,0.63,0.13,0.07,0.04,0.24,0.02,0.06,0,0.03,0.14,0.05,0.14,0.06,0.19,0.55,0.05,0,0,0.13,0.19,0.05,0.87,0,0.11,0,0.05,0,0.96,0.02,0.03,0.36,0.06,0.13,0.02,0.47,0.05,0,0.02,0.11,0.51,0,0.06
SiO2,COOH,129,-28,HP,90,60,15300,20,4,other,sphere,buffer,7.4,133,0.006,buffer,2,37,1,Anionic,1.57,2.58,1.49,1.28,2.21,0.9,1.71,0.57,0.71,1.12,0.47,1.47,0.42,0.21,0.62,0.24,1.04,0.13,1.1,0.8,0.1,2.79,0.29,0.5,0.34,3.8,0.23,1.14,1.29,0.45,0.55,0.29,1.27,0.67,1.09,2.33,0.05,0.79,0.21,1.08,0.23,0.64,0.53,0.22,0.27,0.24,0.24,0.58,0.04,0.34,0.42,1.41,1.33,0.57,0.82,0.62,1.31,0.31,0.11,0.18,0.18,2.32,0.41,0.07,1.25,0.13,0.83,1.1,0.09,0.93,0.4,0.08,0.12,0.11,0.29,0.63,0.36,0.42,0.33,0.43,0.06,0.83,0.86,0.25,0.96,0.3,0.31,0.01,0.48,0.19,0.25,0.19,0.09,0.32,0.42,0.24,0.05,0.21,0.24,0.41,0.13,0.15,0.11,0.31,0.36,0.32,0.23,0,0.05,0,0.1,0.23,0.04,1.78,0.28,1.57,0.91,0.1,0.14,0.19,0.88,0.07,0.36,0.06,0.06,0.43,1.03,1.23,0.04,0.04,0.09,0,0.27,0.16,0,0.15,0.7,0.11,0.05,0.1,0.28,0.02,0.06,0,0.02,0.39,0.07,0.16,0.07,0.17,0.6,0.05,0,0,0.13,0.17,0.06,0.85,0.01,0.15,0.02,0.06,0,0.89,0.04,0.06,0.35,0.06,0.17,0.01,0.52,0.05,0,0.02,0.25,0.58,0,0.05
SiO2,COOH,129,-28,HP,90,60,15300,20,4,other,sphere,buffer,7.4,133,0.006,buffer,5,37,1,Anionic,1.95,2.01,1.53,1.52,1.79,1.37,1.5,0.89,0.58,1.83,0.3,2.38,0.42,0.18,0.54,0.18,1.18,0.14,1.06,0.47,0.08,2.58,0.4,0.51,0.34,3.03,0.21,1.32,1.08,0.88,0.57,0.3,1.31,0.65,0.94,1.89,0.06,0.94,0.14,1.42,0.44,0.4,0.23,0.25,0.23,0.26,0.19,0.67,0.04,0.18,0.33,1.49,1.11,0.52,0.68,0.43,1.01,0.28,0.15,0.16,0.2,2.47,0.41,0.11,1.37,0.1,1.06,1.56,0.1,1.36,0.17,0.07,0.13,0.07,0.55,1.59,0.21,0.66,0.29,0.41,0.08,0.9,0.69,0.25,0.78,0.27,0.25,0,0.66,0.22,0.19,0.26,0.08,0.31,0.35,0.24,0.06,0.2,0.27,0.59,0.11,0.13,0.1,0.26,0.5,0.3,0.12,0,0.05,0,0.09,0.27,0.03,1.75,0.3,1.32,0.71,0.09,0.14,0.23,0.92,0.12,0.29,0,0.05,0.24,0.76,1.11,0.04,0.04,0.08,0,0.25,0.14,0,0.12,0.65,0.14,0.05,0.16,0.24,0.03,0.04,0,0.03,0.46,0.1,0.17,0.07,0.21,0.42,0.03,0,0,0.16,0.22,0.04,0.65,0.02,0.13,0.03,0.05,0,0.7,0.03,0.02,0.32,0.09,0.21,0.02,0.4,0.03,0,0.01,0.15,0.55,0,0.07
SiO2,COOH,129,-28,HP,90,60,15300,20,4,other,sphere,buffer,7.4,133,0.006,buffer,15,37,1,Anionic,1.7,1.89,1.62,2.2,1.86,1.73,1.13,0.99,0.88,2.02,0.31,2.54,0.33,0.05,0.65,0.11,1.23,0.26,1.3,0.51,0.09,2.93,0.48,0.72,0.19,2.45,0.27,1.2,0.84,1.59,0.32,0.15,1.28,0.81,0.66,1.09,0.08,0.83,0.12,1.44,0.56,0.29,0.36,0.4,0.17,0.13,0.13,0.68,0.04,0.16,0.17,1.8,1.33,0.39,0.58,0.35,1.1,0.38,0.27,0.23,0.3,1.85,0.4,0.08,1.24,0.08,0.8,1.24,0.19,0.87,0.2,0.07,0.2,0.08,1.15,1.76,0.15,0.69,0.19,0.32,0.13,1.16,1.36,0.18,0.53,0.32,0.27,0,0.56,0.12,0.35,0.27,0.12,0.2,0.51,0.26,0.09,0.3,0.27,0.4,0.14,0.19,0.06,0.13,0.84,0.49,0.13,0,0.06,0,0.06,0.18,0.05,2.16,0.26,0.68,0.41,0.06,0.17,0.34,1.08,0.09,0.59,0.02,0.05,0.14,0.41,1.06,0.04,0.05,0.06,0,0.17,0.12,0,0.14,0.77,0.26,0.1,0.2,0.46,0.02,0.05,0,0.02,0.54,0.09,0.2,0.12,0.33,0.37,0.02,0,0,0.19,0.16,0.04,0.39,0.03,0.07,0.05,0.04,0,0.57,0.04,0.02,0.25,0.1,0.19,0.04,0.53,0.03,0,0.02,0.11,0.51,0,0.06
SiO2,COOH,129,-28,HP,90,60,15300,20,4,other,sphere,buffer,7.4,133,0.006,buffer,30,37,1,Anionic,1.37,1.97,1.65,2.24,2.3,1.85,1.34,1.07,0.99,2,0.42,2.24,0.41,0.08,0.7,0.14,1.19,0.28,1.01,0.53,0.11,2.88,0.49,0.58,0.22,2.25,0.23,1.21,0.92,1.31,0.34,0.18,0.35,0.63,0.65,1.04,0.06,0.92,0.15,1.44,0.55,0.29,0.36,0.35,0.22,0.15,0.13,0.82,0.03,0.24,0.23,1.81,1.25,0.36,0.68,0.46,1.01,0.44,0.29,0.24,0.33,1.99,0.17,0.08,1.31,0.07,0.6,1.2,0.19,0.81,0.22,0.08,0.29,0.1,1.25,1.86,0.21,0.73,0.15,0.39,0.2,1.01,0.66,0.15,0.66,0.29,0.34,0,0.85,0.06,0.38,0.28,0.1,0.17,0.54,0.21,0.07,0.32,0.3,0.34,0.15,0.17,0.07,0.16,0.82,0.48,0.11,0,0.05,0,0.07,0.18,0.05,2.15,0.07,0.82,0.46,0.08,0.18,0.26,1.06,0.08,0.41,0.03,0.06,0.15,0.37,1.08,0.03,0.03,0.06,0,0.21,0.13,0,0.14,0.71,0.28,0.09,0.23,0.41,0.03,0.05,0,0.03,0.56,0.09,0.17,0.11,0.34,0.42,0.03,0,0,0.19,0.17,0.03,0.33,0.03,0.1,0.06,0.04,0,0.53,0.02,0.06,0.25,0.19,0.19,0.02,0.57,0.04,0,0.02,0.19,0.58,0,0.07
SiO2,COOH,129,-28,HP,90,60,15300,20,4,other,sphere,buffer,7.4,133,0.006,buffer,60,37,1,Anionic,1.65,1.79,1.59,2.34,2.06,1.93,1.25,1.08,0.82,2.04,0.35,2.15,0.33,0.07,0.7,0.14,1.22,0.28,1.27,0.46,0.12,3.09,0.5,0.55,0.19,2.25,0.28,1.22,0.94,1.52,0.21,0.16,0.37,0.6,0.63,0.95,0.08,0.95,0.13,1.54,0.57,0.25,0.41,0.43,0.2,0.09,0.12,0.83,0.04,0.19,0.2,1.85,1.38,0.4,0.61,0.3,0.92,0.39,0.31,0.38,0.28,1.69,0.21,0.07,1.19,0.05,0.63,1.23,0.2,0.89,0.18,0.07,0.26,0.08,1.28,1.87,0.18,0.76,0.17,0.41,0.15,0.95,1.21,0.16,0.61,0.36,0.37,0.02,0.99,0.07,0.45,0.36,0.1,0.16,0.59,0.27,0.11,0.33,0.28,0.38,0.15,0.19,0.07,0.15,0.86,0.43,0.17,0,0.11,0,0.08,0.2,0.05,2.23,0.07,0.75,0.42,0.08,0.17,0.36,1.03,0.1,0.53,0.08,0.06,0.11,0.36,1.15,0.03,0.03,0.06,0,0.2,0.12,0,0.14,0.79,0.32,0.11,0.22,0.38,0.02,0.05,0,0.03,0.57,0.08,0.19,0.14,0.35,0.41,0.02,0,0,0.2,0.16,0.03,0.28,0.04,0.08,0.06,0.04,0,0.53,0.04,0.05,0.25,0.16,0.21,0.07,0.55,0.05,0,0.02,0.16,0.54,0,0.08
SiO2,COOH,129,-28,HP,90,60,15300,20,4,other,sphere,buffer,7.4,133,0.006,buffer,120,37,1,Anionic,1.77,1.43,1.61,2.4,1.82,1.77,1.28,1.16,0.75,2.44,0.38,1.58,0.33,0.09,0.7,0.16,1.03,0.23,1.02,0.42,0.1,3.03,0.49,0.48,0.21,2.54,0.35,1.19,0.98,1.5,0.38,0.18,0.67,0.63,0.79,1.32,0.07,1,0.14,1.51,0.52,0.31,0.31,0.39,0.29,0.15,0.17,0.91,0.05,0.17,0.25,1.67,1.35,0.51,0.54,0.33,0.94,0.46,0.24,0.39,0.34,1.68,0.26,0.06,1.2,0.05,0.74,1.29,0.16,1.08,0.22,0.06,0.35,0.08,1.28,1.8,0.17,0.62,0.23,0.43,0.16,1.08,0.88,0.18,0.69,0.34,0.31,0,0.59,0.06,0.37,0.32,0.13,0.24,0.56,0.33,0.1,0.33,0.35,0.47,0.16,0.16,0.07,0.18,0.76,0.38,0.13,0,0.16,0,0.06,0.22,0.07,1.97,0.1,0.85,0.43,0.08,0.23,0.33,1.05,0.09,0.54,0.12,0.07,0.15,0.53,1.21,0.03,0.02,0.11,0,0.24,0.15,0,0.16,0.77,0.25,0.11,0.18,0.39,0.02,0.04,0,0.02,0.49,0.05,0.19,0.07,0.27,0.39,0.02,0,0,0.14,0.11,0.03,0.37,0.03,0.09,0.06,0.05,0,0.57,0.05,0,0.32,0.19,0.23,0.02,0.38,0.02,0,0.03,0.18,0.46,0,0.06
PS,none,112,-55,HP,90,600,15300,20,4,other,sphere,buffer,7.4,134,0.009,buffer,0.5,37,1,Neutral,1.95,3.36,3.26,0.34,9.54,2.68,6.73,1.03,0.47,0.83,0.72,3.52,6.66,0.86,0.31,0.37,1.18,0.35,0,0.74,0.15,1.35,0.24,0.41,0.59,3.25,1.03,2.37,3.25,0.24,0.55,0.27,1.12,0.31,0.69,7.82,0.06,2.96,0.2,0.49,0.23,0.28,0.27,0.17,0.18,0.29,0.54,0.18,0,0.55,0,0.34,0.39,0.38,0,1.24,0,0.3,0,0.07,0,1.75,0.23,0,1.35,0.21,0.24,1.47,0,1.16,0,0.15,0,0.11,0.12,0.83,0.21,0.11,0.14,2.25,0,0.54,0,0.12,0.2,0.33,0.49,0.64,0.61,0.12,0.14,1.19,0.09,0.04,0.17,0.18,0.11,0,0,0.65,0,0.1,0.05,0.3,0.1,0.07,0.16,0,0,0.31,0.13,0,0.15,0.14,0.13,0,0,0.06,0,0.22,1.71,0.31,0,0,0,0,0,0.17,0.08,0,0.08,0.13,0.22,0,0.11,0,0,0,0,0,0,0,0,0,0,0,0,0,0,0,0.05,0,0.25,0,0,0.08,0,0,0,0,0,0,0,0,0,0,0,0,0,0,0,0,0,0,0,0,0.03,0
PS,none,112,-55,HP,90,600,15300,20,4,other,sphere,buffer,7.4,134,0.009,buffer,2,37,1,Neutral,1.81,2,2.72,0.65,14.23,3.34,5.56,0.45,0.35,1.16,0.55,3.08,5.21,0.92,0.37,0.32,0.63,0.2,0,0.97,0.16,1.44,0.15,0.6,0.47,2.21,0.78,2.87,3.1,0.34,0.62,0.24,2.08,0.55,0.76,8.34,0.03,2.34,0.18,0.19,0.15,0.12,0.12,0.11,0.1,0.31,0.55,0.13,0,0.47,0,0.38,0.3,0.41,0,1.51,0,0.44,0,0.05,0,1.69,0.29,0,1.51,0.2,0.32,1.15,0,0.99,0,0.09,0,0.11,0.1,0.89,0.32,0.13,0.12,2.6,0,0.71,0,0.11,0.22,0.28,0.24,1.85,0.45,0.07,0.06,1.18,0.13,0.03,0.17,0.17,0.11,0,0,0.54,0,0.1,0.05,0.25,0.02,0.04,0.1,0,0,0.38,0.13,0,0.16,0.13,0.21,0,0,0.05,0,0.25,1.38,0.38,0,0,0,0,0,0.15,0.09,0,0.08,0.16,0.21,0,0.12,0,0,0,0,0,0,0,0,0,0,0,0,0,0,0,0.06,0,0.3,0,0,0.1,0,0,0,0,0,0,0,0,0,0,0,0,0,0,0,0,0,0,0,0,0.04,0
PS,none,112,-55,HP,90,600,15300,20,4,other,sphere,buffer,7.4,134,0.009,buffer,5,37,1,Neutral,1.55,2.69,2.76,1,12.25,7.41,4.87,0.48,0.33,1.98,0.48,2.05,4.28,0.78,0.3,0.25,0.62,0.2,0,0.76,0.15,0.92,0.16,1.06,0.14,1.75,0.53,2.28,2.4,0.61,0.39,0.16,3.74,0.95,0.62,3.46,0,2.33,0.16,0.21,0.15,0.11,0.11,0.12,0.09,0.2,0.7,0.15,0,0.35,0,0.4,0.44,0.36,0,1.11,0,0.53,0,0.05,0,1.34,0.47,0,1.28,0.17,0.17,1.3,0,1.18,0,0.08,0,0.09,0.18,1.14,0.25,0.1,0.1,2.52,0,0.83,0,0.1,0.2,0.27,0.25,7.72,0.31,0.19,0.06,0.87,0.12,0.04,0.15,0.16,0.08,0,0,0.55,0,0.11,0.04,0.22,0.03,0.05,0.11,0,0,0.41,0.11,0,0.23,0.08,0.34,0,0,0.04,0,0.27,1.15,0.34,0,0,0,0,0,0.16,0.09,0,0.07,0.25,0.16,0,0.09,0,0,0,0,0,0,0,0,0,0,0,0,0,0,0,0.05,0,0.33,0,0,0.07,0,0,0,0,0,0,0,0,0,0,0,0,0,0,0,0,0,0,0,0,0.05,0
PS,none,112,-55,HP,90,600,15300,20,4,other,sphere,buffer,7.4,134,0.009,buffer,15,37,1,Neutral,1.66,2.37,2.62,1.46,12.62,7.78,4.99,0.54,0.34,2.78,0.53,1.07,3.91,0.76,0.41,0.27,0.42,0.21,0,0.86,0.17,0.87,0.15,1.06,0.08,1.63,0.93,1.43,2.85,0.77,0.44,0.26,4.56,0.86,0.62,2.44,0.01,1.98,0.16,0.24,0.18,0.1,0.3,0.12,0.12,0.12,0.79,0.17,0,0.42,0,0.46,0.36,0.37,0,1.18,0,0.64,0,0.05,0,1.26,0.57,0,1.34,0.21,0.07,1.61,0,1.32,0,0.08,0,0.09,0.18,1.51,0.28,0.06,0.1,1.95,0,0.56,0,0.1,0.19,0.32,0.2,7.27,0.27,0.19,0.06,0.84,0.12,0.04,0.14,0.2,0.1,0,0,0.67,0,0.13,0.05,0.25,0.02,0.06,0.1,0,0,0.29,0.08,0,0.27,0.07,0.46,0,0,0.07,0,0.32,1.1,0.26,0,0,0,0,0,0.21,0.07,0,0.07,0.15,0.18,0,0.08,0,0,0,0,0,0,0,0,0,0,0,0,0,0,0,0.04,0,0.27,0,0,0.06,0,0,0,0,0,0,0,0,0,0,0,0,0,0,0,0,0,0,0,0,0.03,0
PS,none,112,-55,HP,90,600,15300,20,4,other,sphere,buffer,7.4,134,0.009,buffer,30,37,1,Neutral,0.97,1.61,21.74,0.63,6,1.6,5.06,0.82,6.78,0.87,0.23,1.13,3.98,0.37,0.25,0.47,0.04,2.09,0,0.31,0.07,0.88,1.53,0,0.12,3.41,0.13,1.23,2.41,0.4,0.43,0.14,1.63,0.32,0.75,4.54,0,1.44,0.11,0.47,0.04,0.49,0.51,0,0.43,0.15,0.28,0.75,0,0.22,0,0.24,2.66,0.38,0,0.44,0,1.97,0,0.33,0.41,0.91,0.34,0,0.65,0.14,0.09,0.12,0,0.08,1.47,0.02,0.17,0.01,0.21,0.95,0.07,0,0.07,0.03,0,1.35,0,0.01,0.86,0,0,0.03,0.05,0.08,0.08,0.2,0.11,0,0.26,0,0,0.06,1.02,0,0,0,0.02,0.2,0.14,0,0,0,0.04,1.02,0.15,0,0,0.39,0.19,0.21,0.25,0,0.23,0,0.71,0,0,0,0.21,0.15,0,0.41,0.09,0,0,0.38,0.15,0,0.09,0,0,0,0,0,0,0,0,0,0,0,0,0,0,0,0,0,0.29,0,0,0,0,0,0,0,0,0,0,0,0,0,0.23,0,0,0,0,0,0,0,0,0,0.09,0
PS,none,112,-55,HP,90,600,15300,20,4,other,sphere,buffer,7.4,134,0.009,buffer,60,37,1,Neutral,1.69,1.67,2.46,1.49,8.44,10.27,8.07,0.59,0.21,3.15,0.27,0.84,8.46,0.69,0.12,0.54,0.37,0.11,0,0.35,0.11,0.95,0.13,0.42,0.05,1.17,0.53,1.38,3.52,1.12,0.17,0.27,1.37,0.32,0.34,1.56,0,2.58,0.08,0.29,0.05,0.07,0.08,0.16,0.13,0.08,1.06,0.18,0,0.15,0,0.6,0.42,0.42,0,0.58,0,0.55,0,0.03,0,1.59,0.22,0,1.51,0.13,0.05,1.12,0,1.06,0,0.06,0,0.04,0.2,1.93,0.11,0.1,0.12,1.78,0,1.75,0,0.11,0.1,0.25,0.23,7.02,0.48,0.05,0.11,0.81,0.12,0.05,0.19,0.24,0.09,0,0,0.48,0,0.08,0.03,0.29,0.03,0.1,0.07,0,0,0.93,0.14,0,0.16,0.08,0.13,0,0,0.09,0,0.25,0.99,0.64,0,0,0,0,0,0.15,0.03,0,0.08,0.38,0.21,0,0.14,0,0,0,0,0,0,0,0,0,0,0,0,0,0,0,0,0,0.62,0,0,0.07,0,0,0,0,0,0,0,0,0,0,0,0,0,0,0,0,0,0,0,0,0.13,0
PS,none,112,-55,HP,90,600,15300,20,4,other,sphere,buffer,7.4,134,0.009,buffer,120,37,1,Neutral,2.06,1.63,2.69,1.59,8.88,10.68,8.55,0.61,0.28,3.64,0.3,0.75,7.26,0.62,0.17,0.49,0.36,0.12,0,0.41,0.13,0.96,0.13,0.49,0.08,1.05,0.88,1.16,4.03,1.32,0.16,0.31,2.02,0.55,0.42,1.63,0,2.56,0.09,0.26,0.06,0.08,0.09,0.16,0.19,0.1,1.06,0.19,0,0.17,0,0.48,0.39,0.45,0,0.76,0,0.42,0,0.05,0,1.74,0.29,0,1.43,0.12,0.07,1.04,0,0.97,0,0.06,0,0.05,0.16,1.58,0.15,0.08,0.13,1.73,0,1.17,0,0.12,0.13,0.29,0.24,5.3,0.49,0.06,0.1,0.9,0.11,0.07,0.2,0.32,0.12,0,0,0.44,0,0.08,0.03,0.25,0.03,0.11,0.06,0,0,0.57,0.16,0,0.16,0.08,0.19,0,0,0.09,0,0.27,1.04,0.5,0,0,0,0,0,0.21,0.04,0,0.11,0.25,0.22,0,0.13,0,0,0,0,0,0,0,0,0,0,0,0,0,0,0,0.02,0,0.36,0,0,0.06,0,0,0,0,0,0,0,0,0,0,0,0,0,0,0,0,0,0,0,0,0.07,0
SiO2,none,141,-6,HP,90,60,15300,20,4,other,sphere,plasma,7.4,158,0.007,buffer,0.5,37,1,Neutral,1.24,2,2.73,1.55,1.4,1.69,2.1,0.76,1.93,2.13,0.19,1.79,1.15,0.2,0.52,0.2,0.78,0.14,1.21,0.34,0.07,2.23,0.72,0.82,0.41,3.02,0.17,0.8,1.07,1.03,0.21,0.27,0.62,0.56,0.72,1.59,0.09,0.73,0.1,1.44,0.28,0.89,0.2,0.18,0.26,0.09,0.1,1.09,0.05,0.18,0.3,1.15,1.26,0.41,0.36,0.29,1.6,1.13,0.19,0.17,0.27,1.94,0.18,0.08,1.12,0.12,0.85,0.82,0.13,0.61,1.14,0.06,0.61,0.06,0.45,0.85,0.12,0.52,0.17,0.26,0.22,1.14,0.3,0.16,0.51,0.47,0.25,0.06,0.72,0.2,0.27,0.31,0.07,0.18,0.33,0.13,0.05,0.47,0.52,0.22,0.25,0.2,0.08,0.15,0.68,0.48,0.19,0,0.18,0,0.15,0.36,0.06,1.42,0.16,1.38,0.93,0.09,0.23,0.47,0.67,0.1,0.2,0.05,0.09,0.55,0.57,0.95,0.07,0.05,0.08,0,0.15,0.12,0,0.1,0.75,0.26,0.1,0.14,0.31,0.01,0.06,0,0.05,0.36,0.09,0.11,0.07,0.25,0.45,0.02,0,0,0.16,0.2,0.12,0.52,0.04,0.15,0.07,0.05,0,0.51,0.03,0.17,0.69,0.07,0.18,0.07,0.41,0.04,0,0.02,0.3,0.34,0,0.11
SiO2,none,141,-6,HP,90,60,15300,20,4,other,sphere,plasma,7.4,158,0.007,buffer,2,37,1,Neutral,1.6,2.68,1.46,1.64,1.77,0.79,1.9,0.75,1.25,0.96,0.3,2.16,0.72,0.26,0.57,0.19,0.67,0.13,0.93,0.58,0.08,2.84,0.36,0.53,0.43,3.21,0.28,1.3,1.03,0.33,0.66,0.22,1.46,0.57,0.98,1.84,0.09,0.73,0.17,1.06,0.19,0.83,0.26,0.15,0.25,0.35,0.2,0.8,0.09,0.32,0.42,1.17,1.26,0.52,0.62,0.45,1.47,0.31,0.15,0.14,0.19,2.21,0.59,0.15,1.01,0.18,1.24,1.69,0.09,1.67,0.66,0.08,0.16,0.08,0.19,0.62,0.2,0.31,0.3,0.25,0.09,1.03,0.97,0.25,0.73,0.44,0.6,0.02,0.5,0.2,0.44,0.4,0.1,0.3,0.29,0.21,0.08,0.28,0.29,0.95,0.09,0.28,0.09,0.23,0.34,0.49,0.18,0,0.04,0,0.11,0.26,0.03,2.02,0.31,1.21,0.62,0.1,0.09,0.27,0.64,0.06,0.19,0.02,0.06,0.63,0.58,1.02,0.07,0.06,0.09,0,0.21,0.12,0,0.16,0.68,0.16,0.07,0.21,0.25,0.05,0.07,0,0.03,0.51,0.08,0.19,0.17,0.16,0.43,0.04,0,0,0.14,0.18,0.05,0.3,0.01,0.1,0.03,0.04,0,0.62,0.03,0.05,0.33,0.04,0.16,0.03,0.52,0.07,0,0.02,0.22,0.51,0,0.04
SiO2,none,141,-6,HP,90,60,15300,20,4,other,sphere,plasma,7.4,158,0.007,buffer,5,37,1,Neutral,1.58,2.69,1.23,1.67,2.06,0.65,1.94,0.6,0.71,0.74,0.39,2.47,0.63,0.32,0.6,0.18,0.59,0.1,0.95,0.67,0.09,3.05,0.28,0.62,0.41,3.47,0.27,1.3,1.12,0.26,0.6,0.23,1.41,0.69,0.95,1.86,0.1,0.7,0.19,1.29,0.15,0.66,0.6,0.22,0.18,0.32,0.12,0.68,0.06,0.3,0.33,1.12,1.34,0.59,0.79,0.54,1.26,0.21,0.14,0.13,0.13,2.15,0.53,0.13,1.01,0.21,1.21,1.57,0.09,1.52,0.53,0.08,0.13,0.1,0.2,0.55,0.25,0.53,0.3,0.23,0.06,1.6,0.77,0.21,0.67,0.33,0.51,0.02,0.46,0.28,0.37,0.27,0.08,0.37,0.29,0.19,0.06,0.25,0.19,0.85,0.12,0.18,0.09,0.22,0.33,0.42,0.31,0,0.05,0,0.1,0.25,0.06,1.92,0.33,1.36,0.71,0.09,0.07,0.27,0.59,0.05,0.27,0.02,0.04,0.56,0.59,1.19,0.07,0.08,0.08,0,0.2,0.13,0,0.13,0.78,0.13,0.07,0.18,0.17,0.05,0.07,0,0.03,0.54,0.07,0.17,0.12,0.15,0.47,0.05,0,0,0.15,0.17,0.06,0.34,0.02,0.09,0.08,0.04,0,0.64,0.05,0.06,0.44,0.04,0.17,0.03,0.45,0.06,0,0.02,0.18,0.63,0,0.06
SiO2,none,141,-6,HP,90,60,15300,20,4,other,sphere,plasma,7.4,158,0.007,buffer,15,37,1,Neutral,1.61,1.68,1.48,1.93,1.9,1.15,1.55,0.71,1.55,1.62,0.27,2.98,0.82,0.44,0.72,0.23,0.51,0.13,1.08,0.49,0.08,2.72,0.35,0.65,0.73,2.08,0.28,1.17,1.22,0.75,0.73,0.3,0.96,0.72,0.82,0.95,0.08,0.73,0.16,1.62,0.21,0.45,0.23,0.24,0.16,0.39,0.23,0.57,0.06,0.18,0.39,1.76,1.3,0.53,0.65,0.42,1.19,0.39,0.29,0.15,0.21,1.68,0.31,0.13,0.92,0.13,1.45,1.29,0.1,1.35,0.41,0.08,0.2,0.07,0.26,0.63,0.2,0.68,0.3,0.22,0.1,1.12,1.37,0.27,0.69,0.95,0.93,0.01,0.62,0.28,0.15,0.44,0.1,0.34,0.32,0.18,0.08,0.2,0.28,0.68,0.05,0.29,0.07,0.23,0.46,0.59,0.33,0,0.06,0,0.13,0.45,0.11,2.06,0.2,0.58,0.41,0.1,0.09,0.42,0.74,0.05,0.25,0.03,0.07,0.17,0.25,1.05,0.06,0.05,0.09,0,0.31,0.15,0,0.61,0.6,0.22,0.09,0.24,0.2,0.05,0.05,0,0.03,0.43,0.15,0.17,0.43,0.18,0.34,0.02,0,0,0.26,0.2,0.08,0.53,0.02,0.15,0.04,0.05,0,0.43,0.05,0.05,0.26,0.04,0.22,0.03,0.48,0.04,0,0.02,0.14,0.57,0,0.05
SiO2,none,141,-6,HP,90,60,15300,20,4,other,sphere,plasma,7.4,158,0.007,buffer,30,37,1,Neutral,0.99,1.31,1.41,1.89,1.41,1.7,1.48,0.54,1.09,1.86,0.34,1.77,1,0.28,0.91,0.26,0.46,0.15,1.16,1.12,0.1,1.67,0.47,0.34,0.43,1.17,0.31,0.69,0.89,0.89,0.41,0.43,0.46,0.33,0.65,0.62,0.11,0.59,0.17,1.46,0.19,0.52,0.32,0.36,0.22,0.25,0.12,0.71,0.04,0.34,0.32,1.53,1.39,0.37,0.7,0.37,0.75,0.5,1.01,0.14,0.23,0.82,0.21,0.1,0.48,0.39,0.69,0.57,0.19,0.67,0.42,0.14,0.37,0.07,0.48,0.49,0.2,0.6,0.18,0.31,0.37,1.54,1.67,0.15,0.41,0.46,1.04,0.06,0.5,0.34,0.16,0.56,0.13,0.15,0.56,0.22,0.09,0.18,0.32,0.37,0.19,0.22,0.28,0.27,0.6,0.44,0.55,0,0.14,0,0.21,0.21,0.08,1.54,0.07,0.65,0.46,0.1,0.19,0.32,0.84,0.1,0.35,0.06,0.1,0.17,0.26,0.96,0.09,0.16,0.12,0,0.24,0.18,0,0.26,0.82,0.39,0.55,0.27,0.32,0.1,0.09,0,0.04,0.35,0.15,0.3,0.3,0.34,0.39,0.05,0,0,0.33,0.27,0.14,0.41,0.3,0.17,0.13,0.05,0,0.38,0.33,0.57,0.36,0.47,0.26,0.12,0.47,0.11,0,0.03,0.22,0.43,0,0.25
SiO2,none,141,-6,HP,90,60,15300,20,4,other,sphere,plasma,7.4,158,0.007,buffer,60,37,1,Neutral,1.2,1.22,2.09,2.62,2.11,1.95,2.06,0.78,1.76,2.31,0.37,2.26,1.08,0.27,0.82,0.38,0.81,0.24,1.38,0.52,0.1,2,0.54,0.32,0.59,1.27,0.35,0.79,1.29,1.5,0.5,0.37,0.39,0.36,0.62,0.56,0.08,0.93,0.16,1.73,0.22,0.55,0.33,0.37,0.18,0.24,0.09,0.73,0.04,0.2,0.43,2.18,1.48,0.59,0.62,0.43,0.84,0.57,0.44,0.21,0.31,0.86,0.18,0.13,0.54,0.12,0.75,0.64,0.21,0.68,0.93,0.07,0.39,0.07,0.45,0.52,0.29,0.64,0.18,0.23,0.41,0.96,1.63,0.15,0.66,0.56,1.3,0.02,0.63,0.05,0.22,0.45,0.13,0.16,0.57,0.31,0.09,0.2,0.33,0.31,0.08,0.24,0.04,0.29,0.96,0.57,0.42,0,0.09,0,0.15,0.19,0.08,2.39,0.14,0.48,0.38,0.1,0.12,0.34,0.84,0.1,0.25,0.07,0.05,0.12,0.14,0.69,0.07,0.05,0.11,0,0.37,0.15,0,0.22,0.43,0.33,0.11,0.23,0.5,0.04,0.05,0,0.03,0.38,0.11,0.17,0.27,0.4,0.39,0.02,0,0,0.33,0.07,0.06,0.08,0.05,0.21,0.1,0.04,0,0.32,0.07,0.07,0.33,0.13,0.28,0.05,0.66,0.03,0,0.02,0.17,0.54,0,0.22
SiO2,none,141,-6,HP,90,60,15300,20,4,other,sphere,plasma,7.4,158,0.007,buffer,120,37,1,Neutral,1.8,1.19,2.47,2.7,1.83,1.5,1.77,1.11,2.14,2.44,0.34,2.12,0.57,0.11,0.75,0.26,0.91,0.41,1.43,0.42,0.07,1.61,0.81,0.33,0.3,1.25,0.48,0.65,1.05,1.57,0.37,0.29,0.39,0.45,0.62,0.67,0.11,1.02,0.14,1.47,0.21,0.71,0.33,0.4,0.26,0.18,0.09,0.74,0.02,0.3,0.3,2.18,1.72,0.44,0.6,0.35,0.97,0.79,0.4,0.41,0.46,0.77,0.26,0.11,0.57,0.08,0.71,0.76,0.15,0.8,1.15,0.07,0.54,0.06,0.38,0.47,0.17,0.45,0.22,0.26,0.35,0.77,1.94,0.18,0.63,0.49,1.05,0.02,0.8,0.22,0.29,0.18,0.1,0.13,0.61,0.39,0.13,0.42,0.56,0.34,0.07,0.38,0.04,0.21,0.84,0.86,0.36,0,0.09,0,0.1,0.16,0.05,2.48,0.16,0.49,0.41,0.07,0.28,0.28,0.79,0.15,0.4,0.19,0.09,0.16,0.15,0.89,0.08,0.03,0.13,0,0.26,0.14,0,0.15,0.4,0.39,0.15,0.16,0.46,0.02,0.05,0,0.04,0.27,0.05,0.13,0.27,0.44,0.54,0.02,0,0,0.31,0.05,0.12,0.52,0.02,0.17,0.11,0.02,0,0.3,0.13,0.09,0.31,0.2,0.25,0.04,0.48,0.03,0,0.03,0.12,0.47,0,0.24
SiO2,NH2,144.8,-8,HP,90,60,15300,20,4,other,sphere,plasma,7.4,172,0.009,buffer,0.5,37,1,Anionic,1.57,2.12,1.9,1.73,1.91,0.91,1.78,0.78,1.55,1.22,0.3,0.87,0.45,0.17,0.47,0.27,0.78,0.18,0.82,0.46,0.06,3.32,0.36,0.26,0.38,2.86,0.16,1.55,1.28,0.46,0.48,0.25,1.16,0.59,1.13,1.54,0.05,0.95,0.22,1.29,0.2,0.77,0.31,0.14,0.27,0.17,0.18,0.51,0.04,0.3,0.5,1.6,1.31,0.55,0.63,0.3,0.91,0.43,0.18,0.31,0.26,2.61,0.3,0.16,1.4,0.15,1.04,1.5,0.08,1.21,0.55,0.08,0.19,0.08,0.18,0.68,0.43,0.19,0.29,0.48,0.08,1.05,0.26,0.24,0.83,0.27,0.68,0.06,0.43,0.32,0.2,0.21,0.09,0.36,0.51,0.19,0.03,0.28,0.47,0.59,0.07,0.17,0.08,0.26,0.36,0.35,0.18,0,0.03,0,0.1,0.22,0.03,2.07,0.22,1.54,0.83,0.11,0.21,0.34,0.96,0.45,0.42,0.03,0.11,0.45,0.71,1.25,0.02,0.06,0.12,0,0.35,0.2,0,0.16,0.71,0.2,0.12,0.15,0.44,0.03,0.04,0,0.04,0.42,0.03,0.22,0.12,0.27,0.37,0.02,0,0,0.11,0.12,0.08,0.8,0,0.23,0.04,0.03,0,0.67,0.04,0.03,0.35,0.05,0.16,0.03,0.34,0.04,0,0.01,0.28,0.42,0,0.06
SiO2,COOH,129,-8,HP,90,60,15300,20,4,other,sphere,plasma,7.4,180,0.007,buffer,0.5,37,1,Anionic,2.1,2.58,1.72,1.53,2.19,1.02,1.46,0.79,0.93,1.24,0.42,1.2,0.2,0.14,0.58,0.2,0.91,0.19,1.23,0.67,0.12,2.89,0.36,0.31,0.33,3.96,0.23,1.17,0.81,0.53,0.52,0.27,1.36,0.54,1.05,2.5,0.04,0.98,0.2,0.69,0.25,0.55,0.55,0.21,0.33,0.2,0.31,0.78,0.04,0.28,0.51,1.48,1.4,0.51,0.81,0.59,1.43,0.34,0.13,0.21,0.29,2.18,0.47,0.09,1.34,0.12,0.72,1.09,0.11,0.9,0.47,0.08,0.14,0.09,0.28,0.68,0.31,0.19,0.31,0.46,0.05,0.98,0.79,0.25,0.83,0.34,0.39,0.02,0.59,0.18,0.21,0.16,0.08,0.33,0.47,0.29,0.05,0.2,0.29,0.39,0.1,0.23,0.11,0.24,0.43,0.32,0.14,0,0.05,0,0.08,0.3,0.03,1.96,0.32,1.46,0.72,0.07,0.21,0.19,1.06,0.09,0.67,0.02,0.06,0.32,1.08,1.3,0.04,0.04,0.08,0,0.22,0.17,0,0.2,0.63,0.13,0.07,0.04,0.24,0.02,0.06,0,0.03,0.14,0.05,0.14,0.06,0.19,0.55,0.05,0,0,0.13,0.19,0.05,0.87,0,0.11,0,0.05,0,0.96,0.02,0.03,0.36,0.06,0.13,0.02,0.47,0.05,0,0.02,0.11,0.51,0,0.06
SiO2,NH2,144.8,-8,HP,90,60,15300,20,4,other,sphere,plasma,7.4,172,0.009,buffer,2,37,1,Anionic,1.43,2.09,1.82,1.68,2.02,1.03,1.75,0.68,1.51,1.36,0.36,1.18,0.59,0.21,0.53,0.29,0.7,0.16,0.77,0.55,0.06,2.73,0.36,0.31,0.43,3.1,0.17,1.7,1.21,0.54,0.41,0.27,1.24,0.67,1.07,1.56,0.05,0.75,0.26,1.41,0.21,0.79,0.27,0.15,0.26,0.15,0.19,0.6,0.03,0.26,0.48,1.57,1.24,0.63,0.71,0.37,0.97,0.46,0.15,0.23,0.23,2.68,0.37,0.15,1.33,0.12,0.96,1.46,0.07,1.16,0.55,0.08,0.19,0.07,0.19,0.76,0.3,0.41,0.27,0.47,0.09,0.89,0.24,0.22,0.96,0.27,0.47,0.07,0.42,0.27,0.27,0.26,0.09,0.33,0.56,0.2,0.03,0.29,0.46,0.54,0.07,0.16,0.08,0.27,0.37,0.34,0.13,0,0.04,0,0.09,0.23,0.02,1.99,0.26,1.55,0.81,0.1,0.19,0.32,0.96,0.4,0.43,0.02,0.11,0.49,0.65,1.17,0.04,0.06,0.11,0,0.36,0.19,0,0.13,0.64,0.18,0.1,0.16,0.35,0.04,0.04,0,0.03,0.44,0.06,0.21,0.14,0.27,0.39,0.03,0,0,0.1,0.13,0.07,0.85,0,0.2,0.03,0.04,0,0.67,0.04,0.03,0.39,0.05,0.18,0.02,0.35,0.04,0,0.01,0.27,0.45,0,0.06
SiO2,COOH,129,-8,HP,90,60,15300,20,4,other,sphere,plasma,7.4,180,0.007,buffer,2,37,1,Anionic,1.57,2.58,1.49,1.28,2.21,0.9,1.71,0.57,0.71,1.12,0.47,1.47,0.42,0.21,0.62,0.24,1.04,0.13,1.1,0.8,0.1,2.79,0.29,0.5,0.34,3.8,0.23,1.14,1.29,0.45,0.55,0.29,1.27,0.67,1.09,2.33,0.05,0.79,0.21,1.08,0.23,0.64,0.53,0.22,0.27,0.24,0.24,0.58,0.04,0.34,0.42,1.41,1.33,0.57,0.82,0.62,1.31,0.31,0.11,0.18,0.18,2.32,0.41,0.07,1.25,0.13,0.83,1.1,0.09,0.93,0.4,0.08,0.12,0.11,0.29,0.63,0.36,0.42,0.33,0.43,0.06,0.83,0.86,0.25,0.96,0.3,0.31,0.01,0.48,0.19,0.25,0.19,0.09,0.32,0.42,0.24,0.05,0.21,0.24,0.41,0.13,0.15,0.11,0.31,0.36,0.32,0.23,0,0.05,0,0.1,0.23,0.04,1.78,0.28,1.57,0.91,0.1,0.14,0.19,0.88,0.07,0.36,0.06,0.06,0.43,1.03,1.23,0.04,0.04,0.09,0,0.27,0.16,0,0.15,0.7,0.11,0.05,0.1,0.28,0.02,0.06,0,0.02,0.39,0.07,0.16,0.07,0.17,0.6,0.05,0,0,0.13,0.17,0.06,0.85,0.01,0.15,0.02,0.06,0,0.89,0.04,0.06,0.35,0.06,0.17,0.01,0.52,0.05,0,0.02,0.25,0.58,0,0.05
SiO2,NH2,144.8,-8,HP,90,60,15300,20,4,other,sphere,plasma,7.4,172,0.009,buffer,5,37,1,Anionic,1.59,1.78,2.28,1.75,1.79,1.33,2.35,0.69,1.89,1.61,0.29,1.36,0.92,0.31,0.58,0.43,0.73,0.17,0.8,0.36,0.06,2.77,0.5,0.23,0.58,2.39,0.11,1.46,1.55,0.77,0.37,0.34,1.04,0.44,0.92,1.08,0.05,1.21,0.26,1.5,0.29,0.77,0.25,0.15,0.2,0.13,0.15,0.76,0.03,0.29,0.58,1.64,1.01,0.71,0.51,0.27,0.94,0.66,0.15,0.35,0.34,2.07,0.27,0.11,1.13,0.12,0.85,1.04,0.06,0.89,1.2,0.08,0.27,0.06,0.25,1.09,0.26,0.48,0.31,0.32,0.13,1.28,0.21,0.25,1.05,0.44,0.43,0.11,0.61,0.22,0.16,0.22,0.13,0.2,0.46,0.15,0.05,0.3,0.65,0.4,0.06,0.19,0.05,0.38,0.53,0.45,0.08,0,0.08,0,0.2,0.18,0.01,1.97,0.23,0.92,0.47,0.15,0.29,0.21,0.87,0.47,0.12,0.01,0.17,0.29,0.31,0.95,0.12,0.05,0.16,0,0.5,0.18,0,0.08,0.62,0.22,0.12,0.18,0.28,0.02,0.03,0,0.03,0.35,0.12,0.22,0.13,0.24,0.35,0.02,0,0,0.12,0.11,0.07,0.58,0.03,0.28,0.03,0.04,0,0.39,0.09,0.04,0.25,0.08,0.22,0.04,0.32,0.03,0,0.01,0.25,0.41,0,0.06
SiO2,COOH,129,-8,HP,90,60,15300,20,4,other,sphere,plasma,7.4,180,0.007,buffer,5,37,1,Anionic,1.95,2.01,1.53,1.52,1.79,1.37,1.5,0.89,0.58,1.83,0.3,2.38,0.42,0.18,0.54,0.18,1.18,0.14,1.06,0.47,0.08,2.58,0.4,0.51,0.34,3.03,0.21,1.32,1.08,0.88,0.57,0.3,1.31,0.65,0.94,1.89,0.06,0.94,0.14,1.42,0.44,0.4,0.23,0.25,0.23,0.26,0.19,0.67,0.04,0.18,0.33,1.49,1.11,0.52,0.68,0.43,1.01,0.28,0.15,0.16,0.2,2.47,0.41,0.11,1.37,0.1,1.06,1.56,0.1,1.36,0.17,0.07,0.13,0.07,0.55,1.59,0.21,0.66,0.29,0.41,0.08,0.9,0.69,0.25,0.78,0.27,0.25,0,0.66,0.22,0.19,0.26,0.08,0.31,0.35,0.24,0.06,0.2,0.27,0.59,0.11,0.13,0.1,0.26,0.5,0.3,0.12,0,0.05,0,0.09,0.27,0.03,1.75,0.3,1.32,0.71,0.09,0.14,0.23,0.92,0.12,0.29,0,0.05,0.24,0.76,1.11,0.04,0.04,0.08,0,0.25,0.14,0,0.12,0.65,0.14,0.05,0.16,0.24,0.03,0.04,0,0.03,0.46,0.1,0.17,0.07,0.21,0.42,0.03,0,0,0.16,0.22,0.04,0.65,0.02,0.13,0.03,0.05,0,0.7,0.03,0.02,0.32,0.09,0.21,0.02,0.4,0.03,0,0.01,0.15,0.55,0,0.07
SiO2,NH2,144.8,-8,HP,90,60,15300,20,4,other,sphere,plasma,7.4,172,0.009,buffer,15,37,1,Anionic,1.44,2.31,2.36,2.31,1.72,1.37,1.85,0.73,1.59,1.68,0.23,1.15,0.77,0.2,0.63,0.27,1.08,0.19,0.78,0.34,0.05,2.77,0.54,0.45,0.39,2.2,0.13,1.27,1.25,1.18,0.19,0.3,0.62,0.67,0.71,0.91,0.08,0.8,0.35,1.6,0.47,0.51,0.27,0.25,0.21,0.08,0.09,0.83,0.02,0.21,0.39,1.73,1.2,0.57,0.46,0.28,0.82,0.66,0.26,0.31,0.39,1.93,0.16,0.12,1.15,0.11,0.9,1.09,0.12,0.87,0.76,0.07,0.39,0.07,0.76,1.65,0.22,0.4,0.23,0.38,0.33,1.07,0.54,0.18,0.84,0.44,0.5,0.15,0.68,0.28,0.31,0.24,0.1,0.22,0.59,0.12,0.04,0.36,0.52,0.38,0.12,0.21,0.05,0.22,0.76,0.6,0.08,0,0.07,0,0.13,0.18,0.04,2.07,0.13,0.97,0.6,0.12,0.25,0.35,1.04,0.48,0.18,0.02,0.09,0.14,0.34,1.01,0.06,0.05,0.08,0,0.32,0.15,0,0.09,0.71,0.37,0.1,0.16,0.32,0.04,0.03,0,0.03,0.43,0.07,0.22,0.17,0.38,0.37,0.02,0,0,0.17,0.09,0.06,0.49,0.01,0.17,0.07,0.04,0,0.46,0.08,0.04,0.32,0.14,0.17,0.05,0.4,0.05,0,0.01,0.17,0.35,0,0.08
SiO2,COOH,129,-8,HP,90,60,15300,20,4,other,sphere,plasma,7.4,180,0.007,buffer,15,37,1,Anionic,1.7,1.89,1.62,2.2,1.86,1.73,1.13,0.99,0.88,2.02,0.31,2.54,0.33,0.05,0.65,0.11,1.23,0.26,1.3,0.51,0.09,2.93,0.48,0.72,0.19,2.45,0.27,1.2,0.84,1.59,0.32,0.15,1.28,0.81,0.66,1.09,0.08,0.83,0.12,1.44,0.56,0.29,0.36,0.4,0.17,0.13,0.13,0.68,0.04,0.16,0.17,1.8,1.33,0.39,0.58,0.35,1.1,0.38,0.27,0.23,0.3,1.85,0.4,0.08,1.24,0.08,0.8,1.24,0.19,0.87,0.2,0.07,0.2,0.08,1.15,1.76,0.15,0.69,0.19,0.32,0.13,1.16,1.36,0.18,0.53,0.32,0.27,0,0.56,0.12,0.35,0.27,0.12,0.2,0.51,0.26,0.09,0.3,0.27,0.4,0.14,0.19,0.06,0.13,0.84,0.49,0.13,0,0.06,0,0.06,0.18,0.05,2.16,0.26,0.68,0.41,0.06,0.17,0.34,1.08,0.09,0.59,0.02,0.05,0.14,0.41,1.06,0.04,0.05,0.06,0,0.17,0.12,0,0.14,0.77,0.26,0.1,0.2,0.46,0.02,0.05,0,0.02,0.54,0.09,0.2,0.12,0.33,0.37,0.02,0,0,0.19,0.16,0.04,0.39,0.03,0.07,0.05,0.04,0,0.57,0.04,0.02,0.25,0.1,0.19,0.04,0.53,0.03,0,0.02,0.11,0.51,0,0.06
SiO2,NH2,144.8,-8,HP,90,60,15300,20,4,other,sphere,plasma,7.4,172,0.009,buffer,30,37,1,Anionic,1.48,2.06,1.96,2.28,1.6,1.36,2.87,0.64,1.22,1.97,0.24,1.64,1.15,0.3,0.76,0.26,1.21,0.13,1.03,0.29,0.06,2.63,0.6,0.37,0.47,1.87,0.13,1.11,1.34,1.12,0.17,0.42,0.65,0.49,0.73,0.85,0.06,0.85,0.36,1.58,0.36,0.56,0.24,0.25,0.2,0.07,0.09,0.86,0.02,0.15,0.46,1.53,1.13,0.68,0.44,0.25,0.76,0.67,0.27,0.29,0.18,1.58,0.18,0.1,1.01,0.11,0.79,1.06,0.13,1.01,0.63,0.07,0.43,0.05,0.74,1.71,0.2,0.56,0.25,0.36,0.3,1.23,0.69,0.16,0.66,0.52,0.44,0.1,0.77,0.33,0.26,0.46,0.13,0.15,0.59,0.12,0.05,0.38,0.53,0.4,0.12,0.13,0.07,0.25,0.75,0.67,0.13,0,0.1,0,0.18,0.17,0.06,1.98,0.12,0.8,0.63,0.11,0.24,0.33,0.84,0.48,0.25,0.04,0.09,0.15,0.22,0.89,0.09,0.04,0.1,0,0.38,0.16,0,0.09,0.74,0.3,0.09,0.16,0.25,0.04,0.04,0,0.03,0.37,0.11,0.16,0.16,0.33,0.57,0.02,0,0,0.19,0.07,0.09,0.49,0.02,0.2,0.08,0.03,0,0.35,0.05,0.03,0.26,0.27,0.2,0.08,0.38,0.04,0,0.01,0.2,0.46,0,0.08
SiO2,COOH,129,-8,HP,90,60,15300,20,4,other,sphere,plasma,7.4,180,0.007,buffer,30,37,1,Anionic,1.37,1.97,1.65,2.24,2.3,1.85,1.34,1.07,0.99,2,0.42,2.24,0.41,0.08,0.7,0.14,1.19,0.28,1.01,0.53,0.11,2.88,0.49,0.58,0.22,2.25,0.23,1.21,0.92,1.31,0.34,0.18,0.35,0.63,0.65,1.04,0.06,0.92,0.15,1.44,0.55,0.29,0.36,0.35,0.22,0.15,0.13,0.82,0.03,0.24,0.23,1.81,1.25,0.36,0.68,0.46,1.01,0.44,0.29,0.24,0.33,1.99,0.17,0.08,1.31,0.07,0.6,1.2,0.19,0.81,0.22,0.08,0.29,0.1,1.25,1.86,0.21,0.73,0.15,0.39,0.2,1.01,0.66,0.15,0.66,0.29,0.34,0,0.85,0.06,0.38,0.28,0.1,0.17,0.54,0.21,0.07,0.32,0.3,0.34,0.15,0.17,0.07,0.16,0.82,0.48,0.11,0,0.05,0,0.07,0.18,0.05,2.15,0.07,0.82,0.46,0.08,0.18,0.26,1.06,0.08,0.41,0.03,0.06,0.15,0.37,1.08,0.03,0.03,0.06,0,0.21,0.13,0,0.14,0.71,0.28,0.09,0.23,0.41,0.03,0.05,0,0.03,0.56,0.09,0.17,0.11,0.34,0.42,0.03,0,0,0.19,0.17,0.03,0.33,0.03,0.1,0.06,0.04,0,0.53,0.02,0.06,0.25,0.19,0.19,0.02,0.57,0.04,0,0.02,0.19,0.58,0,0.07
SiO2,NH2,144.8,-8,HP,90,60,15300,20,4,other,sphere,plasma,7.4,172,0.009,buffer,60,37,1,Anionic,1.59,1.01,2.15,2.15,2.04,1.42,1.82,0.64,1.42,2.04,0.42,1.38,1.05,0.25,0.77,0.28,0.78,0.14,0.87,0.61,0.08,2.55,0.65,0.34,0.59,1.06,0.38,1.07,1.36,1.17,0.26,0.39,0.85,0.52,0.89,0.81,0.06,0.96,0.44,1.58,0.47,0.52,0.31,0.26,0.13,0.12,0.1,0.66,0.02,0.26,0.49,1.83,0.95,0.66,0.54,0.43,0.63,0.73,0.23,0.33,0.26,1.58,0.18,0.1,0.99,0.09,0.83,1.36,0.14,1.16,0.41,0.09,0.49,0.08,0.8,1.48,0.33,0.44,0.28,0.33,0.36,0.8,0.41,0.22,0.81,0.57,0.7,0.1,0.74,0.33,0.29,0.35,0.13,0.2,0.64,0.25,0.11,0.4,0.52,0.58,0.07,0.21,0.08,0.32,0.82,0.46,0.11,0,0.09,0,0.2,0.16,0.03,2.05,0.11,0.47,0.41,0.08,0.24,0.3,0.91,0.47,0.15,0.04,0.11,0.12,0.19,0.77,0.1,0.05,0.13,0,0.42,0.21,0,0.09,0.48,0.31,0.12,0.15,0.44,0.04,0.05,0,0.04,0.37,0.11,0.19,0.26,0.44,0.42,0.04,0,0,0.15,0.05,0.07,0.46,0,0.25,0.09,0.04,0,0.24,0.05,0.05,0.3,0.08,0.13,0.08,0.76,0.03,0,0.02,0.17,0.55,0,0.08
SiO2,COOH,129,-8,HP,90,60,15300,20,4,other,sphere,plasma,7.4,180,0.007,buffer,60,37,1,Anionic,1.65,1.79,1.59,2.34,2.06,1.93,1.25,1.08,0.82,2.04,0.35,2.15,0.33,0.07,0.7,0.14,1.22,0.28,1.27,0.46,0.12,3.09,0.5,0.55,0.19,2.25,0.28,1.22,0.94,1.52,0.21,0.16,0.37,0.6,0.63,0.95,0.08,0.95,0.13,1.54,0.57,0.25,0.41,0.43,0.2,0.09,0.12,0.83,0.04,0.19,0.2,1.85,1.38,0.4,0.61,0.3,0.92,0.39,0.31,0.38,0.28,1.69,0.21,0.07,1.19,0.05,0.63,1.23,0.2,0.89,0.18,0.07,0.26,0.08,1.28,1.87,0.18,0.76,0.17,0.41,0.15,0.95,1.21,0.16,0.61,0.36,0.37,0.02,0.99,0.07,0.45,0.36,0.1,0.16,0.59,0.27,0.11,0.33,0.28,0.38,0.15,0.19,0.07,0.15,0.86,0.43,0.17,0,0.11,0,0.08,0.2,0.05,2.23,0.07,0.75,0.42,0.08,0.17,0.36,1.03,0.1,0.53,0.08,0.06,0.11,0.36,1.15,0.03,0.03,0.06,0,0.2,0.12,0,0.14,0.79,0.32,0.11,0.22,0.38,0.02,0.05,0,0.03,0.57,0.08,0.19,0.14,0.35,0.41,0.02,0,0,0.2,0.16,0.03,0.28,0.04,0.08,0.06,0.04,0,0.53,0.04,0.05,0.25,0.16,0.21,0.07,0.55,0.05,0,0.02,0.16,0.54,0,0.08
SiO2,NH2,144.8,-8,HP,90,60,15300,20,4,other,sphere,plasma,7.4,172,0.009,buffer,120,37,1,Anionic,1.86,1.29,2.13,2.27,2.16,1.64,1.34,1.42,1.79,2.4,0.41,1.46,0.27,0.16,0.5,0.26,0.58,0.4,0.75,0.62,0.13,3.12,0.71,0.19,0.23,1.8,0.36,1.15,1.23,1.48,0.29,0.21,0.87,0.69,0.91,1.04,0.09,1.26,0.37,1.16,0.5,0.46,0.19,0.31,0.18,0.08,0.13,0.76,0,0.27,0.37,1.48,1.38,0.75,0.51,0.32,0.5,0.75,0.16,0.58,0.57,1.54,0.15,0.1,1.24,0.06,0.72,1.43,0.12,1.41,0.89,0.08,0.42,0.07,0.85,1.55,0.33,0.53,0.29,0.28,0.18,0.99,0.59,0.27,0.69,0.26,0.32,0.21,0.85,0.18,0.37,0.07,0.13,0.18,0.91,0.21,0.05,0.3,0.64,0.49,0.04,0.27,0.08,0.32,0.59,0.46,0.08,0,0.08,0,0.04,0.17,0.02,2.1,0.18,0.58,0.21,0.07,0.24,0.28,1.13,0.42,0.15,0.06,0.16,0.09,0.22,1.01,0.03,0.04,0.09,0,0.31,0.19,0,0.13,0.62,0.3,0.11,0.16,0.89,0,0.03,0,0.06,0.37,0.07,0.24,0.11,0.28,0.47,0.02,0,0,0.07,0.06,0.04,0.24,0,0.21,0.06,0.04,0,0.39,0.03,0.04,0.25,0.2,0.17,0,0.45,0.04,0,0,0.16,0.58,0,0.06
SiO2,COOH,129,-8,HP,90,60,15300,20,4,other,sphere,plasma,7.4,180,0.007,buffer,120,37,1,Anionic,1.77,1.43,1.61,2.4,1.82,1.77,1.28,1.16,0.75,2.44,0.38,1.58,0.33,0.09,0.7,0.16,1.03,0.23,1.02,0.42,0.1,3.03,0.49,0.48,0.21,2.54,0.35,1.19,0.98,1.5,0.38,0.18,0.67,0.63,0.79,1.32,0.07,1,0.14,1.51,0.52,0.31,0.31,0.39,0.29,0.15,0.17,0.91,0.05,0.17,0.25,1.67,1.35,0.51,0.54,0.33,0.94,0.46,0.24,0.39,0.34,1.68,0.26,0.06,1.2,0.05,0.74,1.29,0.16,1.08,0.22,0.06,0.35,0.08,1.28,1.8,0.17,0.62,0.23,0.43,0.16,1.08,0.88,0.18,0.69,0.34,0.31,0,0.59,0.06,0.37,0.32,0.13,0.24,0.56,0.33,0.1,0.33,0.35,0.47,0.16,0.16,0.07,0.18,0.76,0.38,0.13,0,0.16,0,0.06,0.22,0.07,1.97,0.1,0.85,0.43,0.08,0.23,0.33,1.05,0.09,0.54,0.12,0.07,0.15,0.53,1.21,0.03,0.02,0.11,0,0.24,0.15,0,0.16,0.77,0.25,0.11,0.18,0.39,0.02,0.04,0,0.02,0.49,0.05,0.19,0.07,0.27,0.39,0.02,0,0,0.14,0.11,0.03,0.37,0.03,0.09,0.06,0.05,0,0.57,0.05,0,0.32,0.19,0.23,0.02,0.38,0.02,0,0.03,0.18,0.46,0,0.06
SiO2,NH2,30.2,-9,HP,90,60,15300,20,4,other,sphere,plasma,7.4,72,0.085,buffer,0.5,37,1,Anionic,1.32,2.12,3.13,1.41,2.33,1.14,2.05,0.77,1.04,1.08,0.34,0.96,0.77,0.27,0.62,0.33,1.92,0.25,2.95,0.76,0.06,1.65,1,0.38,0.65,2.05,0.19,0.83,1.28,0.31,0.31,0.46,1.36,0.74,1.17,1.53,0.07,1.06,0.18,0.6,0.16,1.15,0.44,0.27,0.29,0.14,0.24,0.66,0.03,0.4,0.52,1.06,1.03,0.64,0.5,0.61,1.41,0.73,0.13,0.23,0.17,1.45,0.42,0.1,0.81,0.04,0.72,1.21,0.08,0.87,1.64,0.13,0.66,0.12,0.41,0.93,0.3,0.49,0.23,0.27,0.18,0.47,0.74,0.13,1.4,0.35,0.5,0.02,0.44,0.25,0.33,0.29,0.15,0.11,0.33,0.16,0.05,0.33,0.94,0.46,0.05,0.07,0.1,0.38,0.19,0.31,0.14,0,0.08,0,0.17,0.75,0.24,0.85,0.4,0.8,0.4,0.15,0.62,0.4,0.44,0.08,0.02,0.03,0.33,0.57,0.38,0.71,0.04,0.03,0.22,0,0.37,0.09,0,0.14,0.24,0.18,0.18,0.06,0.63,0,0.09,0,0.02,0.11,0.08,0.06,0.05,0.1,0.43,0.05,0,0,0.1,0.22,0.08,1.03,0.02,0.23,0.02,0.05,0,0.49,0.06,0.09,0.22,0.29,0.2,0.02,0.2,0.04,0,0.02,0.34,0.6,0,0.07
SiO2,none,31.6,-9,HP,90,60,15300,20,4,other,sphere,plasma,7.4,75,0.051,buffer,0.5,37,1,Neutral,1.6,2.51,1.84,1.25,2.3,0.99,2.5,0.79,0.99,1.13,0.36,1.51,1.21,0.33,0.5,0.31,2.04,0.14,1.24,0.66,0.14,1.81,0.9,0.44,0.58,2.83,0.38,1.44,1.67,0.3,0.5,0.59,1.8,0.7,1.24,1.89,0.04,1.03,0.16,0.73,0.24,1.29,0.68,0.2,0.48,0.26,0.32,0.84,0.03,0.42,0.58,0.77,1.23,0.73,0.48,0.48,1.3,0.32,0.03,0.31,0.1,1.23,0.8,0.03,0.79,0.1,0.61,1.47,0.06,1.3,1.05,0.12,0.28,0.09,0.23,0.96,0.26,0.34,0.28,0.32,0.07,0.41,0.74,0.19,1.06,0.32,0.58,0.02,0.5,0.26,0.62,0.35,0.12,0.15,0.38,0.22,0.09,0.21,0.69,0.63,0.09,0.2,0.15,0.48,0.21,0.25,0.17,0,0.05,0,0.25,0.79,0.22,0.65,0.53,0.8,0.58,0.09,0.28,0.12,0.35,0.11,0.04,0.04,0.16,0.62,0.7,0.64,0.1,0.04,0.1,0,0.31,0.11,0,0.12,0.34,0.13,0.09,0.06,0.4,0.08,0.1,0,0.03,0.13,0.13,0.13,0.08,0.1,0.47,0.05,0,0,0.05,0.2,0.05,0.55,0,0.24,0.01,0.05,0,0.45,0.02,0.06,0.24,0.1,0.23,0.02,0.19,0.1,0,0.03,0.26,0.51,0,0.06
SiO2,NH2,30.2,-9,HP,90,60,15300,20,4,other,sphere,plasma,7.4,72,0.085,buffer,2,37,1,Anionic,1.15,2.07,2.67,1.4,2.36,1.14,2.22,0.89,1.38,1.16,0.33,1,0.82,0.3,0.6,0.33,1.69,0.24,2.75,0.74,0.06,1.68,0.85,0.36,0.51,2.26,0.22,0.8,1.28,0.37,0.29,0.51,1.4,0.93,1.15,1.68,0.04,0.86,0.18,0.64,0.18,0.97,0.43,0.22,0.27,0.21,0.22,0.71,0.03,0.46,0.53,1,1,0.59,0.53,0.58,1.71,0.82,0.17,0.2,0.18,1.4,0.39,0.1,0.9,0.05,0.59,1.1,0.1,0.85,1.53,0.12,0.63,0.11,0.46,0.93,0.29,0.42,0.21,0.27,0.21,0.54,0.64,0.12,1.25,0.35,0.46,0.02,0.37,0.25,0.36,0.25,0.13,0.11,0.32,0.2,0.07,0.38,1.07,0.44,0.06,0.14,0.08,0.37,0.16,0.32,0.14,0,0.08,0,0.15,0.73,0.22,0.92,0.31,0.72,0.44,0.13,0.63,0.26,0.52,0.1,0.02,0.02,0.33,0.55,0.46,0.89,0.07,0.02,0.19,0,0.39,0.06,0,0.12,0.26,0.19,0.19,0.06,0.54,0,0.1,0,0.03,0.14,0.03,0.07,0.04,0.1,0.44,0.05,0,0,0.04,0.21,0.08,0.46,0,0.22,0.03,0.04,0,0.41,0.18,0.08,0.28,0.33,0.19,0.1,0.26,0.04,0,0,0.35,0.69,0,0.08
SiO2,none,31.6,-9,HP,90,60,15300,20,4,other,sphere,plasma,7.4,75,0.051,buffer,2,37,1,Neutral,1.48,2.43,2.6,1.62,2.04,1.2,1.99,0.9,1.84,1.46,0.32,1.26,1.05,0.23,0.5,0.28,1.58,0.21,1.28,0.63,0.15,2.11,0.9,0.35,0.5,2.74,0.34,1.1,1.41,0.54,0.69,0.47,1.02,0.62,1.24,1.8,0.05,0.9,0.16,0.63,0.14,0.89,0.26,0.19,0.28,0.35,0.19,0.7,0.03,0.28,0.48,0.81,1.13,0.64,0.47,0.5,1.32,0.59,0.06,0.28,0.26,1.46,0.38,0.05,0.95,0.08,0.71,1.46,0.08,1.18,1.4,0.12,0.42,0.09,0.27,1.08,0.26,0.38,0.29,0.31,0.13,0.55,0.75,0.23,0.96,0.35,0.83,0.04,0.52,0.27,0.36,0.45,0.09,0.17,0.29,0.25,0.11,0.29,0.87,0.53,0.07,0.25,0.15,0.33,0.24,0.46,0.14,0,0.08,0,0.16,0.71,0.14,0.88,0.24,0.81,0.59,0.11,0.42,0.3,0.44,0.13,0.07,0.03,0.25,0.62,0.5,0.76,0.06,0.01,0.1,0,0.29,0.15,0,0.21,0.45,0.22,0.1,0.06,0.31,0.01,0.09,0,0.04,0.14,0.11,0.08,0.12,0.13,0.39,0.05,0,0,0.05,0.24,0.06,0.53,0.01,0.23,0.02,0.05,0,0.51,0.03,0.08,0.25,0.1,0.24,0.08,0.24,0.07,0,0.03,0.29,0.51,0,0.06
SiO2,NH2,30.2,-9,HP,90,60,15300,20,4,other,sphere,plasma,7.4,72,0.085,buffer,5,37,1,Anionic,1.33,2.15,2.45,1.27,2.37,1.15,2.17,0.49,1.28,1.23,0.39,1.05,1.25,0.56,0.56,0.31,1.89,0.38,2.68,0.83,0.16,1.52,1.07,0.59,0.67,2.31,0.19,0.65,1.37,0.34,0.29,0.56,1,0.74,1.12,1.71,0.03,0.76,0.18,0.7,0.16,1.09,0.66,0.38,0.27,0.16,0.24,0.72,0.03,0.42,0.49,0.81,1.04,0.55,0.56,0.61,1.59,0.91,0.11,0.15,0.23,1.15,0.29,0.03,0.63,0.07,0.65,1.1,0.08,0.82,1.21,0.11,0.67,0.13,0.55,1.17,0.35,0.41,0.21,0.28,0.2,0.47,0.78,0.15,1.2,0.42,0.67,0.02,0.55,0.27,0.49,0.4,0.14,0.2,0.3,0.09,0.05,0.29,0.8,0.42,0.12,0.08,0.13,0.34,0.13,0.34,0.2,0,0.09,0,0.22,0.74,0.22,0.77,0.23,1.01,0.44,0.11,0.43,0.4,0.38,0.09,0.03,0.05,0.23,0.52,0.49,0.57,0.05,0.06,0.16,0,0.38,0.09,0,0.15,0.22,0.17,0.12,0.06,1.02,0.02,0.12,0,0.02,0.11,0.06,0.05,0.07,0.1,0.47,0.06,0,0,0.05,0.18,0.04,0.58,0.03,0.25,0.02,0.07,0,0.43,0.06,0.07,0.24,0.2,0.17,0.03,0.32,0.07,0,0.01,0.31,0.59,0,0.1
SiO2,none,31.6,-9,HP,90,60,15300,20,4,other,sphere,plasma,7.4,75,0.051,buffer,5,37,1,Neutral,1.08,2.02,2.76,2,2.22,1.36,1.66,1.03,2.31,1.73,0.32,1.34,0.72,0.17,0.47,0.28,1.39,0.28,1.57,0.57,0.13,2.04,0.99,0.25,0.43,1.87,0.39,1.03,1.23,0.78,1.04,0.29,0.67,0.81,0.99,0.99,0.1,1.08,0.16,0.61,0.23,0.62,0.34,0.22,0.19,0.54,0.13,0.68,0.06,0.24,0.36,0.79,0.92,0.64,0.5,0.5,2.01,0.66,0.11,0.24,0.39,1.27,0.22,0.07,0.91,0.2,0.88,1.12,0.1,0.88,1.78,0.1,0.58,0.08,0.35,0.94,0.27,0.35,0.19,0.33,0.31,0.71,0.77,0.17,0.87,0.4,1.02,0.06,0.56,0.29,0.18,0.29,0.07,0.2,0.3,0.33,0.12,0.36,1.03,0.36,0.09,0.4,0.09,0.28,0.61,0.6,0.14,0,0.08,0,0.14,0.63,0.07,1.13,0.15,0.71,0.38,0.08,0.49,0.23,0.47,0.2,0.08,0.02,0.31,0.47,0.31,0.73,0.03,0.05,0.15,0,0.27,0.17,0,0.3,0.53,0.33,0.22,0.06,0.37,0.07,0.07,0,0.04,0.15,0.06,0.11,0.14,0.16,0.59,0.04,0,0,0.08,0.23,0.13,0.32,0.02,0.19,0.02,0.04,0,0.56,0.07,0.11,0.29,0.09,0.26,0.07,0.3,0.03,0,0.03,0.37,0.51,0,0.04
SiO2,NH2,30.2,-9,HP,90,60,15300,20,4,other,sphere,plasma,7.4,72,0.085,buffer,15,37,1,Anionic,1.29,1.98,3.02,1.3,2.37,1.25,2.2,0.65,1.22,1.26,0.35,0.93,1.25,0.32,0.62,0.43,1.71,0.26,2.55,0.79,0.06,1.62,1.1,0.48,0.61,2.41,0.17,0.76,1.34,0.38,0.28,0.51,1.09,0.72,1.14,1.75,0.03,0.86,0.19,0.75,0.27,0.92,0.54,0.26,0.42,0.13,0.25,0.83,0.02,0.41,0.5,0.96,1.03,0.44,0.4,0.6,1.51,0.85,0.02,0.17,0.17,1.2,0.35,0.05,0.76,0.05,0.61,1.09,0.09,0.78,1.42,0.11,0.59,0.11,0.57,1.08,0.33,0.37,0.22,0.3,0.18,0.57,0.56,0.14,1.37,0.41,0.53,0.03,0.6,0.24,0.38,0.39,0.15,0.14,0.34,0.13,0.05,0.36,0.85,0.4,0.07,0.1,0.08,0.36,0.16,0.54,0.11,0,0.14,0,0.21,0.64,0.16,0.88,0.19,0.93,0.43,0.13,0.54,0.45,0.41,0.12,0.03,0.03,0.27,0.46,0.44,0.61,0.05,0.05,0.15,0,0.32,0.08,0,0.14,0.23,0.18,0.15,0.06,0.72,0,0.09,0,0.02,0.11,0.1,0.07,0.06,0.13,0.4,0.05,0,0,0.04,0.15,0.14,0.69,0.03,0.24,0.02,0.05,0,0.4,0.1,0.1,0.33,0.17,0.2,0.03,0.26,0.22,0,0.02,0.41,0.61,0,0.1
SiO2,none,31.6,-9,HP,90,60,15300,20,4,other,sphere,plasma,7.4,75,0.051,buffer,15,37,1,Neutral,1.23,2,2.79,2.05,2.31,1.33,1.62,0.83,2.55,1.6,0.3,1.22,0.95,0.23,0.47,0.28,1.59,0.39,2.29,0.57,0.11,2.07,0.99,0.4,0.4,1.93,0.43,0.78,1.16,0.82,0.82,0.26,0.64,0.98,1.04,1.25,0.07,0.84,0.16,0.71,0.21,0.73,0.35,0.2,0.18,0.46,0.11,0.64,0.04,0.24,0.37,0.99,0.89,0.62,0.43,0.48,1.5,0.62,0.1,0.22,0.52,1.23,0.31,0.06,0.82,0.14,0.85,1.36,0.11,1.04,1.53,0.1,0.66,0.08,0.41,0.96,0.22,0.32,0.21,0.29,0.26,0.65,0.73,0.19,0.84,0.35,0.86,0.06,0.69,0.31,0.2,0.32,0.07,0.19,0.26,0.34,0.13,0.35,0.97,0.47,0.07,0.45,0.1,0.24,0.45,0.47,0.17,0,0.06,0,0.11,0.4,0.13,1.09,0.15,0.69,0.45,0.08,0.5,0.28,0.43,0.29,0.09,0.07,0.34,0.42,0.34,0.71,0.05,0.04,0.12,0,0.18,0.21,0,0.19,0.46,0.3,0.17,0.06,0.52,0.05,0.06,0,0.03,0.15,0.05,0.09,0.13,0.15,0.46,0.04,0,0,0.08,0.14,0.11,0.58,0.02,0.18,0.02,0.04,0,0.52,0.08,0.1,0.29,0.12,0.22,0.13,0.35,0.02,0,0.03,0.37,0.48,0,0.04
SiO2,NH2,30.2,-9,HP,90,60,15300,20,4,other,sphere,plasma,7.4,72,0.085,buffer,30,37,1,Anionic,1.31,2.04,2.92,1.21,2.37,1.15,2.43,0.54,1.28,1.23,0.38,1.09,1.06,0.43,0.62,0.41,1.72,0.31,2.43,0.87,0.1,1.65,1.25,0.69,0.67,2.48,0.22,0.67,1.45,0.34,0.27,0.58,0.84,0.86,1.12,1.77,0.05,0.76,0.19,0.71,0.18,1.05,0.43,0.29,0.25,0.13,0.24,0.84,0.04,0.46,0.54,0.85,1.05,0.64,0.42,0.6,1.66,0.85,0.06,0.18,0.23,0.89,0.28,0.03,0.66,0.06,0.54,1.08,0.08,0.78,1.22,0.11,0.6,0.12,0.58,1.14,0.35,0.38,0.22,0.29,0.18,0.26,0.81,0.16,1.56,0.46,0.57,0.02,0.56,0.34,0.37,0.38,0.16,0.24,0.34,0.18,0.06,0.37,0.74,0.37,0.09,0.07,0.09,0.41,0.16,0.46,0.14,0,0.12,0,0.26,0.64,0.2,0.8,0.15,0.88,0.44,0.11,0.44,0.52,0.42,0.11,0.04,0.05,0.29,0.45,0.49,0.53,0.06,0.1,0.14,0,0.33,0.11,0,0.12,0.22,0.18,0.13,0.07,0.59,0.01,0.12,0,0.02,0.13,0.15,0.08,0.07,0.14,0.45,0.05,0,0,0.1,0.16,0.09,0.7,0.02,0.28,0.02,0.06,0,0.34,0.04,0.1,0.25,0.18,0.18,0.06,0.33,0.07,0,0.02,0.37,0.51,0,0.06
SiO2,none,31.6,-9,HP,90,60,15300,20,4,other,sphere,plasma,7.4,75,0.051,buffer,30,37,1,Neutral,1.05,1.84,3.2,2.14,2.59,1.34,1.5,1.02,2.26,1.86,0.43,1.06,0.54,0.19,0.56,0.2,1.35,0.42,2.23,0.73,0.13,1.91,1.07,0.43,0.41,1.58,0.48,0.91,1.06,0.95,0.94,0.26,0.62,1.17,0.99,0.89,0.08,0.98,0.22,0.59,0.26,0.73,0.32,0.23,0.21,0.57,0.16,0.65,0.04,0.34,0.27,0.9,0.92,0.52,0.64,0.68,1.56,0.55,0.14,0.2,0.68,1,0.32,0.06,0.75,0.19,0.85,1.05,0.13,0.85,1.77,0.12,0.68,0.13,0.45,0.9,0.31,0.25,0.17,0.28,0.3,0.85,0.59,0.16,0.92,0.37,0.88,0.06,0.7,0.4,0.22,0.24,0.05,0.21,0.23,0.37,0.15,0.4,1.01,0.41,0.09,0.58,0.13,0.2,0.53,0.36,0.23,0,0.08,0,0.1,0.32,0.09,1.09,0.16,0.65,0.45,0.07,0.55,0.24,0.34,0.22,0.1,0.03,0.49,0.35,0.22,0.66,0.06,0.05,0.13,0,0.16,0.27,0,0.17,0.45,0.29,0.21,0.06,0.63,0.04,0.08,0,0.04,0.12,0.03,0.09,0.12,0.17,0.65,0.06,0,0,0.1,0.12,0.17,0.41,0.03,0.2,0.04,0.03,0,0.47,0.07,0.11,0.27,0.11,0.19,0.1,0.53,0.03,0,0.03,0.27,0.63,0,0.05
SiO2,NH2,30.2,-9,HP,90,60,15300,20,4,other,sphere,plasma,7.4,72,0.085,buffer,60,37,1,Anionic,1.15,2.39,2.31,1.35,1.76,1.21,2.09,0.49,1.45,1.46,0.21,1.15,1.4,0.21,0.41,0.28,2.07,0.58,2.7,0.46,0.11,1.56,1.14,1.01,0.57,2.31,0.12,0.51,1.34,0.32,0.26,0.42,0.69,0.95,0.97,1.92,0.05,0.78,0.1,0.76,0.15,1.12,0.4,0.31,0.28,0.17,0.24,0.73,0.03,0.33,0.4,0.78,1.11,0.33,0.28,0.35,1.59,0.96,0.11,0.14,0.51,0.94,0.37,0.03,0.64,0.07,0.69,1.25,0.07,0.96,1.16,0.09,0.8,0.06,0.52,1.18,0.19,0.43,0.18,0.33,0.2,0.3,1.03,0.14,1.09,0.37,0.88,0.03,0.51,0.27,0.58,0.5,0.11,0.14,0.32,0.13,0.05,0.37,0.75,0.48,0.22,0.06,0.15,0.31,0.14,0.44,0.21,0,0.21,0,0.19,0.95,0.31,0.78,0.11,1.1,0.65,0.13,0.47,0.78,0.52,0.05,0.1,0.07,0.22,0.56,0.55,0.63,0.07,0.17,0.09,0,0.29,0.09,0,0.22,0.28,0.17,0.16,0.06,0.84,0.04,0.05,0,0.01,0.13,0.1,0.03,0.11,0.15,0.35,0.03,0,0,0.05,0.24,0.05,1.07,0.06,0.19,0.03,0.05,0,0.43,0.04,0.08,0.26,0.26,0.16,0.02,0.15,0.1,0,0.04,0.59,0.39,0,0.07
SiO2,none,31.6,-9,HP,90,60,15300,20,4,other,sphere,plasma,7.4,75,0.051,buffer,60,37,1,Neutral,1.14,1.81,2.77,2.05,2.7,1.36,1.85,0.89,2.19,1.83,0.41,1.15,0.69,0.25,0.56,0.28,1.33,0.37,2.05,0.77,0.15,1.79,1.02,0.36,0.41,1.56,0.52,0.91,1.42,0.87,0.81,0.36,0.47,1.1,1.01,1.12,0.06,1.01,0.22,0.65,0.26,0.72,0.32,0.22,0.22,0.46,0.13,0.64,0.03,0.34,0.39,0.81,0.99,0.61,0.64,0.67,1.2,0.66,0.1,0.18,0.62,0.76,0.28,0.05,0.63,0.12,0.82,1.02,0.12,0.88,1.65,0.11,0.7,0.12,0.49,1,0.35,0.3,0.2,0.28,0.32,0.71,0.75,0.18,1.1,0.45,1.09,0.06,0.63,0.4,0.24,0.31,0.07,0.25,0.28,0.35,0.14,0.43,0.89,0.4,0.06,0.48,0.14,0.29,0.45,0.58,0.22,0,0.08,0,0.15,0.53,0.11,1.03,0.13,0.64,0.4,0.09,0.48,0.27,0.41,0.17,0.13,0.06,0.45,0.34,0.27,0.68,0.06,0.04,0.14,0,0.2,0.23,0,0.23,0.42,0.26,0.18,0.07,0.52,0.03,0.07,0,0.05,0.14,0.09,0.11,0.15,0.16,0.59,0.05,0,0,0.07,0.15,0.16,0.34,0.03,0.25,0.04,0.05,0,0.36,0.04,0.1,0.23,0.2,0.21,0.04,0.48,0.02,0,0.03,0.29,0.6,0,0.04
SiO2,NH2,30.2,-9,HP,90,60,15300,20,4,other,sphere,plasma,7.4,72,0.085,buffer,120,37,1,Anionic,1.07,2.37,3.01,1.38,1.49,1.34,1.96,0.48,1.32,1.42,0.16,1.05,1.03,0.2,0.34,0.32,2.16,0.48,2.84,0.36,0.09,1.67,1.11,1.06,0.55,2.31,0.1,0.5,1.28,0.37,0.25,0.37,0.75,0.96,1.04,1.78,0.03,0.78,0.1,0.71,0.15,1.18,0.56,0.23,0.36,0.1,0.25,0.77,0.02,0.34,0.48,0.85,1.14,0.49,0.36,0.31,1.67,0.97,0.03,0.14,0.34,1.17,0.33,0.05,0.61,0.09,0.69,1.33,0.1,0.97,1.63,0.08,0.82,0.08,0.55,1.14,0.16,0.38,0.18,0.31,0.2,0.32,1.13,0.11,0.89,0.35,0.99,0.03,0.58,0.28,0.61,0.5,0.12,0.16,0.39,0.09,0.06,0.43,0.77,0.53,0.09,0.05,0.08,0.28,0.21,0.34,0.2,0,0.16,0,0.17,0.92,0.31,0.79,0.11,1.13,0.49,0.1,0.54,0.49,0.46,0.06,0.03,0.12,0.28,0.58,0.47,0.69,0.08,0.12,0.2,0,0.26,0.06,0,0.23,0.29,0.17,0.19,0.05,0.8,0.02,0.05,0,0.02,0.13,0.1,0.08,0.12,0.15,0.32,0.03,0,0,0.05,0.23,0.05,0.68,0.04,0.2,0.02,0.06,0,0.53,0.1,0.07,0.26,0.28,0.17,0.04,0.16,0.1,0,0.02,0.29,0.35,0,0.07
SiO2,none,31.6,-9,HP,90,60,15300,20,4,other,sphere,plasma,7.4,75,0.051,buffer,120,37,1,Neutral,0.84,1.46,4.07,2.13,2.7,1.51,1.09,0.98,2.6,1.77,0.61,1.39,0.49,0.12,0.75,0.14,1.18,0.44,1.8,0.94,0.15,1.56,1.35,0.39,0.3,1.01,0.37,0.95,0.85,1.03,0.7,0.16,0.43,0.82,0.97,0.75,0.05,1,0.29,0.43,0.29,0.83,0.34,0.27,0.27,0.39,0.15,0.71,0.03,0.46,0.19,0.95,1.1,0.41,0.56,0.8,0.73,1.01,0.07,0.16,0.73,0.65,0.24,0.05,0.55,0.16,0.9,0.94,0.15,0.74,2.35,0.15,0.86,0.19,0.57,0.89,0.46,0.36,0.14,0.23,0.35,0.81,1.04,0.12,0.67,0.47,1.16,0.08,0.59,0.21,0.38,0.35,0.05,0.21,0.55,0.27,0.13,0.56,1.08,0.42,0.06,0.43,0.12,0.19,0.46,0.59,0.23,0,0.12,0,0.08,0.63,0.08,1.28,0.17,0.53,0.36,0.03,0.56,0.27,0.39,0.11,0.2,0.16,0.54,0.35,0.3,0.71,0.06,0.03,0.07,0,0.11,0.22,0,0.23,0.44,0.35,0.27,0.09,0.53,0.05,0.08,0,0.06,0.12,0.06,0.08,0.17,0.22,0.93,0.07,0,0,0.07,0.17,0.19,0.11,0.02,0.14,0.03,0.04,0,0.53,0.11,0.1,0.24,0.13,0.14,0.08,0.51,0.02,0,0.02,0.4,0.7,0,0.06
Au,CIT,15,-13.5,FBS,10,816.85,15000,20,25,metal,sphere,plasma,7.4,38.88,0.25,DMEM,0,37,1,Anionic,0,0.872059219,0,1.996945807,6.362134251,6.035006919,0,0.926473264,0,2.455017263,0,1.540749139,0,0,0.935479285,0,0.723878453,0,0.101315974,0.210018526,1.038314395,3.661343501,0,0,0.584835092,1.116758635,1.700155703,1.319067292,0,4.334874984,0,0,0,0.897537368,0,1.878336039,0,0,0.920893703,0.143216721,0.520420491,0.210417819,0,0.388010485,0.483901256,2.150891792,0.416199069,0,0.292504845,0,0,3.025874374,0,0,0.465654083,0,0.4200085,0,0.409741648,0,0,0,0,4.1097005,0,0.625998821,0.414024099,0,0,0.804138097,0,0.215543433,0,0,0.261520003,0,0,0,0,0,0,0,0,0,0,0,0,0,0,1.232330985,0,0,0,0,0,0,0,0,0,0.696168031,0.442402079,0,0,0,0,0,0,0.229645093,0,0,0,0,0,1.474852826,0,0,0,0,0,0,0,0,0.021625515,0.34104554,0,0,0,0,0,0,0.227257261,0,0,0,0,0,0.552071013,1.146306044,0,2.400348448,0,0.043095603,0,0,0,0,0,1.279388812,0,0.160688533,0,0,0,0.385906435,0,0.724149467,0,0,0,0,0,0,0.421032922,0.881306385,0.229215908,0,0,0.196253151,0,0,0,0,0,0,0,0,0,0
Au,CIT,15,-13.5,FBS,10,816.85,15000,20,25,metal,sphere,plasma,7.4,38.88,0.25,DMEM,1,37,1,Anionic,0,0.746529929,0,1.503953474,7.483509809,5.835716891,0,0.823400682,0,2.345090827,0,1.13459331,0,0,1.022553621,0,1.035701855,0,0.204006631,0.270647451,0.860180676,4.319869102,0,0,0.53833389,1.370617756,1.525849185,0.829200249,0,5.081213743,0,0,0.043640738,0.708148023,0,2.043347619,0,0,1.043288526,0.296615977,0.563577648,0.299334689,0,0.384632911,0.534510564,1.682890217,0.612970233,0,0.448745505,0,0,3.667228304,0,0,0.374295886,0,0.452889436,0,0.544790155,0,0,0,0,3.451095353,0,0.648252701,0.381104361,0,0,0.854076638,0,0.396810439,0,0,0.361089175,0,0,0,0,0,0,0,0,0,0,0,0,0,0,1.134346319,0,0,0,0,0,0,0,0,0,0.582558695,0.87989106,0,0,0,0,0,0,0.181187686,0,0,0,0,0,1.493343333,0,0,0,0,0,0,0,0,0.019906035,0.228311598,0,0,0,0,0,0,0.697292206,0,0,0,0,0,0.508174938,0.811662587,0,2.032733366,0,0.059503501,0,0,0,0,0,1.514137501,0,0.203378895,0,0,0,0.466229372,0,0.142836675,0,0,0,0,0,0,0.493252964,0.477195449,0.253188688,0,0,0.240864986,0,0,0,0,0,0,0,0,0,0
Au,CIT,15,-13.5,FBS,10,816.85,15000,20,25,metal,sphere,plasma,7.4,38.88,0.25,DMEM,4,37,1,Anionic,0,0.663201448,0,1.555624308,7.900365628,4.244212049,0,1.060810297,0,2.381557424,0,1.142542149,0,0,1.022892884,0,0.835770761,0,0.461219855,0.292443585,1.112167025,4.593391505,0,0,0.574230164,1.270952728,1.365812552,0.671983866,0,5.378466077,0,0,0.203130399,0.583693112,0,2.149114786,0,0,1.024332752,0.191754197,0.524646269,0.204894815,0,0.383638774,0.501042577,2.073491271,0.624123133,0,0.243685526,0,0,4.280967726,0,0,0.351249901,0,0.340625415,0,0.536415632,0,0,0,0,3.359430912,0,0.754340069,0.221736284,0,0,0.59630841,0,0.269353563,0,0,0.168072748,0,0,0,0,0,0,0,0,0,0,0,0,0,0,0.863066145,0,0,0,0,0,0,0,0,0,0.677895156,0.810233667,0,0,0,0,0,0,0.245979158,0,0,0,0,0,1.342792015,0,0,0,0,0,0,0,0,0.03088491,0.099628154,0,0,0,0,0,0,0.933115693,0,0,0,0,0,0.554379753,0.944492187,0,1.799755338,0,0.161563089,0,0,0,0,0,1.370388445,0,0,0,0,0,0.587739093,0,0,0,0,0,0,0,0,0.491978083,0.694111353,0.27007139,0,0,0.245247487,0,0,0,0,0,0,0,0,0,0
Au,CIT,15,-13.5,FBS,10,816.85,15000,20,25,metal,sphere,plasma,7.4,38.88,0.25,DMEM,8,37,1,Anionic,0,0.857365881,0,1.646190889,8.681542181,2.996627778,0,1.128287071,0,2.29913789,0,0.701395968,0,0,0.94873759,0,0.72600264,0,0.577223904,0.300698915,1.189304646,2.896154603,0,0,0.628013443,1.332454312,1.176548129,0.445280925,0,5.476613805,0,0,0.158388931,0.642535011,0,2.159630631,0,0,1.284703023,0.153790405,0.701293321,0.255623549,0,0.284893869,0.723629639,2.053059598,0.595902707,0,0.310222683,0,0,4.488781058,0,0,0.363091477,0,0.424229076,0,0.434560847,0,0,0,0,2.443130497,0,0.896288385,0.219551349,0,0,0.590432534,0,0.240029477,0,0,0.174737431,0,0,0,0,0,0,0,0,0,0,0,0,0,0,0.588139526,0,0,0,0,0,0,0,0,0,0.362456286,0.712587363,0,0,0,0,0,0,0.172228419,0,0,0,0,0,1.266992921,0,0,0,0,0,0,0,0,0.082567559,0.059187866,0,0,0,0,0,0,0.903835761,0,0,0,0,0,0.69163546,1.262500281,0,1.466348702,0,0.267380244,0,0,0,0,0,1.395653117,0,0,0,0,0,0.569797101,0,0,0,0,0,0,0,0,0.365347689,0.470093877,0.371943241,0,0,0.31221113,0,0,0,0,0,0,0,0,0,0
Au,CIT,15,-13.5,FBS,10,816.85,15000,20,25,metal,sphere,plasma,7.4,38.88,0.25,DMEM,12,37,1,Anionic,0,0.709002315,0,1.124971278,8.130560985,2.840718888,0,0.981938776,0,1.974853844,0,0.658058391,0,0,1.072441828,0,0.538288047,0,0.577608523,0.291523431,0.823581695,4.853576746,0,0,0.55569673,1.453270489,1.854253916,0.526326046,0,5.566083434,0,0,0.446565552,0.572077459,0,1.947001426,0,0,1.05352594,0.319495,0.576695936,0.284491249,0,0.325522204,0.63971025,2.559102209,0.825313452,0,0.257791364,0,0,5.325152577,0,0,0.338139755,0,0.459156375,0,0.451393628,0,0,0,0,2.644995058,0,1.202549742,0.250861274,0,0,1.226606056,0,0.213708905,0,0,0.155576496,0,0,0,0,0,0,0,0,0,0,0,0,0,0,0.657915138,0,0,0,0,0,0,0,0,0,0.50199478,0.967343533,0,0,0,0,0,0,0.130108882,0,0,0,0,0,1.316070084,0,0,0,0,0,0,0,0,0.085765825,0.122961033,0,0,0,0,0,0,0.976399816,0,0,0,0,0,0.54737224,0.699415158,0,1.332754449,0,0.170915236,0,0,0,0,0,1.812142441,0,0.019915111,0,0,0,0.591868278,0,0,0,0,0,0,0,0,0.30359959,0.488303035,0.318171015,0,0,0.259443741,0,0,0,0,0,0,0,0,0,0
Au,CIT,15,-13.5,FBS,10,816.85,15000,20,25,metal,sphere,plasma,7.4,38.88,0.25,DMEM,24,37,1,Anionic,0,0.666980752,0,1.32236583,7.666463996,3.03426291,0,1.008405057,0,2.193158714,0,0.57553978,0,0,1.135693,0,0.715624346,0,0.384374635,0.229470515,1.008429719,4.346694893,0,0,0.710003023,1.39813805,1.238416475,0.546811834,0,5.451441753,0,0,0.74824516,0.564273018,0,2.332168378,0,0,0.945987962,0.10866771,0.594637403,0.348343622,0,0.326113962,0.744124948,2.350108135,0.808440127,0,0.276194718,0,0,5.693942572,0,0,0.318487089,0,0.593198535,0,0.442164999,0,0,0,0,2.976055381,0,1.04496799,0.223393163,0,0,0.901146304,0,0.174449734,0,0,0.253992956,0,0,0,0,0,0,0,0,0,0,0,0,0,0,0.63295594,0,0,0,0,0,0,0,0,0,0.921996794,0.692934408,0,0,0,0,0,0,0.238966573,0,0,0,0,0,1.611454205,0,0,0,0,0,0,0,0,0.122518032,0.075279454,0,0,0,0,0,0,0.735721206,0,0,0,0,0,0.586448355,1.28459211,0,1.631883277,0,0.209276146,0,0,0,0,0,1.331320235,0,0,0,0,0,0.636866013,0,0,0,0,0,0,0,0,0.371740716,0.440557713,0.333927953,0,0,0.238255762,0,0,0,0,0,0,0,0,0,0
DOTAP/DNA,none,223.5,49.5,HP,10,1000,15000,10,25,liposome,sphere,buffer,7.4,223.5,0.126944444,buffer,1,37,1,Neutral,0,7.5,0,0,17.3,31.3,0,3.1,9.4,0.3,0,0,0,0,0,0,0,7,2.9,0,0,0,0,0,0,0,0,0,0,0,0,0,0.4,0,0,0,6.9,0,0,0,0,0,0,0,0.6,0,0.6,0,0,0,0,0,0,0,0,0,0,0,0,0,6.6,0,0.2,0,0,0,0,0,0,0,1.2,0,0,0,4.7,0,0,0,0,0,0,0,0,0,0,0,0,0,0,0,0,0,0,0,0,0,0,0,0,0,0,0,0,0,0,0,0,0,0,0,0,0,0,0,0,0,0,0,0,0,0,0,0,0,0,0,0,0,0,0,0,0,0,0,0,0,0,0,0,0,0,0,0,0,0,0,0,0,0,0,0,0,0,0,0,0,0,0,0,0,0,0,0,0,0,0,0,0,0,0,0,0,0,0,0,0,0,0
DOTAP/DNA,none,223.5,49.5,HP,50,1000,15000,10,25,liposome,sphere,buffer,7.4,223.5,0.126944444,buffer,1,37,1,Neutral,0,7.8,0,0,17,32.2,0,3.3,9.8,0.2,0,0,0,0,0,0,0,6.5,3,0,0,0,0,0,0,0,0,0,0,0,0,0,0.4,0,0,0,6.3,0,0,0,0,0,0,0,0.5,0,0.5,0,0,0,0,0,0,0,0,0,0,0,0,0,6.9,0,0.1,0,0,0,0,0,0,0,1,0,0,0,4.5,0,0,0,0,0,0,0,0,0,0,0,0,0,0,0,0,0,0,0,0,0,0,0,0,0,0,0,0,0,0,0,0,0,0,0,0,0,0,0,0,0,0,0,0,0,0,0,0,0,0,0,0,0,0,0,0,0,0,0,0,0,0,0,0,0,0,0,0,0,0,0,0,0,0,0,0,0,0,0,0,0,0,0,0,0,0,0,0,0,0,0,0,0,0,0,0,0,0,0,0,0,0,0
DOTAP/DNA,none,287.7,-7.6,HP,10,1000,15000,10,25,liposome,sphere,plasma,7.4,287.7,0.126944444,buffer,1,37,1,Neutral,0,7.5,0,0,17.3,31.3,0,3.1,9.4,0.3,0,0,0,0,0,0,0,7,2.9,0,0,0,0,0,0,0,0,0,0,0,0,0,0.4,0,0,0,6.9,0,0,0,0,0,0,0,0.6,0,0.6,0,0,0,0,0,0,0,0,0,0,0,0,0,6.6,0,0.2,0,0,0,0,0,0,0,1.2,0,0,0,4.7,0,0,0,0,0,0,0,0,0,0,0,0,0,0,0,0,0,0,0,0,0,0,0,0,0,0,0,0,0,0,0,0,0,0,0,0,0,0,0,0,0,0,0,0,0,0,0,0,0,0,0,0,0,0,0,0,0,0,0,0,0,0,0,0,0,0,0,0,0,0,0,0,0,0,0,0,0,0,0,0,0,0,0,0,0,0,0,0,0,0,0,0,0,0,0,0,0,0,0,0,0,0,0
DOTAP/DNA,none,287.7,-7.6,HP,50,1000,15000,10,25,liposome,sphere,plasma,7.4,287.7,0.126944444,buffer,1,37,1,Neutral,0,7.8,0,0,17,32.2,0,3.3,9.8,0.2,0,0,0,0,0,0,0,6.5,3,0,0,0,0,0,0,0,0,0,0,0,0,0,0.4,0,0,0,6.3,0,0,0,0,0,0,0,0.5,0,0.5,0,0,0,0,0,0,0,0,0,0,0,0,0,6.9,0,0.1,0,0,0,0,0,0,0,1,0,0,0,4.5,0,0,0,0,0,0,0,0,0,0,0,0,0,0,0,0,0,0,0,0,0,0,0,0,0,0,0,0,0,0,0,0,0,0,0,0,0,0,0,0,0,0,0,0,0,0,0,0,0,0,0,0,0,0,0,0,0,0,0,0,0,0,0,0,0,0,0,0,0,0,0,0,0,0,0,0,0,0,0,0,0,0,0,0,0,0,0,0,0,0,0,0,0,0,0,0,0,0,0,0,0,0,0
Fe3O4,PVA,7.7,5.6,FBS,77.8,23540,20000,10,25,metal,sphere,water,7,112.7,0.126944444,buffer,1,37,1,Anionic,0,1.15,6.19,3.2,2.5,0,0,0.85,0,0,0,2.3,0,0,0.86,0,0,0,0,0,0,0,0.67,0,1.08,0,3,0,0,0,0,0,0,0,0,0,0,0,3.75,0.32,0,0.34,0,0,0,9.49,0,0,0,0,0,0.22,0,0,0,0,0,0,0,0,0,0,0,0,0,1.38,0,0,0,0,0,0,0,0,0,0,0,0,0,0,0,0,0,0,0,0,0,0,0,0,0,0,0,0,0,0,0,0,0,0,0,0,0,0,0,0,0,0,0,0,0,0,0,1.3,0,0,0,0,0,0,0,0,0,0,0,0,0,0,0,0,0,0,0,0,0,0,0,0,0,0,0,0,0,0,0,0,0,0,0,0,0,0,0,0,0,3.2,0,0,0,0,0,0,0,0,0,0,0,0,0,0,0,0,0,0,0,0,0,0
Fe3O4,PVA,7.7,13.6,FBS,77.8,23540,20000,10,25,metal,sphere,water,7,46.8,0.126944444,buffer,1,37,1,Anionic,0,1.65,7.16,3.87,3.8,0,0,0.91,0,0.44,0,1.57,0,0,1.39,0,0,0,0,0,0,0,0.72,0,1.85,0,4.43,0.61,0,0,2.91,0,0,0,0,0,1.16,0,6.05,0.34,0,0,0,0.85,0,6.12,0,0,0,0,0,0,0,0,0,0,0.57,0,0,0,0,0,0,0,0,1.85,0,0,0,0,0,0,0,0,0,0,0,0,0,0,0,0,0,0,0,0,0,0,0,0,0,0,0,0,0,0.57,0,0,0,0,0,0,0,0,0,0,0,0.93,0,0,0,0,0,0,0,0,0,0,0,0,0,0,0,0,0,0,0,0,0,0,0,0,0,0,0,0,0,0,0,0,0,0,0,0,0,0,0,0,0,0,0,0,0,0,0,1.96,0,0,0,0,0,0,0,0,0,0,0,0.93,0,0,0,0,0,0,0,0,0,0
Fe3O4,none,7.7,27.5,FBS,77.8,23540,20000,10,25,metal,sphere,water,7,28,0.126944444,buffer,1,37,1,Cationic,0,1.64,7.61,3.56,2.22,0,0,0,0,0.73,0,1.86,0,0,1.37,0,0,0,0,0,0,0,0,0,0.76,0,6,0,0,0,9.63,0,0,0.03,0,0,0,0,8.33,0,0,4.2,0,1.87,0,0,0,0,0,0,0,1.38,0,0,0,0,0,0,0,0,0,0,0,0,0,1.84,0,0,0,0,0,0,0,0,0,0,0,0,0,0,0,0,0,0,0,0,0,0,0,0,0,0,0,2.19,0,0,0,0,0,0,0,0,0,0,0,0,0,1.54,0,0,0,0,0,0,0,0,0,0,0,0,0,0,0,0,0,0,0,0,0,0,0,0,0,0,0,0,0,0,0,0,0,0,0,0,0,0,0,0,0,0,0,0,0,0,0,0,0,0,0,0,0,0,0,0,1.44,0,0,0,0,0,0,0,0,0,0,0,0,0
Fe3O4,PVA,7.7,34.6,FBS,77.8,23540,20000,10,25,metal,sphere,water,7,71.8,0.126944444,buffer,1,37,1,Anionic,0,2.49,3.69,2.26,2.78,0,0,1.19,0,0.43,0,0,0,0,1.27,0,0,0,0,0,1.29,0,0,0,0,0,2.64,0.7,0,0,3.18,0,0,0,0,0,0.95,0,3.08,0.67,0.76,1.19,0,0.37,0,6.69,0.52,0,0.4,0.78,0,0,0,0,0.41,0,0,0,0,0,0,0,0,0,0,1.7,0,0,0,0,0,0,0,0,0,0,0,0,0,0,0,0,0,0,0,0,0,0,0,0,0,0,0,0,0,0,0,0,0,0,0,0,0,0,0,0,0,0.92,0,0,0,0,0,0,0,0,0,0,0,0,0,0,0,0.58,0,0,0,0,0,2.02,0,0,0,0,0,0,0,0,1.1,0,0,0,0,0,0,0,0,0,0,0,0,0,0,0,0,0,0,0,0,0,0,0,0,0,0.71,0,0,2.24,0,0,0,0,0,0,0,0,0,0
Fe3O4,SiO2,100.7,36.8,FBS,77.8,35653,20000,10,25,metal,sphere,water,7,100.7,0.126944444,buffer,1,37,1,Neutral,0,1.73,18.25,2.32,1.66,0,0,0.61,5.58,0.44,0,0,0,0,0.87,0,0,0,0,0,0,0.65,1.94,0,0.62,0,1.36,0.31,0,0,3.27,0,0,0,0,0,0,0,3.17,0,0,1.22,0,0,0,3.43,0,0,0,0,0,0,0,0,0.29,0,0,0,0,0,0,0,0,0,0,1.25,0,0,0,0,0,0,0,0,0,0,0,0,0,0,0,0,0,0,0,0,0,0,0,0,0,0,0,0,0,0.77,0,0,0,0,0,0,0,0,0,0,0,0.31,0,0,0,0,0,0,0,0,0,0,0,0,0,0,0,0,0,0,0,0,0,0,0,0,0,0,0,0,0,0,1.5,0,0,0,0,0,0,0,0,0,0,0,0,0,0,0,0,0,0,0,0,0,0,0,0,0,0,0,0,0,0,0,0,0,0,0,0,0,0,0
Fe3O4,PVA,7.7,-15.5,FBS,77.8,23540,20000,10,25,metal,sphere,water,7,78.5,0.126944444,buffer,1,37,1,Anionic,0,2.62,0,0,5.07,0,0,0,0,0,0,0,0,0,0,0,0,0,0,0,0,0,0,0,0,0,7.31,0,0,0,0,0,0,0,0,0,0,0,6.09,0,0,0,0,0,0,0,0,0,0,0,0,0,0,0,0,0,0,0,0,0,0,0,0,0,0,0,0,0,0,0,0,0,0,0,0,0,0,0,0,0,0,0,0,0,0,0,0,0,0,0,0,0,0,0,0,0,0,0,0,0,0,0,0,0,0,0,0,0,0,0,0,0,0,0,0,0,0,0,0,0,0,0,0,0,0,0,0,0,0,0,0,0,0,0,0,0,0,0,0,0,0,0,0,0,0,0,0,0,0,0,0,0,0,0,0,0,0,0,0,0,0,0,0,0,0,0,0,0,0,0,0,0,0,0,0,0,0,0
Fe3O4,TiO2,102.1,-24.9,FBS,77.8,64825,20000,10,25,metal,sphere,water,7,102.1,0.126944444,buffer,1,37,1,Cationic,0,0.52,7.63,1.24,0.64,0,0,0.35,7.93,0.38,0,0,0,0,0.32,0,0,4.16,0,0,2.26,2.75,0.83,0,3.32,0.25,1.85,0.26,0,0,4.46,0,0,0,0,0,0,0,2.89,0,0,1.35,0,0.97,0,8.78,0,0,0,0,0,0.34,0,0,0.32,0,0,0,0,0,1.61,0,0,0.78,0,0.85,0.25,0,0,0,0,0,0,0,0,0,0,0,0,0,0,0,0,0,0,0,0,0,0,0,0,0,0,0,0,0,0,0,0,0,0,0,0,0,0.29,0,0,0,0,0,0,0,0,0.8,0,0,0,0,0,0,0,0,0,0,0,0,0,0,0,0,0,0,0,0,0,0,0,0,0,0.52,0,0,0,0,0,0,0,0,0,0,0,0,0,0,0,0,0,0,0,0,0,0,0,0,0,0,0,0,0,0,0,0,0,0,0,0,0,0
Fe3O4,SiO2,102.1,-36.6,FBS,77.8,35653,20000,10,25,metal,sphere,water,7,102.1,0.126944444,buffer,1,37,1,Neutral,0,2.03,11.18,2.35,0,0,0,0,0,0,0,2.46,0,0,0,0,0,0,0,0,0,2.62,0,0,1.89,0,2.2,0,0,0,0,0,0,0,0,0,0,0,0,0,0,1.98,0,1.55,0,8.36,0,0,0,0,0,0.98,0,0,0,0,0,0,0,0,0,0,0,0,0,5.07,0,0,0,0,0,0,0,0,0,0,0,0,0,0,0,0,0,0,0,0,0,0,0,0,0,0,0,0,0,0,0,0,0,0,0,0,0,0,0,0,0,0,0,0,0,0,0,0,0,0,0,0,0,0,0,0,0,0,0,0,0,0,0,0,0,0,0,0,0,0,0,0,0,0,0,0,0,0,0,0,0,0,0,0,0,0,0,0,0,0,0,0,0,0,0,0,0,0,0,0,0,0,0,0,0,0,0,0,0,0,0,0
Fe3O4,none,143.9,-48.2,FBS,77.8,23540,20000,10,25,metal,sphere,water,7,143.9,0.126944444,buffer,1,37,1,Cationic,0,2.2,7.19,1.95,2.47,0,0,0.76,2.08,0.22,0,0,0,0,0.51,0,0,2.91,0,0.6,0,2.99,0,0,2.79,0.67,1.82,1.76,0,1.04,4.39,0,0,0.02,0,0.61,0,0,3.88,1.02,0.58,1.73,0,0.85,0.31,7.69,0,0,0,0.6,0,0.48,0,0,0,0,0.14,0,0,0,0,0,0,1.89,0,1.49,0.22,0,0,0,0,0,0,0,0,0,0,0,0,0,0,0,0,0,0,0,0,0,0,0,0,0,0,0,0,0,0,0,0,0,0,0,0,0,0.5,0,0,0.47,0,0,0,0,0,1.76,0,0,0,0,0,0,0,0,0,0,0,0,0.38,0,0,0,0,0,0,0,0,0,0,0,0,1.14,0,0,0,0,0,1.4,0.37,0,0,0,0,0,0,0,0,0,0,0,0,0,0,0,0.73,0,0,0,0,0,0,0,0,0,0,0,0,0,0,0
Ag,CIT,112,-25.1,FBS,10,100,3000,15,22,metal,sphere,cell culture,7.4,120.9,0.126944444,DMEM,1,37,1,Anionic,0,0.296814168,14.2978746,0.05433177,42.67155053,0.114871682,0,0.091456265,0.820004672,0.184796503,0,0.055187457,0,0,0.627750689,0,0,0.327623934,0.133888505,1.977914455,0.842115734,0.041113207,0.183519343,0,0.01719385,0.079740382,14.68436543,0.053172182,0,0.150191313,0.105939235,0,0,0.0746268,0,0.679211027,0,0,10.23607509,0.007318369,0.557544441,0.141160412,0,0.404355416,0.700828154,1.115819858,0,0,0,0.052469891,0,0.0688198,0,0,0,0,0,0,0,0,0,0,0,0.018307284,0,0.013463012,0,0,0,0,0,0.021203402,0,0.315940634,0,0,0.572391579,0,0,0,0,0,0,0,0,0,0,0,0,0.042814999,0,0,0,0,0,0,0,0,0,0,0,0,0,0,0,0,0,0.361602794,0,0,0,0,0,0.027661438,0,0,0,0,0,0,0,0,0,0,0,0,0.014906066,0,0,0,0,0,0,0,0,0,0,0,0,0,0,0,0.052217534,0,0,0,0,0,0,0,0,0,0,0,0,0,0,0,0,0,0,0,0.877795109,0,0,0,0.065939852,0,0,0,0,0,0,0,0,0,0,0
Ag,CIT,20.5,-25.3,FBS,10,100,3000,15,22,metal,sphere,cell culture,7.4,23.4,0.126944444,DMEM,1,37,1,Anionic,0,0.194689555,21.50183878,0,6.716635443,0.905226517,0,0,8.029065806,0,0,0,0,0,0,0,0,1.495040584,0,0,0,0,0,0,0,0,5.621551514,0,0,0,0,0,0,0,0,0,0,0,25.40243519,0,0,0,0,0,0,0,0,0,0,0,0,0.512901511,0,0,0,0,0,0,0,0,0,0,0,0,0,0,0,0,0,0,0,0,0,0,0,0,0,0,0,0,0,0,0,0,0,0,0,0,0,0,0,0,0,0,0,0,0,0,0,0,0,0,0,0,0,0,0,0,0,0,0,0,0,0,0,0,0,0,0,0,0,0,0,0,0,0,0,0,0,0,0,0,0,0,0,0,0,0,0,0,0,0,0,0,0,0,0,0,0,0,0,0,0,0,0,0,0,0,0,0,0,0,0,0,0,0,0,0,0,0,0,0,0,0,0,0,0.203976159,0
Ag,PVP,112,-25.5,FBS,10,100,3000,15,22,metal,sphere,water,7,113.2,0.126944444,DMEM,1,37,1,Anionic,0,0.316515063,10.7311931,0.071706887,38.82291364,0.146149816,0,0.093411088,1.007206808,0.116649903,0,0.139079879,0,0,0.734973716,0,0,0.285206031,0.156506807,2.048288492,1.600065031,0.049166187,0.047590713,0,0.018064915,0.043503251,16.98020089,0.152107785,0,0.175548754,0.112449752,0,0,0.148575242,0,0.728418826,0,0,13.04013282,0.040838788,0.722964102,0.201981774,0,0.819009879,0.440642604,1.279998637,0,0,0,0.239336573,0,0.105261204,0,0,0,0,0,0,0,0,0,0,0.025322727,0.029102736,0,0.023967172,0,0,0,0,0,0.031277242,0,0.25899399,0,0,0.659154024,0,0,0,0,0,0,0,0,0,0,0,0.000610232,0.058639626,0,0,0,0,0,0,0,0,0,0,0,0,0,0,0,0,0,0.26958174,0,0,0,0,0,0.041179645,0,0,0,0,0,0,0,0,0,0,0,0,0.009076156,0,0,0,0,0,0,0,0,0,0,0,0,0,0,0,0.030597592,0,0,0,0,0,0,0,0,0,0,0,0,0,0,0,0,0,0,0,0.929142716,0,0,0,0.067870844,0,0,0,0,0,0,0,0.022201247,0,0,0
Ag,PVP,21,-27.9,FBS,10,100,3000,15,22,metal,sphere,cell culture,7.4,22.9,0.126944444,DMEM,1,37,1,Anionic,0,0,13.16912197,0,15.10413891,0,0,0,6.693135507,0,0,0,0,0,0,0,0,1.478471541,0.496086645,0,0,0,0,0,0,0,11.7929237,0,0,0,0,0,0,0,0,0,0,0,27.69451911,0,0,0,0,0,0,0,0,0,0,0,0,0,0,0,0,0,0,0,0,0,0,0,0,0,0,0,0,0,0,0,0,0,0,0,0,0,0,0,0,0,0,0,0,0,0,0,0,0,0,0,0,0,0,0,0,0,0,0,0,0,0,0,0,0,0,0,0,0,0,0,0,0,0,0,0,0,0,0,0,0,0,0,0,0,0,0,0,0,0,0,0,0,0,0,0,0,0,0,0,0,0,0,0,0,0,0,0,0,0,0,0,0,0,0,0,0,0,0,0,0,0,0,0,0,0,0,0,0,0,0,0,0,0,0,0,0,0.07376991,0
Ag,PVP,112,-30,FBS,10,100,3000,15,22,metal,sphere,cell culture,7.4,121.5,0.126944444,DMEM,1,37,1,Anionic,0,0.247941903,4.300736823,0.028907878,53.20082445,0.327974713,0,0.06295546,2.387374396,0.264259395,0,0.208492542,0,0,0.989556103,0,0,0.326018812,0.286603777,1.389574563,4.055544534,0.071066921,0.067851195,0,0.014105537,0.077807559,8.831740183,0.104997813,0,0.318846904,0.287344521,0,0,0.166224961,0,0.210008814,0,0,5.07517896,0.05514578,1.128549769,0.16393674,0,0.535333272,1.202820898,1.35961916,0,0,0,0.245198549,0,0.022132303,0,0,0,0,0,0,0,0,0,0,0.043316119,0.054956186,0,0.043439153,0,0,0,0,0,0.039118091,0,0.243656652,0,0,1.211967335,0,0,0,0,0,0,0,0,0,0,0,0.001045069,0.063770075,0,0,0,0,0,0,0,0,0,0,0,0,0,0,0,0,0,0.165770555,0,0,0,0,0,0.072976402,0,0,0,0,0,0,0,0,0,0,0,0,0.01439209,0,0,0,0,0,0,0,0,0,0,0,0,0,0,0,0.031789868,0,0,0,0,0,0,0,0,0,0,0,0,0,0,0,0,0,0,0,0.697328352,0,0,0,0.016478783,0,0,0,0,0,0,0,0.078011143,0,0,0
Ag,PVP,21,-35.9,FBS,10,100,3000,15,22,metal,sphere,water,7,26.6,0.126944444,DMEM,1,37,1,Anionic,0,0,17.20267944,0,15.56410067,0,0,0,3.24773154,0,0,0,0,0,0,0,0,1.130558639,1.146574768,0,0,0,0,0,0,0,11.06765812,0,0,0,0,0,0,0,0,0,0,0,32.74968533,0,0,0,0,0,0,0,0,0,0,0,0,0,0,0,0,0,0,0,0,0,0,0,0,0,0,0,0,0,0,0,0,0,0,0,0,0,0,0,0,0,0,0,0,0,0,0,0,0,0,0,0,0,0,0,0,0,0,0,0,0,0,0,0,0,0,0,0,0,0,0,0,0,0,0,0,0,0,0,0,0,0,0,0,0,0,0,0,0,0,0,0,0,0,0,0,0,0,0,0,0,0,0,0,0,0,0,0,0,0,0,0,0,0,0,0,0,0,0,0,0,0,0,0,0,0,0,0,0,0,0,0,0,0,0,0,0,0.047638535,0
Ag,CIT,112,-43.6,FBS,10,100,3000,15,22,metal,sphere,water,7,104.5,0.126944444,DMEM,1,37,1,Anionic,0,0.332815898,13.57500837,0.091794074,33.73351235,0.059655003,0,0.078544422,0.446453279,0.080626137,0,0.220469015,0,0,0.623752906,0,0,0.371434125,0.168664423,2.266802137,1.038051746,0.044869208,0.090428895,0,0.009900711,0.053346826,17.86283053,0.137286549,0,0.130738801,0.044557631,0,0,0.167970523,0,1.134127546,0,0,15.67547091,0.054526201,0.429925125,0.214323544,0,1.342455727,0.31080118,1.26023462,0,0,0,0.334355307,0,0.101546074,0,0,0,0,0,0,0,0,0,0,0,0.010360488,0,0.020426813,0,0,0,0,0,0.011862319,0,0.166518739,0,0,0.56613672,0,0,0,0,0,0,0,0,0,0,0,0,0.039334511,0,0,0,0,0,0,0,0,0,0,0,0,0,0,0,0,0,0.303493665,0,0,0,0,0,0.015198475,0,0,0,0,0,0,0,0,0,0,0,0,0.008778099,0,0,0,0,0,0,0,0,0,0,0,0,0,0,0,0.038105045,0,0,0,0,0,0,0,0,0,0,0,0,0,0,0,0,0,0,0,0.997297852,0,0,0,0.072123373,0,0,0,0,0,0,0,0,0,0,0
Ag,CIT,20.5,-46.6,FBS,10,100,3000,15,22,metal,sphere,water,7,24.4,0.126944444,DMEM,1,37,1,Anionic,0,1.650831515,14.72105631,0,17.24277311,1.228290467,0,0,4.901050681,0,0,0,0,0,0,0,0,1.378847464,0,0,0,0,0,0,0,0,9.392829044,0,0,0,0,0,0,0,0,0,0,0,25.08189894,0,0,0,0,0,0,0,0,0,0,0,0,1.325017887,0,0,0,0,0,0,0,0,0,0,0,0,0,0,0,0,0,0,0,0,0,0,0,0,0,0,0,0,0,0,0,0,0,0,0,0,0,0,0,0,0,0,0,0,0,0,0,0,0,0,0,0,0,0,0,0,0,0,0,0,0,0,0,0,0,0,0,0,0,0,0,0,0,0,0,0,0,0,0,0,0,0,0,0,0,0,0,0,0,0,0,0,0,0,0,0,0,0,0,0,0,0,0,0,0,0,0,0,0,0,0,0,0,0,0,0,0,0,0,0,0,0,0,0,0.067078413,0
Fe3O4,NH2,15.1,-13.9,FBS,90,100,15000,20,25,metal,sphere,PBS,7.4,32.7,0.126944444,water,1,39,1,Anionic,0,0,1.939744,0,65.16081,0,0,0,0,0,0,0,0,0,0.119058,0,0,0,0,5.171169,0,0,0,0,0,0,12.02782,0,0,0,0,0,0,0,0,0,2.663173,0,5.909249,0,1.075058,0,0,0,0,0,0,0,0.356018,0,0,0,0,0,0,0,0,0,0,0,0,0,0,0,0,0,0,0,0,0,0,0,0,0,0,0,4.180754,0,0,0,0,0,0,0,0,0,0,0,0,0,0,0,0,0,0,0,0,0,0,0,0,0,0,0,0,0,0,0,0,0,0,0,0,0,0,0,0,0,0,0,0,0,0,0,0,0,0,0,0,0,0,0,0,0,0,0,0,0,0,0,0,0,0,0,0,0,0,0,0,0,0,0,0,0,0,0,0,0,0,0,0,0,0,0,0,0,0,0,0,0,0,0,0,0,0,0,0,0
Fe3O4,NH2,15.1,-13.9,FBS,90,100,15000,20,25,metal,sphere,PBS,7.4,32.7,0.126944444,water,1,39,1,Anionic,0,0,0,0,4.850053,0,0,0,0,0,0,0,0,0,0,0,0,0,0,0,0,0,0,0,0,0,52.82008,0,0,0,0,0,0,0,0,0,36.38537,0,0,0,0,0,0,0,0,0,0,0,5.944322,0,0,0,0,0,0,0,0,0,0,0,0,0,0,0,0,0,0,0,0,0,0,0,0,0,0,0,0,0,0,0,0,0,0,0,0,0,0,0,0,0,0,0,0,0,0,0,0,0,0,0,0,0,0,0,0,0,0,0,0,0,0,0,0,0,0,0,0,0,0,0,0,0,0,0,0,0,0,0,0,0,0,0,0,0,0,0,0,0,0,0,0,0,0,0,0,0,0,0,0,0,0,0,0,0,0,0,0,0,0,0,0,0,0,0,0,0,0,0,0,0,0,0,0,0,0,0,0,0
Fe3O4,NH2,15.1,-13.9,FBS,90,100,15000,20,25,metal,sphere,PBS,7.4,32.7,0.126944444,water,1,39,1,Anionic,0,0.171867,3.566636,0,43.15268,0,0,0,0,0.100469,0,0.361176,0,0,0.021891,0,0,0,0,7.697199,0.227548,0,0,0,0.106769,0,18.70623,0,0,0.068224,2.482303,0,0,0,0,0.366287,0.376454,0,5.665542,0.15412,2.174397,0.083211,0,0.327588,0.30332,0.94822,0.630396,0,0,0,0,0,0,0,0,0,0,0,0,0,0,0,0,0,0,0,0,0,0,0,0,0.069973,0,1.33283,0,0,6.303515,0,0,0,0,0,0.069346,0,0,0,0,0,0,0,0,0,0,0,0,0,0,0,0,0,0,0,0,0,0,0,0,0,0,0,0,0,0,0.159895,0,0,0,0,0,0,0,0,0,0,0,0,0,0.233127,0,0,0,0,0,0,0,0,0,0,0,0,0,0,0,0,0,0,0,0,0,0,0,0,0,0,0,0,0,0,0,0,0,0,1.745459,0,0,0,0,0,0,0,0,0,0,0,0,0,0,0
Fe3O4,NH2,15.1,-13.9,FBS,90,100,15000,20,25,metal,sphere,PBS,7.4,32.7,0.126944444,water,1,39,1,Anionic,0,0,0,0,25.22252,0,0,0,0,0,0,0,0,0,0,0,0,0,0,2.249487,0,0,0,0,0,0,68.67222,0,0,0,0,0,0,0,0,0,0,0,3.855834,0,0,0,0,0,0,0,0,0,0,0,0,0,0,0,0,0,0,0,0,0,0,0,0,0,0,0,0,0,0,0,0,0,0,0,0,0,0,0,0,0,0,0,0,0,0,0,0,0,0,0,0,0,0,0,0,0,0,0,0,0,0,0,0,0,0,0,0,0,0,0,0,0,0,0,0,0,0,0,0,0,0,0,0,0,0,0,0,0,0,0,0,0,0,0,0,0,0,0,0,0,0,0,0,0,0,0,0,0,0,0,0,0,0,0,0,0,0,0,0,0,0,0,0,0,0,0,0,0,0,0,0,0,0,0,0,0,0,0
Fe3O4,NH2,15.1,-20.8,FBS,90,100,15000,20,25,metal,sphere,water,7,43.8,0.126944444,water,1,39,1,Anionic,0,0,1.939744,0,65.16081,0,0,0,0,0,0,0,0,0,0.119058,0,0,0,0,5.171169,0,0,0,0,0,0,12.02782,0,0,0,0,0,0,0,0,0,2.663173,0,5.909249,0,1.075058,0,0,0,0,0,0,0,0.356018,0,0,0,0,0,0,0,0,0,0,0,0,0,0,0,0,0,0,0,0,0,0,0,0,0,0,0,4.180754,0,0,0,0,0,0,0,0,0,0,0,0,0,0,0,0,0,0,0,0,0,0,0,0,0,0,0,0,0,0,0,0,0,0,0,0,0,0,0,0,0,0,0,0,0,0,0,0,0,0,0,0,0,0,0,0,0,0,0,0,0,0,0,0,0,0,0,0,0,0,0,0,0,0,0,0,0,0,0,0,0,0,0,0,0,0,0,0,0,0,0,0,0,0,0,0,0,0,0,0,0
Fe3O4,NH2,15.1,-20.8,FBS,90,100,15000,20,25,metal,sphere,water,7,43.8,0.126944444,water,1,39,1,Anionic,0,0,0,0,4.850053,0,0,0,0,0,0,0,0,0,0,0,0,0,0,0,0,0,0,0,0,0,52.82008,0,0,0,0,0,0,0,0,0,36.38537,0,0,0,0,0,0,0,0,0,0,0,5.944322,0,0,0,0,0,0,0,0,0,0,0,0,0,0,0,0,0,0,0,0,0,0,0,0,0,0,0,0,0,0,0,0,0,0,0,0,0,0,0,0,0,0,0,0,0,0,0,0,0,0,0,0,0,0,0,0,0,0,0,0,0,0,0,0,0,0,0,0,0,0,0,0,0,0,0,0,0,0,0,0,0,0,0,0,0,0,0,0,0,0,0,0,0,0,0,0,0,0,0,0,0,0,0,0,0,0,0,0,0,0,0,0,0,0,0,0,0,0,0,0,0,0,0,0,0,0,0,0,0
Fe3O4,NH2,15.1,-20.8,FBS,90,100,15000,20,25,metal,sphere,water,7,43.8,0.126944444,water,1,39,1,Anionic,0,0.171867,3.566636,0,43.15268,0,0,0,0,0.100469,0,0.361176,0,0,0.021891,0,0,0,0,7.697199,0.227548,0,0,0,0.106769,0,18.70623,0,0,0.068224,2.482303,0,0,0,0,0.366287,0.376454,0,5.665542,0.15412,2.174397,0.083211,0,0.327588,0.30332,0.94822,0.630396,0,0,0,0,0,0,0,0,0,0,0,0,0,0,0,0,0,0,0,0,0,0,0,0,0.069973,0,1.33283,0,0,6.303515,0,0,0,0,0,0.069346,0,0,0,0,0,0,0,0,0,0,0,0,0,0,0,0,0,0,0,0,0,0,0,0,0,0,0,0,0,0,0.159895,0,0,0,0,0,0,0,0,0,0,0,0,0,0.233127,0,0,0,0,0,0,0,0,0,0,0,0,0,0,0,0,0,0,0,0,0,0,0,0,0,0,0,0,0,0,0,0,0,0,1.745459,0,0,0,0,0,0,0,0,0,0,0,0,0,0,0
Fe3O4,NH2,15.1,-20.8,FBS,90,100,15000,20,25,metal,sphere,water,7,43.8,0.126944444,water,1,39,1,Anionic,0,0,0,0,25.22252,0,0,0,0,0,0,0,0,0,0,0,0,0,0,2.249487,0,0,0,0,0,0,68.67222,0,0,0,0,0,0,0,0,0,0,0,3.855834,0,0,0,0,0,0,0,0,0,0,0,0,0,0,0,0,0,0,0,0,0,0,0,0,0,0,0,0,0,0,0,0,0,0,0,0,0,0,0,0,0,0,0,0,0,0,0,0,0,0,0,0,0,0,0,0,0,0,0,0,0,0,0,0,0,0,0,0,0,0,0,0,0,0,0,0,0,0,0,0,0,0,0,0,0,0,0,0,0,0,0,0,0,0,0,0,0,0,0,0,0,0,0,0,0,0,0,0,0,0,0,0,0,0,0,0,0,0,0,0,0,0,0,0,0,0,0,0,0,0,0,0,0,0,0,0,0,0,0
SiO2,none,116.6,-19.9,HS,10,1000,15000,20,25,other,sphere,plasma,7.4,220.8,0.288,buffer,24,37,1,Neutral,0.21,2.59,4.37,1.11,25.53,0.79,4.29,0.73,1.34,0.55,1.62,0.86,4,0.71,0.16,0.46,0.85,0.57,0.08,2.14,0.76,0.91,1.4,0.89,0.09,0.63,2.68,0.9,2.68,0.75,0,0.22,0.09,0.02,0.54,1.7,0,1.22,0.45,1.16,1.63,1,0.44,0.34,0.41,0,0.45,0.47,0,2.03,0,0,0.62,0.27,0.06,0.66,0.01,0.62,0,0.14,0.26,0.03,0.04,0.28,0.08,0.12,0.16,0.16,0.68,0.08,0.53,0.25,0.34,0.41,0.21,0.47,0.16,0.2,0,0.23,0.14,0.41,0.41,0,0.08,0.02,0,0,0.21,0.31,0.27,0.25,0,0.06,0.24,0.06,0.04,0,0.9,0,0,0,0,0,0.31,0.14,0.17,0.06,0.17,0.28,0.13,0.64,0,0.55,0,0.36,0.52,0,0.29,0.05,0.15,0,0,0,0,0.28,0.04,0.65,0.4,0,0,0.11,0,0,0.35,0.05,0,0,0,0,0,0,0.7,0.38,0.28,0.2,0,0,0,0,0.19,0.24,0.24,0,0,0.07,0,0,0,0,0,0.38,0.15,0.06,0,0,0.03,0,0,0,0,0,0,0,0.11,0,0.02,0
SiO2,none,116.6,-20.1,FBS,10,1000,15000,20,25,other,sphere,plasma,7.4,193.3,0.187,buffer,24,37,1,Neutral,0,1.32,4.32,0.73,18.85,0,0,0.17,1.68,0.58,0,0.58,0,0,0.59,0,0.09,0,0,2.73,0.65,1.42,0.28,0,0.44,1.05,16.02,2.03,0,1.1,0.5,0,0,0.54,0,1.58,0.45,0,3.48,0.87,2.09,0.68,0,0.35,0.23,1.42,0.38,0.28,0.44,0.7,0,0.39,0,0,0.08,0,0.13,0,0.08,0,0,0,0.05,1.85,0,0.72,0.18,0,0,0,0,0,0,0.55,0.08,0,0.49,0,0,0,0,0,0.29,0,0,0,0,0,0,0,0.01,0,0,0.03,0,0,0.04,0,0.13,0,0.15,0,0,0,0.33,0,0,0.28,0.03,0.16,0,0,0,1.21,0,0,0,0,0,0,0,0,0,0,0,0,0.15,0,0,0.34,0,0,0,0,0,0.25,0.11,0.18,0,0.33,0,0.02,0.67,0,0.27,0.49,0.06,0.29,0,0,0,0,0,0,0,0.14,0,0,0,0,0,0,1.91,0,0.04,0,0,0,0,0,0,0,0,0,1.4,0,0,0
SiO2,none,116.6,-39.1,FBS,10,1000,15000,20,25,other,sphere,buffer,7.4,143.5,0.111,buffer,24,37,1,Neutral,0,1.32,4.32,0.73,18.85,0,0,0.17,1.68,0.58,0,0.58,0,0,0.59,0,0.09,0,0,2.73,0.65,1.42,0.28,0,0.44,1.05,16.02,2.03,0,1.1,0.5,0,0,0.54,0,1.58,0.45,0,3.48,0.87,2.09,0.68,0,0.35,0.23,1.42,0.38,0.28,0.44,0.7,0,0.39,0,0,0.08,0,0.13,0,0.08,0,0,0,0.05,1.85,0,0.72,0.18,0,0,0,0,0,0,0.55,0.08,0,0.49,0,0,0,0,0,0.29,0,0,0,0,0,0,0,0.01,0,0,0.03,0,0,0.04,0,0.13,0,0.15,0,0,0,0.33,0,0,0.28,0.03,0.16,0,0,0,1.21,0,0,0,0,0,0,0,0,0,0,0,0,0.15,0,0,0.34,0,0,0,0,0,0.25,0.11,0.18,0,0.33,0,0.02,0.67,0,0.27,0.49,0.06,0.29,0,0,0,0,0,0,0,0.14,0,0,0,0,0,0,1.91,0,0.04,0,0,0,0,0,0,0,0,0,1.4,0,0,0
SiO2,none,116.6,-39.1,HS,10,1000,15000,20,25,other,sphere,buffer,7.4,143.5,0.111,buffer,24,37,1,Neutral,0.21,2.59,4.37,1.11,25.53,0.79,4.29,0.73,1.34,0.55,1.62,0.86,4,0.71,0.16,0.46,0.85,0.57,0.08,2.14,0.76,0.91,1.4,0.89,0.09,0.63,2.68,0.9,2.68,0.75,0,0.22,0.09,0.02,0.54,1.7,0,1.22,0.45,1.16,1.63,1,0.44,0.34,0.41,0,0.45,0.47,0,2.03,0,0,0.62,0.27,0.06,0.66,0.01,0.62,0,0.14,0.26,0.03,0.04,0.28,0.08,0.12,0.16,0.16,0.68,0.08,0.53,0.25,0.34,0.41,0.21,0.47,0.16,0.2,0,0.23,0.14,0.41,0.41,0,0.08,0.02,0,0,0.21,0.31,0.27,0.25,0,0.06,0.24,0.06,0.04,0,0.9,0,0,0,0,0,0.31,0.14,0.17,0.06,0.17,0.28,0.13,0.64,0,0.55,0,0.36,0.52,0,0.29,0.05,0.15,0,0,0,0,0.28,0.04,0.65,0.4,0,0,0.11,0,0,0.35,0.05,0,0,0,0,0,0,0.7,0.38,0.28,0.2,0,0,0,0,0.19,0.24,0.24,0,0,0.07,0,0,0,0,0,0.38,0.15,0.06,0,0,0.03,0,0,0,0,0,0,0,0.11,0,0.02,0
SiO2,none,203,-16.2,HP,50,1000,14000,15,25,other,sphere,plasma,7.4,203,0.19,buffer,1,37,1,Neutral,1.01554788,0.43837812,2.23965331,0.84811503,3.61269726,0.30206837,2.16095063,0.67563221,2.05321995,0.35849872,0.48054084,3.46797722,0.73193489,0.3253044,0.12829709,0.05974979,5.38843495,3.15587511,0.15805903,0.59206607,0.78421595,0.32584477,0.83649702,0.45725614,5.3491783,0.07823353,1.31909145,0.40200585,0.87451961,0,0.54895117,0,0.48691617,0.29039016,0.48428775,0.31918965,12.2337689,0.8466982,0.10456213,1.21338029,0.14993815,0.01945342,0.20123277,0.01520904,0.22361802,0.64131438,0.09651889,0.23236028,7.15044085,0.53889712,0,0,0.03041807,0.19303777,0.01659716,0.43683733,0.09223731,0.69708085,0.10456213,0.33245394,0.41824851,0.39733608,0.12826288,0.03636944,0.05974979,0.21908255,0.21796049,0.03217296,0.02201308,0.06196274,0.44961715,0.01578296,0.30671557,0.06970809,0.06638865,0,0.10456213,0.14590064,0.1650981,0.21307,0,3.70086559,0.17221997,0.13941617,0,0,0.4562711,2.24061701,0,0,0,0.08805232,0,0,0,0,0,0.14258472,0.23899915,0,0,0.06970809,0,0,0,0,1.32047029,0,0,1.20512282,0,0,0,0.45461794,0,0,0,0,0,0,0.77674723,0,0,0,0,0,0,0,0,0,0,1.31909145,0,0.02961051,0,0,0,0,0,0.31069889,0.01920103,0,0.16366246,0.03428267,0,0.52668331,0.00789148,0,0,0,0,0,2.96821522,0.00774534,0,0.0784216,0,0,0,0,0,0.09444321,0,0,0,0,0,0,0,0.11949957,0,0,0,0,1.30702659,0.22813555,0.46650795,0
SiO2,none,152,-18.4,HP,50,1000,14000,15,25,other,sphere,buffer,7.4,152,0.18,buffer,1,37,1,Neutral,2,1,1,1,6,0,3,2,2,1,1,1,1,1,0,0,0,3,1,1,1,1,1,1,3,0,2,1,2,0,0,0,1,1,1,4,6,1,0,1,0,0,1,0,1,1,1,1,4,0,0,0,0,0,0,0,0,0,0,1,1,1,0,0,0,1,0,0,1,0,1,0,0,0,0,0,0,0,0,1,0,3,0,0,1,0,0,1,0,0,0,0,0,0,0,0,0,0,1,0,0,0,0,0,0,0,0,0,0,3,0,0,0,0,0,0,0,0,0,0,0,0,0,0,0,0,0,0,0,0,0,3,0,0,0,0,0,0,0,0,0,0,0,0,0,0,0,0,0,0,0,0,2,0,0,0,0,0,0,0,0,0,0,0,0,0,0,0,0,0,0,0,0,0,0,0,1,0
CaCO3,none,58.27,-13.5,FBS,5,1000,16000,10,25,metal,sphere,PBS,7.4,50,0.126944444,DMEM,12,22,1,Neutral,0,6.0276714,3.1310404,0.8697335,15.4283151,0,0,0,8.5392012,0.4409916,0,0,0,0,0,0,0,0,0,4.8169853,0,0.3865482,0,0,0.4673195,1.3418745,12.3593701,0,0,0.6021232,0,0,1.8150959,1.8417885,0,0,0,0,2.0419829,1.3762815,5.9076234,2.2101462,0,0,0,0,2.4084926,0.5050065,0,1.8063695,0,1.4450956,0,0,0.3772338,0,0,0,0,0,0,0,1.2524162,0,0,0,0,0,0,0,0,0,0,0,0,0,0,0,0,0,0,0,0,0,0,0,0,0,0,0,0,0,0,0,0,0.5692801,0,0,0,0,0,0,0,0,0,0,0,0,0,0,0,0,0,0,0,0,0,0,0,0,0,0,0,0,0,0,0,0,0,0,0,0,0,0,0,0,0,0,0,0,0,0,0,0,0,0,0,0,0,0,0,0,0,0,0,0,0,0,0,0,0,0,0,0,0,0,0,0,0,0,0,0,0,0,0,0,0,0
CaCO3,none,65.13,-13.5,FBS,5,1000,16000,10,25,metal,sphere,PBS,7.4,50,0.126944444,DMEM,12,22,1,Neutral,0,6.0276714,3.1310404,0.8697335,15.4283151,0,0,0,8.5392012,0.4409916,0,0,0,0,0,0,0,0,0,4.8169853,0,0.3865482,0,0,0.4673195,1.3418745,12.3593701,0,0,0.6021232,0,0,1.8150959,1.8417885,0,0,0,0,2.0419829,1.3762815,5.9076234,2.2101462,0,0,0,0,2.4084926,0.5050065,0,1.8063695,0,1.4450956,0,0,0.3772338,0,0,0,0,0,0,0,1.2524162,0,0,0,0,0,0,0,0,0,0,0,0,0,0,0,0,0,0,0,0,0,0,0,0,0,0,0,0,0,0,0,0,0.5692801,0,0,0,0,0,0,0,0,0,0,0,0,0,0,0,0,0,0,0,0,0,0,0,0,0,0,0,0,0,0,0,0,0,0,0,0,0,0,0,0,0,0,0,0,0,0,0,0,0,0,0,0,0,0,0,0,0,0,0,0,0,0,0,0,0,0,0,0,0,0,0,0,0,0,0,0,0,0,0,0,0,0
Ca3(PO4)2,none,45.58,-13.5,FBS,5,1000,16000,10,25,metal,sphere,PBS,7.4,100,0.126944444,DMEM,12,22,1,Anionic,0,1.4053924,2.9200932,0.811137,16.0816727,0,0,0,7.9638905,4.9353688,0,0,0,0,0,0,0,0,0,4.4924511,0,0.3605053,0,0,0.4358348,1.2514685,15.3689116,0,0,1.6846692,0,0,1.6928077,1.7177019,0,0,0,0,1.9044086,0,2.2038439,0.3435404,0,0,0,0,2.2462255,0,0,1.6846692,0,0.8984902,0,0,0.3518185,0,0,0,0,0,0,0,2.3360746,0,0,0,0,0,0,0,0,0,0,0,0,0,0,0,0,0,0,0,0,0,0,0,0,0,0,0,0,0,0,1.8638893,0,3.1855562,2.2902692,0,0,0,0,0,0,0,0,0,0,0,0,0,0,0,0,0,0,0,0,0,0,0,0,0,0,0,0,0,0,0,0,0,0,0,0,0,0,0,0,0,0,0,0,0,0,0,0,0,0,0,0,0,0,0,0,0,0,0,0,0,0,0,0,0,0,0,0,0,0,0,0,0,0,0,0,0,0,0,0,0
DOTAP-Chol-DPPC,none,246.3,34,RP,50,500,18000,15,25,liposome,sphere,buffer,7.4,246.3,0.126944444,buffer,1,37,1,Neutral,2.46480797,0.82379514,0,1.74082477,6.17092865,2.28980169,3.67322355,0.45554892,1.19941993,0.84816124,2.22935662,0.53809593,1.12445619,1.96319722,1.09284497,0,0.22362067,3.1621071,0.22209298,1.50706336,0.46852341,0.44978248,0.59970997,0.38064493,0,0.80464683,0.73748118,0,0,0.31138787,4.92886629,0,0,0,2.13140164,0.49206972,3.18391473,0.50430156,0,1.80901523,0.51111645,0.21871775,0.63365581,0.16900917,0.59377224,1.27938126,1.2993716,0,1.56046981,0.73493869,0.42479456,1.0541056,0.2409549,0,0.12261277,0.47669254,0.40310175,0.62969547,0.31651359,0,0.54519088,0.22114305,0.7607432,0,0.14019194,0.29271558,0.16470908,0.29985498,0.01110574,0.24432628,0.75713383,0.02306577,0.25372345,0.18412148,0.6432373,0,0.01817303,1.16114057,0.65353009,0,0.27843677,0.06814886,0.04543257,0.83293051,0,0,0.46341225,0,0.03649029,0.23719872,0,0,0,0.02263056,0,0.26098489,0.03198453,0,0.14992749,0.40365094,0.17155622,0,0,0,0,0.06720888,0,0.86624773,0.25069843,0.0775487,0,0.05451909,0.22189269,0,0,0.06814886,0,0,0.37124903,0,0,0.11994199,0.23749576,0.16991782,0.08819264,0.02237724,0.23065768,0,0.17491541,0,0,0.05490303,0,0.04776451,0,0.00844662,0.04465925,0,0.06425464,0,0,0.00789092,0.02607435,0.69140116,0.50375637,0.50332801,0.27156678,0.09995166,0,0.10869743,0.10280742,0.13906318,0,0.07996133,0.0758254,0,0,0,0,0,0.82626707,0.02584957,0.16038755,0.08309234,0.05490303,0.11423047,0.03844295,0.16192169,0,0,0.03527706,0.18205481,0,0.0539739,0,0,0.09052226,0.42671671
DOTAP-Chol-DPPC,none,246.3,34,HP,50,500,18000,15,25,liposome,sphere,buffer,7.4,246.3,0.126944444,buffer,1,37,1,Neutral,2.18401758,0,0,0.13073083,2.56506413,5.94061728,5.56779333,0.91047445,0,7.02268755,0.62134585,0.40560077,1.80676705,0,0.20902135,0.37926305,0.22123678,0.35397986,0.60337304,0.61486586,0.41481897,0.02458186,1.30964171,1.7813573,1.27636605,1.00909438,0.20280038,0.1288758,1.64921964,0.07513703,0,0.37440071,4.0086784,0,0.73357459,0.0184364,2.69056352,2.35236453,1.36310414,0.54458385,0.10018269,0.58138969,0,0,3.0403639,0,2.3144771,0.67424543,0.13216743,0.07658196,0.17314183,0.20923168,0.3700688,0,0,0.47012816,0,1.79671083,0.37440071,0.17698943,0,0.44247356,1.17402985,0,0.84199372,0.00707958,0.04985618,0.70455406,0.15525388,1.7309199,0.79645341,0.18963153,0.29498338,1.24697095,1.79096443,0.37167779,0,0,0,0.05009135,1.11847484,1.1195933,0,0.44247356,0.67600138,0.01758173,0,0.06321051,0.2047617,0.32494707,0.19384556,0,0.47650999,0.02552723,0.10210938,0,0.28930964,0.21461393,0.22755783,1.88583653,0,0.18436398,0.51422603,0.14749119,0,0.47717737,0,4.66270256,0,0.48747087,0.10210938,0,0.54658499,0,0.53728933,0,0.48269843,0,0,0.0276546,0,0.19468837,0.01364456,0.79433001,0,0,0,0.11543789,0.0553093,0,0.80628516,0.5650047,0,0.01174709,0,0,0,0,0,0,0.12808445,0,0.36553164,0.3658916,0.44247356,0,0.29219953,0,0,0.15682607,0,0,0.72794038,0.01147154,0.04068733,0,0,0,0,0,0.09712834,0,0.95481137,0,0,0,0,0.13274207,0,0,0,0.21360793,0,0,0,0.16089948,0.45949178,0
DOTAP-Chol-DSPC,none,421.8,37.1,RP,50,500,18000,15,25,liposome,sphere,buffer,7.4,421.8,0.126944444,buffer,1,37,1,Neutral,2.41739252,0.94921946,0.04679428,1.40122873,4.37221341,1.97131541,3.1391163,0.49763917,1.4053379,0.97332103,1.50962418,0.60127445,1.07366876,2.42322247,0.65906643,0,0.22762641,2.53114516,0.18019016,1.01245806,0.57322993,0.59798737,0.50622903,0.41581446,0,0.73759905,0.84103233,0,0,0.18267767,5.62993685,0,0,0,1.37221065,0.45354456,4.55010565,0.54345176,0,1.68819365,0.82634445,0.18882868,0.53151239,0.18462471,0.54809538,1.74698646,1.22625011,0,2.43330257,0.4495921,0.65511992,0.98267989,0.15208141,0,0.12863691,0.31076202,0.41514926,0.62236393,0.29116441,0,0.50622903,0.22110297,0.6247903,0,0.08933454,0.44454566,0.18454082,0.47874148,0.04246148,0.40035106,0.53228494,0.01889769,0.26456766,0.14941332,0.98796311,0,0,0.73875225,0.7559076,0,0.21057426,0.1836321,0.05459333,0.76430658,0,0,0.80401082,0,0.04679428,0.22978087,0,0,0,0.17305055,0,0.41854884,0.06987946,0,0.14889089,0.49133994,0.19675407,0,0,0,0,0.10730413,0,0.62203306,0.17183473,0.14118964,0,0.07940848,0.27515037,0,0,0.07444545,0.1139339,0,0.32755996,0,0,0.17033118,0.11450105,0.13102398,0.07707293,0.00977791,0.22047305,0,0.10918665,0,0,0.12917858,0,0.02608885,0,0,0.11150977,0,0.02339714,0,0,0,0,0.63075596,0.43237915,0.5849285,0.3430109,0.03639555,0,0.06960649,0.04288767,0.04272521,0,0.06429881,0.0527108,0,0.00559932,0,0,0,0.81526035,0.01694276,0.1142651,0.09471613,0.05536225,0.04679428,0.0629923,0.11792159,0,0,0.040945,0.24566997,0,0.19653598,0,0,0.14214866,0.42834764
DOTAP-Chol-DSPC,none,421.8,37.1,HP,50,500,18000,15,25,liposome,sphere,buffer,7.4,421.8,0.126944444,buffer,1,37,1,Neutral,1.67779988,0,0,0.22675473,2.94399935,4.0795695,7.61593546,0.591445,0,5.42760116,0.81515913,0.55983333,1.71829694,0,0.34033685,0.55112208,0.23945399,0.42189336,0.68933437,0.55976034,0.64851853,0.09977308,1.41769165,1.57981076,1.69613536,0.99341409,0.51548908,0.30222222,1.56007353,0.15018103,0,0.46048653,3.24618319,0,0.70365573,0.01662868,3.62713142,2.04816769,1.80769844,0.49557131,0.17318927,0.59179476,0,0.07981766,2.7343477,0,1.70891666,0.67148194,0.22805047,0.18419461,0.22557166,0.13931686,0.65305363,0,0,0.57368946,0,1.03601816,0.5433508,0.58533954,0,0.41100141,1.01634492,0,1.0513655,0.00478906,0.06745155,0.74905819,0.33607438,1.53638664,0.40906553,0.23755357,0.42569431,1.21473348,1.50133335,0.12770836,0,0,0,0.09035963,0.89794873,1.10051638,0,0.57646091,0.86469136,0.01331485,0,0.05701363,0.27596533,0.29565067,0.2128471,0,0.39908833,0.05373343,0,0,0.35303967,0.16090986,0.18244038,2.52044549,0,0.23280153,0.56088088,0.06651473,0,0.31301045,0,3.5167974,0,0.65613836,0.15349551,0,0.56341881,0,0.42759463,0,0.5804931,0.26605888,0,0.09977308,0,0.11174473,0,0.65873614,0.05701363,0.01814038,0,0.16484083,0.09977308,0,0.68288446,0.65083095,0,0.01059537,0,0,0,0,0.02850631,0,0.0420093,0,0.13881333,0.44513697,0.73133083,0,0.2146041,0,0,0.08587977,0,0.01156778,0.72093374,0.01183484,0.03669778,0,0,0,0.18419461,0,0,0,1.24347519,0,0,0,0,0.0718359,0,0,0,0.37156499,0,0,0,0.10884337,0.29164147,0.0613983
Shingosine-Chol-DSPC,none,203,40.8,RP,50,500,18000,15,25,liposome,sphere,buffer,7.4,203,0.126944444,buffer,1,37,1,Cationic,4.34052882,0.95178263,0,1.9118996,3.43737531,0.36640828,4.96060437,0.38754722,1.04012672,0.74851977,1.60410848,0.44594474,0.87844036,2.39439869,1.57820433,0,0.12086218,2.95945147,0.21257993,0.89387514,0.21315097,0.51192283,0.33822303,0.42409312,0,0.86765967,0.57817855,0,0,0.17290568,3.46854758,0,0,0,3.41041551,0.34183652,2.7057842,0.50733454,0,0.47698119,0.2677599,0.13131012,0.78971886,0.16911151,0.54333352,1.19881272,1.06525799,0,1.92982696,0.26748357,0.69361015,0.62484536,0.37647444,0,0.22719367,0.36568558,0.64846728,0.62007555,0.16363105,0,0.42277878,0.36429438,0.34448641,0,0.25769373,0.07381852,0.27073721,0.53660384,0.01148288,0.5856269,0.2092755,0.01192453,0.17886795,0.09790667,0.08000975,0,0,1.12141322,0.96191207,0,0.06643667,0.1785066,0.06576559,1.20570245,0,0.03474561,0.53551979,0,0.11646922,0.24062633,0,0,0,0.01169954,0,0.27558913,0.02893686,0,0.16911151,0.48890572,0.15049709,0,0,0,0,0.11225506,0,1.1775172,0.18297311,0.12294601,0,0.09395084,0.20462493,0,0,0.0563705,0.06739952,0,0.25098296,0,0,0.1116136,0.10563234,0.22219374,0,0.03239201,0.20271701,0,0.05167296,0,0.01906381,0.06986767,0,0.04664285,0,0.01310019,0.03298274,0,0.07750944,0,0,0.02039722,0,0.78918706,0.3348408,0.45398388,0.19596727,0.03444864,0,0.20540002,0,0.06290621,0,0.06545242,0.05345479,0,0.00529979,0.00794969,0,0,0.60629609,0,0.05768145,0.09338487,0.03930056,0.02952741,0.04769812,0.0558068,0,0,0.04103441,0.12180055,0,0.01240151,0,0,0.14039446,0.6796982
Shingosine-Chol-DSPC,none,203,40.8,HP,50,500,18000,15,25,liposome,sphere,buffer,7.4,203,0.126944444,buffer,1,37,1,Cationic,3.38209526,0,0,0.28605754,5.58894706,0.33020222,9.11940841,0.68996682,0,1.59329509,0.87778413,0.47103376,1.98121333,0,0.86441346,1.17790624,0.2855278,0.52611371,0.60389935,0.80822606,0.76480663,0.0971183,1.76575587,1.31879607,1.09594267,1.48653883,0.32049039,0.36999344,2.76522288,0.15173444,0,0.43030878,2.14993836,0,0.95687083,0,2.6163781,2.45695722,2.29629957,0.50714963,0.24407845,0.72364427,0,0.13985035,1.8208239,0,1.10266634,0.55496173,0.26789516,0.5042681,1.1400844,0.01355139,1.04253081,0,0,0.54629044,0.04113346,1.71635523,0.85165379,0.41955106,0,0.45921011,0.50346127,0,1.20785636,0.01678304,0.17727509,1.12956054,0.46616784,1.26626161,0.65554853,0.2913549,0.3030091,1.09537671,0.16648851,0.13985035,0,0,0,0.17151458,1.01974315,0.89525415,0,0.73809908,1.26253791,0.05788508,0.09535351,0.17481394,0.46306833,0.3854676,0.25306354,0,0.40341448,0,0,0.02056633,0.04034145,0.23099035,0.12986104,4.2946034,0,0.17481394,0.77484655,0,0,0.08226491,0,1.70069903,0,0.56888379,0.14983966,0,0.54157735,0,0.38245592,0,0.50854674,0,0,0.04916614,0,0.40556603,0.03234434,0.07161013,0.24973377,0.01059472,0.06356834,0.02280169,0.17481394,0,0.1087725,0.52713835,0.17481394,0.04022245,0,0,0,0,0,0,0.1472109,0,0.04560338,0.16136579,0.94667931,0,0.02638686,0,0,0.08408734,0,0.02533531,0.67105613,0.01553893,0.03214951,0,0,0,0,0,0,0,0.51891841,0.00842473,0,0,0,0,0,0,0,0,0,0.16981829,0,0.06992518,0.23533511,0.0537886
DOTAP-Chol-PC,none,244.3,45.7,RP,50,500,18000,15,25,liposome,sphere,buffer,7.4,244.3,0.126944444,buffer,1,37,1,Neutral,2.88975391,0.84436475,0.08547039,1.7533301,4.0016246,2.74670756,3.34046777,0.55227022,1.12903629,0.92308022,1.43070002,0.46716008,0.83096213,2.18013304,0.87581406,0,0.17745971,4.07926865,0.24625212,0.88189903,0.24305642,0.43828421,0.40792687,0.33944588,0,0.74678985,0.69531318,0,0,0.16107881,4.95461171,0,0,0,2.47402131,0.38352098,4.34578087,0.49631102,0,1.68639656,0.89064032,0.13373602,0.71964456,0.16317075,0.66641518,1.39601638,1.49573184,0,2.35654077,0.35780252,0.59062232,0.97107513,0.29380447,0,0.14048979,0.29147595,0.42625618,0.68803665,0.25759826,0,0.54390249,0.24679575,0.45979905,0,0.1087805,0.14957318,0.17695982,0.34516889,0.04985773,0.34346435,0.68803665,0,0.1955957,0.12070818,0.73339109,0,0,0.70649461,0.78238281,0,0.49145475,0.18130083,0.04985773,0.74786592,0,0,0.54390249,0,0.05539748,0.27235714,0,0,0,0.19754949,0,0.51519652,0.0877496,0,0.19036587,0.56377585,0.15573821,0,0,0,0,0.11862701,0,0.89441742,0.13731309,0.1341001,0,0.03626017,0.21538538,0,0,0.03172765,0,0,0.31339143,0,0,0.1316244,0.25017108,0.20940246,0.09678265,0.00892974,0.23011259,0,0.11217989,0,0,0.10533323,0,0.04500432,0,0.00842666,0.07001298,0,0.06410279,0,0,0.00787227,0,0.61559872,0.45470248,0.55555754,0.25117006,0,0,0.13087654,0.02960781,0.03468364,0,0.07312467,0.0481385,0,0.00511361,0,0,0,0.65147431,0,0.04174135,0.07568764,0.08005325,0.15669572,0.05752815,0.1316244,0,0,0.0373933,0.25641117,0,0.27521466,0,0,0.10159688,0.55227022
DOTAP-Chol-PC,none,244.3,45.7,HP,50,500,18000,15,25,liposome,sphere,buffer,7.4,244.3,0.126944444,buffer,1,37,1,Neutral,1.62734738,0,0,0.12024563,2.91377783,6.37556254,5.35379391,0.69307461,0,7.72565814,0.62717774,0.48289113,1.49066391,0,0.36633333,0.37791479,0.23304746,0.2519433,0.79018548,0.55951031,0.82668861,0.08398107,1.07944966,1.78775337,1.73695453,0.88089493,0.34643189,0.24215899,1.16810037,0.08556561,0,0.31977406,3.36163426,0,0.74588446,0.08660547,3.56419011,2.0009514,1.37222691,0.48173754,0.12121795,0.43897324,0,0.04809835,4.04481081,0,2.12213693,0.50988504,0.13743356,0.20349358,0.41077695,0.16991518,0.60466367,0,0,0.66135089,0,1.15283109,0.50388639,0.32753615,0,0.32715013,1.20932734,0,0.86362219,0.0075583,0.02661373,0.70931809,0.2917337,1.74075778,0.53853858,0.21595131,0.30233184,1.06057907,1.76960103,0.3627983,0,0,0,0.08556561,0.75583959,0.81881539,0,0.23094793,0.80831775,0.01501648,0,0.21595131,0.24524358,0.27131407,0.15836439,0,0.17442221,0.10174639,0,0,0.39971757,0.15463579,0.09717809,2.30993839,0,0.2204503,0.67411838,0,0,0.28158357,0,5.10377768,0,0.48040016,0,0,0.46683593,0,0.52638133,0,0.42944863,0.3834361,0.00161158,0.11809837,0,0.18537715,0.02497334,0.80136149,0.03599189,0.01145196,0,0.11501755,0.07873225,0,0.69704284,0.38373887,0,0.02006637,0,0,0,0,0,0,0.04973563,0,0.06573431,0.89391384,0.57430129,0,0.23530544,0,0,0.12916075,0,0.02738513,0.59734919,0.00699843,0.02606309,0,0,0,0,0,0.17513135,0,1.03439313,0,0,0,0,0.07558296,0,0.07198377,0,0.27366244,0,0,0,0.27484713,0.1816898,0
Chol-PC,none,248.8,-10.9,RP,50,500,18000,15,25,liposome,sphere,buffer,7.4,248.8,0.126944444,buffer,1,37,1,Anionic,3.10822694,1.06040823,0.40881172,2.61709382,5.15549404,0.38422584,4.76947005,0.44872529,1.91725595,0.17610351,2.26828977,0.47644443,1.24739986,3.03837632,0.86725674,0,0.23132241,2.80164674,0.23872578,1.6752704,0.79796903,0.65526887,0.72042345,0.53150412,0,0.77599568,0.89241643,0,0,0.29632802,4.67774947,0,0,0,1.15419192,0.67732119,4.25049834,1.00058812,0,0.54669496,0,0.29005284,0.26581662,0.24814585,0.24846287,2.40674796,0.11288687,0,2.65053751,0.6560719,0.5870117,0.34543381,0.05503235,0,0.13368181,0.48541352,0.37575199,0.70441404,0.29350585,0,0.6403764,0.13758087,0.57885876,0,0.04002352,0,0.09301242,0.60958907,0.04891764,0.71745874,0.22012939,0.01693303,0.27092848,0.03861919,0,0.00779219,0.02668235,0.99292404,0.77891937,0,0.2830235,0.31351761,0.07337646,0.61147052,0,0,0.84049402,0,0.04192941,0.13799156,0,0,0,0,0,0,0,0,0,0.4571918,0.11676489,0,0,0,0,0.1214507,0,0.22679997,0.24539014,0.31880808,0,0.10005881,0.4314536,0,0,0.07337646,0.11485011,0,0.29350585,0,0,0.17610351,0.06428557,0.13207763,0,0,0.19472984,0,0.14675292,0,0,0.20462732,0,0.08961019,0,0,0.10303929,0.04634303,0.12578822,0,0,0.05213591,0,0.36021172,0.42264842,0,0.09137446,0.07337646,0,0,0.02178716,0.12123068,0,0.15490586,0.1771156,0,0.03762896,0.01128869,0,0,1.037054,0,0.16381722,0.2121729,0.08061076,0,0,0.05283105,0,0,0.02589757,0,0,0,0,0,0.42364523,0.30479454
Chol-PC,none,248.8,-10.9,HP,50,500,18000,15,25,liposome,sphere,buffer,7.4,248.8,0.126944444,buffer,1,37,1,Anionic,4.9585643,0,0,0.32800515,7.25495779,0.23671906,10.7898075,0.66912374,0,0.44180385,1.04403341,0.25771833,2.34810036,0,0.50343035,0.85415318,0.21991964,0.47911066,0.56229454,1.04436139,0.59275316,0.14890393,1.58291,1.10671997,1.34013532,1.2726465,0.36080566,0.44837985,2.58655489,0.09336311,0,0.53922605,2.17225363,0,0.83554996,0,2.41003737,4.08270537,2.18174809,0.5618836,0.43568986,0.86860857,0,0.08246987,0.33477866,0,0.41234933,0.87051525,0.17672114,0.46785789,0.23306701,0,0.15744347,0,0,0.64429583,0,2.36580332,0.64495665,0.41234933,0,0.35695912,0.46732924,0,0.74062224,0,0.09292379,1.23070415,0.36894414,1.03621464,0.35049693,0.48107433,0.13744978,1.58483758,0,0,0,0,0,0.22562511,1.42031436,1.3120306,0,0.45816593,0.3665337,0.01365395,0.29989043,0.08836057,0.37506242,0.30879671,0.26704528,0,0.25375343,0,0.34891097,0.01819188,0,0.22798556,0,3.4597652,0,0,0.5237951,0.17181333,0,0,0,0.52228322,0,1.00641193,0,0,0.72767539,0,0.33871553,0,0.59978084,0.79033633,0,0.03865775,0,0,0,0.00993613,0,0,0.07497361,0.01792823,0.22335589,0,0,0.85641784,0.17181333,0.13866615,0,0,0,0,0.16199438,0,0.49915973,0,0.08964116,0,0.87227743,0,0,0,0,0,0,0.01793833,0.94441398,0.07177933,0.13744978,0,0.01330159,0,0,0,0,0,0.8333797,0.00993613,0,0,0,0,0,0.05890705,0,0,0,0.02356383,0,0.16493973,0.40441954,0
Au,PEG,81.7,12.8,HP,55,250,20000,30,20,metal,sphere,water,7,112.2,0.212,buffer,1,37,1,Neutral,1.475342756,0.167035744,4.23197378,1.729291661,9.764135435,0.191878156,10.18542744,1.58798135,0,0,0.445905177,0.724052915,2.453086703,0.870739126,0,0,0.174899042,0,0,0.135214044,0,0.911935091,1.032855526,0.567630875,1.536035417,0,0,0,0.922625741,0,0,0,0.233171761,0,0.968542635,0.408120598,0.931566936,0,0,0,0,0,0,0,0,0,0,0.329892046,3.034283794,0,0,5.08705336,0,0,0.124195601,1.959321945,0,0,1.096010285,0,0,0,0,0,0,9.487148921,0,0,0,0,0,0,0,0,0,0,0,0,0,0,0,0.315575194,0,0,0,0,0,0,0,0,0,0,0,0,0,0,0,0,0,0,0.437994318,0,0,0,0,0,0,0,0,0.040268564,0,0,0,0,0,0,0,0,0,0,0,0,2.621915234,0,0,0,0,0,0,1.038275719,0,0.604930826,0,2.711255246,0,0,0.441821328,0.281594831,5.445736501,0,0,0,0,0,0,0,0,0,0,0,0,0,0,2.317585573,2.154453722,0,1.809650361,0,0,0,0,0,0,0,0,0,0,0,2.376071487,2.878755443,0,0.619961462,0,0,0,0,0,0
Au,BPEI,39.7,63.1,HP,55,250,20000,30,20,metal,sphere,water,7,52.64,0.207,buffer,1,37,1,Cationic,1.555123925,0.347622283,5.764756557,1.799436162,13.98270027,0.435624492,16.5890731,0.901305787,0,0.084444735,1.265433363,0,3.931261891,1.812117072,0.362191175,0,0,0,0,2.686065567,0,0,1.042182587,0.153416997,6.227302402,0,0,0,4.189308242,0,0,0,0.264687061,0,2.041835794,0.463281835,11.63224414,0,0,0.391806639,0,0,0,0,0,0,0,0,9.414679777,0.984260269,0,0.52496502,0,0,0,2.74746984,0,0,0.622073057,0,0,0,0,0,0,4.817900207,0,0,0,0,0,0,0,0,0,0,0,0,0,0,0,0.268671054,0,0,0,0,0,0,0,0,0,0,0,0,0,0,0,0,0,0,0,0,0,0,0,0,0,0,0,0.045711229,0,0,0,0,0,0,0,0,0,0,0,0,0.104431266,0,0,0,0,0,0,0,0,0.686692768,0,0.417316098,0,0,0.125384382,0,0,0,0,0,0,0,0,0,0,0,0,0,0,0,0,0.504242127,0,0,0.334411355,0,0,0,0,0,0,0,0,0,0,0,0.172162935,0,0,0.201072838,0,0,0,0,0,0
Au,BPEI,82.3,69.3,HP,55,250,20000,30,20,metal,sphere,water,7,106.7,0.132,buffer,1,37,1,Cationic,1.850619246,0.244444545,4.830682638,0.949009261,12.69531152,0.105299847,14.09553682,0.980392823,0,1.224726959,1.590589364,0,3.801083567,2.070677004,0.070039543,0,0,0,0,0.890441213,0,0,0.75575411,0.237338887,9.091851727,0,0,0,5.063231336,0,0,0,0.255922313,0,1.518633241,0.298627264,14.21219197,0,0,3.472631263,0,0,0,0,0,0,0,0,10.32404979,0.158611308,0,0,0,0,0,2.150492844,0,0,0.400982643,0,0,0,0,0,0,4.247330129,0,0,0,0,0,0,0,0,0,0,0,0,0,0,0,0.519548764,0,0,0,0,0,0,0,0,0,0,0,0,0,0,0,0,0,0,0,0,0,0,0,0,0,0,0,0,0,0,0,0,0,0,0,0,0,0,0,0,0.075729877,0,0,0,0,0,0,0,0,0.663953882,0,0.252185782,0,0,0.121232451,0,0,0,0,0,0,0,0,0,0,0,0,0,0,0,0,0.466347242,0,0,0.046191112,0,0,0,0,0,0,0,0,0,0,0,0.166461996,0,0,0,0,0,0,0,0,0
Au,PEG,81.7,-1.98,HP,55,250,20000,30,20,metal,sphere,cell culture,7.4,133,0.035,buffer,1,37,1,Neutral,1.475342756,0.167035744,4.23197378,1.729291661,9.764135435,0.191878156,10.18542744,1.58798135,0,0,0.445905177,0.724052915,2.453086703,0.870739126,0,0,0.174899042,0,0,0.135214044,0,0.911935091,1.032855526,0.567630875,1.536035417,0,0,0,0.922625741,0,0,0,0.233171761,0,0.968542635,0.408120598,0.931566936,0,0,0,0,0,0,0,0,0,0,0.329892046,3.034283794,0,0,5.08705336,0,0,0.124195601,1.959321945,0,0,1.096010285,0,0,0,0,0,0,9.487148921,0,0,0,0,0,0,0,0,0,0,0,0,0,0,0,0.315575194,0,0,0,0,0,0,0,0,0,0,0,0,0,0,0,0,0,0,0.437994318,0,0,0,0,0,0,0,0,0.040268564,0,0,0,0,0,0,0,0,0,0,0,0,2.621915234,0,0,0,0,0,0,1.038275719,0,0.604930826,0,2.711255246,0,0,0.441821328,0.281594831,5.445736501,0,0,0,0,0,0,0,0,0,0,0,0,0,0,2.317585573,2.154453722,0,1.809650361,0,0,0,0,0,0,0,0,0,0,0,2.376071487,2.878755443,0,0.619961462,0,0,0,0,0,0
Au,PEG,41.5,-10.8,HP,55,250,20000,30,20,metal,sphere,water,7,68.87,0.143,buffer,1,37,1,Neutral,2.364496055,0.178469424,4.612087586,1.385746903,12.6393694,0.307518467,14.1947283,0.954382199,0,0,1.250622472,0.232084409,3.700237711,1.628097893,0.306816013,0,0.420459679,0,0,2.600451238,0,0.584614501,1.103555002,0.606485491,1.494644075,0,0,0,2.21800485,0,0,0,0.249132485,0,2.439265388,0.872113314,1.64229971,0,0,0,0,0,0,0,0,0,0,0.264354991,3.404081135,0.926419319,0,2.964689836,0,0,0.066348426,2.401297114,0,0,1.171032736,0,0,0,0,0,0,4.601459742,0,0,0,0,0,0,0,0,0,0,0,0,0,0,0,1.643735308,0,0,0,0,0,0,0,0,0,0,0,0,0,0,0,0,0,0,0,0,0,0,0,0,0,0,0,0,0,0,0,0,0,0,0,0,0,0,0,0,1.879877877,0,0,0,0,0,0,1.10934621,0,0.646338643,0,2.945941037,0,0,0.354048164,0.451305206,2.106698233,0,0,0,0,0,0,0,0,0,0,0,0,0,0.807235975,2.042886005,2.110099891,0,1.888556207,0,0,0,0,0,0,0,0,0,0,0,1.053296552,1.537903845,0,0.567769828,0,0,0,0,0,0
Au,PEG,41.5,-3.58,HP,55,250,20000,30,20,metal,sphere,cell culture,7.4,69.7,0.074,buffer,1,37,1,Neutral,2.364496055,0.178469424,4.612087586,1.385746903,12.6393694,0.307518467,14.1947283,0.954382199,0,0,1.250622472,0.232084409,3.700237711,1.628097893,0.306816013,0,0.420459679,0,0,2.600451238,0,0.584614501,1.103555002,0.606485491,1.494644075,0,0,0,2.21800485,0,0,0,0.249132485,0,2.439265388,0.872113314,1.64229971,0,0,0,0,0,0,0,0,0,0,0.264354991,3.404081135,0.926419319,0,2.964689836,0,0,0.066348426,2.401297114,0,0,1.171032736,0,0,0,0,0,0,4.601459742,0,0,0,0,0,0,0,0,0,0,0,0,0,0,0,1.643735308,0,0,0,0,0,0,0,0,0,0,0,0,0,0,0,0,0,0,0,0,0,0,0,0,0,0,0,0,0,0,0,0,0,0,0,0,0,0,0,0,1.879877877,0,0,0,0,0,0,1.10934621,0,0.646338643,0,2.945941037,0,0,0.354048164,0.451305206,2.106698233,0,0,0,0,0,0,0,0,0,0,0,0,0,0.807235975,2.042886005,2.110099891,0,1.888556207,0,0,0,0,0,0,0,0,0,0,0,1.053296552,1.537903845,0,0.567769828,0,0,0,0,0,0
Au,LA,81.8,-43.9,HP,55,250,20000,30,20,metal,sphere,water,7,92.19,0.083,buffer,1,37,1,Anionic,0.423166262,0.447161391,6.797498211,1.302014023,14.92938039,1.63730886,6.66851041,1.394888846,0,0,0.559549714,0,3.476653187,1.456877245,0.160153805,0,0.790107338,0,0,2.307580582,0,0.610321711,1.152081543,0.18994633,1.762297916,0,0,0,1.852429608,0,0,0,0.624210165,0,1.389014739,0.546277612,3.086129576,0,0,0.17324918,0,0,0,0,0,0,0,0.331175344,2.335333611,1.305661526,0,3.714067103,0,0,0.10389894,2.198348965,0,0,1.283652794,0,0,0,0,0,0,5.889875768,0,0,0,0,0,0,0,0,0,0,0,0,0,0,0,1.346411893,0,0,0,0,0,0,0,0,0,0,0,0,0,0,0,0,0,0,0.12562804,0,0,0,0,0,0,0,0,0.202126052,0,0,0,0,0,0,0,0,0,0,0,0,2.216517577,0,0,0,0,0,0,1.389752889,0,1.113354071,0,2.537273212,0,0,0.887080074,1.978831747,3.770290141,0,0,0,0,0,0,0,0,0,0,0,0,0,0.08427325,1.76433917,2.162834661,0,1.858938602,0,0,0,0,0,0,0,0,0,0,0,0.964276087,0.722488489,0,0.622373145,0,0,0,0,0,0
Au,BPEI,82.3,-5.32,HP,55,250,20000,30,20,metal,sphere,cell culture,7.4,317.82,0.181,buffer,1,37,1,Cationic,1.850619246,0.244444545,4.830682638,0.949009261,12.69531152,0.105299847,14.09553682,0.980392823,0,1.224726959,1.590589364,0,3.801083567,2.070677004,0.070039543,0,0,0,0,0.890441213,0,0,0.75575411,0.237338887,9.091851727,0,0,0,5.063231336,0,0,0,0.255922313,0,1.518633241,0.298627264,14.21219197,0,0,3.472631263,0,0,0,0,0,0,0,0,10.32404979,0.158611308,0,0,0,0,0,2.150492844,0,0,0.400982643,0,0,0,0,0,0,4.247330129,0,0,0,0,0,0,0,0,0,0,0,0,0,0,0,0.519548764,0,0,0,0,0,0,0,0,0,0,0,0,0,0,0,0,0,0,0,0,0,0,0,0,0,0,0,0,0,0,0,0,0,0,0,0,0,0,0,0,0.075729877,0,0,0,0,0,0,0,0,0.663953882,0,0.252185782,0,0,0.121232451,0,0,0,0,0,0,0,0,0,0,0,0,0,0,0,0,0.466347242,0,0,0.046191112,0,0,0,0,0,0,0,0,0,0,0,0.166461996,0,0,0,0,0,0,0,0,0
Au,BPEI,39.7,-7.43,HP,55,250,20000,30,20,metal,sphere,cell culture,7.4,331.3,0.205,buffer,1,37,1,Cationic,1.555123925,0.347622283,5.764756557,1.799436162,13.98270027,0.435624492,16.5890731,0.901305787,0,0.084444735,1.265433363,0,3.931261891,1.812117072,0.362191175,0,0,0,0,2.686065567,0,0,1.042182587,0.153416997,6.227302402,0,0,0,4.189308242,0,0,0,0.264687061,0,2.041835794,0.463281835,11.63224414,0,0,0.391806639,0,0,0,0,0,0,0,0,9.414679777,0.984260269,0,0.52496502,0,0,0,2.74746984,0,0,0.622073057,0,0,0,0,0,0,4.817900207,0,0,0,0,0,0,0,0,0,0,0,0,0,0,0,0.268671054,0,0,0,0,0,0,0,0,0,0,0,0,0,0,0,0,0,0,0,0,0,0,0,0,0,0,0,0.045711229,0,0,0,0,0,0,0,0,0,0,0,0,0.104431266,0,0,0,0,0,0,0,0,0.686692768,0,0.417316098,0,0,0.125384382,0,0,0,0,0,0,0,0,0,0,0,0,0,0,0,0,0.504242127,0,0,0.334411355,0,0,0,0,0,0,0,0,0,0,0,0.172162935,0,0,0.201072838,0,0,0,0,0,0
Au,LA,40.2,-73.3,HP,55,250,20000,30,20,metal,sphere,water,7,50.15,0.161,buffer,1,37,1,Anionic,1.774395583,0.218751228,3.800381987,1.132346487,12.98390888,2.584646046,9.942044778,1.225497404,0,0,0.375403289,0,3.239576713,1.629037587,0.071631723,0,1.079802717,0,0,1.138354064,0,0.682443912,0.772934361,0.364101323,1.108434409,0,0,0,1.553499515,0,0,0,0.348986788,0,1.553155714,1.221663343,1.673124829,0,0,0.516592462,0,0,0,0,0,0,0,0.555465896,2.951906427,0.486650862,0,5.191201705,0,0,0.139412113,1.811253396,0,0,1.640392074,0,0,0,0,0,0,7.28651335,0,0,0,0,0,0,0,0,0,0,0,0,0,0,0,3.188156729,0,0,0,0,0,0,0,0,0,0,0,0,0,0,0,0,0,0,0.070236803,0,0,0,0,0,0,0,0,0.723236634,0,0,0,0,0,0,0,0,0,0,0,0,1.910468191,0,0,0,0,0,0,0.776990546,0,1.471269098,0,3.043439698,0,0,0.743930273,0.948287943,1.475539913,0,0,0,0,0,0,0,0,0,0,0,0,0,1.225014532,2.25466575,1.880992207,0,1.795163918,0,0,0,0,0,0,0,0,0,0,0,1.191722764,1.885019564,0,0.795336541,0,0,0,0,0,0
Au,LA,40.2,-8.29,HP,55,250,20000,30,20,metal,sphere,cell culture,7.4,69.32,0.27,buffer,1,37,1,Anionic,1.774395583,0.218751228,3.800381987,1.132346487,12.98390888,2.584646046,9.942044778,1.225497404,0,0,0.375403289,0,3.239576713,1.629037587,0.071631723,0,1.079802717,0,0,1.138354064,0,0.682443912,0.772934361,0.364101323,1.108434409,0,0,0,1.553499515,0,0,0,0.348986788,0,1.553155714,1.221663343,1.673124829,0,0,0.516592462,0,0,0,0,0,0,0,0.555465896,2.951906427,0.486650862,0,5.191201705,0,0,0.139412113,1.811253396,0,0,1.640392074,0,0,0,0,0,0,7.28651335,0,0,0,0,0,0,0,0,0,0,0,0,0,0,0,3.188156729,0,0,0,0,0,0,0,0,0,0,0,0,0,0,0,0,0,0,0.070236803,0,0,0,0,0,0,0,0,0.723236634,0,0,0,0,0,0,0,0,0,0,0,0,1.910468191,0,0,0,0,0,0,0.776990546,0,1.471269098,0,3.043439698,0,0,0.743930273,0.948287943,1.475539913,0,0,0,0,0,0,0,0,0,0,0,0,0,1.225014532,2.25466575,1.880992207,0,1.795163918,0,0,0,0,0,0,0,0,0,0,0,1.191722764,1.885019564,0,0.795336541,0,0,0,0,0,0
Au,LA,81.8,-8.99,HP,55,250,20000,30,20,metal,sphere,cell culture,7.4,159.5,0.215,buffer,1,37,1,Anionic,0.423166262,0.447161391,6.797498211,1.302014023,14.92938039,1.63730886,6.66851041,1.394888846,0,0,0.559549714,0,3.476653187,1.456877245,0.160153805,0,0.790107338,0,0,2.307580582,0,0.610321711,1.152081543,0.18994633,1.762297916,0,0,0,1.852429608,0,0,0,0.624210165,0,1.389014739,0.546277612,3.086129576,0,0,0.17324918,0,0,0,0,0,0,0,0.331175344,2.335333611,1.305661526,0,3.714067103,0,0,0.10389894,2.198348965,0,0,1.283652794,0,0,0,0,0,0,5.889875768,0,0,0,0,0,0,0,0,0,0,0,0,0,0,0,1.346411893,0,0,0,0,0,0,0,0,0,0,0,0,0,0,0,0,0,0,0.12562804,0,0,0,0,0,0,0,0,0.202126052,0,0,0,0,0,0,0,0,0,0,0,0,2.216517577,0,0,0,0,0,0,1.389752889,0,1.113354071,0,2.537273212,0,0,0.887080074,1.978831747,3.770290141,0,0,0,0,0,0,0,0,0,0,0,0,0,0.08427325,1.76433917,2.162834661,0,1.858938602,0,0,0,0,0,0,0,0,0,0,0,0.964276087,0.722488489,0,0.622373145,0,0,0,0,0,0
Fe3O4,OAOA,8.95,-10.7,HP,10,1107.3,20000,30,4,metal,sphere,plasma,7.4,131,0.126944444,buffer,1,25,1,Anionic,1.48,1.37,5.35,3.54,2.64,2.36,4.72,2.44,0,0,3.13,2.16,0.51,0,0,0,1.53,0,0.32,0,0,1.71,6.85,0,5.01,0.13,0.46,4.25,0,0.7,0,0,0.82,3.22,0.49,2.86,9.81,0,0,0,0,0,1.03,0,0.36,0,0.94,0.58,4.61,0,0,0,3.31,0,0,0,0.07,0,0,0.94,0,0.23,0,0,0.95,0,1.02,1.42,0.32,2.05,0,0,0,0,0.29,0,0.78,0.26,0,0.34,0,0,0.54,0,0,0,0,0,0,0.28,0.87,1.46,0,0.35,0,0,0,0,4.3,0,0,0,0,0,0.2,0,0,0,0,0,0,0,0,0,0,0,0,0,0,0,0,0,0,0,0.55,0,0,0.39,0,0,0,0,0,0,0,0,0,0,0,0,0,0,0,0,0,0,0,0,0,0,0,0,0,0,0,0,0,0,0,0,0,0,0,0,0,0,0,0,0,0,0,0,0,0,0,0,0,0
Fe3O4,CA,9.95,-29.8,HP,10,1107.3,20000,30,4,metal,sphere,PBS,7.4,99.6,0.126944444,buffer,1,25,1,Anionic,3.13,1.37,0,1.78,2.96,3.08,4.43,0,0,0,0.27,2.5,2.85,0,0,0,6.04,0,2.52,0,0,1.35,0,0,5.14,1.48,0,0.5,1.14,0,0,0,4.41,1.87,1.36,1.68,14.24,0.93,0,0.28,0,0,2.41,0,3.42,0,0.66,0.61,8.23,0,0,0,2.56,0,0.05,0,2.69,0,0,0,0,0.64,0.85,1.12,1.17,0,0.72,1.5,0,0.96,0,0,0,0,0,0,0,0.09,0,0.24,0,0,0.95,0,0,0,0,0,0,0,0,0,0,0,0,0,0,0,0,0.49,0,0,0,0,0,0,0.18,0,0,0,0,1.15,0.25,0,0.45,0.79,0,0,0,0,0,0,0,0,0,0,0,0.55,0,0,0,0,0,0,0,0,0,0,0,0,0.03,0,0,0,0,0.48,0,0,0,0,0,0,0,0,0,0,0,0,0,0,0,0,0,0,0,0,0,0,0,0,0,0,0,0,0,0,0,0
Fe3O4,CA,9.95,-29.8,HP,10,1107.3,20000,30,4,metal,sphere,plasma,7.4,134.6,0.126944444,buffer,1,25,1,Anionic,3.13,1.37,0,1.78,2.96,3.08,4.43,0,0,0,0.27,2.5,2.85,0,0,0,6.04,0,2.52,0,0,1.35,0,0,5.14,1.48,0,0.5,1.14,0,0,0,4.41,1.87,1.36,1.68,14.24,0.93,0,0.28,0,0,2.41,0,3.42,0,0.66,0.61,8.23,0,0,0,2.56,0,0.05,0,2.69,0,0,0,0,0.64,0.85,1.12,1.17,0,0.72,1.5,0,0.96,0,0,0,0,0,0,0,0.09,0,0.24,0,0,0.95,0,0,0,0,0,0,0,0,0,0,0,0,0,0,0,0,0.49,0,0,0,0,0,0,0.18,0,0,0,0,1.15,0.25,0,0.45,0.79,0,0,0,0,0,0,0,0,0,0,0,0.55,0,0,0,0,0,0,0,0,0,0,0,0,0.03,0,0,0,0,0.48,0,0,0,0,0,0,0,0,0,0,0,0,0,0,0,0,0,0,0,0,0,0,0,0,0,0,0,0,0,0,0,0
Fe3O4,CA,9.95,-35.3,HP,55,3555.6,20000,30,4,metal,sphere,PBS,7.4,95.4,0.126944444,buffer,1,25,1,Anionic,2.23,1.86,2.97,1.52,5.02,2.02,7.89,0,0,0,0.78,3.31,1.52,0.51,0,0,4,0,0.71,0,0,0.64,0,0,1.35,1.18,0.47,1.59,1.62,0,0,0,0.55,0.85,1.95,1.43,5.89,0.89,0,0,0,0,0.17,1.34,0,0,0,0,4.27,0,0,0.14,2.66,1.38,0.65,0,0.49,0,0,0,0,0.23,0,4.01,1.19,0.44,3.08,1.42,0,2.06,0,0,0,0,0.29,0,0,0.39,0,0,0,0,2.43,0,0,0.36,0,0,0,0,0,1.95,1.37,0,0,0,0,0,0.86,0.7,0,0,0,0,0,0,1.31,0,0,0,0,1.09,1.07,1.62,0,0.28,0,0,0,0.28,0,0,0,0.35,0,0,0,0.4,0,0,0,0,0,0,0,0.26,0,0,0,0,0,0,0,0,0,2.03,0,0,0,0,0,0,0,0,0,0,0,0,0,0,0,0,0,1.33,0,0,0,0,0,0,0,0,0,0,0,0,0,0
Fe3O4,OAOA,8.95,-51.4,HP,55,3555.6,20000,30,4,metal,sphere,PBS,7.4,313,0.126944444,buffer,1,25,1,Anionic,1.22,1.07,8.14,4.71,4.48,3.32,4.31,3.24,0,0,1.71,4.73,0,0,0,0,4.54,0,1.42,0,0,1.05,6.84,0,5.06,0.43,1.02,1.45,1.77,0.76,0,0,0,0.47,0,1.31,11.46,0,0,0.33,0.76,0,0,0.37,0,0,0,0.48,8.56,0,0,0,0.91,0,0.28,0,0.46,0,0,0,0,0,0,1.32,0,0,1.54,0,0,0,0,0,0,0,0,0,0,0.28,0,1.31,0,0,1.33,0,0,0.33,0,0,0,0,0.38,0,0,0,0,0,0,0,0,0,0,0,0,0,0,0,0.43,0,0,0,0,0,0,0,0,0,0,0,0,0,0,0,0,0,0,0,0,0,0,0,0,0,0,0,0,0,0,0,0,0,0,0,0,0,0,0,0,0,0,0,0,0,0,0,0,0,0,0,0,0,0,0,0,0,0,0,0,0,0,0,0,0,0,0,0,1.78,0,0
Fe3O4,OAOA,8.95,-55.9,HP,10,1107.3,20000,30,4,metal,sphere,PBS,7.4,127,0.126944444,buffer,1,25,1,Anionic,1.48,1.37,5.35,3.54,2.64,2.36,4.72,2.44,0,0,3.13,2.16,0.51,0,0,0,1.53,0,0.32,0,0,1.71,6.85,0,5.01,0.13,0.46,4.25,0,0.7,0,0,0.82,3.22,0.49,2.86,9.81,0,0,0,0,0,1.03,0,0.36,0,0.94,0.58,4.61,0,0,0,3.31,0,0,0,0.07,0,0,0.94,0,0.23,0,0,0.95,0,1.02,1.42,0.32,2.05,0,0,0,0,0.29,0,0.78,0.26,0,0.34,0,0,0.54,0,0,0,0,0,0,0.28,0.87,1.46,0,0.35,0,0,0,0,4.3,0,0,0,0,0,0.2,0,0,0,0,0,0,0,0,0,0,0,0,0,0,0,0,0,0,0,0.55,0,0,0.39,0,0,0,0,0,0,0,0,0,0,0,0,0,0,0,0,0,0,0,0,0,0,0,0,0,0,0,0,0,0,0,0,0,0,0,0,0,0,0,0,0,0,0,0,0,0,0,0,0,0
Fe3O4,OAOA,8.95,-7.6,HP,55,3555.6,20000,30,4,metal,sphere,plasma,7.4,1303.3,0.126944444,buffer,1,25,1,Anionic,1.22,1.07,8.14,4.71,4.48,3.32,4.31,3.24,0,0,1.71,4.73,0,0,0,0,4.54,0,1.42,0,0,1.05,6.84,0,5.06,0.43,1.02,1.45,1.77,0.76,0,0,0,0.47,0,1.31,11.46,0,0,0.33,0.76,0,0,0.37,0,0,0,0.48,8.56,0,0,0,0.91,0,0.28,0,0.46,0,0,0,0,0,0,1.32,0,0,1.54,0,0,0,0,0,0,0,0,0,0,0.28,0,1.31,0,0,1.33,0,0,0.33,0,0,0,0,0.38,0,0,0,0,0,0,0,0,0,0,0,0,0,0,0,0.43,0,0,0,0,0,0,0,0,0,0,0,0,0,0,0,0,0,0,0,0,0,0,0,0,0,0,0,0,0,0,0,0,0,0,0,0,0,0,0,0,0,0,0,0,0,0,0,0,0,0,0,0,0,0,0,0,0,0,0,0,0,0,0,0,0,0,0,0,1.78,0,0
Fe3O4,CA,9.95,-8.9,HP,55,3555.6,20000,30,4,metal,sphere,plasma,7.4,169,0.126944444,buffer,1,25,1,Anionic,2.23,1.86,2.97,1.52,5.02,2.02,7.89,0,0,0,0.78,3.31,1.52,0.51,0,0,4,0,0.71,0,0,0.64,0,0,1.35,1.18,0.47,1.59,1.62,0,0,0,0.55,0.85,1.95,1.43,5.89,0.89,0,0,0,0,0.17,1.34,0,0,0,0,4.27,0,0,0.14,2.66,1.38,0.65,0,0.49,0,0,0,0,0.23,0,4.01,1.19,0.44,3.08,1.42,0,2.06,0,0,0,0,0.29,0,0,0.39,0,0,0,0,2.43,0,0,0.36,0,0,0,0,0,1.95,1.37,0,0,0,0,0,0.86,0.7,0,0,0,0,0,0,1.31,0,0,0,0,1.09,1.07,1.62,0,0.28,0,0,0,0.28,0,0,0,0.35,0,0,0,0.4,0,0,0,0,0,0,0,0.26,0,0,0,0,0,0,0,0,0,2.03,0,0,0,0,0,0,0,0,0,0,0,0,0,0,0,0,0,1.33,0,0,0,0,0,0,0,0,0,0,0,0,0,0
TiO2,none,10,-5.87,FBS,10,100,2700,5,4,metal,powder,cell culture,7.4,880.7,0.396,buffer,1,37,1,Cationic,0,1.49,5.08,0.54,4.37,0.93,0,0.19,0.52,0.81,0,0.44,0,0,0.46,0,0.05,0.02,1.48,0.35,0.04,0.34,0.02,0,0.4,1.63,3.09,0.35,0,0,10.9,0,0.1,0,0,0.67,0.05,0,0.87,0.78,0.1,1.37,0,0.08,0.18,9.79,0,0.48,0.04,0.06,0,2,0,0,0.32,0,0,0,0.13,0,0,0,0.15,0.54,0,0,0.18,0,0,0,0,0.52,0,0,0.05,0,0,0,0,0,0,0.01,0.15,0,0,0.01,0,0,0.02,1.98,0,0,0,0.02,0,0.3,0.26,0,0.05,0,0.12,0,0,0,0.08,0,0,0.13,0,0,0,0.01,0,6.62,0,0.05,0,0,0.07,0,0,0,0,0.05,0,0,0,0,0,0.08,0.05,0,0,0,0,0,0.08,0.26,0.01,0.61,0,0,0,0,0,0,0.02,0.18,0,0,0,0.02,0,0.07,0,0.3,0,0,0,0,0,0,0.15,0.03,0,0,0.04,0.07,0,0,0,0,0,0,0,0,0,0
TiO2,none,10,-5.87,FBS,10,100,2700,5,4,metal,powder,cell culture,7.4,880.7,0.396,buffer,1,37,1,Cationic,0,1.64,5.47,0.54,4.35,1,0,0.22,0.68,0.85,0,0.35,0,0,0.47,0,0.04,0.01,0.09,0.34,0.05,0.3,0.03,0,0.35,1.58,3.25,0.29,0,0,10.3,0,0.07,0,0,0.66,0.05,0,0.78,0.74,0.11,1.41,0,0.1,0.12,10.9,0,0.52,0.04,0.05,0,1.99,0,0,0.18,0,0,0,0.13,0,0,0,0.26,0.42,0,0,0.12,0,0,0,0,0.56,0,0,0.05,0,0,0,0,0,0,0.04,0.11,0,0,0.02,0,0,0.02,1.75,0,0,0,0.04,0,0.45,0.3,0,0.07,0,0.13,0,0,0,0.08,0,0,0.14,0,0,0,0.01,0,5.9,0,0.05,0,0,0.04,0,0,0,0,0.05,0,0,0,0,0,0.09,0.08,0,0,0,0,0,0.09,0.29,0.01,0.49,0,0.01,0,0,0,0,0.14,0.19,0,0,0,0.01,0.01,0.08,0,0.29,0,0,0,0,0,0,0.17,0.03,0,0,0.04,0.08,0,0,0,0,0,0,0,0,0,0
TiO2,none,10,-5.87,FBS,10,100,2700,5,4,metal,powder,cell culture,7.4,880.7,0.396,buffer,1,37,1,Cationic,0,1.6,7.29,0.51,3.72,1.64,0,0.26,0.63,0.81,0,0.39,0,0,0.43,0,0.05,0.03,0.09,0.37,0,0.36,0,0,0.33,1.88,2.29,0.24,0,0,7.72,0,0.11,0,0,0.78,0.06,0,1.08,0.9,0.17,2.12,0,0.06,0.23,6.03,0,0.57,0.04,0.03,0,2.33,0,0,0.24,0,0,0,0.12,0,0,0,0.14,0.53,0,0,0.21,0,0,0,0,0.85,0,0,0.02,0,0,0,0,0,0,0.03,0.09,0,0,0.02,0,0,0.03,2.23,0,0,0,0.02,0,0.35,0.09,0,0.06,0,0.12,0,0,0,0.1,0,0,0.16,0,0,0,0.01,0,8.73,0,0.06,0,0,0.08,0,0,0,0,0.07,0,0,0,0,0,0.11,0.09,0,0,0,0,0,0.1,0.37,0.02,0.56,0,0,0,0,0,0,0.22,0.28,0,0,0,0,0,0.1,0,0.28,0,0,0,0,0,0,0.18,0.05,0,0,0.07,0.09,0,0,0,0,0,0,0,0,0,0
TiO2,none,10,-5.87,FBS,10,100,2700,5,4,metal,powder,cell culture,7.4,880.7,0.396,buffer,1,37,1,Cationic,0,2.22,9.51,0.26,2.64,0.45,0,0.11,0.21,0.07,0,0.03,0,0,0.35,0,0,0,0,0.01,0,0.16,0,0,0.23,0.31,0.38,0.13,0,0,14.6,0,0,0,0,0,0,0,0.13,0.09,0.01,1.93,0,0,0.04,8.03,0,0.48,0,0,0,3.15,0,0,0.07,0,0,0,0,0,0,0,0,0.07,0,0,0,0,0,0,0,0.58,0,0,0,0,0,0,0,0,0,0.04,0.04,0,0,0,0,0,0,0.38,0,0,0,0,0,0,0,0,0,0,0,0,0,0,0.01,0,0,0.02,0,0,0,0,0,1.95,0,0,0,0,0,0,0,0,0,0,0,0,0,0,0,0,0,0.03,0,0,0,0,0.01,0.22,0,0.02,0,0,0,0,0,0,0,0.13,0,0,0,0,0.01,0.02,0,0.02,0,0,0,0,0,0,0,0,0,0,0,0.01,0,0,0,0,0,0,0,0,0,0
TiO2,none,10,-5.87,FBS,10,100,2700,5,4,metal,powder,cell culture,7.4,880.7,0.396,buffer,1,37,1,Cationic,0,3.61,3.77,0,3.16,0.79,0,0,0.4,0.22,0,0.03,0,0,0.91,0,0,0,0,0,0.06,0.08,0,0,0,0.25,0.45,0.11,0,0,2.15,0,0,0,0,0,0,0,0.15,0.02,0,3.81,0,0,0.01,28,0,0.15,0,0,0,1.17,0,0,0,0,0,0,0.01,0,0,0,0,0,0,0,0,0,0,0,0,2.09,0,0,0,0,0,0,0,0,0,0.69,0.03,0,0,0.05,0,0,0,0.86,0,0,0,0,0,0,0,0,0,0,0,0,0,0,0,0,0,0.08,0,0,0,0,0,1.97,0,0,0,0,0,0,0,0,0,0,0,0,0,0,0,0.06,0,0.03,0,0,0,0,0,0.35,0,0.05,0,0,0,0,0,0,0,0.08,0,0,0,0,0.3,0.02,0,0,0,0,0,0,0,0,0,0,0,0,0,0.01,0,0,0,0,0,0,0,0,0,0
TiO2,none,10,-5.87,FBS,10,100,2700,5,4,metal,powder,cell culture,7.4,880.7,0.396,buffer,1,37,1,Cationic,0,2.8,3.72,0,2.82,0.74,0,0,0.58,0.17,0,0.03,0,0,1.04,0,0,0,0.06,0,0.16,0.16,0,0,0,0.25,0.41,0.07,0,0,10.3,0,0,0,0,0,0,0,0.16,0.01,0,4.67,0,0,0.01,8.19,0,0.27,0.02,0,0,1.92,0,0,0,0,0,0,0,0,0,0,0,0.01,0,0,0,0,0,0,0,2.25,0,0,0,0,0,0,0,0,0,0.27,0.02,0,0,0.04,0,0,0.01,1.1,0,0,0,0,0,0,0,0,0,0,0,0,0,0,0,0,0,0.07,0,0,0,0,0,1.76,0,0,0,0,0,0,0,0,0,0,0,0,0,0,0,0.08,0,0,0,0,0,0,0,0.37,0,0.05,0,0,0,0,0,0,0,0.07,0,0,0,0.01,0.08,0.03,0,0,0,0,0,0,0,0,0,0,0,0,0,0.02,0,0,0,0,0,0,0,0,0,0
TiO2,none,10,-9.62,FBS,10,100,2700,5,4,metal,powder,water,7,858.5,0.241,buffer,1,37,1,Cationic,0,1.49,5.08,0.54,4.37,0.93,0,0.19,0.52,0.81,0,0.44,0,0,0.46,0,0.05,0.02,1.48,0.35,0.04,0.34,0.02,0,0.4,1.63,3.09,0.35,0,0,10.9,0,0.1,0,0,0.67,0.05,0,0.87,0.78,0.1,1.37,0,0.08,0.18,9.79,0,0.48,0.04,0.06,0,2,0,0,0.32,0,0,0,0.13,0,0,0,0.15,0.54,0,0,0.18,0,0,0,0,0.52,0,0,0.05,0,0,0,0,0,0,0.01,0.15,0,0,0.01,0,0,0.02,1.98,0,0,0,0.02,0,0.3,0.26,0,0.05,0,0.12,0,0,0,0.08,0,0,0.13,0,0,0,0.01,0,6.62,0,0.05,0,0,0.07,0,0,0,0,0.05,0,0,0,0,0,0.08,0.05,0,0,0,0,0,0.08,0.26,0.01,0.61,0,0,0,0,0,0,0.02,0.18,0,0,0,0.02,0,0.07,0,0.3,0,0,0,0,0,0,0.15,0.03,0,0,0.04,0.07,0,0,0,0,0,0,0,0,0,0
TiO2,none,10,-9.62,FBS,10,100,2700,5,4,metal,powder,water,7,858.5,0.241,buffer,1,37,1,Cationic,0,1.64,5.47,0.54,4.35,1,0,0.22,0.68,0.85,0,0.35,0,0,0.47,0,0.04,0.01,0.09,0.34,0.05,0.3,0.03,0,0.35,1.58,3.25,0.29,0,0,10.3,0,0.07,0,0,0.66,0.05,0,0.78,0.74,0.11,1.41,0,0.1,0.12,10.9,0,0.52,0.04,0.05,0,1.99,0,0,0.18,0,0,0,0.13,0,0,0,0.26,0.42,0,0,0.12,0,0,0,0,0.56,0,0,0.05,0,0,0,0,0,0,0.04,0.11,0,0,0.02,0,0,0.02,1.75,0,0,0,0.04,0,0.45,0.3,0,0.07,0,0.13,0,0,0,0.08,0,0,0.14,0,0,0,0.01,0,5.9,0,0.05,0,0,0.04,0,0,0,0,0.05,0,0,0,0,0,0.09,0.08,0,0,0,0,0,0.09,0.29,0.01,0.49,0,0.01,0,0,0,0,0.14,0.19,0,0,0,0.01,0.01,0.08,0,0.29,0,0,0,0,0,0,0.17,0.03,0,0,0.04,0.08,0,0,0,0,0,0,0,0,0,0
TiO2,none,10,-9.62,FBS,10,100,2700,5,4,metal,powder,water,7,858.5,0.241,buffer,1,37,1,Cationic,0,1.6,7.29,0.51,3.72,1.64,0,0.26,0.63,0.81,0,0.39,0,0,0.43,0,0.05,0.03,0.09,0.37,0,0.36,0,0,0.33,1.88,2.29,0.24,0,0,7.72,0,0.11,0,0,0.78,0.06,0,1.08,0.9,0.17,2.12,0,0.06,0.23,6.03,0,0.57,0.04,0.03,0,2.33,0,0,0.24,0,0,0,0.12,0,0,0,0.14,0.53,0,0,0.21,0,0,0,0,0.85,0,0,0.02,0,0,0,0,0,0,0.03,0.09,0,0,0.02,0,0,0.03,2.23,0,0,0,0.02,0,0.35,0.09,0,0.06,0,0.12,0,0,0,0.1,0,0,0.16,0,0,0,0.01,0,8.73,0,0.06,0,0,0.08,0,0,0,0,0.07,0,0,0,0,0,0.11,0.09,0,0,0,0,0,0.1,0.37,0.02,0.56,0,0,0,0,0,0,0.22,0.28,0,0,0,0,0,0.1,0,0.28,0,0,0,0,0,0,0.18,0.05,0,0,0.07,0.09,0,0,0,0,0,0,0,0,0,0
TiO2,none,10,-9.62,FBS,10,100,2700,5,4,metal,powder,water,7,858.5,0.241,buffer,1,37,1,Cationic,0,2.22,9.51,0.26,2.64,0.45,0,0.11,0.21,0.07,0,0.03,0,0,0.35,0,0,0,0,0.01,0,0.16,0,0,0.23,0.31,0.38,0.13,0,0,14.6,0,0,0,0,0,0,0,0.13,0.09,0.01,1.93,0,0,0.04,8.03,0,0.48,0,0,0,3.15,0,0,0.07,0,0,0,0,0,0,0,0,0.07,0,0,0,0,0,0,0,0.58,0,0,0,0,0,0,0,0,0,0.04,0.04,0,0,0,0,0,0,0.38,0,0,0,0,0,0,0,0,0,0,0,0,0,0,0.01,0,0,0.02,0,0,0,0,0,1.95,0,0,0,0,0,0,0,0,0,0,0,0,0,0,0,0,0,0.03,0,0,0,0,0.01,0.22,0,0.02,0,0,0,0,0,0,0,0.13,0,0,0,0,0.01,0.02,0,0.02,0,0,0,0,0,0,0,0,0,0,0,0.01,0,0,0,0,0,0,0,0,0,0
TiO2,none,10,-9.62,FBS,10,100,2700,5,4,metal,powder,water,7,858.5,0.241,buffer,1,37,1,Cationic,0,3.61,3.77,0,3.16,0.79,0,0,0.4,0.22,0,0.03,0,0,0.91,0,0,0,0,0,0.06,0.08,0,0,0,0.25,0.45,0.11,0,0,2.15,0,0,0,0,0,0,0,0.15,0.02,0,3.81,0,0,0.01,28,0,0.15,0,0,0,1.17,0,0,0,0,0,0,0.01,0,0,0,0,0,0,0,0,0,0,0,0,2.09,0,0,0,0,0,0,0,0,0,0.69,0.03,0,0,0.05,0,0,0,0.86,0,0,0,0,0,0,0,0,0,0,0,0,0,0,0,0,0,0.08,0,0,0,0,0,1.97,0,0,0,0,0,0,0,0,0,0,0,0,0,0,0,0.06,0,0.03,0,0,0,0,0,0.35,0,0.05,0,0,0,0,0,0,0,0.08,0,0,0,0,0.3,0.02,0,0,0,0,0,0,0,0,0,0,0,0,0,0.01,0,0,0,0,0,0,0,0,0,0
TiO2,none,10,-9.62,FBS,10,100,2700,5,4,metal,powder,water,7,858.5,0.241,buffer,1,37,1,Cationic,0,2.8,3.72,0,2.82,0.74,0,0,0.58,0.17,0,0.03,0,0,1.04,0,0,0,0.06,0,0.16,0.16,0,0,0,0.25,0.41,0.07,0,0,10.3,0,0,0,0,0,0,0,0.16,0.01,0,4.67,0,0,0.01,8.19,0,0.27,0.02,0,0,1.92,0,0,0,0,0,0,0,0,0,0,0,0.01,0,0,0,0,0,0,0,2.25,0,0,0,0,0,0,0,0,0,0.27,0.02,0,0,0.04,0,0,0.01,1.1,0,0,0,0,0,0,0,0,0,0,0,0,0,0,0,0,0,0.07,0,0,0,0,0,1.76,0,0,0,0,0,0,0,0,0,0,0,0,0,0,0,0.08,0,0,0,0,0,0,0,0.37,0,0.05,0,0,0,0,0,0,0,0.07,0,0,0,0.01,0.08,0.03,0,0,0,0,0,0,0,0,0,0,0,0,0,0.02,0,0,0,0,0,0,0,0,0,0
Si,PEG,184,0,RP,50,166.7,15000,20,25,other,sphere,water,7,184,0.126944444,buffer,0.25,37,1,Neutral,0,0.59,3.7,2.88,2.58,0,2.89,0.48,6.56,0.99,0.36,1.87,0.14,1.46,0,0,1.98,0,0.01,0.74,0.37,0.9,1.14,0.19,0.19,0,1.82,0,0.77,0,5.21,0,1.1,0,0,1.26,0.14,0,0,1.05,0.19,0,0,0,0,7.12,0.47,0.86,0.44,1.66,0,0,0.21,0,0,0.37,0.24,2.19,0.28,0,0,0,0.15,0,0.03,0,0.66,0.27,0.13,0.15,1.26,0,0,0.62,0.11,0.06,0,0.82,0,0,1.86,0.71,0.84,0,0,0,9.66,0,0,0.52,0.06,0,0,0.1,0,0.27,0.03,0,0,0.24,0.2,0,0,0,0,0.04,0,0.08,0.08,0.17,0,0.3,0,0,0.28,0,0,0,1.01,0,0,1.1,0.01,0.19,0,0.19,0,0,0,0.56,0,0.02,0,0,0,0,0.05,0.56,0.24,0,0,0,0.45,0,0.33,0.34,0,0.28,0,0,0.38,0.04,0,0,0,0,0.04,0,0,0,0.15,0,1.19,0,0.03,0,0,0.13,0.02,0.27,0,0,0,0,0.13,0,0.45,0
Si,PEG,184,0,RP,50,166.7,15000,20,25,other,sphere,water,7,184,0.126944444,buffer,1.5,37,1,Neutral,0,1.17,2.15,4.02,2.86,0,2.1,0.42,3.03,0.12,0.26,0.12,0.07,0.38,0.01,0,0.26,0,0.09,0.63,0,0.13,0.2,0.23,0.02,0,0.88,0,0.32,0,12.61,0,2.27,0,0,0.17,0.04,0,0,0.08,0.21,0,0,0,0,8.83,0.12,0.53,0.04,0.39,0,0,0.04,0,0,0.36,0.02,3.76,0.3,0,0,0,0.58,0,0,1.54,0.02,0,0.03,0,0.13,0,0,0.47,0,0,0,0,0,0,5.63,0.47,0,0,0,0,4.33,0,0,0.03,0.13,0,0,0,0,0.18,0,0,0,0.12,0.07,0.04,0,0,0,0.05,0,0.04,0,0.17,0,0.21,0,0,1.23,0,0,0,1.43,0,0,2.35,0.13,0,0,0.03,0,0,0,1.97,0,0.02,0,0,0,0,0.12,1.03,0.98,0,0,0,0,0,0.13,0.04,0,0.78,0,0,0,0.04,0,0,0,0,0.25,0,0,0,0.03,0,0.17,0,0.1,0.03,0,0.61,0.08,0.65,0,0.05,0,0,0,0,0.35,0
Si,none,82,-37,RP,50,166.7,15000,20,25,other,sphere,water,7,165,0.126944444,buffer,0.25,37,1,Neutral,0,0.55,2.95,3.42,3.51,0,4.14,0.61,6.12,0.79,1.25,2.1,0.35,2.13,0.01,0,2.36,0,0.01,1.98,0.74,0.8,1.21,0.2,0.37,0,2.32,0,1.61,0,4.52,0,0.68,0,0,1.02,0.23,0,0,0.77,0.51,0,0,0,0,7.9,0.46,0.52,0.62,1.86,0,0,0.09,0,0,0.51,0.37,1.84,0.1,0,0,0,0.08,0,0,0.4,0.51,0.2,0.14,0.08,1.08,0.05,0,1.62,0.06,0,0.15,0.99,0,0,2.72,0.05,0.81,0,0,0,6.75,0,0,0.42,0.04,0,0,0.04,0,0.14,0,0,0,0.18,0.01,0,0,0,0,0.07,0,0.28,0,0.02,0,0.02,0,0,0.12,0,0,0,0.8,0,0,1.53,0,0.12,0,0.16,0,0,0,0.46,0,0.07,0,0,0,0,0.03,0.35,0.18,0,0,0,0.28,0,0.54,0.14,0,0.17,0,0,0.2,0.22,0,0,0,0,0.01,0,0,0,0.09,0,1.21,0,0.01,0,0,0.21,0.01,0.04,0,0,0,0,0.1,0,0.02,0
Si,none,82,-37,RP,50,166.7,15000,20,25,other,sphere,water,7,165,0.126944444,buffer,1.5,37,1,Neutral,0,1.24,2.15,3.49,2.49,0,1.96,0.29,3.56,0.1,0.29,0.24,0.06,0.35,0,0,0.32,0,0.06,0.49,0,0.15,0.29,0.23,0.06,0,0.99,0,0.34,0,13.62,0,2.08,0,0,0.25,0.14,0,0,0.08,0.18,0,0,0,0,12.13,0.12,0.25,0.34,0.32,0,0,0.03,0,0,0.48,0.06,3.53,0.32,0,0,0,0.4,0,0,1.61,0.03,0,0.03,0,0.15,0,0,0.42,0,0,0,0,0,0,6,0.13,0,0,0,0,3.51,0,0,0.05,0.07,0,0,0,0,0.16,0,0,0,0.18,0.38,0,0,0,0,0.05,0,0.04,0,0.12,0,0.08,0,0,0.9,0,0,0,1.3,0,0,1.69,0.1,0.08,0,0,0,0,0,2.17,0,0.02,0,0,0,0,0.13,1.06,0.88,0,0,0,0,0,0.09,0,0,0.84,0,0,0,0.03,0,0,0,0,0.1,0,0,0,0.05,0,0.13,0,0.11,0.03,0,0.55,0.08,0.59,0,0.11,0,0,0,0,0,0
DC-Chol-DOPE,none,130,55,HP,50,500,14000,15,25,liposome,sphere,water,7,130,0.2,buffer,0.016666667,37,1,Neutral,0,0.12,0.06,0.23,0.15,0.03,0.73,0,0.16,0.04,0.13,0,1.13,0,0.03,0.13,0.01,0.6,0.05,0.04,4.66,0,0,0.06,0.06,0.05,0.13,0.03,0.44,0,0.08,3,0.04,0,0,0,0.09,0,0.16,0.02,0.08,0.16,0.07,0.07,0.09,0.35,0.1,0.06,0.25,0.12,0,0.06,0.1,0,0.02,0.05,0.16,31.23,0.05,0.2,0.52,0.42,0.11,0,0.09,0.06,0,0,1.1,0.93,0.02,0.16,0.35,0.02,0,0,0.04,0.86,0,0.1,0,0,0.32,0,0,0,0,3.1,0.01,0.18,0,0,0.18,0.35,0.24,0,0.04,0.07,0.23,0,0.05,0,0,0.07,0,1.43,0,0.06,0,0.07,0,0,0,0,0.23,0.01,0.16,0,1.4,0,9.93,0,0.06,0,0,0,0.05,0,0,3.22,0,0.04,1.68,0.18,2.34,0,0,0,0.41,0,0,0,0.1,0.04,0.07,0,0.19,0.19,0.44,0,0,0.11,1.24,0.05,0.02,0,0,0,0.2,0,0,0,0,0,0.3,0.16,0,0.14,0.25,0,0,0.15,0,0,0,3.67,0.19,0
DC-Chol-DOPE,none,130,55,HP,50,500,14000,15,25,liposome,sphere,water,7,130,0.2,buffer,0.5,37,1,Neutral,0.05,0.14,0,0.17,0.28,0.04,0.22,0.06,0.24,0.04,0.15,0.01,1.49,0.25,0.01,0.33,0.02,0.37,0.04,0.05,4.71,0.01,0.04,0.05,0.03,0.1,0.09,0.03,0.79,0.04,0.4,3.63,0,0,0.04,0,0.16,0,0.11,0.03,0.04,0.21,0.05,0.13,0.06,0.47,0.21,0.11,0.24,0.09,0.12,0.05,0,0,0,0.22,0.17,30.14,0.04,0.15,0.37,0.46,0.06,0,0.07,0.06,0,0.03,1.04,1.18,0.13,0.16,0.47,0,0.01,0,0.04,1.07,0,0.07,0.29,0.03,0.26,0,0,0,0,3.21,0.01,0.08,0.01,0,0.2,0.26,0.41,0,0.09,0.08,0.06,0.09,0.03,0,0,0.39,0.01,0.52,0,0.06,0,0.09,0,0.01,0,0,0.18,0.07,0.26,0,1.66,0,13.3,0.03,0.06,0,0.02,0,0.05,0,0.13,1.21,0.01,0.05,1.31,0.26,2.34,0,0.01,0.04,0.42,0,0,0.01,0.03,0.02,0,0,0.23,0,0.59,0,0.04,0.1,0.97,0.05,0.01,0,0.08,0,0.31,0,0,0.03,0,0,0.28,0.27,0,0.07,0.44,0.13,0.02,0.17,0,0,0,3.53,0.15,0
DC-Chol-DOPE,none,130,55,HP,50,500,14000,15,25,liposome,sphere,water,7,130,0.2,buffer,1,37,1,Neutral,0,0.14,0,0.16,0.16,0.04,0.09,0.04,0.1,0.04,0.07,0,1.85,0,0.01,0.27,0,0.54,0.03,0.03,5.79,0,0,0.04,0.04,0.04,0.12,0.02,0.58,0,0.6,3.55,0,0,0.06,0,0.05,0,0.27,0,0,0.12,0.02,0.11,0.05,0.14,0.07,0.02,0.2,0.11,0,0.05,0,0,0,0.27,0.19,36.32,0,0.18,0.34,0.5,0.07,0,0.06,0,0,0,1.16,0.91,0,0.15,0.36,0,0,0,0,0.97,0,0.06,0,0,0.28,0,0,0,0,2.72,0.01,0.13,0,0,0.07,0.29,0.21,0,0,0,0.23,0,0,0,0,0.4,0,0.59,0,0.08,0,0.04,0,0,0,0,0.23,0.04,0.1,0,1.45,0,10.76,0,0.05,0,0.03,0,0.06,0,0.04,1.82,0,0.02,2.01,0.36,1.43,0,0,0,0.29,0,0,0,0,0.02,0,0,0.45,0,0.36,0,0,0.09,0.69,0.04,0,0,0,0,0.41,0,0,0,0,0,0.34,0.1,0,0.05,0.29,0,0,0.07,0,0,0,3.75,0.21,0
HSPC-Chol-DSPE,PEG,87,-36.2,RP,100,500,1300,12,4,liposome,sphere,plasma,7.4,114,0.056,water,0.166666667,37,1,Neutral,2.62,0.95,3.31,5.57,2.35,0,0,0,1.89,0,0,0,0,0,8.02,0,0,6.37,0.91,0.93,0,0,0,0,0,0,0,0,0,0,8.72,0,0,0,0,0,0,0,0,0,0,0,0,0,0,0,0,0,0,0,0,0,0,0,0,0,0,0,0,0,0,0,0,0,0,0,0,0,0,0,0,0,0,0,0,0,0,0,0,0,0,0,0,0,0,0,0,0,0,0,0,0,0,0,0,0,0,0,0,0,0,0,0,0,0,0,0,0,0,0,0,0,0,0,0,0,0,0,0,0,0,0,0,0,0,0,0,0,0,0,0,0,0,0,0,0,0,0,0,0,0,0,0,0,0,0,0,0,0,0,0,0,0,0,0,0,0,0,0,0,0,0,0,0,0,0,0,0,0,0,0,0,0,0,0,0,0,0.91
HSPC-Chol-DSPE,PEG,115.46,-36.2,RP,100,500,1300,12,4,liposome,sphere,plasma,7.4,114,0.056,water,1,37,1,Neutral,2.23,1.24,3.25,12.06,4.41,0,0,0,1.04,0,0.94,0,0,0,7.66,0,0,4.86,0.97,1.73,0,0,0,0,0,0,0,0,0,0,6.02,0,0,0,0,0,0,0,0,0,0,0,0,0,0,0,0,0,0,0,0,0,0,0,0,0,0,0,0,0,0,0,0,0,0,0,0,0,0,0,0,0,0,1.09,0,0,0,0,0,0,0,0,0,0,0,0,0,0,0,0,0,0,0,0,0,0,0,0,0,0,0,0,0,0,0,0,0,0,0,0,0,0,0,0,0,0,0,0,0,0,0,0,0,0,0,0,0,0,0,0,0,0,0,0,0,0,0,0,0,0,0,0,0,0,0,0,0,0,0,0,0,0,0,0,0,0,0,0,0,0,0,0,0,0,0,0,0,0,0,0,0,0,0,0,0,0,0,0
HSPC-Chol-DSPE,PEG,80.33,-36.2,RP,100,500,1300,12,4,liposome,sphere,plasma,7.4,114,0.056,water,3,37,1,Neutral,1.56,0,2.14,7.3,1.5,0,0,0,1.01,0,0,0,0,0,6.42,0,0,6.65,0.92,0,0,0,0,0,1.4,0,0,0,0,0,13.12,0,0,0,0,0,1.98,0,0,0,0,0,0,0,0,0,0,0,1.92,0,0,0,0,0,0,0,0,0,0,0,0,0,0,0,0,0,0,0,0,0,0,0,0,0,0,0,0,0,0,0,0,0,0,0,0,0,0,0,0,0,0,0,0,0,0,0,0,0,0,0,0,0,0,0,0,0,0,0,0,0,0,0,0,0,0,0,0,0,0,0,0,0,0,0,0,0,0,0,0,0,0,0,0,0,0,0,0,0,0,0,0,0,0,0,0,0,0,0,0,0,0,0,0,0,0,0,0,0,0,0,0,0,0,0,0,0,0,0,0,0,0,0,0,0,0,0,0,0
SiO2,none,103,-11.6,FBS,50,500,15000,20,25,other,sphere,plasma,7.4,235,0.126944444,buffer,0.008333333,37,1,Neutral,0,0.94,2.88,0.68,26.63,0,0,0.03,0.55,0.38,0,0.99,0,0,0.56,0,0.1,0,0,4.22,0.54,1.05,0.07,0,0.25,0.48,19.06,1.28,0,1.15,0.1,0,0,0.41,0,1.36,0.29,0,5.31,0.75,2.6,0.72,0,0.53,0.04,1.16,0.33,0.23,0.38,0.94,0,0.2,0,0,0.03,0,0.04,0,0,0,0,0,0.06,1.13,0,0.53,0.1,0,0,0,0,0,0,0.7,0.02,0,1.22,0,0,0,0,0,0.15,0,0,0,0,0,0,0,0,0,0,0,0,0,0.06,0,0,0,0,0,0,0,0.17,0,0,0.22,0.06,0.57,0,0,0,0.97,0,0,0,0,0,0,0,0,0,0,0,0,0.07,0,0,0.2,0,0,0,0,0,0.09,0.06,0,0,0.43,0,0,0.8,0,0,0.22,0.09,0.09,0,0,0,0,0,0,0,0,0,0,0,0,0,0,2.3,0,0,0,0,0,0,0,0,0,0,0,0.85,0,0,0
SiO2,none,103,-11.6,FBS,50,500,15000,20,25,other,sphere,plasma,7.4,235,0.126944444,buffer,0.083333333,37,1,Neutral,0,1.11,3.04,0.7,26.33,0,0,0.03,0.72,0.38,0,0.92,0,0,0.5,0,0.13,0,0,4.01,0.57,1.15,0.04,0,0.25,0.52,19.1,1.3,0,1.3,0.05,0,0,0.44,0,1.35,0.27,0,4.72,0.78,2.65,0.79,0,0.46,0.11,1.28,0.37,0.27,0.32,0.99,0,0.2,0,0,0.03,0,0.04,0,0.05,0,0,0,0.11,1.28,0,0.45,0.08,0,0,0,0,0,0,0.63,0.03,0,1.08,0,0,0,0,0,0.24,0,0,0,0,0,0,0,0,0,0,0.03,0,0,0.03,0,0,0,0,0,0,0,0.19,0,0,0.24,0.07,0.5,0,0,0,0.84,0,0,0,0,0,0,0,0,0,0,0,0,0.07,0,0,0.16,0,0,0,0,0,0.05,0.05,0,0,0.4,0,0,0.61,0,0,0.17,0.01,0.14,0,0,0,0,0,0,0,0.05,0,0,0,0,0,0,2.67,0,0,0,0,0,0,0,0,0,0,0,0.6,0,0,0
SiO2,none,103,-11.6,FBS,50,500,15000,20,25,other,sphere,plasma,7.4,235,0.126944444,buffer,0.25,37,1,Neutral,0,1.09,2.35,0.65,24.67,0,0,0.05,1.17,0.54,0,0.83,0,0,0.52,0,0.09,0,0,3.91,0.75,1.2,0.03,0,0.29,0.73,19.19,1.55,0,1.13,0.09,0,0,0.38,0,1.37,0.25,0,4.53,0.97,2.81,0.76,0,0.54,0.1,1.23,0.49,0.24,0.37,0.81,0,0.25,0,0,0.05,0,0.05,0,0,0,0,0,0.07,1.29,0,0.45,0.12,0,0,0,0,0,0,0.68,0.03,0,0.77,0,0,0,0,0,0.18,0,0,0,0,0,0,0,0,0,0,0,0,0,0.04,0,0,0,0,0,0,0,0.19,0,0,0.28,0.14,0.25,0,0,0,0.65,0,0,0,0,0,0,0,0,0,0,0,0,0.09,0,0,0.23,0,0,0,0,0,0.12,0.09,0,0,0.47,0,0,0.88,0,0,0.22,0.1,0.23,0,0,0,0,0,0,0,0.09,0,0,0,0,0,0,2.72,0,0,0,0,0,0,0,0,0,0,0,0.76,0,0,0
SiO2,none,103,-11.6,FBS,50,500,15000,20,25,other,sphere,plasma,7.4,235,0.126944444,buffer,0.5,37,1,Neutral,0,1.09,2.61,0.82,22.54,0,0,0.06,1.41,0.5,0,0.76,0,0,0.52,0,0.13,0,0,3.88,0.63,1.33,0.14,0,0.4,0.86,18.3,1.62,0,1.21,0.04,0,0,0.39,0,1.52,0.41,0,4.86,0.88,2.65,0.87,0,0.48,0.08,1.26,0.49,0.27,0.45,0.86,0,0.33,0,0,0.05,0,0.08,0,0,0,0,0,0.08,1.31,0,0.52,0.19,0,0,0,0,0,0,0.54,0.04,0,0.77,0,0,0,0,0,0.21,0,0,0,0,0,0,0,0,0,0,0.03,0,0,0.05,0,0.09,0,0,0,0,0,0.24,0,0,0.25,0.12,0.22,0,0,0,0.83,0,0,0,0,0,0,0,0,0,0,0,0,0.12,0,0,0.26,0,0,0,0,0,0.11,0.1,0,0,0.39,0,0,0.75,0,0.08,0.33,0.09,0.22,0,0,0,0,0,0,0,0.08,0,0,0,0,0,0,2.69,0,0.01,0,0,0,0,0,0,0,0,0,1.05,0,0,0
SiO2,none,103,-11.6,FBS,50,500,15000,20,25,other,sphere,plasma,7.4,235,0.126944444,buffer,1,37,1,Neutral,0,1.11,3.73,0.85,20.74,0,0,0.12,1.75,0.54,0,0.68,0,0,0.55,0,0.12,0,0,3.12,0.78,1.23,0.21,0,0.44,0.89,17,1.62,0,1.17,0.38,0,0,0.38,0,1.58,0.36,0,3.67,0.92,2.35,0.69,0,0.45,0.11,1.33,0.47,0.31,0.43,0.73,0,0.32,0,0,0.06,0,0.09,0,0.07,0,0,0,0.07,1.47,0,0.6,0.22,0,0,0,0,0,0,0.44,0.09,0,0.76,0,0,0,0,0,0.25,0,0,0,0,0,0,0,0,0,0,0.05,0,0,0.05,0,0.14,0,0,0,0,0,0.26,0,0,0.26,0.11,0.27,0,0,0,1.05,0,0,0,0,0,0,0,0,0,0,0,0,0.16,0,0,0.45,0,0,0,0,0,0.2,0.08,0.07,0,0.5,0,0,0.72,0,0.14,0.48,0.09,0.27,0,0,0,0,0,0,0,0.12,0,0,0,0,0,0,2.39,0,0.03,0,0,0,0,0,0,0,0,0,1.13,0,0,0
SiO2,none,103,-11.6,FBS,50,500,15000,20,25,other,sphere,plasma,7.4,235,0.126944444,buffer,2,37,1,Neutral,0,1.19,3.56,0.93,19.05,0,0,0.14,1.75,0.47,0,0.66,0,0,0.58,0,0.11,0,0,3.11,0.58,1.33,0.2,0,0.47,0.96,17.78,1.74,0,1.11,0.31,0,0,0.44,0,1.66,0.45,0,3.22,0.89,2.37,0.73,0,0.36,0.16,1.53,0.37,0.29,0.45,0.62,0,0.34,0,0,0.06,0,0.11,0,0.1,0,0,0,0.04,1.57,0,0.67,0.23,0,0,0,0,0,0,0.49,0.06,0,0.71,0,0,0,0,0,0.26,0,0,0,0,0,0,0,0,0,0,0.05,0,0,0.02,0,0.14,0,0.05,0,0,0,0.28,0,0,0.26,0.08,0.55,0,0,0,1.13,0,0,0,0,0,0,0,0,0,0,0,0,0.14,0,0,0.45,0,0,0,0,0,0.18,0.12,0.13,0,0.43,0,0,0.9,0,0.17,0.5,0.08,0.31,0,0,0,0,0,0,0,0.19,0,0,0,0,0,0,2.28,0,0.03,0,0,0,0,0,0,0,0,0,1.32,0,0,0
SiO2,none,103,-11.6,FBS,50,500,15000,20,25,other,sphere,plasma,7.4,235,0.126944444,buffer,8,37,1,Neutral,0,1.32,3.96,0.89,19.31,0,0,0.16,1.85,0.54,0,0.55,0,0,0.66,0,0.08,0,0,2.9,0.49,1.29,0.26,0,0.46,1.02,16.86,2,0,1.17,0.37,0,0,0.47,0,1.58,0.47,0,3.1,0.9,2.4,0.67,0,0.38,0.18,1.33,0.41,0.38,0.52,0.67,0,0.38,0,0,0.08,0,0.13,0,0.07,0,0,0,0.05,1.61,0,0.77,0.18,0,0,0,0,0,0,0.51,0.1,0,0.56,0,0,0,0,0,0.3,0,0,0,0,0,0,0,0,0,0,0.03,0,0,0.06,0,0.19,0,0.1,0,0,0,0.34,0,0,0.28,0.1,0.23,0,0,0,1.1,0,0,0,0,0,0,0,0,0,0,0,0,0.18,0,0,0.35,0,0,0,0,0,0.2,0.1,0.13,0,0.4,0,0,0.76,0,0.21,0.49,0.09,0.4,0,0,0,0,0,0,0,0.13,0,0,0,0,0,0,2.18,0,0.02,0,0,0,0,0,0,0,0,0,1.28,0,0,0
SiO2,none,103,-11.6,FBS,50,500,15000,20,25,other,sphere,plasma,7.4,235,0.126944444,buffer,24,37,1,Neutral,0,1.32,4.32,0.73,18.85,0,0,0.17,1.68,0.58,0,0.58,0,0,0.59,0,0.09,0,0,2.73,0.65,1.42,0.28,0,0.44,1.05,16.02,2.03,0,1.1,0.5,0,0,0.54,0,1.58,0.45,0,3.48,0.87,2.09,0.68,0,0.35,0.23,1.42,0.38,0.28,0.44,0.7,0,0.39,0,0,0.08,0,0.13,0,0.08,0,0,0,0.05,1.85,0,0.72,0.18,0,0,0,0,0,0,0.55,0.08,0,0.49,0,0,0,0,0,0.29,0,0,0,0,0,0,0,0.01,0,0,0.03,0,0,0.04,0,0.13,0,0.15,0,0,0,0.33,0,0,0.28,0.03,0.16,0,0,0,1.21,0,0,0,0,0,0,0,0,0,0,0,0,0.15,0,0,0.34,0,0,0,0,0,0.25,0.11,0.18,0,0.33,0,0.02,0.67,0,0.27,0.49,0.06,0.29,0,0,0,0,0,0,0,0.14,0,0,0,0,0,0,1.91,0,0.04,0,0,0,0,0,0,0,0,0,1.4,0,0,0
SiO2,none,103,-11.6,FBS,50,500,15000,20,25,other,sphere,plasma,7.4,235,0.126944444,buffer,48,37,1,Neutral,0,1.39,4.67,0.8,18.96,0,0,0.15,2.12,0.62,0,0.62,0,0,0.69,0,0.09,0,0,2.76,0.49,1.48,0.33,0,0.44,1.14,14.41,2.36,0,1.09,0.48,0,0,0.54,0,1.43,0.55,0,2.76,0.93,2.14,0.65,0,0.36,0.22,1.45,0.41,0.36,0.56,0.57,0,0.4,0,0,0.08,0,0.14,0,0.14,0,0,0,0.03,1.82,0,0.86,0.16,0,0,0,0,0,0,0.45,0.17,0,0.71,0,0,0,0,0,0.34,0,0,0,0,0,0,0,0.02,0,0,0.05,0,0,0.04,0,0.15,0,0.07,0,0,0,0.37,0,0,0.31,0.03,0.23,0,0,0,1.05,0,0,0,0,0,0,0,0,0,0,0,0,0.19,0,0,0.37,0,0,0,0,0,0.24,0.09,0.12,0,0.41,0,0.04,0.6,0,0.24,0.46,0.1,0.25,0,0,0,0,0,0,0,0.12,0,0,0,0,0,0,1.81,0,0.03,0,0,0,0,0,0,0,0,0,1.56,0,0,0
SiO2,none,103,-11.6,FBS,50,500,15000,20,25,other,sphere,plasma,7.4,235,0.126944444,buffer,168,37,1,Neutral,0,1.61,4.69,0.86,16.71,0,0,0.21,1.88,0.75,0,0.49,0,0,0.7,0,0.12,0,0,2.42,0.48,1.64,0.5,0,0.49,1.34,15.12,2.87,0,1.13,0.51,0,0,0.61,0,1.53,0.64,0,3.22,0.88,1.95,0.69,0,0.3,0.29,1.62,0.39,0.44,0.57,0.62,0,0.49,0,0,0.09,0,0.19,0,0.1,0,0,0,0,1.92,0,0.88,0.19,0,0,0,0,0,0,0.47,0.2,0,0.55,0,0,0,0,0,0.37,0,0,0,0,0,0,0,0.04,0,0,0.03,0,0,0,0,0.27,0,0.1,0,0,0,0.41,0,0,0.22,0.05,0.23,0,0,0,1.06,0,0,0,0,0,0,0,0,0,0.06,0,0,0.17,0,0,0.35,0,0,0,0,0,0.25,0.07,0.19,0,0.43,0,0.03,0.55,0,0.25,0.5,0.09,0.23,0,0,0,0,0,0,0,0.22,0,0,0,0,0,0,1.88,0,0.03,0,0,0,0,0,0,0,0,0,1.22,0,0,0
SiO2,none,103,-15.1,HS,50,500,15000,20,25,other,sphere,plasma,7.4,190,0.126944444,buffer,0.008333333,37,1,Neutral,0.32,1.89,3.31,1.09,28.82,0.5,4.6,0.41,1.03,0.4,2.77,0.75,4.41,1.37,0.16,0.73,0.4,0.53,0,4.07,0.49,0.73,1.03,0.6,0.05,0.46,1.32,0.79,2.92,0.83,0,0.29,0.13,0.01,0.65,1.58,0,1.2,1.15,0.79,1.81,0.71,0.24,0.32,0.2,0,0.32,0.48,0,2.6,0,0,0.58,0.28,0.02,0.8,0,0.45,0,0.11,0.23,0.01,0.08,0.17,0.05,0.1,0.15,0.26,0.54,0.06,0.46,0.42,0.18,0.54,0.11,0.49,0.29,0.16,0,0.06,0.07,0.58,0.25,0,0.16,0.01,0,0,0.11,0.24,0.16,0.25,0.46,0,0.25,0.04,0,0,0.86,0,0,0,0,0.18,0.2,0.03,0.07,0.07,0.13,0.5,0,0.34,0,0.33,0,0.3,0.49,0,0.25,0,0,0,0,0,0,0.14,0,0.46,0.51,0,0,0.19,0,0,0.48,0,0,0,0,0,0,0,0.98,0.56,0.14,0,0,0,0,0,0.29,0.27,0.4,0,0,0.03,0,0,0,0,0,0.35,0.14,0.01,0,0,0,0,0,0,0,0,0,0,0,0,0.05,0
SiO2,none,103,-15.1,HS,50,500,15000,20,25,other,sphere,plasma,7.4,190,0.126944444,buffer,0.083333333,37,1,Neutral,0.28,1.82,3.4,1.02,29.58,0.5,4.65,0.43,0.96,0.39,2.3,0.76,4.47,1.69,0.17,0.85,0.46,0.47,0,3.63,0.56,0.74,0.99,0.62,0.05,0.5,1.8,0.78,2.76,0.73,0,0.22,0.12,0.01,0.69,1.56,0,0.46,1.24,0.87,1.77,0.78,0.25,0.38,0.21,0,0.38,0.45,0,2.43,0,0,0.65,0.39,0.03,0.78,0,0.55,0,0.1,0,0.02,0.07,0.19,0.04,0.09,0.18,0.18,0.59,0.09,0.43,0.32,0.22,0.51,0.15,0.48,0.34,0.14,0,0.1,0.1,0.52,0.28,0,0.17,0.01,0,0,0.13,0.23,0.17,0.21,0.37,0.03,0.23,0.04,0.03,0,0.66,0,0,0,0,0.2,0.22,0.03,0.11,0.07,0.12,0.48,0.22,0.38,0,0.33,0,0.25,0.44,0,0.2,0.01,0.07,0,0,0,0,0.2,0.01,0.42,0.53,0,0,0.2,0,0,0.35,0.01,0,0,0,0,0,0,0.89,0.56,0.16,0.09,0,0,0,0,0.29,0.28,0.43,0,0,0.03,0,0,0,0,0,0.37,0.13,0,0,0,0.02,0,0,0,0,0,0,0,0.06,0,0.09,0
SiO2,none,103,-15.1,HS,50,500,15000,20,25,other,sphere,plasma,7.4,190,0.126944444,buffer,0.25,37,1,Neutral,0.25,2.07,3.18,0.96,28.86,0.6,4.12,0.45,0.91,0.43,1.9,0.72,4.35,1.8,0.16,0.64,0.89,0.41,0.02,3.23,0.53,0.76,1.02,0.73,0.05,0.49,2.06,0.75,2.51,0.7,0,0.29,0.11,0.01,0.55,1.65,0,0.47,1.21,0.89,1.77,0.82,0.27,0.38,0.28,0,0.34,0.48,0,2.5,0,0,0.67,0.3,0.03,0.75,0.01,0.47,0,0.12,0.16,0.02,0.06,0.19,0.05,0.06,0.16,0.17,0.64,0.1,0.48,0.33,0.24,0.48,0.11,0.49,0.32,0.21,0,0.11,0.12,0.64,0.35,0,0.18,0.01,0,0,0.17,0.28,0.19,0.24,0.32,0.03,0.22,0.05,0,0,0.79,0,0,0,0,0.15,0.27,0.08,0.2,0.08,0.1,0.5,0.18,0.47,0,0.35,0,0.24,0.42,0,0.19,0.01,0,0,0,0,0,0.22,0.01,0.53,0.51,0,0,0.22,0,0,0.26,0.03,0,0,0,0,0,0,0.73,0.56,0.19,0.07,0,0,0,0,0.26,0.31,0.34,0,0,0.04,0,0,0,0,0,0.46,0.16,0.02,0,0,0.01,0,0,0,0,0,0,0,0.08,0,0.1,0
SiO2,none,103,-15.1,HS,50,500,15000,20,25,other,sphere,plasma,7.4,190,0.126944444,buffer,0.5,37,1,Neutral,0.23,1.98,3.23,1.01,29.8,0.56,4.34,0.48,0.99,0.42,1.83,0.7,4.32,1.11,0.16,0.61,0.69,0.55,0.02,3.17,0.43,0.7,1.04,0.69,0.05,0.52,2.06,0.7,3,0.68,0,0.27,0.11,0.01,0.61,1.7,0,1.11,0.94,1.01,1.78,0.91,0.32,0.37,0.28,0,0.4,0.52,0,2.25,0,0,0.58,0.35,0.04,0.71,0,0.45,0,0.12,0.26,0.02,0.05,0.19,0.05,0.09,0.17,0.18,0.6,0.06,0.45,0.29,0.26,0.48,0.17,0.57,0.25,0.16,0.02,0.11,0.09,0.52,0.32,0,0.08,0.01,0,0,0.16,0.24,0.21,0.19,0.23,0.02,0.31,0.04,0.02,0,0.82,0,0,0,0,0.11,0.25,0.08,0.16,0.08,0.11,0.5,0.13,0.4,0,0.41,0,0.29,0.44,0,0.22,0.02,0,0,0,0,0,0.22,0.02,0.49,0.41,0,0,0.17,0,0,0.64,0.03,0,0,0,0,0,0,0.88,0.54,0.15,0.08,0,0,0,0,0.25,0.27,0.3,0,0,0,0,0,0,0,0,0.36,0.14,0.03,0,0,0.03,0,0,0,0,0,0,0,0.05,0,0.12,0
SiO2,none,103,-15.1,HS,50,500,15000,20,25,other,sphere,plasma,7.4,190,0.126944444,buffer,1,37,1,Neutral,0.27,2.21,3.38,1.15,27.45,0.62,4.46,0.51,1.22,0.45,1.46,0.79,4.5,0.98,0.16,0.61,0.75,0.55,0.03,2.54,0.43,0.81,1.27,0.78,0.07,0.59,2.47,0.83,2.86,0.73,0.05,0.2,0.11,0.01,0.51,1.89,0,1.18,0.82,1.02,1.8,1,0.35,0.37,0.32,0,0.41,0.55,0,2.14,0,0,0.7,0.26,0.04,0.67,0.01,0.64,0,0.14,0.15,0.02,0.06,0.31,0.06,0.1,0.18,0.2,0.7,0.06,0.6,0.3,0.29,0.45,0.16,0.6,0.23,0.17,0.02,0.16,0.17,0.28,0.33,0,0.09,0.01,0,0,0.2,0.33,0.23,0.25,0.3,0.06,0.34,0.05,0.02,0,0.9,0,0,0,0,0.11,0.27,0.08,0.22,0.06,0.11,0.27,0.17,0.49,0,0.51,0,0.32,0.51,0,0.26,0.02,0,0,0,0,0,0.24,0.01,0.61,0.31,0,0,0.08,0,0,0.32,0.04,0,0,0,0,0,0,0.74,0.51,0.22,0.11,0,0,0,0,0.24,0.25,0.14,0,0,0.04,0,0,0,0,0,0.32,0.14,0.05,0,0,0.03,0,0,0,0,0,0,0,0.11,0,0.02,0
SiO2,none,103,-15.1,HS,50,500,15000,20,25,other,sphere,plasma,7.4,190,0.126944444,buffer,2,37,1,Neutral,0.26,2.27,3.68,1.08,26.59,0.66,4.76,0.52,1.14,0.46,1.62,0.75,4.51,0.95,0.14,0.74,0.81,0.47,0.05,2.58,0.43,0.84,1.3,0.76,0.07,0.54,2.63,0.86,2.94,0.65,0.08,0.17,0.11,0.01,0.53,1.88,0,1.26,0.8,1.04,1.87,1.01,0.36,0.35,0.31,0,0.35,0.55,0,2.06,0,0,0.7,0.26,0.05,0.76,0.01,0.64,0,0.12,0,0.04,0.06,0.23,0.06,0.09,0.17,0.2,0.74,0.06,0.46,0.26,0.32,0.41,0.18,0.55,0.36,0.17,0,0.22,0.12,0.38,0.41,0,0.12,0.02,0,0,0.2,0.32,0.25,0.25,0.13,0.07,0.28,0.07,0.04,0,1,0,0,0,0,0.11,0.22,0.11,0.22,0.06,0.15,0.4,0,0.58,0,0.42,0,0.32,0.52,0,0.2,0.02,0.12,0,0,0,0,0.22,0.02,0.64,0.31,0,0,0.11,0,0,0.32,0.04,0,0,0,0,0,0,0.61,0.47,0.2,0.09,0,0,0,0,0.22,0.23,0.15,0,0,0.05,0,0,0,0,0,0.35,0.15,0.02,0,0,0.03,0,0,0,0,0,0,0,0.08,0,0.05,0
SiO2,none,103,-15.1,HS,50,500,15000,20,25,other,sphere,plasma,7.4,190,0.126944444,buffer,8,37,1,Neutral,0.27,2.42,3.77,1.07,26.87,0.67,4.98,0.52,1.08,0.5,1.6,0.76,4.56,0.97,0.16,0.53,0.68,0.57,0.07,2.59,0.47,0.8,1.2,0.79,0.06,0.57,2.46,0.8,3.13,0.68,0.08,0.23,0.13,0.02,0.51,1.65,0,1.2,0.7,1.03,1.64,0.98,0.44,0.36,0.37,0,0.39,0.5,0,2.12,0,0,0.73,0.25,0.05,0.74,0.01,0.53,0,0.16,0.18,0.03,0.04,0.26,0.05,0.07,0.18,0.16,0.68,0.05,0.51,0.26,0.34,0.39,0.15,0.52,0.19,0.13,0.03,0.19,0.09,0.21,0.35,0,0.08,0.02,0,0,0.21,0.27,0.22,0.25,0.23,0.07,0.3,0.06,0.02,0,0.88,0,0,0,0,0.11,0.26,0.11,0.19,0.07,0.15,0.16,0.23,0.58,0,0.54,0,0.3,0.58,0,0.29,0.04,0.15,0,0,0,0,0.26,0.02,0.59,0.42,0,0,0.03,0,0,0.49,0.04,0,0,0,0,0,0,0.69,0.48,0.26,0.11,0,0,0,0,0.25,0.33,0.09,0,0,0,0,0,0,0,0,0.41,0.15,0.05,0,0,0.02,0,0,0,0,0,0,0,0.13,0,0.01,0
SiO2,none,103,-15.1,HS,50,500,15000,20,25,other,sphere,plasma,7.4,190,0.126944444,buffer,24,37,1,Neutral,0.21,2.59,4.37,1.11,25.52,0.79,4.29,0.73,1.34,0.54,1.62,0.86,4,0.7,0.15,0.46,0.85,0.57,0.08,2.14,0.76,0.91,1.4,0.89,0.09,0.63,2.68,0.89,2.68,0.75,0,0.2,0.09,0.02,0.54,1.7,0,1.22,0.45,1.16,1.63,1,0.44,0.34,0.41,0,0.45,0.47,0,2.03,0,0,0.62,0.22,0.06,0.66,0.01,0.62,0,0.14,0.26,0.03,0.04,0.28,0.08,0.12,0.16,0.16,0.68,0.08,0.53,0.25,0.34,0.41,0.21,0.47,0.16,0.2,0,0.23,0.14,0.41,0.41,0,0.08,0.02,0,0,0.21,0.31,0.27,0.25,0.2,0.06,0.24,0.06,0.04,0,0.9,0,0,0,0,0,0.31,0.14,0.17,0.06,0.17,0.27,0.13,0.64,0,0.55,0,0.36,0.52,0,0.29,0.05,0.15,0,0,0,0,0.28,0.04,0.64,0.4,0,0,0.11,0,0,0.39,0.05,0,0,0,0,0,0,0.7,0.38,0.28,0.2,0,0,0,0,0.19,0.24,0.24,0,0,0.07,0,0,0,0,0,0.38,0.15,0.06,0,0,0.03,0,0,0,0,0,0,0,0.11,0,0.02,0
SiO2,none,103,-15.1,HS,50,500,15000,20,25,other,sphere,plasma,7.4,190,0.126944444,buffer,48,37,1,Neutral,0.25,2.73,4.73,1.19,25.34,0.92,3.96,0.86,1.42,0.54,1.55,0.89,3.08,0.64,0.19,0.4,1.16,0.5,0.11,1.86,0.76,1.03,1.57,0.92,0.09,0.68,3.13,0.88,2.3,0.87,0,0.17,0.09,0.02,0.44,1.68,0,1.13,0.29,1.25,1.68,0.96,0.39,0.42,0.38,0,0.46,0.48,0,1.85,0,0,0.71,0.16,0.06,0.7,0.02,0.81,0,0.16,0.22,0.05,0.04,0.37,0.06,0.17,0.18,0.16,0.69,0.13,0.69,0.27,0.4,0.37,0.23,0.51,0.12,0.26,0,0.2,0.14,0.31,0.52,0,0.05,0.02,0,0,0.22,0.3,0.32,0.31,0.17,0.07,0.27,0.09,0.02,0,1.1,0,0,0,0,0.11,0.32,0.12,0.21,0.08,0.19,0.25,0.13,0.71,0,0.58,0,0.34,0.53,0,0.35,0.06,0.09,0,0,0,0,0.28,0.04,0.56,0.41,0,0,0.08,0,0,0.28,0.07,0,0,0,0,0,0,0.55,0.34,0.28,0.14,0,0,0,0,0.21,0.26,0.16,0,0,0.11,0,0,0,0,0,0.3,0.18,0.07,0,0,0.05,0,0,0,0,0,0,0,0.11,0,0.05,0
SiO2,none,103,-15.1,HS,50,500,15000,20,25,other,sphere,plasma,7.4,190,0.126944444,buffer,168,37,1,Neutral,0.21,2.68,4.61,1.29,27.45,1.07,3.35,0.86,1.25,0.51,1.7,0.87,2.74,0.49,0.12,0.26,1.58,0.36,0.08,1.78,1.04,1.18,1.48,0.97,0.08,0.62,3.41,0.86,2.13,0.95,0,0.14,0.08,0.02,0.35,1.46,0,1.11,0.19,1.45,1.68,0.96,0.41,0.46,0.33,0,0.32,0.44,0,1.58,0,0,0.75,0.2,0.06,0.67,0.01,0.65,0,0.12,0.12,0.02,0.03,0.36,0.05,0.18,0.17,0.15,0.67,0.11,0.77,0.29,0.41,0.43,0.25,0.52,0.15,0.33,0,0.31,0.15,0.38,0.59,0,0,0.03,0,0,0.18,0.27,0.33,0.31,0,0.05,0.14,0.1,0,0,0.99,0,0,0,0,0.07,0.27,0.13,0.17,0.07,0.19,0.45,0,0.72,0,0.64,0,0.34,0.53,0,0.37,0.09,0.09,0,0,0,0,0.31,0.04,0.6,0.41,0,0,0.19,0,0,0.33,0.09,0,0,0,0,0,0,0.4,0.29,0.32,0.18,0,0,0,0,0.18,0.29,0.2,0,0,0.1,0,0,0,0,0,0.2,0.16,0.09,0,0,0.05,0,0,0,0,0,0,0,0.11,0,0.04,0
SiO2,none,103,-38.7,HS,50,500,15000,20,25,other,sphere,PBS,7.4,159,0.126944444,buffer,0.008333333,37,1,Neutral,0.32,1.89,3.31,1.09,28.82,0.5,4.6,0.41,1.03,0.4,2.77,0.75,4.41,1.37,0.16,0.73,0.4,0.53,0,4.07,0.49,0.73,1.03,0.6,0.05,0.46,1.32,0.79,2.92,0.83,0,0.29,0.13,0.01,0.65,1.58,0,1.2,1.15,0.79,1.81,0.71,0.24,0.32,0.2,0,0.32,0.48,0,2.6,0,0,0.58,0.28,0.02,0.8,0,0.45,0,0.11,0.23,0.01,0.08,0.17,0.05,0.1,0.15,0.26,0.54,0.06,0.46,0.42,0.18,0.54,0.11,0.49,0.29,0.16,0,0.06,0.07,0.58,0.25,0,0.16,0.01,0,0,0.11,0.24,0.16,0.25,0.46,0,0.25,0.04,0,0,0.86,0,0,0,0,0.18,0.2,0.03,0.07,0.07,0.13,0.5,0,0.34,0,0.33,0,0.3,0.49,0,0.25,0,0,0,0,0,0,0.14,0,0.46,0.51,0,0,0.19,0,0,0.48,0,0,0,0,0,0,0,0.98,0.56,0.14,0,0,0,0,0,0.29,0.27,0.4,0,0,0.03,0,0,0,0,0,0.35,0.14,0.01,0,0,0,0,0,0,0,0,0,0,0,0,0.05,0
SiO2,none,103,-38.7,HS,50,500,15000,20,25,other,sphere,PBS,7.4,159,0.126944444,buffer,0.083333333,37,1,Neutral,0.28,1.82,3.4,1.02,29.58,0.5,4.65,0.43,0.96,0.39,2.3,0.76,4.47,1.69,0.17,0.85,0.46,0.47,0,3.63,0.56,0.74,0.99,0.62,0.05,0.5,1.8,0.78,2.76,0.73,0,0.22,0.12,0.01,0.69,1.56,0,0.46,1.24,0.87,1.77,0.78,0.25,0.38,0.21,0,0.38,0.45,0,2.43,0,0,0.65,0.39,0.03,0.78,0,0.55,0,0.1,0,0.02,0.07,0.19,0.04,0.09,0.18,0.18,0.59,0.09,0.43,0.32,0.22,0.51,0.15,0.48,0.34,0.14,0,0.1,0.1,0.52,0.28,0,0.17,0.01,0,0,0.13,0.23,0.17,0.21,0.37,0.03,0.23,0.04,0.03,0,0.66,0,0,0,0,0.2,0.22,0.03,0.11,0.07,0.12,0.48,0.22,0.38,0,0.33,0,0.25,0.44,0,0.2,0.01,0.07,0,0,0,0,0.2,0.01,0.42,0.53,0,0,0.2,0,0,0.35,0.01,0,0,0,0,0,0,0.89,0.56,0.16,0.09,0,0,0,0,0.29,0.28,0.43,0,0,0.03,0,0,0,0,0,0.37,0.13,0,0,0,0.02,0,0,0,0,0,0,0,0.06,0,0.09,0
SiO2,none,103,-38.7,HS,50,500,15000,20,25,other,sphere,PBS,7.4,159,0.126944444,buffer,0.25,37,1,Neutral,0.25,2.07,3.18,0.96,28.86,0.6,4.12,0.45,0.91,0.43,1.9,0.72,4.35,1.8,0.16,0.64,0.89,0.41,0.02,3.23,0.53,0.76,1.02,0.73,0.05,0.49,2.06,0.75,2.51,0.7,0,0.29,0.11,0.01,0.55,1.65,0,0.47,1.21,0.89,1.77,0.82,0.27,0.38,0.28,0,0.34,0.48,0,2.5,0,0,0.67,0.3,0.03,0.75,0.01,0.47,0,0.12,0.16,0.02,0.06,0.19,0.05,0.06,0.16,0.17,0.64,0.1,0.48,0.33,0.24,0.48,0.11,0.49,0.32,0.21,0,0.11,0.12,0.64,0.35,0,0.18,0.01,0,0,0.17,0.28,0.19,0.24,0.32,0.03,0.22,0.05,0,0,0.79,0,0,0,0,0.15,0.27,0.08,0.2,0.08,0.1,0.5,0.18,0.47,0,0.35,0,0.24,0.42,0,0.19,0.01,0,0,0,0,0,0.22,0.01,0.53,0.51,0,0,0.22,0,0,0.26,0.03,0,0,0,0,0,0,0.73,0.56,0.19,0.07,0,0,0,0,0.26,0.31,0.34,0,0,0.04,0,0,0,0,0,0.46,0.16,0.02,0,0,0.01,0,0,0,0,0,0,0,0.08,0,0.1,0
SiO2,none,103,-38.7,HS,50,500,15000,20,25,other,sphere,PBS,7.4,159,0.126944444,buffer,0.5,37,1,Neutral,0.23,1.98,3.23,1.01,29.8,0.56,4.34,0.48,0.99,0.42,1.83,0.7,4.32,1.11,0.16,0.61,0.69,0.55,0.02,3.17,0.43,0.7,1.04,0.69,0.05,0.52,2.06,0.7,3,0.68,0,0.27,0.11,0.01,0.61,1.7,0,1.11,0.94,1.01,1.78,0.91,0.32,0.37,0.28,0,0.4,0.52,0,2.25,0,0,0.58,0.35,0.04,0.71,0,0.45,0,0.12,0.26,0.02,0.05,0.19,0.05,0.09,0.17,0.18,0.6,0.06,0.45,0.29,0.26,0.48,0.17,0.57,0.25,0.16,0.02,0.11,0.09,0.52,0.32,0,0.08,0.01,0,0,0.16,0.24,0.21,0.19,0.23,0.02,0.31,0.04,0.02,0,0.82,0,0,0,0,0.11,0.25,0.08,0.16,0.08,0.11,0.5,0.13,0.4,0,0.41,0,0.29,0.44,0,0.22,0.02,0,0,0,0,0,0.22,0.02,0.49,0.41,0,0,0.17,0,0,0.64,0.03,0,0,0,0,0,0,0.88,0.54,0.15,0.08,0,0,0,0,0.25,0.27,0.3,0,0,0,0,0,0,0,0,0.36,0.14,0.03,0,0,0.03,0,0,0,0,0,0,0,0.05,0,0.12,0
SiO2,none,103,-38.7,HS,50,500,15000,20,25,other,sphere,PBS,7.4,159,0.126944444,buffer,1,37,1,Neutral,0.27,2.21,3.38,1.15,27.45,0.62,4.46,0.51,1.22,0.45,1.46,0.79,4.5,0.98,0.16,0.61,0.75,0.55,0.03,2.54,0.43,0.81,1.27,0.78,0.07,0.59,2.47,0.83,2.86,0.73,0.05,0.2,0.11,0.01,0.51,1.89,0,1.18,0.82,1.02,1.8,1,0.35,0.37,0.32,0,0.41,0.55,0,2.14,0,0,0.7,0.26,0.04,0.67,0.01,0.64,0,0.14,0.15,0.02,0.06,0.31,0.06,0.1,0.18,0.2,0.7,0.06,0.6,0.3,0.29,0.45,0.16,0.6,0.23,0.17,0.02,0.16,0.17,0.28,0.33,0,0.09,0.01,0,0,0.2,0.33,0.23,0.25,0.3,0.06,0.34,0.05,0.02,0,0.9,0,0,0,0,0.11,0.27,0.08,0.22,0.06,0.11,0.27,0.17,0.49,0,0.51,0,0.32,0.51,0,0.26,0.02,0,0,0,0,0,0.24,0.01,0.61,0.31,0,0,0.08,0,0,0.32,0.04,0,0,0,0,0,0,0.74,0.51,0.22,0.11,0,0,0,0,0.24,0.25,0.14,0,0,0.04,0,0,0,0,0,0.32,0.14,0.05,0,0,0.03,0,0,0,0,0,0,0,0.11,0,0.02,0
SiO2,none,103,-38.7,HS,50,500,15000,20,25,other,sphere,PBS,7.4,159,0.126944444,buffer,2,37,1,Neutral,0.26,2.27,3.68,1.08,26.59,0.66,4.76,0.52,1.14,0.46,1.62,0.75,4.51,0.95,0.14,0.74,0.81,0.47,0.05,2.58,0.43,0.84,1.3,0.76,0.07,0.54,2.63,0.86,2.94,0.65,0.08,0.17,0.11,0.01,0.53,1.88,0,1.26,0.8,1.04,1.87,1.01,0.36,0.35,0.31,0,0.35,0.55,0,2.06,0,0,0.7,0.26,0.05,0.76,0.01,0.64,0,0.12,0,0.04,0.06,0.23,0.06,0.09,0.17,0.2,0.74,0.06,0.46,0.26,0.32,0.41,0.18,0.55,0.36,0.17,0,0.22,0.12,0.38,0.41,0,0.12,0.02,0,0,0.2,0.32,0.25,0.25,0.13,0.07,0.28,0.07,0.04,0,1,0,0,0,0,0.11,0.22,0.11,0.22,0.06,0.15,0.4,0,0.58,0,0.42,0,0.32,0.52,0,0.2,0.02,0.12,0,0,0,0,0.22,0.02,0.64,0.31,0,0,0.11,0,0,0.32,0.04,0,0,0,0,0,0,0.61,0.47,0.2,0.09,0,0,0,0,0.22,0.23,0.15,0,0,0.05,0,0,0,0,0,0.35,0.15,0.02,0,0,0.03,0,0,0,0,0,0,0,0.08,0,0.05,0
SiO2,none,103,-38.7,HS,50,500,15000,20,25,other,sphere,PBS,7.4,159,0.126944444,buffer,8,37,1,Neutral,0.27,2.42,3.77,1.07,26.87,0.67,4.98,0.52,1.08,0.5,1.6,0.76,4.56,0.97,0.16,0.53,0.68,0.57,0.07,2.59,0.47,0.8,1.2,0.79,0.06,0.57,2.46,0.8,3.13,0.68,0.08,0.23,0.13,0.02,0.51,1.65,0,1.2,0.7,1.03,1.64,0.98,0.44,0.36,0.37,0,0.39,0.5,0,2.12,0,0,0.73,0.25,0.05,0.74,0.01,0.53,0,0.16,0.18,0.03,0.04,0.26,0.05,0.07,0.18,0.16,0.68,0.05,0.51,0.26,0.34,0.39,0.15,0.52,0.19,0.13,0.03,0.19,0.09,0.21,0.35,0,0.08,0.02,0,0,0.21,0.27,0.22,0.25,0.23,0.07,0.3,0.06,0.02,0,0.88,0,0,0,0,0.11,0.26,0.11,0.19,0.07,0.15,0.16,0.23,0.58,0,0.54,0,0.3,0.58,0,0.29,0.04,0.15,0,0,0,0,0.26,0.02,0.59,0.42,0,0,0.03,0,0,0.49,0.04,0,0,0,0,0,0,0.69,0.48,0.26,0.11,0,0,0,0,0.25,0.33,0.09,0,0,0,0,0,0,0,0,0.41,0.15,0.05,0,0,0.02,0,0,0,0,0,0,0,0.13,0,0.01,0
SiO2,none,103,-38.7,HS,50,500,15000,20,25,other,sphere,PBS,7.4,159,0.126944444,buffer,24,37,1,Neutral,0.21,2.59,4.37,1.11,25.52,0.79,4.29,0.73,1.34,0.54,1.62,0.86,4,0.7,0.15,0.46,0.85,0.57,0.08,2.14,0.76,0.91,1.4,0.89,0.09,0.63,2.68,0.89,2.68,0.75,0,0.2,0.09,0.02,0.54,1.7,0,1.22,0.45,1.16,1.63,1,0.44,0.34,0.41,0,0.45,0.47,0,2.03,0,0,0.62,0.22,0.06,0.66,0.01,0.62,0,0.14,0.26,0.03,0.04,0.28,0.08,0.12,0.16,0.16,0.68,0.08,0.53,0.25,0.34,0.41,0.21,0.47,0.16,0.2,0,0.23,0.14,0.41,0.41,0,0.08,0.02,0,0,0.21,0.31,0.27,0.25,0.2,0.06,0.24,0.06,0.04,0,0.9,0,0,0,0,0,0.31,0.14,0.17,0.06,0.17,0.27,0.13,0.64,0,0.55,0,0.36,0.52,0,0.29,0.05,0.15,0,0,0,0,0.28,0.04,0.64,0.4,0,0,0.11,0,0,0.39,0.05,0,0,0,0,0,0,0.7,0.38,0.28,0.2,0,0,0,0,0.19,0.24,0.24,0,0,0.07,0,0,0,0,0,0.38,0.15,0.06,0,0,0.03,0,0,0,0,0,0,0,0.11,0,0.02,0
SiO2,none,103,-38.7,HS,50,500,15000,20,25,other,sphere,PBS,7.4,159,0.126944444,buffer,48,37,1,Neutral,0.25,2.73,4.73,1.19,25.34,0.92,3.96,0.86,1.42,0.54,1.55,0.89,3.08,0.64,0.19,0.4,1.16,0.5,0.11,1.86,0.76,1.03,1.57,0.92,0.09,0.68,3.13,0.88,2.3,0.87,0,0.17,0.09,0.02,0.44,1.68,0,1.13,0.29,1.25,1.68,0.96,0.39,0.42,0.38,0,0.46,0.48,0,1.85,0,0,0.71,0.16,0.06,0.7,0.02,0.81,0,0.16,0.22,0.05,0.04,0.37,0.06,0.17,0.18,0.16,0.69,0.13,0.69,0.27,0.4,0.37,0.23,0.51,0.12,0.26,0,0.2,0.14,0.31,0.52,0,0.05,0.02,0,0,0.22,0.3,0.32,0.31,0.17,0.07,0.27,0.09,0.02,0,1.1,0,0,0,0,0.11,0.32,0.12,0.21,0.08,0.19,0.25,0.13,0.71,0,0.58,0,0.34,0.53,0,0.35,0.06,0.09,0,0,0,0,0.28,0.04,0.56,0.41,0,0,0.08,0,0,0.28,0.07,0,0,0,0,0,0,0.55,0.34,0.28,0.14,0,0,0,0,0.21,0.26,0.16,0,0,0.11,0,0,0,0,0,0.3,0.18,0.07,0,0,0.05,0,0,0,0,0,0,0,0.11,0,0.05,0
SiO2,none,103,-38.7,HS,50,500,15000,20,25,other,sphere,PBS,7.4,159,0.126944444,buffer,168,37,1,Neutral,0.21,2.68,4.61,1.29,27.45,1.07,3.35,0.86,1.25,0.51,1.7,0.87,2.74,0.49,0.12,0.26,1.58,0.36,0.08,1.78,1.04,1.18,1.48,0.97,0.08,0.62,3.41,0.86,2.13,0.95,0,0.14,0.08,0.02,0.35,1.46,0,1.11,0.19,1.45,1.68,0.96,0.41,0.46,0.33,0,0.32,0.44,0,1.58,0,0,0.75,0.2,0.06,0.67,0.01,0.65,0,0.12,0.12,0.02,0.03,0.36,0.05,0.18,0.17,0.15,0.67,0.11,0.77,0.29,0.41,0.43,0.25,0.52,0.15,0.33,0,0.31,0.15,0.38,0.59,0,0,0.03,0,0,0.18,0.27,0.33,0.31,0,0.05,0.14,0.1,0,0,0.99,0,0,0,0,0.07,0.27,0.13,0.17,0.07,0.19,0.45,0,0.72,0,0.64,0,0.34,0.53,0,0.37,0.09,0.09,0,0,0,0,0.31,0.04,0.6,0.41,0,0,0.19,0,0,0.33,0.09,0,0,0,0,0,0,0.4,0.29,0.32,0.18,0,0,0,0,0.18,0.29,0.2,0,0,0.1,0,0,0,0,0,0.2,0.16,0.09,0,0,0.05,0,0,0,0,0,0,0,0.11,0,0.04,0
SiO2,none,103,-38.7,FBS,50,500,15000,20,25,other,sphere,PBS,7.4,159,0.126944444,buffer,0.008333333,37,1,Neutral,0,0.94,2.88,0.68,26.63,0,0,0.03,0.55,0.38,0,0.99,0,0,0.56,0,0.1,0,0,4.22,0.54,1.05,0.07,0,0.25,0.48,19.06,1.28,0,1.15,0.1,0,0,0.41,0,1.36,0.29,0,5.31,0.75,2.6,0.72,0,0.53,0.04,1.16,0.33,0.23,0.38,0.94,0,0.2,0,0,0.03,0,0.04,0,0,0,0,0,0.06,1.13,0,0.53,0.1,0,0,0,0,0,0,0.7,0.02,0,1.22,0,0,0,0,0,0.15,0,0,0,0,0,0,0,0,0,0,0,0,0,0.06,0,0,0,0,0,0,0,0.17,0,0,0.22,0.06,0.57,0,0,0,0.97,0,0,0,0,0,0,0,0,0,0,0,0,0.07,0,0,0.2,0,0,0,0,0,0.09,0.06,0,0,0.43,0,0,0.8,0,0,0.22,0.09,0.09,0,0,0,0,0,0,0,0,0,0,0,0,0,0,2.3,0,0,0,0,0,0,0,0,0,0,0,0.85,0,0,0
SiO2,none,103,-38.7,FBS,50,500,15000,20,25,other,sphere,PBS,7.4,159,0.126944444,buffer,0.083333333,37,1,Neutral,0,1.11,3.04,0.7,26.33,0,0,0.03,0.72,0.38,0,0.92,0,0,0.5,0,0.13,0,0,4.01,0.57,1.15,0.04,0,0.25,0.52,19.1,1.3,0,1.3,0.05,0,0,0.44,0,1.35,0.27,0,4.72,0.78,2.65,0.79,0,0.46,0.11,1.28,0.37,0.27,0.32,0.99,0,0.2,0,0,0.03,0,0.04,0,0.05,0,0,0,0.11,1.28,0,0.45,0.08,0,0,0,0,0,0,0.63,0.03,0,1.08,0,0,0,0,0,0.24,0,0,0,0,0,0,0,0,0,0,0.03,0,0,0.03,0,0,0,0,0,0,0,0.19,0,0,0.24,0.07,0.5,0,0,0,0.84,0,0,0,0,0,0,0,0,0,0,0,0,0.07,0,0,0.16,0,0,0,0,0,0.05,0.05,0,0,0.4,0,0,0.61,0,0,0.17,0.01,0.14,0,0,0,0,0,0,0,0.05,0,0,0,0,0,0,2.67,0,0,0,0,0,0,0,0,0,0,0,0.6,0,0,0
SiO2,none,103,-38.7,FBS,50,500,15000,20,25,other,sphere,PBS,7.4,159,0.126944444,buffer,0.25,37,1,Neutral,0,1.09,2.35,0.65,24.67,0,0,0.05,1.17,0.54,0,0.83,0,0,0.52,0,0.09,0,0,3.91,0.75,1.2,0.03,0,0.29,0.73,19.19,1.55,0,1.13,0.09,0,0,0.38,0,1.37,0.25,0,4.53,0.97,2.81,0.76,0,0.54,0.1,1.23,0.49,0.24,0.37,0.81,0,0.25,0,0,0.05,0,0.05,0,0,0,0,0,0.07,1.29,0,0.45,0.12,0,0,0,0,0,0,0.68,0.03,0,0.77,0,0,0,0,0,0.18,0,0,0,0,0,0,0,0,0,0,0,0,0,0.04,0,0,0,0,0,0,0,0.19,0,0,0.28,0.14,0.25,0,0,0,0.65,0,0,0,0,0,0,0,0,0,0,0,0,0.09,0,0,0.23,0,0,0,0,0,0.12,0.09,0,0,0.47,0,0,0.88,0,0,0.22,0.1,0.23,0,0,0,0,0,0,0,0.09,0,0,0,0,0,0,2.72,0,0,0,0,0,0,0,0,0,0,0,0.76,0,0,0
SiO2,none,103,-38.7,FBS,50,500,15000,20,25,other,sphere,PBS,7.4,159,0.126944444,buffer,0.5,37,1,Neutral,0,1.09,2.61,0.82,22.54,0,0,0.06,1.41,0.5,0,0.76,0,0,0.52,0,0.13,0,0,3.88,0.63,1.33,0.14,0,0.4,0.86,18.3,1.62,0,1.21,0.04,0,0,0.39,0,1.52,0.41,0,4.86,0.88,2.65,0.87,0,0.48,0.08,1.26,0.49,0.27,0.45,0.86,0,0.33,0,0,0.05,0,0.08,0,0,0,0,0,0.08,1.31,0,0.52,0.19,0,0,0,0,0,0,0.54,0.04,0,0.77,0,0,0,0,0,0.21,0,0,0,0,0,0,0,0,0,0,0.03,0,0,0.05,0,0.09,0,0,0,0,0,0.24,0,0,0.25,0.12,0.22,0,0,0,0.83,0,0,0,0,0,0,0,0,0,0,0,0,0.12,0,0,0.26,0,0,0,0,0,0.11,0.1,0,0,0.39,0,0,0.75,0,0.08,0.33,0.09,0.22,0,0,0,0,0,0,0,0.08,0,0,0,0,0,0,2.69,0,0.01,0,0,0,0,0,0,0,0,0,1.05,0,0,0
SiO2,none,103,-38.7,FBS,50,500,15000,20,25,other,sphere,PBS,7.4,159,0.126944444,buffer,1,37,1,Neutral,0,1.11,3.73,0.85,20.74,0,0,0.12,1.75,0.54,0,0.68,0,0,0.55,0,0.12,0,0,3.12,0.78,1.23,0.21,0,0.44,0.89,17,1.62,0,1.17,0.38,0,0,0.38,0,1.58,0.36,0,3.67,0.92,2.35,0.69,0,0.45,0.11,1.33,0.47,0.31,0.43,0.73,0,0.32,0,0,0.06,0,0.09,0,0.07,0,0,0,0.07,1.47,0,0.6,0.22,0,0,0,0,0,0,0.44,0.09,0,0.76,0,0,0,0,0,0.25,0,0,0,0,0,0,0,0,0,0,0.05,0,0,0.05,0,0.14,0,0,0,0,0,0.26,0,0,0.26,0.11,0.27,0,0,0,1.05,0,0,0,0,0,0,0,0,0,0,0,0,0.16,0,0,0.45,0,0,0,0,0,0.2,0.08,0.07,0,0.5,0,0,0.72,0,0.14,0.48,0.09,0.27,0,0,0,0,0,0,0,0.12,0,0,0,0,0,0,2.39,0,0.03,0,0,0,0,0,0,0,0,0,1.13,0,0,0
SiO2,none,103,-38.7,FBS,50,500,15000,20,25,other,sphere,PBS,7.4,159,0.126944444,buffer,2,37,1,Neutral,0,1.19,3.56,0.93,19.05,0,0,0.14,1.75,0.47,0,0.66,0,0,0.58,0,0.11,0,0,3.11,0.58,1.33,0.2,0,0.47,0.96,17.78,1.74,0,1.11,0.31,0,0,0.44,0,1.66,0.45,0,3.22,0.89,2.37,0.73,0,0.36,0.16,1.53,0.37,0.29,0.45,0.62,0,0.34,0,0,0.06,0,0.11,0,0.1,0,0,0,0.04,1.57,0,0.67,0.23,0,0,0,0,0,0,0.49,0.06,0,0.71,0,0,0,0,0,0.26,0,0,0,0,0,0,0,0,0,0,0.05,0,0,0.02,0,0.14,0,0.05,0,0,0,0.28,0,0,0.26,0.08,0.55,0,0,0,1.13,0,0,0,0,0,0,0,0,0,0,0,0,0.14,0,0,0.45,0,0,0,0,0,0.18,0.12,0.13,0,0.43,0,0,0.9,0,0.17,0.5,0.08,0.31,0,0,0,0,0,0,0,0.19,0,0,0,0,0,0,2.28,0,0.03,0,0,0,0,0,0,0,0,0,1.32,0,0,0
SiO2,none,103,-38.7,FBS,50,500,15000,20,25,other,sphere,PBS,7.4,159,0.126944444,buffer,8,37,1,Neutral,0,1.32,3.96,0.89,19.31,0,0,0.16,1.85,0.54,0,0.55,0,0,0.66,0,0.08,0,0,2.9,0.49,1.29,0.26,0,0.46,1.02,16.86,2,0,1.17,0.37,0,0,0.47,0,1.58,0.47,0,3.1,0.9,2.4,0.67,0,0.38,0.18,1.33,0.41,0.38,0.52,0.67,0,0.38,0,0,0.08,0,0.13,0,0.07,0,0,0,0.05,1.61,0,0.77,0.18,0,0,0,0,0,0,0.51,0.1,0,0.56,0,0,0,0,0,0.3,0,0,0,0,0,0,0,0,0,0,0.03,0,0,0.06,0,0.19,0,0.1,0,0,0,0.34,0,0,0.28,0.1,0.23,0,0,0,1.1,0,0,0,0,0,0,0,0,0,0,0,0,0.18,0,0,0.35,0,0,0,0,0,0.2,0.1,0.13,0,0.4,0,0,0.76,0,0.21,0.49,0.09,0.4,0,0,0,0,0,0,0,0.13,0,0,0,0,0,0,2.18,0,0.02,0,0,0,0,0,0,0,0,0,1.28,0,0,0
SiO2,none,103,-38.7,FBS,50,500,15000,20,25,other,sphere,PBS,7.4,159,0.126944444,buffer,24,37,1,Neutral,0,1.32,4.32,0.73,18.85,0,0,0.17,1.68,0.58,0,0.58,0,0,0.59,0,0.09,0,0,2.73,0.65,1.42,0.28,0,0.44,1.05,16.02,2.03,0,1.1,0.5,0,0,0.54,0,1.58,0.45,0,3.48,0.87,2.09,0.68,0,0.35,0.23,1.42,0.38,0.28,0.44,0.7,0,0.39,0,0,0.08,0,0.13,0,0.08,0,0,0,0.05,1.85,0,0.72,0.18,0,0,0,0,0,0,0.55,0.08,0,0.49,0,0,0,0,0,0.29,0,0,0,0,0,0,0,0.01,0,0,0.03,0,0,0.04,0,0.13,0,0.15,0,0,0,0.33,0,0,0.28,0.03,0.16,0,0,0,1.21,0,0,0,0,0,0,0,0,0,0,0,0,0.15,0,0,0.34,0,0,0,0,0,0.25,0.11,0.18,0,0.33,0,0.02,0.67,0,0.27,0.49,0.06,0.29,0,0,0,0,0,0,0,0.14,0,0,0,0,0,0,1.91,0,0.04,0,0,0,0,0,0,0,0,0,1.4,0,0,0
SiO2,none,103,-38.7,FBS,50,500,15000,20,25,other,sphere,PBS,7.4,159,0.126944444,buffer,48,37,1,Neutral,0,1.39,4.67,0.8,18.96,0,0,0.15,2.12,0.62,0,0.62,0,0,0.69,0,0.09,0,0,2.76,0.49,1.48,0.33,0,0.44,1.14,14.41,2.36,0,1.09,0.48,0,0,0.54,0,1.43,0.55,0,2.76,0.93,2.14,0.65,0,0.36,0.22,1.45,0.41,0.36,0.56,0.57,0,0.4,0,0,0.08,0,0.14,0,0.14,0,0,0,0.03,1.82,0,0.86,0.16,0,0,0,0,0,0,0.45,0.17,0,0.71,0,0,0,0,0,0.34,0,0,0,0,0,0,0,0.02,0,0,0.05,0,0,0.04,0,0.15,0,0.07,0,0,0,0.37,0,0,0.31,0.03,0.23,0,0,0,1.05,0,0,0,0,0,0,0,0,0,0,0,0,0.19,0,0,0.37,0,0,0,0,0,0.24,0.09,0.12,0,0.41,0,0.04,0.6,0,0.24,0.46,0.1,0.25,0,0,0,0,0,0,0,0.12,0,0,0,0,0,0,1.81,0,0.03,0,0,0,0,0,0,0,0,0,1.56,0,0,0
SiO2,none,103,-38.7,FBS,50,500,15000,20,25,other,sphere,PBS,7.4,159,0.126944444,buffer,168,37,1,Neutral,0,1.61,4.69,0.86,16.71,0,0,0.21,1.88,0.75,0,0.49,0,0,0.7,0,0.12,0,0,2.42,0.48,1.64,0.5,0,0.49,1.34,15.12,2.87,0,1.13,0.51,0,0,0.61,0,1.53,0.64,0,3.22,0.88,1.95,0.69,0,0.3,0.29,1.62,0.39,0.44,0.57,0.62,0,0.49,0,0,0.09,0,0.19,0,0.1,0,0,0,0,1.92,0,0.88,0.19,0,0,0,0,0,0,0.47,0.2,0,0.55,0,0,0,0,0,0.37,0,0,0,0,0,0,0,0.04,0,0,0.03,0,0,0,0,0.27,0,0.1,0,0,0,0.41,0,0,0.22,0.05,0.23,0,0,0,1.06,0,0,0,0,0,0,0,0,0,0.06,0,0,0.17,0,0,0.35,0,0,0,0,0,0.25,0.07,0.19,0,0.43,0,0.03,0.55,0,0.25,0.5,0.09,0.23,0,0,0,0,0,0,0,0.22,0,0,0,0,0,0,1.88,0,0.03,0,0,0,0,0,0,0,0,0,1.22,0,0,0
Au,none,14,-13.5,FBS,10,913.8369,20000,30,10,metal,rod,plasma,7.4,16,0.126944444,buffer,1,45,1,Neutral,0,0,10,0,3.8,0,0,0,7.5,0,0,0,0,0,0,0,0,2.9,0,0,0,0,0,0,0,0,3.8,0,0,0,0,0,0,0,0,0,0,0,6.1,0,0,0,0,0,0,0,0,0,0,0,0,0,0,0,0,0,0,0,0,0,0,0,0,0,0,0,0,0,0,0,0,0,0,0,0,0,0,0,0,0,0,0,0,0,0,0,0,0,0,0,0,0,0,0,0,0,0,0,0,0,0,0,0,0,0,0,0,0,0,0,0,0,0,0,0,0,0,0,0,0,0,0,0,0,0,0,0,0,0,0,0,0,0,0,0,0,0,0,0,0,0,0,0,0,0,0,0,0,0,0,0,0,0,0,0,0,0,0,0,0,0,0,0,0,0,0,0,0,0,0,0,0,0,0,0,0,0,0
Au,none,14,-13.5,FBS,10,913.8369,20000,30,10,metal,rod,plasma,7.4,16,0.126944444,buffer,1,55,1,Neutral,0,0,8.4,0,9.4,0,0,0,12.5,0,0,0,0,0,0,0,0,6,0,0,0,0,0,0,0,0,14.2,0,0,0,0,0,0,0,0,0,0,0,7.1,0,0,0,0,0,0,0,0,0,0,0,0,0,0,0,0,0,0,0,0,0,0,0,0,0,0,0,0,0,0,0,0,0,0,0,0,0,0,0,0,0,0,0,0,0,0,0,0,0,0,0,0,0,0,0,0,0,0,0,0,0,0,0,0,0,0,0,0,0,0,0,0,0,0,0,0,0,0,0,0,0,0,0,0,0,0,0,0,0,0,0,0,0,0,0,0,0,0,0,0,0,0,0,0,0,0,0,0,0,0,0,0,0,0,0,0,0,0,0,0,0,0,0,0,0,0,0,0,0,0,0,0,0,0,0,0,0,0,0
Au,none,14,-13.5,FBS,100,913.8369,20000,30,10,metal,rod,plasma,7.4,16,0.126944444,buffer,1,45,1,Neutral,0,0,8.4,0,6.7,0,0,0,3.9,0,0,0,0,0,0,0,0,3.1,0,0,0,0,0,0,0,0,6.1,0,0,0,0,0,0,0,0,0,0,0,4.8,0,0,0,0,0,0,0,0,0,0,0,0,0,0,0,0,0,0,0,0,0,0,0,0,0,0,0,0,0,0,0,0,0,0,0,0,0,0,0,0,0,0,0,0,0,0,0,0,0,0,0,0,0,0,0,0,0,0,0,0,0,0,0,0,0,0,0,0,0,0,0,0,0,0,0,0,0,0,0,0,0,0,0,0,0,0,0,0,0,0,0,0,0,0,0,0,0,0,0,0,0,0,0,0,0,0,0,0,0,0,0,0,0,0,0,0,0,0,0,0,0,0,0,0,0,0,0,0,0,0,0,0,0,0,0,0,0,0,0
Au,none,14,-13.5,FBS,100,913.8369,20000,30,10,metal,rod,plasma,7.4,16,0.126944444,buffer,1,55,1,Neutral,0,0,4.2,0,6.6,0,0,0,6,0,0,0,0,0,0,0,0,1.9,0,0,0,0,0,0,0,0,11.2,0,0,0,0,0,0,0,0,0,0,0,4.8,0,0,0,0,0,0,0,0,0,0,0,0,0,0,0,0,0,0,0,0,0,0,0,0,0,0,0,0,0,0,0,0,0,0,0,0,0,0,0,0,0,0,0,0,0,0,0,0,0,0,0,0,0,0,0,0,0,0,0,0,0,0,0,0,0,0,0,0,0,0,0,0,0,0,0,0,0,0,0,0,0,0,0,0,0,0,0,0,0,0,0,0,0,0,0,0,0,0,0,0,0,0,0,0,0,0,0,0,0,0,0,0,0,0,0,0,0,0,0,0,0,0,0,0,0,0,0,0,0,0,0,0,0,0,0,0,0,0,0
Au,none,14,-13.5,FBS,10,913.8369,20000,30,10,metal,rod,plasma,7.4,16,0.126944444,buffer,1,45,1,Neutral,0,0.05,9.97,0,3.76,0,0,1.04,7.49,0.07,0,0.12,0,0,0,0,0,2.9,0,0.04,0,0,0.16,0,0.85,0,3.77,0.45,0,0,0,0,0,0.02,0,0,0.17,0,6.05,0,0.16,0,1.2,0.15,0,0,0,0,0,0,0,0,0,0,0,0,0.07,0,0,0,2.06,0,0,0,0,0,0,0,0.05,0,0,1.17,0.11,0.05,0,0,0.21,0,0,0,0,0,0,0,0,0,0,0,0,0,0,0,0,0,0,0,0,0,0,0,0,0.11,0,0,0,0,0,0,0,0,0,0,0,0,0,0,0,0,0,0,0,0,0,0,0,0,0.09,0,0,0,0,0,0,0,0,0,0,0,0,0,0,0,0,0,0,0,0,0,0,0,0,0,0,0,0,0,0,0,0,0,0,0,0.35,0,0,0,0,0,0,0,0,0,0,0,0,0,0,0
Au,none,14,-13.5,FBS,10,913.8369,20000,30,10,metal,rod,plasma,7.4,16,0.126944444,buffer,1,55,1,Neutral,0,0.12,8.4,0,9.42,0,0,0.41,12.51,0.11,0,0.12,0,0,0,0,0,6.02,0,0.1,0,0,0.53,0,1.31,0,14.17,0.78,0,0,0,0,0,0.1,0,0,0.12,0,7.08,0,1.61,0,0.75,0.36,0,0,0,0,0,0,0,0,0,0,0,0,0.1,0,0,0,0.44,0,0,0,0,0,0,0,0.1,0,0,0.11,0.11,1.1,0,0,1.44,0,0,0,0,0,0,0,0,0,0,0,0,0,0,0,0,0,0,0,0,0,0,0,0,0.12,0,0,0,0,0,0,0,0,0,0,0,0,0,0,0,0,0,0,0,0,0,0,0,0,0.1,0,0,0,0,0,0,0,0,0,0,0,0,0,0,0,0,0,0,0,0,0,0,0,0,0,0,0,0,0,0,0,0,0,0,0,1.68,0,0,0,0,0,0,0,0,0,0,0,0,0,0,0
Au,none,14,-13.5,FBS,100,913.8369,20000,30,10,metal,rod,plasma,7.4,16,0.126944444,buffer,1,45,1,Neutral,0,0.75,8.37,0,6.69,0,0,0.71,3.92,0.94,0,0.45,0,0,0,0,0,3.12,0,0.13,0,0,0.09,0,0.09,0,6.13,0,0,0,0,0,0,0.09,0,0,0.39,0,4.76,0,0.12,0,1.72,0.13,0,0,0,0,0,0,0,0,0,0,0,0,0.25,0,0,0,3.19,0,0,0,0,0,0,0,0.13,0,0,0.96,0.51,0.36,0,0,0.64,0,0,0,0,0,0,0,0,0,0,0,0,0,0,0,0,0,0,0,0,0,0,0,0,0.67,0,0,0,0,0,0,0,0,0,0,0,0,0,0,0,0,0,0,0,0,0,0,0,0,0.08,0,0,0,0,0,0,0,0,0,0,0,0,0,0,0,0,0,0,0,0,0,0,0,0,0,0,0,0,0,0,0,0,0,0,0,1.08,0,0,0,0,0,0,0,0,0,0,0,0,0,0,0
Au,none,14,-13.5,FBS,100,913.8369,20000,30,10,metal,rod,plasma,7.4,16,0.126944444,buffer,1,55,1,Neutral,0,0.58,4.21,0,6.57,0,0,0.58,6.01,0.51,0,0.37,0,0,0,0,0,1.88,0,0.07,0,0,0.39,0,0.16,0,11.16,0,0,0,0,0,0,0.22,0,0,0.12,0,4.82,0,0.48,0,1.32,0.16,0,0,0,0,0,0,0,0,0,0,0,0,0.13,0,0,0,0.82,0,0,0,0,0,0,0,0.61,0,0,0.29,0.15,1.1,0,0,0.48,0,0,0,0,0,0,0,0,0,0,0,0,0,0,0,0,0,0,0,0,0,0,0,0,0.5,0,0,0,0,0,0,0,0,0,0,0,0,0,0,0,0,0,0,0,0,0,0,0,0,0.05,0,0,0,0,0,0,0,0,0,0,0,0,0,0,0,0,0,0,0,0,0,0,0,0,0,0,0,0,0,0,0,0,0,0,0,1.06,0,0,0,0,0,0,0,0,0,0,0,0,0,0,0
Au,none,14,-18.9,FBS,10,913.8369,20000,30,10,metal,rod,plasma,7.4,16,0.126944444,buffer,1,37,1,Neutral,0,0,15,0,5.4,0,0,0,5.9,0,0,0,0,0,0,0,0,2.5,0,0,0,0,0,0,0,0,7.7,0,0,0,0,0,0,0,0,0,0,0,4.2,0,0,0,0,0,0,0,0,0,0,0,0,0,0,0,0,0,0,0,0,0,0,0,0,0,0,0,0,0,0,0,0,0,0,0,0,0,0,0,0,0,0,0,0,0,0,0,0,0,0,0,0,0,0,0,0,0,0,0,0,0,0,0,0,0,0,0,0,0,0,0,0,0,0,0,0,0,0,0,0,0,0,0,0,0,0,0,0,0,0,0,0,0,0,0,0,0,0,0,0,0,0,0,0,0,0,0,0,0,0,0,0,0,0,0,0,0,0,0,0,0,0,0,0,0,0,0,0,0,0,0,0,0,0,0,0,0,0,0
Au,none,14,-18.9,FBS,10,913.8369,20000,30,10,metal,rod,plasma,7.4,16,0.126944444,buffer,1,55,1,Neutral,0,0,6.9,0,9.8,0,0,0,7.1,0,0,0,0,0,0,0,0,4.1,0,0,0,0,0,0,0,0,10,0,0,0,0,0,0,0,0,0,0,0,6.4,0,0,0,0,0,0,0,0,0,0,0,0,0,0,0,0,0,0,0,0,0,0,0,0,0,0,0,0,0,0,0,0,0,0,0,0,0,0,0,0,0,0,0,0,0,0,0,0,0,0,0,0,0,0,0,0,0,0,0,0,0,0,0,0,0,0,0,0,0,0,0,0,0,0,0,0,0,0,0,0,0,0,0,0,0,0,0,0,0,0,0,0,0,0,0,0,0,0,0,0,0,0,0,0,0,0,0,0,0,0,0,0,0,0,0,0,0,0,0,0,0,0,0,0,0,0,0,0,0,0,0,0,0,0,0,0,0,0,0
Au,none,14,-18.9,FBS,100,913.8369,20000,30,10,metal,rod,plasma,7.4,16,0.126944444,buffer,1,37,1,Neutral,0,0,4.2,0,8.7,0,0,0,21,0,0,0,0,0,0,0,0,0.5,0,0,0,0,0,0,0,0,14.6,0,0,0,0,0,0,0,0,0,0,0,5.6,0,0,0,0,0,0,0,0,0,0,0,0,0,0,0,0,0,0,0,0,0,0,0,0,0,0,0,0,0,0,0,0,0,0,0,0,0,0,0,0,0,0,0,0,0,0,0,0,0,0,0,0,0,0,0,0,0,0,0,0,0,0,0,0,0,0,0,0,0,0,0,0,0,0,0,0,0,0,0,0,0,0,0,0,0,0,0,0,0,0,0,0,0,0,0,0,0,0,0,0,0,0,0,0,0,0,0,0,0,0,0,0,0,0,0,0,0,0,0,0,0,0,0,0,0,0,0,0,0,0,0,0,0,0,0,0,0,0,0
Au,none,14,-18.9,FBS,100,913.8369,20000,30,10,metal,rod,plasma,7.4,16,0.126944444,buffer,1,55,1,Neutral,0,0,3.6,0,9.1,0,0,0,5.5,0,0,0,0,0,0,0,0,2.3,0,0,0,0,0,0,0,0,11,0,0,0,0,0,0,0,0,0,0,0,4.1,0,0,0,0,0,0,0,0,0,0,0,0,0,0,0,0,0,0,0,0,0,0,0,0,0,0,0,0,0,0,0,0,0,0,0,0,0,0,0,0,0,0,0,0,0,0,0,0,0,0,0,0,0,0,0,0,0,0,0,0,0,0,0,0,0,0,0,0,0,0,0,0,0,0,0,0,0,0,0,0,0,0,0,0,0,0,0,0,0,0,0,0,0,0,0,0,0,0,0,0,0,0,0,0,0,0,0,0,0,0,0,0,0,0,0,0,0,0,0,0,0,0,0,0,0,0,0,0,0,0,0,0,0,0,0,0,0,0,0
Au,none,14,-18.9,FBS,10,913.8369,20000,30,10,metal,rod,plasma,7.4,16,0.126944444,buffer,1,37,1,Neutral,0,1.33,14.95,0,5.43,0,0,1.36,5.89,0.71,0,0.35,0,0,0,0,0,2.45,0,0.29,0,0,1.18,0,1.55,0,7.71,1.27,0,0,0,0,0,1.02,0,0,0.2,0,4.22,0,0.98,0,1.28,0.81,0,0,0,0,0,0,0,0,0,0,0,0,0.28,0,0,0,0.34,0,0,0,0,0,0,0,0.27,0,0,1.45,0.45,0.73,0,0,0.48,0,0,0,0,0,0,0,0,0,0,0,0,0,0,0,0,0,0,0,0,0,0,0,0,0.95,0,0,0,0,0,0,0,0,0,0,0,0,0,0,0,0,0,0,0,0,0,0,0,0,0.1,0,0,0,0,0,0,0,0,0,0,0,0,0,0,0,0,0,0,0,0,0,0,0,0,0,0,0,0,0,0,0,0,0,0,0,1.34,0,0,0,0,0,0,0,0,0,0,0,0,0,0,0
Au,none,14,-18.9,FBS,10,913.8369,20000,30,10,metal,rod,plasma,7.4,16,0.126944444,buffer,1,55,1,Neutral,0,0.38,6.88,0,9.75,0,0,0.41,7.12,0.74,0,0.43,0,0,0,0,0,4.14,0,0.9,0,0,0.11,0,0.1,0,10.02,1.31,0,0,0,0,0,0.13,0,0,0.16,0,6.37,0,1.42,0,1.66,0.79,0,0,0,0,0,0,0,0,0,0,0,0,0.14,0,0,0,0.32,0,0,0,0,0,0,0,0.34,0,0,0.26,0.43,0.33,0,0,0.35,0,0,0,0,0,0,0,0,0,0,0,0,0,0,0,0,0,0,0,0,0,0,0,0,0.58,0,0,0,0,0,0,0,0,0,0,0,0,0,0,0,0,0,0,0,0,0,0,0,0,0.11,0,0,0,0,0,0,0,0,0,0,0,0,0,0,0,0,0,0,0,0,0,0,0,0,0,0,0,0,0,0,0,0,0,0,0,1.19,0,0,0,0,0,0,0,0,0,0,0,0,0,0,0
Au,none,14,-18.9,FBS,100,913.8369,20000,30,10,metal,rod,plasma,7.4,16,0.126944444,buffer,1,37,1,Neutral,0,0.18,4.15,0,7.72,0,0,0.43,20.95,1.19,0,0.37,0,0,0,0,0,0.52,0,1.15,0,0,0.7,0,0.38,0,14.58,0,0,0,0,0,0,0.31,0,0,0.58,0,5.6,0,0.47,0,2.59,0.22,0,0,0,0,0,0,0,0,0,0,0,0,0.55,0,0,0,0.51,0,0,0,0,0,0,0,0.21,0,0,0.18,0.07,1.2,0,0,0.49,0,0,0,0,0,0,0,0,0,0,0,0,0,0,0,0,0,0,0,0,0,0,0,0,0.36,0,0,0,0,0,0,0,0,0,0,0,0,0,0,0,0,0,0,0,0,0,0,0,0,0.27,0,0,0,0,0,0,0,0,0,0,0,0,0,0,0,0,0,0,0,0,0,0,0,0,0,0,0,0,0,0,0,0,0,0,0,0.49,0,0,0,0,0,0,0,0,0,0,0,0,0,0,0
Au,none,14,-18.9,FBS,100,913.8369,20000,30,10,metal,rod,plasma,7.4,16,0.126944444,buffer,1,55,1,Neutral,0,0.42,3.58,0,9.12,0,0,0.27,5.52,0.09,0,0.1,0,0,0,0,0,2.27,0,0.15,0,0,0.07,0,0.52,0,11.06,0,0,0,0,0,0,0.05,0,0,0.03,0,4.07,0,0.39,0,1.75,0.28,0,0,0,0,0,0,0,0,0,0,0,0,0.21,0,0,0,1.04,0,0,0,0,0,0,0,0.03,0,0,0.37,0.07,0.98,0,0,0.44,0,0,0,0,0,0,0,0,0,0,0,0,0,0,0,0,0,0,0,0,0,0,0,0,0.11,0,0,0,0,0,0,0,0,0,0,0,0,0,0,0,0,0,0,0,0,0,0,0,0,0.06,0,0,0,0,0,0,0,0,0,0,0,0,0,0,0,0,0,0,0,0,0,0,0,0,0,0,0,0,0,0,0,0,0,0,0,1.16,0,0,0,0,0,0,0,0,0,0,0,0,0,0,0
SWCNT,none,1.45,-13.5,RS,10,1000,14000,10,25,carbon,tube,PBS,7.4,1.45,0.126944444,water,8,4,1,Neutral,0.877529491,1.124484511,1.004603433,0.86074614,1.030977271,0,1.064543972,1.15325597,0.632972092,0.810396087,0.791215115,1.208401266,0.330871775,1.150858349,0,0,1.304306128,1.098110674,0,1.294715642,0.793612736,1.062146351,0.93747003,0.990217704,1.647166011,1.289920399,0.712093603,0,0,0,0,0,0,0,0,0.99980819,0,0,0,1.481730124,1.047760621,1.405006234,0,0,0,0,0,0,0.750455548,1.33787283,0,1.119689268,0.971036732,0,1.464946773,0.371631342,1.057351108,1.510501582,0,0,0.381221828,0.971036732,0,0,1.270739426,0,0,1.299510885,0,0.954253381,0,0,0,0,0,0,0.151050158,0.613791119,0.915891436,0,0,0,1.695118443,0.96863911,0,0,0,1.548863527,0,0,0,0,0,0,0,0,0,0,0,0.836769924,1.41459672,0,0,0,0,0,0,0,0,0,0,0,0.987820082,0.604200633,0,0,0,0,0,0,0,0.503500527,0,0,0,0,0,0,0,0,0,0,0,0,0,0,0,0,0,0.906300949,0,0,1.654358876,0,0,0,0,0,0,0.779227007,0,0,0,0,0,0,0,0,0,0,0,0,1.838975736,0,0,0,0,0,0,0,0,0,0,0,0,0,0,1.050158243
SWCNT,none,1.45,-13.5,RS,10,1000,14000,10,25,carbon,tube,PBS,7.4,1.45,0.126944444,water,8,4,1,Neutral,0.593896392,0.60761677,0.852623532,0.507654011,0.689939042,0.546855093,0.735020287,0.480213254,0.288127952,0.852623532,1.881651934,0.946706129,0.991787373,1.417119112,0,0,0.844783316,1.217193595,0,0.878104236,0.537054823,0.811462396,0.834983046,0.686018934,0.627217311,0.72718007,0.65073796,0,0,1.377918031,1.589603873,0,0,0,0,0.642897744,0,0,0,0.913385209,0.776181423,0.656618123,0,0,0,0,0,0,0.899664831,0.80362218,1.41123895,0.744820557,1.209353378,0,0.703659421,0.927105588,0.65073796,1.074109645,1.330876732,0,0.970226778,0.887904506,0,0,1.017268077,0.662498285,0,0.67425861,0,0.507654011,0,0,0,0,0,0.797742018,0.054881515,0.676218664,0.67425861,0,0,0,0.697779259,0.80362218,0,0,0,1.660165821,0,0.758540936,0,0,0,0,0,0,0,0,0,1.426919383,0.954546345,0,0,0,0,0,0,0,0,0,0,0,0.484133362,0.558615418,0,0,0,0,0,0,0,0.925145534,0,0,0,0,0,0,0,0,0,0,0,0,0,0,0,0,0,0.76050099,0,0,0.441012172,0,0,0.535094769,0,0,0,0.703659421,0,0,0,0,0,0,0,0,0,0,0,0,0.819302613,0.619377095,0,0,0,0,0,0,0,0,0,0,0,0,0,0.88006429
SWCNT,none,1.45,-13.5,RS,10,1000,14000,10,25,carbon,tube,PBS,7.4,1.45,0.126944444,water,8,4,1,Neutral,0.852939767,0.831376683,0.960755187,0.824188988,0.855335665,0,0.462408357,1.209928602,0.72835306,0.749916144,4.470746082,0.735540754,0,2.307249988,0,0,0.644496622,0.553452489,1.562125641,0.790646413,0.685226892,0.975130576,0.893670037,0.721165365,0.879294648,0.663663808,0.843356174,0,0,0,1.415975849,0,0,0,0,1.454310221,0.654080215,0,0,1.207532704,0.845752072,0,0,1.231491686,0,1.308160429,0,0,0.60616225,1.042215727,1.466289712,1.056591116,1.068570607,0,0,0,1.070966505,1.44233073,0.462408357,0,0.790646413,0.900857732,0,0,0.860127462,0,0,0.483971441,0,0.725957161,0,0,0,0,0,0,0.105419522,0,1.020652643,0,0,1.157218841,0,0.975130576,0,0,0,0,0,0,0,0,0,0,0,0,0,0,0,1.142843452,0,0,0,0,0,0,0,0,0,0.90325363,0,0,0.828980785,0,0,0,0,0,0,0,0,0.668455604,0,0,0,0,0,0,0,0,0,0.920024917,0,0,0,0,0,0,0,0,0,0,0,0,0,0,0,0,0,0.778666922,0,0,0,0,0,0,0,0,0,0,0,0,0,0,0,0,0,0,0,0,0,0,0,0,0,0,0,0.936796205
SWCNT,none,1.45,-13.5,RS,10,1000,14000,10,25,carbon,tube,PBS,7.4,1.45,0.126944444,water,8,4,1,Neutral,0.952976097,1.22116336,1.090975368,0.934749779,1.119616727,0,1.156069364,1.252408478,0.687392595,0.880070822,2.103837942,1.312294954,0,2.12987554,0,0,1.416445347,1.192522002,0,1.406030308,0.861844503,1.153465604,1.018070093,1.075352809,1.788783003,1.400822788,0.773316669,0,0,0,0,0,0,0,0,1.085767849,0,0,0,1.609123574,1.137843045,0,0,0,0,0.669166276,0,0,0.814976827,1.452897985,1.273238556,1.21595584,1.054522731,0,0,0,1.148258085,1.640368692,0,0,0.413997813,1.054522731,0,0,1.379992709,0,0,1.411237827,0,1.036296412,0,0,0,0,0,0,0.164036869,0,0.994636255,0,0,0,0,1.051918971,0,0,0,0,0,0,0,0,0,0,0,0,0,0,0,0.90871218,0,0,0,0,0,0,0,0,0,0,0,0,1.07274905,0,0,0,0,0,0,0,0,0.546789564,0,0,0,0,0,0,0,0,0,2.174139457,0,0,0,0,0,0,0,0,0,0,0,0,0,0,0,0,0,0.846221944,0,0,0,0,0,0,0,0,0,0,0,0,0,0,0,0,0,0,0,0,0,0,0,0,0,0,0,1.140446805
SWCNT,none,1.45,-13.5,RS,10,1000,14000,10,25,carbon,tube,PBS,7.4,1.45,0.126944444,water,8,4,1,Neutral,1.077870129,1.034755323,0.675465281,0.955711514,0.876667705,0,0.986849984,0.977268917,0.483843924,1.140147069,0.670674746,0,0,3.942609403,0,0,0.816786031,1.056312726,1.394045366,1.041941124,1.1161944,1.3988359,1.240748281,1.053917459,1.109008599,0.876667705,0.536539797,0,0,0,2.325804211,0,0,0,0,0,0.857505569,0,0,0,0.388033246,0,0,0,0,0.749718556,0,0,1.396440633,0.831157633,0.735346954,1.032360057,0.052695873,0,0,0,1.128170735,1.45392704,0,0,0.938944645,1.346140027,0,0,0.883853505,0,0,0.989245251,0,1.178471341,0,0,0,0,0,0,0,0,1.190447675,0,0.091020144,0,0,0.414381183,0,0,1.806031282,0,0,0,0,0,0,0,0,0,0,0,0,1.657524731,0,0,0,0,0,0,0,0,0,1.331768426,0,0,1.027569523,0.914991976,0,0,0,0,0,0,0,0.713789552,0,0,0,0,0,0,0,0,0,0.455100721,0,0,0,0,0,0,0,0,0,0,0,0,0,0,0,0,0,1.331768426,0,0,0,0,0,0,0,0,0,0,0,0,0,0,0,0,0,0,0,0,0,0,0,0,0,0,0,0.888644039
SWCNT,none,1.45,-13.5,RS,10,1000,14000,10,25,carbon,tube,PBS,7.4,1.45,0.126944444,water,8,4,1,Neutral,1.009655172,1.293793103,1.155862069,0.990344828,1.186206897,0,1.224827586,1.326896552,0.728275862,0.932413793,2.228965518,0,0,2.256551724,0,0,1.500689655,1.263448276,0,1.489655172,0.913103448,1.222068966,1.07862069,1.139310345,1.895172414,1.484137931,0.819310345,0,0,0,0,0,0,0,0,0,0,0,0,0,1.205517241,0,0,0,0,0.708965517,0,0,0.863448276,1.539310345,0,1.288275862,1.117241379,0,0,0,1.216551724,1.737931034,0,0,0.43862069,1.117241379,0,0,1.462068966,0,0,1.495172414,0,1.097931034,0,0,0,0,0,0,0,0,1.053793103,0,0,0,0,1.114482759,0,0,0,0,0,0,0,0,0,0,0,0,0,0,0,0.962758621,0,0,0,0,0,0,0,0,0,0,0,0,1.136551724,0.695172414,0,0,0,0,0,0,0,0.579310345,0,0,0,0,0,0,0,0,0,2.303448276,0,0,0,0,0,0,0,0,0,0,0,0,0,0,0,0,0,0.896551724,0,0,0,0,0,0,0,0,0,0,0,0,0,0,0,0,0,0,0,0,0,0,0,0,0,0,0,1.208275862
SWCNT,none,1.45,-13.5,RS,10,1000,14000,10,25,carbon,tube,PBS,7.4,1.45,0.126944444,water,8,4,1,Neutral,0.807659893,0.873209102,1.025376908,0.819365109,0.711677123,0,0.650810001,0.515029497,0.430751943,1.135405937,3.633298998,0,0,2.923962918,0,0,1.210319318,0.449480288,1.044105253,1.172862628,1.032400037,0.983238131,0.763180073,0.742110685,0.817024066,0.920029965,0.629740612,0,0,0,1.013671692,0,0,0,0,1.184567843,1.04878734,0,0,0,1.14477011,0,0,0,0,1.236070793,0,0,0.980897088,1.04878734,1.725348816,0.80531885,1.502949714,0,0.301994569,0,0.880232231,0.840434498,0,0,0.943440397,0.489278022,0,0,1.175203671,1.083902987,0,1.168180541,0,0.573555576,0,0,0,0,0,0,0,0,0.903642663,0,0,1.474857196,0,0.777226332,0,0,0,0,1.259481225,0,0,0,0,0,0,0,0,0,0,0.798295721,0,0,0,0,0,0,0,0,0,0.903642663,0,0,0.7538159,0,0,0,0,0,0,0,0,1.135405937,0,0,0,0,0,0,0,0,0,0,0,0,0,0,0,0,0,0,0,0,0,0,1.378874426,0,0,0,0,0.599307051,0,0,0,0,0,0,0,0,0,0,0,0,0,0.903642663,0,0,0,0,0,0,0,0,0,0,0,0,0.66485626,1.402284858
SWCNT,none,1.45,-13.5,RS,10,1000,14000,10,25,carbon,tube,PBS,7.4,1.45,0.126944444,water,8,4,1,Neutral,0.950921042,1.21852997,1.088622723,0.932734028,1.117202318,0,1.153576346,1.249707709,0.68591026,0.878172984,2.099301099,0,0,2.125282548,0,0,1.413390839,1.189950375,0,1.402998259,0.85998597,1.150978202,1.015874665,1.073033854,1.784925563,1.397801969,0.771649043,0,0,0,0,0,0,0,0,1.083426434,0,0,0,0,1.135389332,0,0,0,0,0.667723246,0,0,0.813219361,1.449764868,1.270492868,1.21333368,1.052248694,0,1.587466549,0,1.145781912,1.636831302,0,0,0.413105043,1.052248694,0,0,1.37701681,0,0,1.408194549,0,1.03406168,0,0,0,0,0,0,0,0,0.992491361,0,0,0,0,1.04965055,0,0,0,0,0,0,0,0,0,0,0,0,0,0,0,0.906752579,0,0,0,0,0,0,0,0,0,0,0,0,1.070435709,0,0,0,0,0,0,0,0,0.545610434,0,0,0,0,0,0,0,0,0,0,0,0,0,0,0,0,0,0,0,0,0,0,0,0,0,0,0,0.8443971,0,0,0,0,0,0,0,0,0,0,0,0,0,0,0,0,0,0,0,0,0,0,0,0,0,0,0,1.137987477
SWCNT,none,1.45,-13.5,RS,10,1000,14000,10,25,carbon,tube,PBS,7.4,1.45,0.126944444,water,8,4,1,Neutral,0.717978173,1.211424991,1.224479139,1.099159313,0.976450316,0,0.793692235,1.261030756,0.994726124,1.294971542,4.454075505,1.02866691,0,0,0,0,0.971228656,0.733643152,1.631768576,1.104380972,1.214035821,1.153986737,1.153986737,1.208814161,1.412458879,0.519555115,1.106991802,0,0,0,0,0,0,0,0,0,1.153986737,0,0,0,0.310688737,0,0,0,0,0.997336954,0,0,1.088715994,0.955563678,1.104380972,1.067829356,0.791081406,0,0,0,1.417680539,1.193149183,0,0,0.851130489,0.665761579,0,0,1.140932588,1.146154248,0,0.952952848,0,0.973839486,0,0,0,0,0,0,0,0,0.822411362,0,0,0,0,1.297582372,0,0,0,0,0,0,0,0,0,0,0,0,0,0,0,0.540441752,0,0,0,0,0,0,0,0,0,0.908568743,0,0,0.56655005,0,0,0,0,0,0,0,0,1.12265678,0,0,0,0,0,0,0,0,0,0,0,0,0,0,0,0,0,0,0,0,0,0,0,0,0,0,0,1.610881938,0,0,0,0,0,0,0,0,0,0,0,0,0,0,0,0,0,0,0,0,0,0,0,0,0,0,0,0.885071276
SWCNT,none,1.45,-13.5,RS,10,1000,14000,10,25,carbon,tube,PBS,7.4,1.45,0.126944444,water,8,4,1,Neutral,1.10999909,1.422375883,1.270736663,1.088769599,1.304097292,0,1.346556273,1.458769296,0.800655081,1.025081127,2.450489795,1.528523337,0,0,0,0,1.649834713,1.389015255,0,1.637703576,1.003851636,1.343523489,1.1858187,1.252539957,2.083522882,1.631638007,0.900736967,0,0,0,0,0,0,0,0,0,0,0,0,0,1.325326783,0,0,0,0,0.779425591,0,0,0.949261517,1.692293695,0,1.416310314,1.228277682,0,0,0,1.33745792,1.910654172,0,0,0.482212719,1.228277682,0,0,1.607375732,0,0,1.643769144,0,1.207048191,0,0,0,0,0,0,0,0,1.158523641,0,0,0,0,1.225244897,0,0,0,0,0,0,0,0,0,0,0,0,0,0,0,1.058441755,0,0,0,0,0,0,0,0,0,0,0,0,1.249507173,0,0,0,0,0,0,0,0,0.636884724,0,0,0,0,0,0,0,0,0,0,0,0,0,0,0,0,0,0,0,0,0,0,0,0,0,0,0,0.98565493,0,0,0,0,0,0,0,0,0,0,0,0,0,0,0,0,0,0,0,0,0,0,0,0,0,0,0,1.328359567
PS,none,73,-13.5,HS,77,10000,20000,60,4,other,sphere,water,7,73,0.126944444,buffer,1,37,1,Neutral,1.03,1.03,1.75,0.32,40.84,0.37,6.38,2.11,0.08,1.42,1.24,0,4.98,0.73,0.58,0,0.04,0,2.03,2.05,0.37,0,1.33,0,0,0.2,0.27,0.17,0,1.17,0,0,0.08,1.51,0.65,0.89,0,0.34,2.71,0.46,0.15,0.04,0.21,0,0.33,0,0.15,0,0,0.91,1.43,0,0.18,0.3,0,0.85,0,0,0,0.32,0,0,0,0,0,0,0,0.09,0,0,0.04,0.57,0,0.16,0,0.67,0.54,0,0.02,0,0,0,0,0,0.58,0,0,0,0,0,0,0,0,0,0,0,0,0,0,0,0,0,0,0,0,0,0,0,0,0,0,0,0,0,0,0,0,0,0,0,0,0,0,0,0,0.01,0,0,0.25,0,0,0,0,0,0,0,0,0,0,0,0,0,0,0.64,0,0,0,0,0,0,0.17,0,0,0,0,0,0,0,0,0,0,0,0,0,0,0,0,0,0,0,0,0,0,0,0,0,0,0
PS,none,73,-13.5,HS,77,10000,20000,60,4,other,sphere,water,7,73,0.126944444,buffer,1,37,1,Neutral,1.96,0.25,8.65,0.52,6.94,0.66,19.49,14.89,0.13,0.58,0.28,0,20.41,0.61,0.78,0,0,1.37,1.03,0.48,0.13,0.05,0.78,0.6,0,0.15,0,0,0,2.47,0.09,0,0,0,0.23,0.09,0,1.48,0,0,0,0,0,0,0,0,0,0.57,0,0.18,2.34,0,0.25,1.8,0.04,0.58,0,0,0,0.06,0.07,0.08,0,0,0.29,0,0,0.23,0,0.76,0,0,0,0,0,0.63,0.07,0,0.07,0,0,0,0,0,1.02,0,0,0.03,0,0,0,0,0,0,0,0,0,0,0.11,0,0,0,0,0,0,0,0,0,0.08,0,0,0,0.06,0,0,0,0.02,0,0.05,0,0,0,0,0,0,0.02,0,0,0.08,0,0,0,0.11,0,0,0,0,0,0,0,0,0,0,0.05,0,0,0,0,0,0,0.02,0,0,0,0,0,0,0,0,0,0,0,0,0,0,0,0,0,0,0,0,0,0,0,0,0,0,0
PS,none,73,-13.5,HS,77,10000,20000,60,4,other,sphere,water,7,73,0.126944444,buffer,1,37,1,Neutral,0.95,0.22,10.29,0.56,3.54,0.61,20.11,14.99,0.13,0.59,0.25,0,20.29,0.63,0.91,0,0,1.77,1.01,0.33,0.12,0.05,0.89,0.59,0,0.18,0,0,0,2.61,0.08,0,0,0,0.2,0.07,0,1.43,0,0,0,0,0,0,0,0,0,0.65,0,0.15,2.57,0,0.22,1.93,0.04,0.53,0,0,0,0.06,0.07,0.07,0,0,0.35,0,0,0.22,0,0.94,0,0,0,0,0,0.44,0.04,0,0.04,0,0,0,0,0,1.12,0,0,0.04,0,0,0,0,0,0,0,0,0,0,0.14,0,0,0,0,0,0,0,0,0,0.09,0,0,0,0.06,0,0,0,0.02,0,0.03,0,0,0,0,0,0,0.02,0,0,0.05,0,0,0,0.11,0,0,0,0,0,0,0,0,0,0,0.03,0,0,0,0,0,0,0.02,0,0,0,0,0,0,0,0,0,0,0,0,0,0,0,0,0,0,0,0,0,0,0,0,0,0,0
PS,none,73,-13.5,HS,77,10000,20000,60,4,other,sphere,water,7,73,0.126944444,buffer,1,37,1,Neutral,0.82,0.14,12.9,0.65,1.65,0.6,19.86,16.77,0.15,0.62,0.18,0,20.7,0.8,0.58,0,0,1.94,1.23,0.25,0.09,0.04,0.84,0.42,0,0.17,0,0,0,3.02,0.09,0,0,0,0.11,0.06,0,1.57,0,0,0,0,0,0,0,0,0,0.71,0,0.09,2.3,0,0.2,1.7,0.04,0.6,0,0,0,0.04,0.08,0.06,0,0,0.2015,0,0,0.16,0,0.5,0,0,0,0,0,0.46,0.04,0,0.03,0,0,0,0,0,1.15,0,0,0.04,0,0,0,0,0,0,0,0,0,0,0.1,0,0,0,0,0,0,0,0,0,0.08,0,0,0,0.06,0,0,0,0.02,0,0.04,0,0,0,0,0,0,0.02,0,0,0.04,0,0,0,0.1,0,0,0,0,0,0,0,0,0,0,0.02,0,0,0,0,0,0,0,0,0,0,0,0,0,0,0,0,0,0,0,0,0,0,0,0,0,0,0,0,0,0,0,0,0,0
PS,COOH,70,-13.5,HS,77,10000,20000,60,4,other,sphere,water,7,70,0.126944444,buffer,1,37,1,Anionic,0.98,0.65,2.02,0.16,47.74,1.18,6.43,0.35,0,0.75,0.77,0,5.4,1.11,0.57,0,0,0,1.01,1.66,0.25,0,0.48,4.91,0,0.26,0.22,0.36,1.45,0.48,0.03,0,0.1,0,0.63,0.73,0,0.43,0.56,0.42,0.13,0.13,0.28,0,1.27,0,0.08,0,0,0.93,0.4,0,0.17,0.35,0,1.05,0,0,0,0.16,0,0,0,0,0,0,1.21,0,0,0,0,0.2,0,0.11,0,0.56,0.47,0,0,0.08,0,0,0,0,0.32,0,0.21,0,0,0,0,0,0,0,0,0,0,0,0,0,0,0,0.04,0,0,0,0,0,0,0,0,0,0,0,0,0,0,0,0,0,0,0,0,0,0,0,0,0,0.2,0,0,0,0,0,0,0,0,0,0,0,0,0,0.04,0.41,0,0,0,0,0,0.5,0.04,0,0,0,0,0,0,0,0,0,0,0,0,0,0,0,0,0,0,0,0,0,0,0,0,0,0,0
PS,COOH,70,-13.5,HS,77,10000,20000,60,4,other,sphere,water,7,70,0.126944444,buffer,1,37,1,Anionic,0.39,0.29,3.28,2.94,0.69,10.73,21.24,2.09,0,2.81,0.03,0,23.51,2.63,0.03,0,0.02,0.26,0.14,0.18,0.05,0.47,0.02,0,0,0.19,0,1.98,0,3.26,0,0,0,0.61,0.09,2.72,0,3.1,0,0.45,0,0,0,0.03,0,0,0.1,0.04,0,0.02,1.7,0,0.08,1.52,0.17,0,0,0,0.04,0,0,0.12,0,0.18,0.12,0,0.2,0.27,0.04,0.26,0,0,0,0,0,1.37,0,0.04,0.03,0.26,0.06,0,0,0.06,0.27,0.13,2.27,0.04,0,0,0,0.15,0,0,0,0,0,0,0,0.1,0,0,0,0.02,0,0,0.4,0,0.13,0,0,0,0.08,0,0,0.02,0.02,0,0,0.09,0.17,0,0,0,0,0,0,0,0,0,0,0,0.07,0,0,0,0,0.03,0,0,0,0.04,0,0,0,0,0,0,0.16,0,0,0,0,0,0,0,0,0.37,0,0,0,0,0,0,0,0,0,0,0,0,0.05,0,0,0,0,0,0,0
PS,NH2,74,-13.5,HS,77,10000,20000,60,4,other,sphere,water,7,74,0.126944444,buffer,1,37,1,Anionic,0.98,0.55,2.46,0.07,49.31,0.36,5.98,1.34,0,0.37,0.91,0,5.37,1.14,0.61,0,0,0,1,1.47,0.24,0,0.68,4.77,0,0.2,0.2,0.15,1.32,0.33,0.04,0,0.09,0,0.67,0.21,0,0.43,0.31,0.7,0.14,0.11,0.38,0,0.57,0,0.07,0,0,0.81,0.38,0,0.12,0.33,0,1.17,0,0,0,0.18,0,0,0,0,0,0,1.38,0,0,0,0,0.21,0,0.1,0,0.58,0.37,0,0,0.01,0,0,0,0,0.31,0,0.01,0,0,0,0,0,0,0,0,0,0,0,0,0,0,0,0.04,0,0,0,0,0,0,0,0,0,0,0,0,0,0,0,0,0,0,0,0,0,0,0,0,0,0.14,0,0,0,0,0,0,0,0,0,0,0,0,0,0.04,0.41,0,0,0,0,0,1.02,0.03,0,0,0,0,0,0,0,0,0,0,0,0,0,0,0,0,0,0,0,0,0,0,0,0,0,0,0
PS,NH2,74,-13.5,HS,77,10000,20000,60,4,other,sphere,water,7,74,0.126944444,buffer,1,37,1,Anionic,1.16,0.28,8.58,0.56,1.31,0.36,22.01,13.76,0.07,0.1,0.05,0,26.76,3.22,0.03,0,0,0.85,0.11,0.18,0.05,0.11,0.31,0.02,0.01,0.14,0,0.04,0,0.06,0.05,0,0.06,0.11,0.17,0.05,0,3.04,0.04,0,0.01,0,0,0,0,0,0,0.27,0,0.03,1.65,0,0.07,1.78,0.09,0.07,0,0,0,0.04,0.04,0.1,0,0,0.09,0.04,0,0.36,0,0.16,0.02,0,0,0,0,0.92,0.02,0,0.11,0,0.01,0,0,0.05,0.21,0,0.06,0.01,0.04,0,0.01,0.02,0,0,0,0,0,0.03,0.04,0.07,0,0,0.02,0.24,0.02,0,0,0,0.01,0,0,0,0.2,0,0,0.02,0.03,0,0.02,0.02,0.04,0,0,0,0,0.01,0,0,0.03,0.01,0,0,0.22,0.03,0,0,0,0,0,0,0,0,0,0.04,0.02,0,0,0,0,0,0,0,0,0,0.01,0,0,0,0,0,0.02,0,0,0,0,0,0,0,0,0.06,0,0,0,0,0,0,0,0
PS,none,73,-13.5,HS,77,10000,20000,60,4,other,sphere,water,7,73,0.126944444,buffer,1,37,1,Neutral,1.03,1.03,1.75,0.32,40.84,0.37,6.38,2.11,0.08,1.42,1.24,0,4.98,0.73,0.58,0,0.04,0,2.03,2.05,0.37,0,1.33,0,0,0.2,0.27,0.17,0,1.17,0,0,0.08,1.51,0.65,0.89,0,0.34,2.71,0.46,0.15,0.04,0.21,0,0.33,0,0.15,0,0,0.91,1.43,0,0.18,0.3,0,0.85,0,0,0,0.32,0,0,0,0,0,0,0,0.09,0,0,0.04,0.57,0,0.16,0,0.67,0.54,0,0.02,0,0,0,0,0,0.58,0,0,0,0,0,0,0,0,0,0,0,0,0,0,0,0,0,0,0,0,0,0,0,0,0,0,0,0,0,0,0,0,0,0,0,0,0,0,0,0,0.01,0,0,0.25,0,0,0,0,0,0,0,0,0,0,0,0,0,0,0.64,0,0,0,0,0,0,0.17,0,0,0,0,0,0,0,0,0,0,0,0,0,0,0,0,0,0,0,0,0,0,0,0,0,0,0
PS,none,73,-13.5,HS,77,10000,20000,60,4,other,sphere,water,7,73,0.126944444,buffer,1,37,1,Neutral,1.96,0.25,8.65,0.52,6.94,0.66,19.49,14.89,0.13,0.58,0.28,0,20.41,0.61,0.78,0,0,1.37,1.03,0.48,0.13,0.05,0.78,0.6,0,0.15,0,0,0,2.47,0.09,0,0,0,0.23,0.09,0,1.48,0,0,0,0,0,0,0,0,0,0.57,0,0.18,2.34,0,0.25,1.8,0.04,0.58,0,0,0,0.06,0.07,0.08,0,0,0.29,0,0,0.23,0,0.76,0,0,0,0,0,0.63,0.07,0,0.07,0,0,0,0,0,1.02,0,0,0.03,0,0,0,0,0,0,0,0,0,0,0.11,0,0,0,0,0,0,0,0,0,0.08,0,0,0,0.06,0,0,0,0.02,0,0.05,0,0,0,0,0,0,0.02,0,0,0.08,0,0,0,0.11,0,0,0,0,0,0,0,0,0,0,0.05,0,0,0,0,0,0,0.02,0,0,0,0,0,0,0,0,0,0,0,0,0,0,0,0,0,0,0,0,0,0,0,0,0,0,0
PS,none,73,-13.5,HS,77,10000,20000,60,4,other,sphere,water,7,73,0.126944444,buffer,1,37,1,Neutral,0.95,0.22,10.29,0.56,3.54,0.61,20.11,14.99,0.13,0.59,0.25,0,20.29,0.63,0.91,0,0,1.77,1.01,0.33,0.12,0.05,0.89,0.59,0,0.18,0,0,0,2.61,0.08,0,0,0,0.2,0.07,0,1.43,0,0,0,0,0,0,0,0,0,0.65,0,0.15,2.57,0,0.22,1.93,0.04,0.53,0,0,0,0.06,0.07,0.07,0,0,0.35,0,0,0.22,0,0.94,0,0,0,0,0,0.44,0.04,0,0.04,0,0,0,0,0,1.12,0,0,0.04,0,0,0,0,0,0,0,0,0,0,0.14,0,0,0,0,0,0,0,0,0,0.09,0,0,0,0.06,0,0,0,0.02,0,0.03,0,0,0,0,0,0,0.02,0,0,0.05,0,0,0,0.11,0,0,0,0,0,0,0,0,0,0,0.03,0,0,0,0,0,0,0.02,0,0,0,0,0,0,0,0,0,0,0,0,0,0,0,0,0,0,0,0,0,0,0,0,0,0,0
PS,none,73,-13.5,HS,77,10000,20000,60,4,other,sphere,water,7,73,0.126944444,buffer,1,37,1,Neutral,0.82,0.14,12.9,0.65,1.65,0.6,19.86,16.77,0.15,0.62,0.18,0,20.7,0.8,0.58,0,0,1.94,1.23,0.25,0.09,0.04,0.84,0.42,0,0.17,0,0,0,3.02,0.09,0,0,0,0.11,0.06,0,1.57,0,0,0,0,0,0,0,0,0,0.71,0,0.09,2.3,0,0.2,1.7,0.04,0.6,0,0,0,0.04,0.08,0.06,0,0,0.2015,0,0,0.16,0,0.5,0,0,0,0,0,0.46,0.04,0,0.03,0,0,0,0,0,1.15,0,0,0.04,0,0,0,0,0,0,0,0,0,0,0.1,0,0,0,0,0,0,0,0,0,0.08,0,0,0,0.06,0,0,0,0.02,0,0.04,0,0,0,0,0,0,0.02,0,0,0.04,0,0,0,0.1,0,0,0,0,0,0,0,0,0,0,0.02,0,0,0,0,0,0,0,0,0,0,0,0,0,0,0,0,0,0,0,0,0,0,0,0,0,0,0,0,0,0,0,0,0,0
PS,COOH,70,-13.5,HS,77,10000,20000,60,4,other,sphere,water,7,70,0.126944444,buffer,1,37,1,Anionic,0.98,0.65,2.02,0.16,47.74,1.18,6.43,0.35,0,0.75,0.77,0,5.4,1.11,0.57,0,0,0,1.01,1.66,0.25,0,0.48,4.91,0,0.26,0.22,0.36,1.45,0.48,0.03,0,0.1,0,0.63,0.73,0,0.43,0.56,0.42,0.13,0.13,0.28,0,1.27,0,0.08,0,0,0.93,0.4,0,0.17,0.35,0,1.05,0,0,0,0.16,0,0,0,0,0,0,1.21,0,0,0,0,0.2,0,0.11,0,0.56,0.47,0,0,0.08,0,0,0,0,0.32,0,0.21,0,0,0,0,0,0,0,0,0,0,0,0,0,0,0,0.04,0,0,0,0,0,0,0,0,0,0,0,0,0,0,0,0,0,0,0,0,0,0,0,0,0,0.2,0,0,0,0,0,0,0,0,0,0,0,0,0,0.04,0.41,0,0,0,0,0,0.5,0.04,0,0,0,0,0,0,0,0,0,0,0,0,0,0,0,0,0,0,0,0,0,0,0,0,0,0,0
PS,COOH,70,-13.5,HS,77,10000,20000,60,4,other,sphere,water,7,70,0.126944444,buffer,1,37,1,Anionic,0.39,0.29,3.28,2.94,0.69,10.73,21.24,2.09,0,2.81,0.03,0,23.51,2.63,0.03,0,0.02,0.26,0.14,0.18,0.05,0.47,0.02,0,0,0.19,0,1.98,0,3.26,0,0,0,0.61,0.09,2.72,0,3.1,0,0.45,0,0,0,0.03,0,0,0.1,0.04,0,0.02,1.7,0,0.08,1.52,0.17,0,0,0,0.04,0,0,0.12,0,0.18,0.12,0,0.2,0.27,0.04,0.26,0,0,0,0,0,1.37,0,0.04,0.03,0.26,0.06,0,0,0.06,0.27,0.13,2.27,0.04,0,0,0,0.15,0,0,0,0,0,0,0,0.1,0,0,0,0.02,0,0,0.4,0,0.13,0,0,0,0.08,0,0,0.02,0.02,0,0,0.09,0.17,0,0,0,0,0,0,0,0,0,0,0,0.07,0,0,0,0,0.03,0,0,0,0.04,0,0,0,0,0,0,0.16,0,0,0,0,0,0,0,0,0.37,0,0,0,0,0,0,0,0,0,0,0,0,0.05,0,0,0,0,0,0,0
PS,NH2,74,-13.5,HS,77,10000,20000,60,4,other,sphere,water,7,74,0.126944444,buffer,1,37,1,Anionic,0.98,0.55,2.46,0.07,49.31,0.36,5.98,1.34,0,0.37,0.91,0,5.37,1.14,0.61,0,0,0,1,1.47,0.24,0,0.68,4.77,0,0.2,0.2,0.15,1.32,0.33,0.04,0,0.09,0,0.67,0.21,0,0.43,0.31,0.7,0.14,0.11,0.38,0,0.57,0,0.07,0,0,0.81,0.38,0,0.12,0.33,0,1.17,0,0,0,0.18,0,0,0,0,0,0,1.38,0,0,0,0,0.21,0,0.1,0,0.58,0.37,0,0,0.01,0,0,0,0,0.31,0,0.01,0,0,0,0,0,0,0,0,0,0,0,0,0,0,0,0.04,0,0,0,0,0,0,0,0,0,0,0,0,0,0,0,0,0,0,0,0,0,0,0,0,0,0.14,0,0,0,0,0,0,0,0,0,0,0,0,0,0.04,0.41,0,0,0,0,0,1.02,0.03,0,0,0,0,0,0,0,0,0,0,0,0,0,0,0,0,0,0,0,0,0,0,0,0,0,0,0
PS,NH2,74,-13.5,HS,77,10000,20000,60,4,other,sphere,water,7,74,0.126944444,buffer,1,37,1,Anionic,1.16,0.28,8.58,0.56,1.31,0.36,22.01,13.76,0.07,0.1,0.05,0,26.76,3.22,0.03,0,0,0.85,0.11,0.18,0.05,0.11,0.31,0.02,0.01,0.14,0,0.04,0,0.06,0.05,0,0.06,0.11,0.17,0.05,0,3.04,0.04,0,0.01,0,0,0,0,0,0,0.27,0,0.03,1.65,0,0.07,1.78,0.09,0.07,0,0,0,0.04,0.04,0.1,0,0,0.09,0.04,0,0.36,0,0.16,0.02,0,0,0,0,0.92,0.02,0,0.11,0,0.01,0,0,0.05,0.21,0,0.06,0.01,0.04,0,0.01,0.02,0,0,0,0,0,0.03,0.04,0.07,0,0,0.02,0.24,0.02,0,0,0,0.01,0,0,0,0.2,0,0,0.02,0.03,0,0.02,0.02,0.04,0,0,0,0,0.01,0,0,0.03,0.01,0,0,0.22,0.03,0,0,0,0,0,0,0,0,0,0.04,0.02,0,0,0,0,0,0,0,0,0,0.01,0,0,0,0,0,0.02,0,0,0,0,0,0,0,0,0.06,0,0,0,0,0,0,0,0
zeolite,EMT,10,-44,HP,10,40000,24000,30,25,other,sphere,water,7,10,0.126944444,buffer,1,37,1,Neutral,0.64,2.84,2.88,0,5.32,0.54,2.54,0.28,1.32,0,0,0,11.45,5.76,0,0,4.21,4.08,2.18,0,0.93,0,0.33,1.3,2.95,0.42,0,0,2.62,0,0,0,0.44,1.3,0.78,0,6.33,0,0,0.81,0,1.04,0.55,0,0.15,0,0.38,0,5.73,0,0.64,0,0,0,0.06,0,0.45,0,0,0,2.62,0.37,0.2,0,0.19,0,0,0,0,0,0,0,0,0,0,0,0,0,0,0,0,0,0,0,10.27,0,0,0,1.18,0,0.28,0,4.27,0,0,0,0,0.34,0,1.13,0,0,0.81,0,0.32,0,0.21,0,0,0,0,0.44,0,0,0,0,0,0,0,0,0,0,0,0,0,0,0,1.91,0,0,0,0,0,0,0,0,0,0,0,0,0,0,0,0,0,0,0,0,0,0,0,0,0,0,0,0,0,0,0,0,0,0.24,0,0,0,0,0,0,0,0,0,0,0,0,0,0,0,0
zeolite,EMT,10,-44,HP,10,40000,24000,30,25,other,sphere,water,7,10,0.126944444,buffer,1,37,1,Neutral,0,3.33,4.06,0.86,5.85,0.57,2.69,0.3,0,0,0,0.65,13.83,6.08,0,0,3.4,0,2.3,0,0,0,0,1.7,3.45,0.45,0,0,2.77,0,0,0,0.23,1.7,0,0.41,7.25,0,0,0.86,0,1.28,0.59,0,0.15,0,0.4,0,4.54,0,0.68,0,0,0,0,0,0.53,0,0,0,2.77,0.58,0,0,0,0,0,0,0,0,0,0,0,0,0,0,0,0,0,0,0,0,0,0,11.72,0,0,0,1.08,0,0.45,0,4.51,0,0,0,0,0,0,0,0,0,0,0,0,0,0.22,0,0,0,0,0.47,0,0,0,0.48,0,0,0.73,0,0,0,0,0,0,0,0,1.68,0,0,0,0,0,0,0,0,0,0,0,0,0,0,0,0,0,0,0,0,0,0,0,0,0,0,0,0,0,0,0,0,0,0.25,0,0,0,0,0,0,0,0,0,0,0,0,0,0,0,0
zeolite,EMT,10,-44,HP,10,80000,24000,30,25,other,sphere,water,7,10,0.126944444,buffer,1,37,1,Neutral,0.64,2.84,2.88,0,5.32,0.54,2.54,0.28,1.32,0,0,0,11.45,5.76,0,0,4.21,4.08,2.18,0,0.93,0,0.33,1.3,2.95,0.42,0,0,2.62,0,0,0,0.44,1.3,0.78,0,6.33,0,0,0.81,0,1.04,0.55,0,0.15,0,0.38,0,5.73,0,0.64,0,0,0,0.06,0,0.45,0,0,0,2.62,0.37,0.2,0,0.19,0,0,0,0,0,0,0,0,0,0,0,0,0,0,0,0,0,0,0,10.27,0,0,0,1.18,0,0.28,0,4.27,0,0,0,0,0.34,0,1.13,0,0,0.81,0,0.32,0,0.21,0,0,0,0,0.44,0,0,0,0,0,0,0,0,0,0,0,0,0,0,0,1.91,0,0,0,0,0,0,0,0,0,0,0,0,0,0,0,0,0,0,0,0,0,0,0,0,0,0,0,0,0,0,0,0,0,0.24,0,0,0,0,0,0,0,0,0,0,0,0,0,0,0,0
zeolite,EMT,10,-44,HP,10,80000,24000,30,25,other,sphere,water,7,10,0.126944444,buffer,1,37,1,Neutral,1.1,3.09,2.05,1.25,5.34,1.33,0,0.34,0,0,0,0.88,8.26,3.02,0,5.19,3.18,2.5,1.07,0.12,1.14,0.11,1.99,1.45,4.38,0.65,0,0.61,4.81,0,0,0.71,1.08,1.45,0.72,1.18,7.91,4.81,0,0.7,0,0.84,0.42,0,0,0,0.23,0.57,5.61,0.7,0,0,0,0.68,0,0,0.58,0,0,0.23,0,0.23,0.24,0,0.59,0,0.13,0,0,0,0,0,0,0,0,0,0,0,0,0,0,0,0.4,0,5.78,0,0,0,0.58,0,0.26,0,2.61,0,0,0,0,0,0,0,0,0,0,0,0.29,0,0,0,0,0,0.72,0.4,0,0,0,0.14,1.62,0,0,0,0,0,0,0.17,0,0,0,1.37,0,0,0,0,0,0,0.77,0,0,0,0,0,0,0,0,0.07,0,0,0,0,0,0,0,0,0,0,0,0,0,0,0,0,0,0,0,0,0,0,0,0,0,0,0,0,0,0,0,0,0,0
zeolite,EMT,10,-44,HP,10,120000,24000,30,25,other,sphere,water,7,10,0.126944444,buffer,1,37,1,Neutral,0.62,4.39,2.34,0,5.81,0.53,1.24,0.27,1.29,0,0,0,10.77,4.41,0,0,4.84,2.65,1.03,0.19,1.81,0,1.59,1.42,3.94,0.41,0,0,2.56,0,0,0,1.07,1.42,0.38,0.38,6.7,7.68,0,0.95,0.27,1.01,0.81,0,0.14,0,0,0.46,5.03,0,0.62,0,0,0,0.11,0,0.44,0,0,0,0,0,0,0,0.19,0,0.4,0,0,0,0,0,0,0,0,0,0,0,0,0.27,0,0,0,0,9.62,0,0,0,1.07,0,0.41,0,0,0,0,0,0,0,0,0,0,0,0.39,0,0.31,0,0.21,0,0,0,0,0.43,0,0,0,0.22,0,0,0,0,0,0,0,0,0,0.44,0,1.56,0,0,0,0,0,0,0,0,0,0,0,0,0,0,0,0,0,0,0,0,0,0,0,0,0,0,0,0,0,0,0,0,0,0,0,0,0,0,0,0,0,0,0,0,0,0,0,0,0,0
zeolite,EMT,10,-44,HP,10,120000,24000,30,25,other,sphere,water,7,10,0.126944444,buffer,1,37,1,Neutral,0,4.61,3,0.43,8.43,0.57,0,0.88,0,0,0,1.07,9.38,3.43,0,0,5.94,5.67,0.96,0,3.88,0,1.36,1.68,2.76,0.22,0,0,2.73,0,0,0,0.69,1.68,0,0,6.88,5.97,0,1.19,0,1.08,0.72,0,0.15,0,0,0,5.38,0.6,0.67,0,0,0,0,0,0.29,0,0,0,0,0,0,0,0.2,0,0,0,0.81,0,0,0,0,0,0,0,0,0,0,0,0,0,0.45,0,8.14,0,0,0,0.98,0.23,0,0,0,0,0,0,0,0,0,0.59,0,0,0,0,0,0,0,0,0,0,0,0.46,0,0,0,0.24,0,0,0,0,0,0,0,0,0,0.23,0,0.66,0,0,0,0,0,0,0,0,0,0,0,0,0,0,0,0,0,0,0,0,0,0,0,0,0,0,0,0,0,0,0,0,0,0.25,0,0,0,0,0,0,0,0,0,0,0,0,0,0,0,0
zeolite,EMT,10,-44,HP,100,40000,24000,30,25,other,sphere,water,7,10,0.126944444,buffer,1,37,1,Neutral,0,1.86,7.52,0,12.52,2.13,0,0,0,0,0,1.61,0,0,0,0,0.97,32,1.57,0.75,3.64,0,0,0,11.58,0.42,0,0,0,0,0,0,0,0,0,0,7.24,0,0,0,0,0,3.26,0,0,0,0,0,10.11,0,0,0,0,0,0,0,0,0,0,0,0,0.72,0,0,0,0,1.62,0,0,0,0,0,0,0,0,0,0,0,0,0,0,0,0,0,0,0,0,0,0,0,0,0,0,0,0,0,0,0,0,0,0,0,0,0,0,0,0,0,0,0,0,0,0,0,0,0,0,0,0,0,0,0,0,0,0,0,0,0,0,0,0,0,0,0,0,0,0,0,0,0,0,0,0,0.47,0,0,0,0,0,0,0,0,0,0,0,0,0,0,0,0,0,0,0,0,0,0,0,0,0,0,0,0,0,0,0,0,0,0
zeolite,EMT,10,-44,HP,100,40000,24000,30,25,other,sphere,water,7,10,0.126944444,buffer,1,37,1,Neutral,0,3.38,3.42,0,13.67,1.94,0,0,0,0,0,1.46,0,0,0,0,0,29.12,1.63,0.68,3.32,0,0,0.27,12.2,0,0,0,0,0,0,0,0,0.27,0,1.38,8.48,0,0,0,0,0,1.98,0,0,0,0,0,12.27,0,0,0,0,0,0,0,0,0,0,0,0,0.66,0,0,3.43,0,0,0,0,0,0,0,0,0,0,0,0,0,0,0,0,0,0,0,0,0,0,0,0,0,0,0,0,0,0,0,0,0,0,0,0,0,0,0,0,0,0,0,0,0,0,0,0,0,0,0,0,0,0,0,0,0,0,0,0,0,0,0,0,0,0,0,0,0,0,0,0,0,0,0,0,0,0,0,0,0,0,0,0,0,0,0,0,0,0,0,0,0,0,0,0,0,0,0,0,0,0,0,0,0,0,0,0,0,0,0,0,0
zeolite,EMT,10,-44,HP,100,80000,24000,30,25,other,sphere,water,7,10,0.126944444,buffer,1,37,1,Neutral,0,3.1,6.84,0,9.87,0,0,1,0,0,0,1.46,4.38,0,0,0,0,24.26,1.94,0.68,0,0,0,0.27,13.86,0,0,0,0,0,0,0,0.79,0.27,0,0,8.47,0,0,0.58,0,0,2.97,0,0,0,1.35,0,13.29,0,0,0,0,0,0,0,0,0,0,0,0,0,0,0,2.06,0,0,0,0,0,0,0,0,0,0,0,0,0,0,0,0,0,0,0,0,0,0,0,0,0,0,0,0,0,0,0,0,0,0,0,0,0,0,0,0,0,0,0,0,0,0,0,0,0,0,0,0,0,0,0,0,0,0,0,0,0,0,0,0,0,0,0,0,0,0,0,0,0,0,0,0,0,0,0,0,0,0,0,0,0,0,0,0,0,0,0,0,0,0,0,0,0,0,0,0,0,0,0,0,0,0,0,0,0,0,0,0,0
zeolite,EMT,10,-44,HP,100,80000,24000,30,25,other,sphere,water,7,10,0.126944444,buffer,1,37,1,Neutral,0,3.4,5.64,3.2,15.85,3.2,0,0,0,0,0,0.8,0,0,0,0,0,0,2.02,0,0,0,0,0,16.46,0,1.47,0,0,0,0,0,0,0,0,1.51,16.56,0,0,0,0,0,4.89,0,0,0,0,0,21.35,0,0,0,0,0,0,0,0,0,0,0,0,0.72,0,0,0,0,1.62,0,0,0,0,0,0,0,0,0,0,0,0,0,0,0,0,0,0,0,0,0,0,0,0,0,0,0,0,0,0,0,0,0,0,0,0,0,0,0,0,0,0,0,0,0,0,0,0,0,0,0,0,0,0,0,0,0,0,0,0,0,0,0,0,0,0,0,0,0.82,0,0,0,0,0,0,0,0.47,0,0,0,0,0,0,0,0,0,0,0,0,0,0,0,0,0,0,0,0,0,0,0,0,0,0,0,0,0,0,0,0,0,0
zeolite,EMT,10,-44,HP,100,120000,24000,30,25,other,sphere,water,7,10,0.126944444,buffer,1,37,1,Neutral,0,2.88,3.89,0,9.5,3.31,0,0,0,0,0,0,0,0,0,0,0,27.59,1.16,0.78,0,0,0,0,18.28,0,0,0,0,0,0,0,1.79,0,0,0,9.64,0,0,0,0,1.4,3.94,0,0,0,0,0,15.11,0,0,0,0,0,0,0,0,0,0,0,0,0.75,0,0,0,0,0,0,0,0,0,0,0,0,0,0,0,0,0,0,0,0,0,0,0,0,0,0,0,0,0,0,0,0,0,0,0,0,0,0,0,0,0,0,0,0,0,0,0,0,0,0,0,0,0,0,0,0,0,0,0,0,0,0,0,0,0,0,0,0,0,0,0,0,0,0,0,0,0,0,0,0,0,0,0,0,0,0,0,0,0,0,0,0,0,0,0,0,0,0,0,0,0,0,0,0,0,0,0,0,0,0,0,0,0,0,0,0
zeolite,EMT,10,-44,HP,100,120000,24000,30,25,other,sphere,water,7,10,0.126944444,buffer,1,37,1,Neutral,0,2.74,7.57,0,10.74,2.57,0,0,0,0,0,0.65,2.58,0,0,0,0,25.75,0.81,0.6,0,0,0,0,14.22,0,0,0,0,0,0,0,1.39,0,0,1.22,10.83,0,0,0,0,0,3.5,0,0,0,0,1.47,12.66,0,0,0,0,0,0,0,0,0,0,0,0,0,0,0,0,0,0,0,0,0,0,0,0,0,0,0,0,0,0,0,0,0,0,0,0,0,0,0,0,0,0,0,0,0,0,0,0,0,0,0,0,0,0,0,0,0,0,0,0,0,0,0.69,0,0,0,0,0,0,0,0,0,0,0,0,0,0,0,0,0,0,0,0,0,0,0,0,0,0,0,0,0,0,0,0,0,0,0,0,0,0,0,0,0,0,0,0,0,0,0,0,0,0,0,0,0,0,0,0,0,0,0,0,0,0,0,0,0,0
zeolite,FAU,10,-50,HP,10,40000,24000,30,25,other,sphere,water,7,10,0.126944444,buffer,1,37,1,Neutral,0,3.01,2.29,0.97,9.14,1.51,0,0.22,0,0,0,0.49,11.38,3.27,0,12.3,2.17,3.25,1.14,0.15,0,0.14,0,1.52,3.09,0.51,0,0,4.17,0,0,0.92,0.88,1.52,0.31,0.92,7.56,0,0,0.91,0,0.55,0.88,0,0.69,0,0,0.56,6.61,0,0,0,0,0.89,0,0.52,0.36,0,0,0,0,0,0,0,0.46,0,0.16,0,0,0.88,0,0,0,0,0,0,0,0,0,0,0,0,0,0,0,0,0,0,0,0,0,0,0,0,0,0,0,0,0,0,0,0,0,0,0,0,0,0,0.48,0,0,0.35,0,0,0,0,2.63,0,0,0,0,0,0,0,0,0.18,0,0.76,0,0,0,0,0,0,1.98,0,0,0,0,0,0,0,0,0,0,0,0,0,0,0,0,0,0,0,0,0,0,0,0,0,0,0,0,0,0,0,0,0,0,0,0,0,0,0,0,0,0,0
zeolite,FAU,10,-50,HP,10,40000,24000,30,25,other,sphere,water,7,10,0.126944444,buffer,1,37,1,Neutral,0.45,4.18,3.81,0,12.13,0.72,1.69,0,0,0,0,0.54,18.43,6.54,0,0,4.27,3.61,1.75,0,0,0,0,1.93,2.47,0.7,0,0,3.47,0,0,0,0.88,1.93,0,0,5.95,0,0,0.86,0,0.46,1.84,0,1.54,0,0.5,0.62,6.84,0,0.85,0,0,0,0.08,0,0.22,0,0,0,0,0,0,0,0.26,0,0.27,0,0,0,0,0,0,0,0,0,0,0,0,0,0,0,0.29,0,0,0,0,0,0.42,0,0,0,0,0,0,0,0,0,0,0,0,0,0,0,0.21,0,0,0,0,0,0,0.29,0,0,0,0,0,0,0,0,0,0,0,0,0,0.89,0,1.69,0,0,0,0,0,0,0,0,0,0,0,0,0,0,0,0.16,0,0,0,0,0,0,0,0,0,0,0,0,0,0,0,0,0,0,0,0,0,0,0,0,0,0,0,0,0,0,0,0,0,0
zeolite,FAU,10,-50,HP,10,80000,24000,30,25,other,sphere,water,7,10,0.126944444,buffer,1,37,1,Neutral,0,4.56,4.41,0,14.25,1.07,0,0,0,0,0,0,12.35,3.24,0,0,0,0,1.43,0,0,0,0,3.22,4.29,0.56,0,0.38,0,0,0,0,0,3.22,0,0,9.7,0,0,1.07,0,0,1.46,0,1.34,0,0,0.61,7.52,0,0,0,0,0,0,0,0.3,4.15,0,0,0,0,0,0,0,0,0,0,0,0,0,0,0,0,0,0,0,0,0,0,0,0,0,0,0,0,0,0,0.1,0,0.37,0,0,0,0,0,0,0,0,0,0,0,0,0,0,0,0,0,0,0,0,0,0,0,0,0,0,3.28,0,0,0,0,0,0,0,0.59,0,0.84,0,0,0,0,0,0,8.19,0,0,0,0,0,0,0,0,0,0,0,0,0,0,0,0,0,0,0,0,0,0,0,0,0,0,0,0,0,0,0,0,0,0,0,0,0,0,0,0,0,0,0
zeolite,FAU,10,-50,HP,10,80000,24000,30,25,other,sphere,water,7,10,0.126944444,buffer,1,37,1,Neutral,0,6.53,2.84,4.83,19.5,1.61,0,0,0,0,0,0,15.71,3.65,0,0,0.73,0,2.71,0,0,0,0,4.3,4.59,0,0,0,0,0,0,0,0,4.3,0,0,8.58,0,0,1.93,0,1.02,3.28,0,1.72,0,0,0,10.17,0,0,0,0,0,0,0,0,0,0,0,0,0,0,0,0,0,0,0,0,0,0,0,0,0,0,0,0,0,0,0,0,0,0,0,0,0,0,0,0,0,0.42,0,0,0,0,0,0,0,0,0,0,0,0,0,0,0,0,0,0,0,0,0.65,0,0,0,0,0,0,0,0,0,0,0,0,0,0,0,0.94,0,0,0,0,0,0,0,0,0,0,0,0,0,0,0,0,0,0,0,0,0,0,0,0,0,0,0,0,0,0,0,0,0,0,0,0,0,0,0,0,0,0,0,0,0,0,0,0,0,0
zeolite,FAU,10,-50,HP,10,120000,24000,30,25,other,sphere,water,7,10,0.126944444,buffer,1,37,1,Neutral,1.22,3.36,2.27,1.55,14.12,1.03,1.21,0,0,0,0,0.78,11.24,3.9,0,8.03,1.41,0,1.09,0,0,0,0,1.89,3.83,0.7,0,0,4.97,0,0,0,0.63,1.89,0.37,0.73,8.25,0,0,0.77,0,0,0.79,0,0.97,0,0.36,0.66,7.88,0.27,0,0,0,0,0,0,0.43,0,0,0,0,0,0,0,0.55,0,0,0,0,1.05,0,0,0,0,0,0,0,0,0,0,0,0,0,0,0,0,0,0,0,0,0,0,0,0,0,0,0,0,0,0,0,0,0,0,0.3,0,0,0,0.58,0,0,0.21,0,0.62,0,0.43,2.51,0,0,0,0,0,0,0,0,0,0,0.91,0,0,0,0,0,0,0,0,0,0,0,0,0,0,0,0,0,0,0,0,0,0,0,0,0,0,0,0,0,0,0,0,0,0,0,0,0,0,0,0,0,0,0,0,0,0,0,0,0,0
zeolite,FAU,10,-50,HP,10,120000,24000,30,25,other,sphere,water,7,10,0.126944444,buffer,1,37,1,Neutral,0,5.21,3.68,0.63,16.34,0.83,0,0.43,0,0,0,0.32,15.07,3.16,0,0,3.8,6.27,1.45,0,0,0.26,0,2.23,2.63,0.33,0,0,0,0,0,0,0.68,2.23,0,0,5.67,0,0,1,0,0.53,0.85,0,1.12,0,0.58,0,7.48,0,0,0,0,0,0,0,0.26,0,0,0,0,0,0,0,0,0,0,0,0,0,0,0,0,0,0,0,0,0,0,0,0,0,0,0,13.88,0,0,0,0.48,0,0,0,0,0,0,0,0,0,0,0,0,0,0,0,0,0,0,0,0,0,0,0.68,0,0,0,0,0,0,0,0,0,0,0,0,0,0,0,0.98,0,0,0,0,0,0,0,0,0,0,0,0,0,0,0,0,0,0,0,0,0,0,0,0,0,0,0,0,0,0,0,0,0,0,0,0,0,0,0,0,0,0,0,0,0,0,0,0,0,0
zeolite,FAU,10,-50,HP,100,40000,24000,30,25,other,sphere,water,7,10,0.126944444,buffer,1,37,1,Neutral,0,5.25,3.07,5.75,8.98,2.78,0,0,0,0,0,2.1,2.61,0,0,0,0,19.14,1.36,0,0,0,0,0,8.35,0.68,0.96,0,0,0,0,0,0.28,0,0,1.97,6.75,0,0,0,0,1.32,3.19,0,3.17,0,0,0,11.73,0,0,0,0,0,0,0.42,0.07,0,0,0,0,0,0,0,0.98,0,0.79,0,0,1.41,0,0,1.28,0,0,0,0,0,0,0,0,0,0.56,0,0,0,0,0,0,0,1.62,0,0,0,0,0,0,0,0,0,0,0,0,0,0,0,0,0,0,0,0,1.41,0,0,0,0,1.7,0,0,0,0,0,0,0,0,0,0,0,0,0,0,0,0,0,0,0,0,0,0,0,0,0,0,0.31,0,0,0,0,0,0,0,0,0,0,0,0,0,0,0,0,0,0,0,0,0,0,0,0,0,0,0,0,0,0,0,0,0,0
zeolite,FAU,10,-50,HP,100,40000,24000,30,25,other,sphere,water,7,10,0.126944444,buffer,1,37,1,Neutral,0,5.76,5.6,0,10.57,2.38,0,0,0,0,0,0.6,0,0,0,0,0,19.87,2.01,0,0,0.5,0,0,11.35,0,0,0,0,0,0,0,0.64,0,0,1.13,6.94,0,0,3.33,0,0,6.89,0,4.68,0,0,0,12.56,0,0,0,0,0,0,0,0,0,0,0,0,0,0,0,0,0,0,0,0,0,0,0,0,0,0,0,0,0,0,0,0,0,1.91,0,0,0,0,0,0,0,1.23,0,0,0,0,0,0,0,0,0,0,0,0,0,0,0,0,0,0,0,0,0,0,0,0,0,0,0,0,0,0,0,0,0,0,0,0,0,0,0,0,0,0,0,0,0.61,0,0,0,0,0,0,0,0,0,0,0,0,0,0,0,0,0,0,0,0,0,0,0,0,0,0,0,0,0,0,0,0,0,0,0,0,0,0,0,0,0,0
zeolite,FAU,10,-50,HP,100,80000,24000,30,25,other,sphere,water,7,10,0.126944444,buffer,1,37,1,Neutral,0,3.31,2.98,0.63,8.27,2.11,0,0,0,0,0,0.96,2.54,0,0,0,0,23.25,0.27,0,0,0,0.51,0.83,9.9,0.99,2.33,0,0,0,0,0,0,0.83,0,1.2,9.43,0,0,0,0,1.88,3.88,0,4.3,0,1.18,1.45,7.12,0.89,0,0,0,0,0,0.51,0.09,0,0,0,0,0,0,0,0,0,0.32,0,0,0,0,0,3.11,0,0,0,0,0,0,0,0,0,1.35,0,0,0,0,0,0,0,0,0,0,0,0,0,0,0,0,0,0,0,0,0,0,0,0,0,0,0,0,1.37,0,0,0,0.7,0,0,0,0,0,0,0,0,0,0,0,0,0,0,0,0,0,0,0,0,0,0,0,0,0,0,0,0,0,0,0,0,0,0,0,0,0,0,0,0,0,0,0,0,0,0,0,0,0,0,0,0,0,0,0,0,0,0,0,0,0,0
zeolite,FAU,10,-50,HP,100,80000,24000,30,25,other,sphere,water,7,10,0.126944444,buffer,1,37,1,Neutral,0,3.09,2.89,0,9.62,2.46,0,0,0,0,0,0,0,0,0,0,0,28.7,0.17,0,0,0,0,0.92,12.65,0,0,0,0,0,0,0,0,0.92,0,1.16,7.16,0,0,0,0,1.56,5.43,0,6.58,0,1.14,1.41,6.05,0,0,0,0,0,0,0,0,0,0,0,0,0.56,0,0,1.74,0,0,0,0,0,0,0,0,0,0,0,0,0,0,0,0,0,1.31,0,1.24,0,0,0,0,0,0,0,0,0,0,0,0,0,0,0,0,0,0,0,0,0,0,0,0,0,0,0.66,0,0,0,0,0,0,0,0,0,0,0,0.85,0,0,0,0,0,0,0,0,0,0,0,0,0,0,0,0,0,0,0,0,0,0,0,0,0,0,0,0,0,0,0,0,0,0,0,0,0,0,0,0,0,0,0,0,0,0,0,0,0,0,0,0,0,0
zeolite,FAU,10,-50,HP,100,120000,24000,30,25,other,sphere,water,7,10,0.126944444,buffer,1,37,1,Neutral,0,2.19,3.33,2.27,10.05,3.78,0,0,0,0.29,0,1.14,0,0,0,0,1.03,22.68,0.48,0,0,0,0,0.85,9.29,0.59,1.56,0,0,0,0,0,0,0.85,0,0.54,8.07,0,0,1.81,0,1.2,4.05,0,5.66,0,0,0,10.75,0,0,0,0,0,0,0.91,0.08,0,0,0,0,0.26,0,0,0,0,0,0,0,0,0,0,1.39,0,0,0,0,0,0,0,0,0,0.61,0,0,0,0,0,0,0,0,0,0,0,0,0,0,0,0,0,0,0,0,0,0,0,0,0,0,0,0,1.22,0,0,0,0,0.92,0,0,0,0,0,0,0,0,0,0,0,0,0,0,0,0,0,0,0,0,0,0,0,0,0,0,0.84,0,0,0,0,0,0,0,0,0,0,0,0,0,0,0,0,0,0,0,0,0,0,0,0,0,0,0,0,0,0,0,0,0,0
zeolite,FAU,10,-50,HP,100,120000,24000,30,25,other,sphere,water,7,10,0.126944444,buffer,1,37,1,Neutral,0,2.73,2.77,0,9.21,3.92,0,0,0,0,0,0.59,0,0,0,0,0,23.56,0.99,0,0,0.5,0,1.1,10.32,0,0,0,0,0,0,0,0.64,1.11,0,0,8.38,0,0,3.76,0,0,8.8,0,8.82,0,2.18,0,9.1,0,0,0,0,0,0,0,0,0,0,0,0,0,0,0,0,0,0,0,0,0,0,0,0,0,0,0,0,0,0,0,0,0,0,0,0,0,0,0,0,0,0.81,0,0,0,0,0,0,0,0,0,0,0,0,0,0,0,0,0,0,0,0,0,0,0,0,0,0,0,0,0,0,0,0,0,0,0,0,0,0,0,0,0,0,0,0,0,0,0,0,0,0,0,0,0.7,0,0,0,0,0,0,0,0,0,0,0,0,0,0,0,0,0,0,0,0,0,0,0,0,0,0,0,0,0,0,0,0,0,0
Au,none,71.4,-18.88,RP,100,500,3000,20,4,metal,star,plasma,7.4,93.36,0.388,water,0.166666667,37,2,Neutral,0,2.94,4.12,1.98,8.19,0,0,0,0,0,1.16,0,0,0,7.8,0,0,0,0,0,0,0,0,0,1.94,0,0,0,0,0,0,0,0,0,0,0,3.99,0,0,0,0,0,0,0,0,0,0,0,2.99,0,0,0,0,0,0,0,0,0,0,0,0,0,0,0,0,0,0,0,0,0,0,0,0,3.11,0,0,0,0,0,0,0,0,0,0,0,0,0,0,0,0,0,0,0,0,0,0,0,0,0,0,0,0,0,0,0,0,0,0,0,0,0,0,0,0,0,0,0,0,0,0,0,0,0,0,0,0,0,0,0,0,0,0,0,0,0,0,0,0,0,0,0,0,0,1.25,0,0,0,0,0,0,0,0,0,0,0,0,0,0,0,0,0,0,0,0,0,0,0,0,0,0,0,0,0,0,0,0,0,0
Au,none,14.5,-20.32,RP,100,500,3000,20,4,metal,rod,plasma,7.4,75.67,0.388,water,0.166666667,37,2,Neutral,0,3.78,3.24,1.71,7.52,0,0,0,0,0,2.25,0,0,0,6.13,0,0,0,0,0,0,0,0,0,1.09,0,0,0,0,0,1.09,0,0,0,0,0,2.51,0,0,0,0,0,0,0,0,0,0,0,2.28,0,0,0,0,0,0,0,0,0,0,0,0,0,0,0,0,0,0,0,0,0,0,0,0,1.35,0,0,0,0,0,0,0,0,0,0,0,0,0,0,0,0,0,0,0,0,0,0,0,0,0,0,0,0,0,0,0,0,0,0,0,0,0,0,0,0,0,0,0,0,0,0,0,0,0,0,0,0,0,0,0,0,0,0,0,0,0,0,0,0,0,0,0,0,0,0.97,0,0,0,0,0,0,0,0,0,0,0,0,0,0,0,0,0,0,0,0,0,0,0,0,0,0,0,0,0,0,0,0,0,0
Au,none,11.2,-28.57,RP,100,500,3000,20,4,metal,rod,water,7,21.25,0.786,water,0.166666667,37,2,Neutral,0,1.49,2.27,1.5,5.16,0,0,0,0,0,0,0,0,0,4.3,0,0,1.18,0,0,0,0,0,0,0,0,0,0,0,0,1.25,0,0,0,0,0,2.29,0,0,0,0,0,0,0,0,0,0,0,1.64,0,0,0,0,0,0,0,0,1.04,0,0,0,0,0,0,0,0,1.17,0,0,0,0,0,0,0,0,0,0,0,0,0,0,0,0,0,0,0,0,0,0,0,0,2.12,0,0,0,0,0,0,0,0,0,0,0,0,0,0,0,0,0,0,0,0,0,0,0,0,0,0,0,0,0,0,0,0,0,0,0,0,0,0,0,0,0,0,0,0,0,0,0,0,0,0,0,0,0,0,0,0,0,0,0,0,0,0,0,0,0,0,0,0,0,0,0,0,0,0,0,0,0,0,0,0,0,0,0,0,0,0
Au,none,14.5,-28.77,RP,100,500,3000,20,4,metal,rod,water,7,24.91,0.378,water,0.166666667,37,2,Neutral,0,3.78,3.24,1.71,7.52,0,0,0,0,0,2.25,0,0,0,6.13,0,0,0,0,0,0,0,0,0,1.09,0,0,0,0,0,1.09,0,0,0,0,0,2.51,0,0,0,0,0,0,0,0,0,0,0,2.28,0,0,0,0,0,0,0,0,0,0,0,0,0,0,0,0,0,0,0,0,0,0,0,0,1.35,0,0,0,0,0,0,0,0,0,0,0,0,0,0,0,0,0,0,0,0,0,0,0,0,0,0,0,0,0,0,0,0,0,0,0,0,0,0,0,0,0,0,0,0,0,0,0,0,0,0,0,0,0,0,0,0,0,0,0,0,0,0,0,0,0,0,0,0,0,0.97,0,0,0,0,0,0,0,0,0,0,0,0,0,0,0,0,0,0,0,0,0,0,0,0,0,0,0,0,0,0,0,0,0,0
Au,none,42.3,-29.33,RP,100,500,3000,20,4,metal,star,water,7,82.09,0.245,water,0.166666667,37,2,Neutral,0,1.33,1.98,2.31,3.71,0,0,0,0,0,0,0,0,0,3.7,0,0,0,0,0,0,0,0,0,1.08,0,0,0,0,0,1.13,0,0,0,0,0,2.37,0,0,0,0,0.94,0,0,0,0,0,0,2.07,0,0,0,0,0,0,0,0,0,0,0,0,0,0,0,0,0,0.86,0,0,0,0,0,0,0,0,0,0,0,0,0,0,0,0,0,0,0,0,0,0,0,0,1.73,0,0,0,0,0,0,0,0,0,0,0,0,0,0,0,0,0,0,0,0,0,0,0,0,0,0,0,0,0,0,0,0,0,0,0,0,0,0,0,0,0,0,0,0,0,0,0,0,0,0,0,0,0,0,0,0,0,0,0,0,0,0,0,0,0,0,0,0,0,0,0,0,0,0,0,0,0,0,0,0,0,0,0,0,0,0
Au,none,42.3,-31.78,RP,100,500,3000,20,4,metal,star,plasma,7.4,79.98,0.232,water,0.166666667,37,2,Neutral,0,1.33,1.98,2.31,3.71,0,0,0,0,0,0,0,0,0,3.7,0,0,0,0,0,0,0,0,0,1.08,0,0,0,0,0,1.13,0,0,0,0,0,2.37,0,0,0,0,0.94,0,0,0,0,0,0,2.07,0,0,0,0,0,0,0,0,0,0,0,0,0,0,0,0,0,0.86,0,0,0,0,0,0,0,0,0,0,0,0,0,0,0,0,0,0,0,0,0,0,0,0,1.73,0,0,0,0,0,0,0,0,0,0,0,0,0,0,0,0,0,0,0,0,0,0,0,0,0,0,0,0,0,0,0,0,0,0,0,0,0,0,0,0,0,0,0,0,0,0,0,0,0,0,0,0,0,0,0,0,0,0,0,0,0,0,0,0,0,0,0,0,0,0,0,0,0,0,0,0,0,0,0,0,0,0,0,0,0,0
Au,none,71.4,-33.63,RP,100,500,3000,20,4,metal,star,water,7,122,0.101,water,0.166666667,37,2,Neutral,0,2.94,4.12,1.98,8.19,0,0,0,0,0,1.16,0,0,0,7.8,0,0,0,0,0,0,0,0,0,1.94,0,0,0,0,0,0,0,0,0,0,0,3.99,0,0,0,0,0,0,0,0,0,0,0,2.99,0,0,0,0,0,0,0,0,0,0,0,0,0,0,0,0,0,0,0,0,0,0,0,0,3.11,0,0,0,0,0,0,0,0,0,0,0,0,0,0,0,0,0,0,0,0,0,0,0,0,0,0,0,0,0,0,0,0,0,0,0,0,0,0,0,0,0,0,0,0,0,0,0,0,0,0,0,0,0,0,0,0,0,0,0,0,0,0,0,0,0,0,0,0,0,1.25,0,0,0,0,0,0,0,0,0,0,0,0,0,0,0,0,0,0,0,0,0,0,0,0,0,0,0,0,0,0,0,0,0,0
Au,none,11.2,-36.76,RP,100,500,3000,20,4,metal,rod,plasma,7.4,83.28,0.315,water,0.166666667,37,2,Neutral,0,1.49,2.27,1.5,5.16,0,0,0,0,0,0,0,0,0,4.3,0,0,1.18,0,0,0,0,0,0,0,0,0,0,0,0,1.25,0,0,0,0,0,2.29,0,0,0,0,0,0,0,0,0,0,0,1.64,0,0,0,0,0,0,0,0,1.04,0,0,0,0,0,0,0,0,1.17,0,0,0,0,0,0,0,0,0,0,0,0,0,0,0,0,0,0,0,0,0,0,0,0,2.12,0,0,0,0,0,0,0,0,0,0,0,0,0,0,0,0,0,0,0,0,0,0,0,0,0,0,0,0,0,0,0,0,0,0,0,0,0,0,0,0,0,0,0,0,0,0,0,0,0,0,0,0,0,0,0,0,0,0,0,0,0,0,0,0,0,0,0,0,0,0,0,0,0,0,0,0,0,0,0,0,0,0,0,0,0,0
