np_without_modification,surface_modification,size_tem,zeta_potential,incubation_protein_source,incubation_plasma_concentration,incubation_np_concentration,centrifugation_speed,centrifugation_time,centrifugation_temperature,np_type,np_shape,dispersion_medium,dispersion_medium_ph,size_dls,pdi,incubation_culture,incubation_time,incubation_temperature,centrifugation_repetitions,modification_type,P01871,P01024,P02647,P02649,P02768,P04004,P01834,P10909,P02652,P00734,P01009,P01042,P01857,P01859,P01023,P01619,P04196,P02656,P04114,P02787,P02766,P06396,P06727,P0C0L5,P02671,P08603,P02765,Q14624,P0DOY2,P01008,P68871,P01764,P04003,P0C0L4,P01876,P02749,P02675,P01860,P01011,P00747,P02774,P00751,P19823,P08697,P19827,P69905,P02760,P02748,P02679,P02790,B9A064,P07996,P05155,P01766,P12259,P00738,P02751,P02654,P04406,P00739,P02655,P00736,P07225,P05154,P09871,P60709,P03952,P02747,P05546,P02746,P27169,P01019,P35542,P04217,Q14520,P02743,P02763,P49908,O43866,P18428,P55056,P04264,P00748,P01591,P01861,Q92954,P02776,P0DJI8,P01031,P05156,P13671,Q03591,P06312,P00740,P01615,P00742,P04070,O14791,P05090,P02745,P00488,Q13103,P01877,P01700,P10643,Q9UK55,P03951,Q06033,Q96IY4,P13645,P04433,P07358,P27918,P05452,P20851,P07357,P07360,P01599,O95445,Q9BXR6,P02775,P02741,P35579,P15169,Q13790,P35858,P49747,P36955,P19652,P07737,P22891,P35908,P80748,P08514,P01593,Q04756,P06733,P23528,P63104,P18065,P08519,Q86UX7,P02753,Q5TB80,P22352,P00746,P35443,P62937,P10720,P48740,P25311,P43652,P35527,Q9Y490,P05106,P17936,P18206,P02788,P06702,P01701,Q6Q788,Q96PD5,Q9UGM5,O00391,P11142,P14618,P23142,P68366,P12814,P61224,Q13201,P67936,P0DOY3,P08709,P01034,P81605,P02533,P11226
PS,PEG,119.0,8.0,HP,80.0,822.2696,20000,60,25,other,sphere,water,7.0,119.0,2.5,water,1.0,37,1,Neutral,1,1,1,1,1,1,1,1,0,1,1,1,1,1,1,1,1,1,0,1,1,1,1,0,1,1,0,1,0,1,0,1,1,0,1,1,1,1,0,1,1,0,0,0,0,0,1,0,1,1,0,0,0,1,0,1,1,0,0,1,0,1,0,0,1,0,0,1,0,1,0,0,0,0,1,1,0,0,1,1,0,0,0,0,1,0,0,1,0,0,0,0,0,0,0,0,0,0,0,1,1,0,1,0,0,0,0,0,0,0,0,0,0,0,0,0,0,0,0,0,0,0,0,0,0,1,0,0,0,0,0,0,0,0,1,0,0,0,0,0,0,0,0,0,0,0,0,0,0,0,0,0,0,0,0,0,0,0,0,0,0,0,0,0,0,0,0,0,0,0,0,0,0,0,0,0,0,0
PS,PEG,117.0,14.0,HP,80.0,836.3325,20000,60,25,other,sphere,water,7.0,117.0,2.5,water,1.0,37,1,Neutral,1,1,1,1,1,1,1,1,1,0,1,0,1,1,0,1,0,1,1,0,1,1,1,1,1,1,0,1,0,1,0,0,1,1,1,1,1,1,0,0,1,0,1,0,0,0,1,1,1,0,0,0,1,1,0,0,1,0,0,1,1,1,0,0,1,1,0,1,0,1,1,0,1,0,0,0,0,0,1,1,1,1,0,1,1,0,0,1,0,0,0,0,0,0,1,0,0,1,1,1,0,0,1,0,0,0,0,0,0,1,0,0,1,0,0,0,1,0,0,0,0,0,0,0,0,1,0,0,0,1,0,0,0,0,0,0,0,0,0,0,0,0,0,0,0,0,0,0,0,0,0,0,1,0,0,0,0,0,0,0,1,0,0,0,0,0,0,0,0,0,0,0,0,0,0,0,0,0
PS,NH2,106.0,46.0,HP,80.0,923.114,20000,60,25,other,sphere,water,7.0,106.0,2.5,water,1.0,37,1,Anionic,1,1,1,1,1,1,1,1,1,0,1,0,1,1,1,1,1,1,1,1,1,0,1,1,1,1,0,1,0,1,0,0,1,1,1,1,1,1,0,0,0,0,1,0,0,0,0,1,1,0,0,0,1,1,0,0,1,0,0,1,1,1,0,0,1,1,0,1,0,1,0,0,0,0,0,1,0,0,1,0,0,1,0,1,0,0,0,1,0,0,0,0,0,0,1,0,0,0,1,1,0,0,1,0,0,0,0,0,0,1,0,0,1,0,0,0,0,0,0,0,0,0,0,0,0,1,0,0,0,0,0,1,0,0,0,0,0,0,0,0,0,0,0,0,0,0,0,0,0,0,0,0,1,0,0,0,0,0,0,0,0,0,0,0,0,0,0,0,0,0,0,0,0,0,0,0,0,0
PS,PEEP,122.0,-10.0,HP,80.0,802.0499,20000,60,25,other,sphere,water,7.0,122.0,2.5,water,1.0,37,1,Neutral,1,1,1,1,1,1,1,1,1,0,1,0,1,1,0,1,0,1,1,0,1,0,1,1,1,1,0,1,0,0,0,0,1,1,1,1,1,1,0,0,0,0,0,0,0,0,0,1,1,0,0,0,1,1,0,0,1,0,0,1,1,1,0,0,1,1,0,1,0,1,1,0,1,0,0,1,0,0,1,0,1,1,0,1,1,0,0,1,0,0,1,0,0,0,1,0,0,1,1,1,0,0,0,0,1,0,0,0,0,1,0,0,1,0,0,0,1,0,1,0,0,0,0,0,0,1,0,0,0,0,0,1,0,0,0,0,0,0,0,0,0,0,0,0,0,0,0,0,0,0,0,0,1,0,0,0,0,0,0,0,1,0,0,0,0,0,0,0,0,0,0,0,0,0,0,0,0,0
PS,PEEP,117.0,-9.0,HP,80.0,836.3255,20000,60,25,other,sphere,water,7.0,117.0,2.5,water,1.0,37,1,Neutral,1,1,1,1,1,1,1,1,1,0,1,0,1,1,0,1,0,1,1,0,0,0,1,1,1,1,0,1,0,0,0,0,1,1,1,1,1,1,0,0,0,0,0,0,0,0,0,1,1,0,1,0,1,1,0,0,1,0,0,1,1,1,0,0,1,1,0,1,0,1,1,0,1,0,0,1,0,0,1,0,1,1,0,1,0,0,0,1,0,0,0,0,0,0,1,0,0,1,1,1,0,0,1,0,0,0,0,0,0,1,0,1,1,0,0,0,1,0,1,0,0,0,0,0,0,1,0,0,0,0,0,0,0,0,1,0,0,0,0,0,0,0,0,0,0,0,0,0,0,0,0,0,0,0,0,0,0,0,0,0,1,0,0,0,0,0,0,0,0,0,0,0,0,0,0,0,0,0
ADM70,none,114.0,29.8,HS,50.0,500.0,14000,15,3,liposome,sphere,plasma,7.4,114.0,0.21,water,1.0,37,1,Anionic,1,1,1,1,1,1,1,1,1,1,0,0,1,1,0,0,0,0,0,0,0,0,1,1,1,0,0,0,1,0,0,0,1,1,0,0,0,0,0,0,0,0,0,0,0,0,0,0,0,0,0,0,0,0,0,0,0,0,0,0,0,0,1,0,0,0,0,0,0,1,1,0,0,0,1,0,0,0,0,0,0,0,0,0,0,0,0,0,0,0,0,0,0,1,0,0,0,0,0,0,0,0,0,0,0,0,0,0,0,0,0,0,0,0,1,0,0,0,0,0,0,0,0,0,0,0,0,0,0,0,0,0,0,0,0,0,0,0,0,0,0,0,0,0,0,0,0,0,0,0,0,0,0,0,0,0,0,0,0,0,0,0,0,0,0,0,0,0,0,0,0,0,0,0,0,0,0,0
ADM105,none,149.0,31.7,HS,50.0,500.0,14000,15,3,liposome,sphere,plasma,7.4,149.0,0.41,water,1.0,37,1,Anionic,1,1,1,1,1,1,1,1,1,1,0,0,1,0,0,0,0,1,0,0,0,0,1,1,1,0,0,0,1,0,1,0,1,1,0,0,1,0,0,0,0,0,0,0,0,0,0,0,0,0,0,0,0,0,0,0,0,0,0,0,0,0,1,0,0,0,0,0,0,0,0,0,0,0,1,0,0,0,0,0,0,0,0,0,0,0,0,0,0,0,0,0,0,1,0,0,0,0,0,0,0,0,0,0,0,0,0,0,0,0,0,0,0,0,1,0,0,0,0,0,0,0,0,0,0,0,0,0,0,0,0,0,0,0,0,0,0,0,0,0,0,0,0,0,0,0,0,0,0,0,0,0,0,0,0,0,0,0,0,0,0,0,0,0,0,0,0,0,0,0,0,0,0,0,0,0,0,0
ADM105,pDNA,191.0,-16.3,HS,50.0,500.0,14000,15,3,liposome,sphere,plasma,7.4,191.0,0.64,water,1.0,37,1,Anionic,1,1,1,1,1,1,1,1,1,1,0,0,1,1,0,0,0,1,0,0,0,0,1,1,1,0,0,0,1,0,0,0,1,1,0,0,1,1,0,0,0,0,0,0,0,0,0,0,0,0,0,0,0,0,0,0,0,0,0,0,0,0,1,0,0,0,0,0,0,0,1,0,0,0,1,0,0,0,0,0,0,0,0,0,0,0,0,0,0,0,0,0,0,0,0,0,0,0,0,0,0,0,0,0,0,0,0,0,0,0,0,0,0,0,1,0,0,0,0,0,0,0,0,0,0,0,0,0,0,0,0,0,0,0,0,0,0,0,0,0,0,0,0,0,0,0,0,0,0,0,0,0,0,0,0,0,0,0,0,0,0,0,0,0,0,0,0,0,0,0,0,0,0,0,0,0,0,0
ADM70,pDNA,153.0,-17.4,HS,50.0,500.0,14000,15,3,liposome,sphere,plasma,7.4,153.0,0.34,water,1.0,37,1,Anionic,0,1,1,1,1,1,1,1,1,1,0,0,1,0,0,0,0,1,0,0,0,0,1,1,1,1,0,0,1,0,0,0,1,1,0,0,1,0,0,0,0,0,0,0,0,0,1,0,1,0,0,0,0,0,0,0,0,0,0,0,0,0,1,0,0,0,0,0,0,0,0,0,0,0,1,0,0,0,0,0,0,0,0,0,0,0,0,0,0,0,0,0,0,1,0,0,0,0,0,0,0,0,0,0,0,0,0,0,0,0,0,0,0,0,1,0,0,0,0,0,0,0,0,0,0,0,0,0,0,0,0,0,0,0,0,0,0,0,0,0,0,0,0,0,0,0,0,0,0,0,0,0,0,0,0,0,0,0,0,0,0,0,0,0,0,0,0,0,0,0,0,0,0,0,0,0,0,0
PS,COOH,40.0,-43.5,HP,10.0,40.0,250,3,25,other,sphere,PBS,7.4,73.7,0.06,buffer,1.0,25,1,Anionic,1,1,1,1,1,1,1,1,0,0,1,1,1,1,0,0,1,0,1,1,0,1,0,0,1,1,0,1,0,0,0,0,1,1,1,0,1,0,0,1,0,0,0,0,0,0,1,0,1,0,0,0,1,1,0,0,1,0,0,0,0,0,0,1,0,1,1,0,0,1,0,0,0,0,0,0,0,1,0,1,0,1,0,0,0,0,0,0,0,0,0,0,0,0,0,0,0,0,0,0,0,0,0,0,0,0,1,0,0,1,0,0,0,0,0,0,0,0,0,0,0,0,0,0,0,0,0,0,0,0,0,1,0,0,0,1,0,0,0,0,0,0,0,0,0,0,0,0,0,0,0,0,1,0,0,0,0,0,0,0,0,0,0,0,0,0,0,0,0,0,0,0,0,0,0,0,1,0
PS,COOH,40.0,-43.5,HP,25.0,40.0,250,3,25,other,sphere,PBS,7.4,73.7,0.06,buffer,1.0,25,1,Anionic,1,1,1,1,1,1,1,1,0,0,0,1,0,0,0,1,1,0,1,0,0,0,0,0,1,1,0,1,0,0,0,0,1,1,1,0,1,0,0,1,0,0,0,0,0,0,1,0,1,0,0,0,1,1,0,0,1,0,0,0,0,0,0,1,0,1,1,1,0,1,0,0,0,0,0,0,0,1,0,0,0,1,0,0,0,0,0,0,0,0,0,0,1,0,0,0,0,0,0,0,0,0,0,0,0,0,1,0,0,1,1,0,0,0,0,0,0,0,0,0,0,0,0,0,0,0,0,0,0,0,0,1,0,0,1,1,0,0,0,0,1,0,0,0,0,0,0,0,0,0,0,0,1,0,0,0,0,0,0,0,0,0,0,0,0,0,0,0,0,0,0,0,0,0,0,0,1,0
PS,COOH,40.0,-43.5,HP,55.0,40.0,250,3,25,other,sphere,PBS,7.4,73.7,0.06,buffer,1.0,25,1,Anionic,1,1,1,1,1,1,1,0,0,0,0,1,0,0,0,1,1,0,1,0,0,0,0,0,1,1,0,1,0,0,0,1,1,1,0,0,1,0,0,1,0,0,0,0,0,0,0,0,1,0,0,0,0,1,0,0,1,0,0,0,0,0,0,1,0,1,1,1,0,1,0,0,0,0,0,0,0,1,0,0,0,1,0,1,0,0,0,0,0,0,0,0,1,0,0,0,0,0,0,0,0,0,0,0,0,0,1,0,0,1,1,0,0,0,0,0,0,0,0,0,0,0,1,0,0,0,0,0,0,0,0,1,0,1,0,0,0,0,0,0,1,0,0,0,0,0,0,0,0,0,0,0,1,0,0,0,0,0,0,0,0,0,0,0,0,0,0,0,0,0,0,0,0,0,0,0,1,0
PS,COOH,40.0,-43.5,HP,75.0,40.0,250,3,25,other,sphere,PBS,7.4,73.7,0.06,buffer,1.0,25,1,Anionic,1,1,1,1,1,1,1,0,0,0,0,1,0,0,0,1,1,0,1,0,0,0,0,0,1,1,0,1,0,0,0,1,1,1,0,0,1,0,0,1,0,0,0,0,0,0,0,0,1,0,0,0,0,1,0,0,1,0,0,0,0,0,0,1,0,1,1,1,0,1,0,0,0,0,0,0,0,1,0,0,0,1,0,1,0,0,0,0,0,0,0,0,1,0,0,0,0,0,0,0,0,0,0,0,0,0,1,0,0,1,1,0,0,0,0,0,0,0,0,0,0,0,1,0,0,0,0,0,0,0,0,1,0,1,0,0,0,0,0,0,1,0,0,0,0,0,0,0,0,0,0,0,1,0,0,0,0,0,0,0,0,0,0,0,0,0,0,0,0,0,0,0,0,0,0,0,1,0
PS,COOH,100.0,-53.2,HP,10.0,5.0,250,3,25,other,sphere,PBS,7.4,116.3,0.05,buffer,1.0,25,1,Anionic,1,0,1,0,1,1,0,1,0,0,0,1,0,1,0,0,1,0,1,0,0,1,1,0,1,0,0,1,0,0,0,0,0,0,0,1,1,0,0,1,0,0,0,0,0,0,1,0,1,0,0,0,0,0,0,0,0,0,0,0,0,0,0,1,0,1,1,0,0,0,0,0,0,0,0,0,0,0,0,0,0,1,0,0,0,0,0,0,0,0,0,0,0,0,0,0,0,0,0,0,0,0,0,0,0,0,1,0,0,1,0,0,0,0,0,0,0,0,0,0,0,0,0,0,0,0,0,0,0,0,0,1,0,0,0,1,0,0,0,0,0,0,0,0,0,0,0,0,0,0,0,0,0,0,0,0,0,0,0,0,0,0,0,0,0,0,0,0,0,0,0,0,0,0,0,0,0,0
PS,OSO3,100.0,-61.2,HP,10.0,1.0,250,3,25,other,sphere,PBS,7.4,130.0,0.09,buffer,1.0,25,1,Anionic,0,1,1,1,1,1,0,1,0,0,0,1,1,0,0,1,1,0,0,0,0,0,1,0,1,0,0,1,0,0,0,0,0,0,0,0,1,0,0,0,0,0,0,0,0,0,0,0,1,0,0,0,0,0,0,0,0,0,0,0,0,0,0,0,0,0,0,0,0,0,0,0,0,0,0,0,0,0,0,0,0,1,0,0,0,0,0,0,0,0,0,0,0,0,0,0,0,0,0,0,0,0,0,0,0,0,0,0,0,1,0,0,0,0,0,0,0,0,0,0,0,0,0,0,0,0,0,0,0,0,0,1,0,0,0,0,0,0,0,0,0,0,0,0,0,0,0,0,0,0,0,0,1,0,0,0,0,0,0,0,0,0,0,0,0,0,0,0,0,0,0,0,0,0,0,0,0,0
zeolite,none,13.0,-35.0,HP,10.0,100.0,10000,20,25,other,sheet,water,7.5,12.0,0.126944444,water,1.0,25,5,Neutral,1,1,1,0,1,1,0,0,0,0,0,1,1,0,0,1,1,0,1,0,0,0,0,1,1,1,0,0,0,0,0,1,1,1,1,1,1,1,0,0,0,1,0,0,0,0,0,0,1,0,1,0,0,1,0,1,1,0,0,0,0,0,0,0,0,0,0,1,0,0,0,0,0,0,0,0,0,0,0,0,0,0,0,0,0,0,0,0,0,0,0,1,0,0,0,0,0,0,0,0,0,0,0,0,0,0,0,0,0,0,1,1,0,0,0,0,1,0,0,0,0,0,0,0,0,0,0,0,0,0,0,0,0,0,0,0,0,0,0,0,0,0,0,0,0,0,0,0,0,0,0,0,0,0,0,0,0,0,0,0,0,0,0,0,0,0,0,0,0,0,0,0,0,0,0,0,0,0
zeolite,none,13.0,-35.0,HP,10.0,100.0,10000,20,25,other,sheet,water,7.5,12.0,0.126944444,water,1.0,25,5,Neutral,1,1,1,0,1,1,1,1,0,0,0,0,1,0,0,1,1,0,1,0,0,1,0,1,1,1,0,0,1,0,0,1,0,1,1,0,1,0,0,1,0,0,0,0,0,0,0,0,1,0,0,0,0,1,0,0,1,0,0,0,0,0,0,0,0,0,0,0,0,0,0,0,0,0,0,0,0,0,0,0,0,0,0,0,0,0,0,0,0,0,0,0,0,0,0,0,0,0,0,0,0,0,0,1,0,0,0,0,0,0,0,1,0,0,0,0,0,0,0,0,0,0,0,0,0,1,0,0,0,0,0,0,0,0,1,0,0,0,0,0,0,0,0,0,0,0,0,0,0,0,0,0,0,0,0,0,0,0,0,0,0,0,0,0,0,0,0,0,0,0,0,0,0,0,0,0,0,0
zeolite,none,13.0,-35.0,HP,10.0,100.0,10000,20,25,other,sheet,water,7.5,12.0,0.126944444,water,1.0,25,5,Neutral,1,1,0,0,1,1,1,0,0,0,0,0,1,0,0,1,0,0,1,0,0,0,0,1,1,1,0,0,1,0,0,1,1,1,1,0,1,0,0,0,0,0,0,0,0,0,0,0,1,0,0,0,0,0,0,0,1,0,0,1,0,0,0,0,0,0,1,0,0,0,0,0,0,0,0,0,0,0,0,0,0,0,0,0,0,0,0,0,0,0,0,0,0,0,0,0,0,0,0,0,0,0,1,0,0,0,0,0,0,0,0,1,0,0,0,0,0,0,0,0,0,0,0,0,0,1,0,0,0,0,0,0,0,0,1,0,0,0,0,0,0,0,0,0,0,0,0,0,0,0,0,0,0,0,0,0,0,0,0,0,0,0,0,0,0,0,0,0,0,0,0,0,0,0,0,0,0,0
zeolite,none,13.0,-35.0,HP,10.0,100.0,10000,20,25,other,sphere,water,7.5,13.0,0.126944444,water,1.0,25,5,Neutral,1,1,1,1,1,1,1,0,1,0,0,0,1,1,0,1,1,0,1,1,0,1,1,1,1,1,0,1,1,1,0,1,1,1,1,1,1,1,0,1,0,1,1,0,1,0,0,1,1,0,1,0,0,1,0,0,1,1,0,0,0,0,0,0,1,0,0,0,0,0,0,0,0,0,0,0,0,0,0,0,0,0,0,0,0,0,0,0,0,0,0,0,0,0,1,0,0,0,0,0,0,0,0,1,0,0,0,0,0,0,1,0,0,0,0,0,0,1,0,0,0,0,0,0,0,1,0,0,0,0,0,0,1,0,1,0,0,0,0,0,0,0,0,0,0,0,0,0,0,0,0,0,0,0,0,0,0,0,0,0,0,0,0,0,0,0,1,0,0,0,0,0,0,0,0,0,0,0
zeolite,none,13.0,-35.0,HP,10.0,100.0,10000,20,25,other,sphere,water,7.5,13.0,0.126944444,water,1.0,25,5,Neutral,1,1,1,1,1,1,1,0,1,0,0,1,1,1,1,1,1,0,1,0,1,1,1,1,1,1,0,0,1,0,0,1,1,1,1,1,1,1,0,1,0,1,1,0,0,0,0,1,1,0,1,0,0,1,0,0,1,0,0,1,0,0,0,0,0,0,0,0,0,1,0,0,0,0,0,0,0,0,0,0,0,0,0,1,0,0,0,0,1,1,0,0,1,0,1,0,0,0,0,0,0,0,0,1,0,0,0,0,0,0,1,0,0,0,0,1,0,1,0,0,0,0,0,0,0,1,0,0,0,0,0,0,1,0,1,0,0,0,0,0,0,0,0,0,0,0,0,0,0,0,0,0,0,0,0,0,0,0,0,0,0,0,0,0,0,0,0,0,0,0,0,0,0,0,0,0,0,0
zeolite,none,13.0,-35.0,HP,10.0,100.0,10000,20,25,other,sphere,water,7.5,13.0,0.126944444,water,1.0,25,5,Neutral,1,1,1,1,1,1,1,1,1,0,0,0,1,1,1,1,1,0,1,1,1,1,1,1,1,1,0,0,1,0,0,1,1,1,1,1,1,1,0,1,0,1,0,0,1,0,0,1,1,0,1,0,0,1,0,1,1,0,0,0,0,0,0,0,1,0,0,0,0,1,0,0,0,0,0,0,0,0,0,0,0,0,0,1,0,0,0,0,0,0,0,0,0,0,1,0,0,0,0,0,0,0,0,1,0,0,0,0,0,0,0,0,0,0,0,1,0,1,0,0,0,0,0,0,0,1,0,0,0,0,0,0,0,0,1,0,0,0,0,0,0,0,0,0,0,0,0,0,0,0,0,0,0,0,0,0,0,0,0,0,0,0,0,0,0,0,0,0,0,0,0,0,0,0,0,0,0,0
zeolite,none,13.0,-35.0,HP,10.0,100.0,10000,20,25,other,sphere,water,7.5,13.0,0.126944444,water,1.0,25,5,Neutral,1,1,1,0,1,1,1,1,0,0,0,1,1,0,0,0,0,0,1,0,0,1,1,1,1,0,0,0,1,0,0,1,0,0,0,0,1,0,0,1,0,1,0,0,1,0,0,0,1,0,1,0,0,1,0,0,1,0,0,0,0,0,0,0,0,0,0,0,0,1,0,0,0,0,0,0,0,0,0,0,0,0,0,0,0,0,0,0,0,0,0,0,0,0,0,0,0,0,0,0,0,0,0,0,0,0,0,0,0,0,0,0,0,0,0,0,0,1,0,0,0,0,0,0,0,0,0,0,0,0,0,0,1,0,1,0,0,0,0,0,0,0,0,0,0,0,0,0,0,0,0,0,0,0,0,0,0,0,0,0,0,0,0,0,0,0,0,0,0,0,0,0,0,0,0,0,0,0
zeolite,none,13.0,-35.0,HP,100.0,100.0,10000,20,25,other,sheet,water,7.5,12.0,0.126944444,water,1.0,25,5,Neutral,0,1,0,0,1,0,0,0,0,0,0,0,0,0,0,0,0,0,0,0,0,0,0,0,1,0,0,0,0,0,0,0,0,0,0,0,0,0,0,0,0,0,0,0,0,0,0,0,1,0,0,0,0,0,0,0,0,0,0,0,0,0,0,0,0,0,0,0,0,0,0,0,0,0,0,0,0,0,0,0,0,0,0,0,0,0,0,0,0,0,0,0,0,0,0,0,0,0,0,0,0,0,0,0,0,0,0,0,0,0,0,0,0,0,0,0,0,0,0,0,0,0,0,0,0,0,0,0,0,0,0,0,0,0,0,0,0,0,0,0,0,0,0,0,0,0,0,0,0,0,0,0,0,0,0,0,0,0,0,0,0,0,0,0,0,0,0,0,0,0,0,0,0,0,0,0,0,0
zeolite,none,13.0,-35.0,HP,100.0,100.0,10000,20,25,other,sheet,water,7.5,12.0,0.126944444,water,1.0,25,5,Neutral,0,1,0,0,0,0,0,0,0,0,0,0,0,0,0,0,0,0,0,0,0,0,0,0,1,0,0,0,0,0,0,0,0,0,0,0,1,0,0,0,0,0,0,0,0,0,0,0,1,0,0,0,0,0,0,0,0,0,0,0,0,0,0,0,0,0,0,0,0,0,0,0,0,0,0,0,0,0,0,0,0,0,0,0,0,0,0,0,0,0,0,0,0,0,0,0,0,0,0,0,0,0,0,0,0,0,0,0,0,0,0,0,0,0,0,0,0,0,0,0,0,0,0,0,0,0,0,0,0,0,0,0,0,0,0,0,0,0,0,0,0,0,0,0,0,0,0,0,0,0,0,0,0,0,0,0,0,0,0,0,0,0,0,0,0,0,0,0,0,0,0,0,0,0,0,0,0,0
zeolite,none,13.0,-35.0,HP,100.0,100.0,10000,20,25,other,sheet,water,7.5,12.0,0.126944444,water,1.0,25,5,Neutral,0,1,1,0,0,0,0,0,1,0,0,0,0,0,0,0,0,0,0,0,0,0,1,0,1,0,0,0,0,0,0,0,0,0,0,0,1,0,0,0,0,0,0,0,0,0,0,0,1,0,0,0,0,0,0,0,0,0,0,0,0,0,0,0,0,0,0,0,0,0,0,0,0,0,0,0,0,0,0,0,0,0,0,0,0,0,0,0,0,0,0,0,0,0,0,0,0,0,0,0,0,0,0,0,0,0,0,0,0,0,0,0,0,0,0,0,0,0,0,0,0,0,0,0,0,0,0,0,0,0,0,0,0,0,0,0,0,0,0,0,0,0,0,0,0,0,0,0,0,0,0,0,0,0,0,0,0,0,0,0,0,0,0,0,0,0,0,0,0,0,0,0,0,0,0,0,0,0
zeolite,none,13.0,-35.0,HP,100.0,100.0,10000,20,25,other,sheet,water,7.5,12.0,0.126944444,water,1.0,25,5,Neutral,0,1,1,0,0,0,0,0,1,0,0,1,0,0,0,0,0,0,0,0,0,0,0,0,1,0,0,0,0,0,0,0,0,0,0,0,1,0,0,0,0,0,0,0,0,0,0,0,1,0,0,0,0,0,0,0,0,0,0,0,0,0,0,0,0,0,0,0,0,0,0,0,0,0,0,0,0,0,0,0,0,0,0,0,0,0,0,0,0,0,0,0,0,0,0,0,0,0,0,0,0,0,0,0,0,0,0,0,0,0,0,0,0,0,0,0,0,0,0,0,0,0,0,0,0,0,0,0,0,0,0,0,0,0,0,0,0,0,0,0,0,0,0,0,0,0,0,0,0,0,0,0,0,0,0,0,0,0,0,0,0,0,0,0,0,0,0,0,0,0,0,0,0,0,0,0,0,0
zeolite,none,13.0,-35.0,HP,100.0,100.0,10000,20,25,other,sphere,water,7.5,13.0,0.126944444,water,1.0,25,5,Neutral,1,1,0,1,1,1,0,0,0,0,0,0,0,0,0,0,0,0,0,0,0,1,0,0,1,1,0,0,0,0,0,0,0,0,0,0,1,0,0,0,0,0,0,0,0,0,0,0,1,0,0,0,0,0,0,0,0,0,0,0,0,0,0,0,0,0,0,0,0,0,0,0,1,0,0,0,0,1,0,0,0,0,0,0,0,0,0,0,0,0,0,0,0,0,0,0,0,0,0,0,0,0,0,0,0,0,0,0,0,0,0,0,0,0,0,0,0,0,0,0,0,0,0,0,0,0,0,0,0,0,0,0,0,0,0,0,0,0,0,0,0,0,0,0,0,0,0,0,0,0,0,0,0,0,0,0,0,0,0,0,0,0,0,0,0,0,0,0,0,0,0,0,0,0,0,0,0,0
zeolite,none,13.0,-35.0,HP,100.0,100.0,10000,20,25,other,sphere,water,7.5,13.0,0.126944444,water,1.0,25,5,Neutral,0,1,0,1,1,1,0,0,0,0,0,0,1,0,0,0,0,0,1,0,0,1,0,0,1,0,0,0,0,0,0,0,0,0,0,0,1,1,0,0,0,0,0,0,0,0,0,0,1,0,0,0,0,0,0,0,0,0,0,0,0,0,0,0,0,0,0,0,0,0,0,0,0,0,0,0,0,0,0,0,0,0,0,0,1,0,0,0,0,0,0,0,0,0,0,0,0,0,0,0,0,0,0,0,0,0,0,0,0,0,0,0,0,0,0,0,0,0,0,0,0,0,0,0,0,0,0,0,0,0,0,0,0,0,0,0,0,0,0,0,0,0,0,0,0,0,0,0,0,0,0,0,0,0,0,0,0,0,0,0,0,0,0,0,0,0,0,0,0,0,0,0,0,0,0,0,0,0
zeolite,none,13.0,-35.0,HP,100.0,100.0,10000,20,25,other,sphere,water,7.5,13.0,0.126944444,water,1.0,25,5,Neutral,0,1,0,1,1,1,0,0,1,0,0,0,0,0,0,0,0,0,1,0,0,1,0,0,1,0,0,0,0,0,0,0,0,0,0,0,1,0,0,0,0,0,0,0,0,0,0,0,1,0,0,0,0,0,0,0,0,0,0,0,0,0,0,0,0,0,0,0,0,0,0,0,0,0,0,0,0,0,0,0,0,0,0,0,0,0,0,0,0,0,0,0,0,0,0,0,0,0,0,0,0,0,0,0,0,0,0,0,0,0,0,0,0,0,0,0,0,0,0,0,0,0,0,0,0,0,0,0,0,0,0,0,0,0,0,0,0,0,0,0,0,0,0,0,0,0,0,0,0,0,0,0,0,0,0,0,0,0,0,0,0,0,0,0,0,0,0,0,0,0,0,0,0,0,0,0,0,0
zeolite,none,13.0,-35.0,HP,100.0,100.0,10000,20,25,other,sphere,water,7.5,13.0,0.126944444,water,1.0,25,5,Neutral,0,1,0,1,1,1,0,0,1,0,0,0,1,0,0,0,0,0,1,0,0,1,0,0,1,0,0,0,0,0,0,0,0,0,0,0,1,1,0,0,0,0,0,0,0,0,0,0,1,0,0,0,0,0,0,0,0,0,0,0,0,0,0,0,0,0,0,0,0,0,0,0,0,0,0,0,0,0,0,0,0,0,0,0,1,0,0,0,0,0,0,0,0,0,0,0,0,0,0,0,0,0,0,0,0,0,0,0,0,0,0,0,0,0,0,0,0,0,0,0,0,0,0,0,0,0,0,0,0,0,0,0,0,0,0,0,0,0,0,0,0,0,0,0,0,0,0,0,0,0,0,0,0,0,0,0,0,0,0,0,0,0,0,0,0,0,0,0,0,0,0,0,0,0,0,0,0,0
LPD,none,200.0,45.0,HP,50.0,500.0,15000,10,25,liposome,sphere,water,7.0,200.0,0.126944444,water,1.0,37,1,Neutral,1,1,1,1,1,1,1,1,1,1,1,1,1,0,1,1,0,1,1,1,1,1,1,1,1,1,1,1,1,0,1,1,1,1,1,0,1,0,1,1,0,1,1,1,1,1,1,1,1,0,0,1,0,1,0,1,1,1,1,0,1,1,1,1,1,1,0,1,1,1,1,0,1,0,1,0,0,0,0,1,0,1,0,1,0,1,0,1,1,0,1,0,1,1,0,0,0,1,1,1,0,1,0,0,1,1,0,1,0,1,0,1,1,0,1,1,1,0,1,1,0,1,1,0,1,0,1,0,0,1,0,1,0,1,0,0,1,1,0,0,1,0,0,0,0,0,0,1,0,0,0,0,1,1,0,0,0,1,0,0,0,1,0,0,1,1,0,0,0,1,0,0,0,0,0,0,0,0
LPD,none,200.0,45.0,HP,50.0,500.0,15000,10,25,liposome,sphere,water,7.0,200.0,0.126944444,water,1.0,37,1,Neutral,1,1,1,1,1,1,1,1,1,1,1,0,1,0,0,0,0,1,1,1,1,1,1,1,1,1,1,1,1,0,1,1,1,1,1,0,1,0,0,1,0,1,1,1,1,1,1,1,1,0,0,1,0,1,0,1,1,1,1,0,1,0,1,1,0,1,0,1,1,1,1,0,1,0,1,0,0,0,0,1,0,1,0,1,0,0,0,1,1,0,1,0,0,1,0,0,0,0,0,1,0,1,0,0,1,1,0,1,0,1,0,1,1,0,0,1,1,0,0,1,1,0,1,0,1,0,0,0,0,0,0,1,0,1,0,0,1,1,1,0,1,0,0,0,0,0,1,1,0,0,0,0,0,1,0,0,0,0,0,0,0,0,0,0,1,1,0,0,0,0,0,0,0,0,0,0,0,0
LPD,none,200.0,45.0,HP,50.0,500.0,15000,10,25,liposome,sphere,water,7.0,200.0,0.126944444,water,1.0,37,1,Neutral,1,1,1,1,1,1,1,1,1,1,1,1,1,1,1,1,0,1,1,1,1,1,1,1,1,1,1,1,1,0,1,1,1,0,1,1,1,1,1,1,1,1,1,1,1,1,1,1,1,1,0,1,0,1,0,1,1,1,1,0,1,1,1,1,0,1,0,1,1,1,1,1,1,0,1,0,1,0,0,1,0,1,0,1,1,0,0,0,1,0,1,0,1,1,0,0,0,1,0,1,0,1,0,0,1,0,0,1,0,1,0,1,1,0,0,1,1,0,0,1,1,0,1,0,1,0,0,0,0,0,0,0,0,1,0,0,1,1,0,0,1,0,0,1,0,0,0,1,0,0,0,0,1,0,0,0,1,0,0,0,0,0,0,0,1,1,0,0,0,0,0,0,0,0,0,0,0,0
DOTAP/DNA,none,200.0,50.0,HP,50.0,500.0,15000,10,25,liposome,sphere,water,7.0,200.0,0.126944444,water,1.0,37,1,Neutral,1,1,1,1,1,1,1,1,1,1,1,0,1,1,1,1,1,1,1,1,1,1,1,1,1,1,1,1,1,0,1,1,1,1,1,1,1,1,0,1,1,1,1,1,1,1,1,1,1,0,0,1,0,1,1,1,0,1,1,1,1,0,1,1,0,1,0,1,1,1,1,0,1,1,1,0,0,0,1,1,0,1,0,1,1,1,1,1,1,0,1,0,1,0,0,0,0,1,0,1,1,1,0,0,1,0,0,1,0,1,0,1,1,0,0,1,1,0,0,1,1,0,1,0,1,0,0,0,0,1,0,0,0,1,0,0,1,1,1,0,1,1,0,0,0,0,0,1,0,0,0,0,1,1,1,0,1,1,1,0,1,1,0,0,1,1,0,1,1,1,1,1,0,0,0,0,0,0
DOTAP/DNA,none,200.0,50.0,HP,50.0,500.0,15000,10,25,liposome,sphere,water,7.0,200.0,0.126944444,water,1.0,37,1,Neutral,1,1,1,1,1,1,1,1,1,1,1,0,1,1,1,1,1,1,1,1,1,1,1,1,1,1,1,1,1,0,1,1,1,1,1,1,1,1,1,1,1,1,1,1,1,1,1,1,1,1,0,1,0,1,1,1,1,1,1,1,1,0,1,1,0,1,0,1,1,1,1,0,1,1,1,0,1,0,1,1,0,1,0,1,1,1,1,1,1,0,1,0,1,0,0,0,0,1,0,1,1,1,0,0,1,0,0,0,0,1,0,1,1,0,1,1,1,0,1,1,1,0,1,0,1,0,0,0,0,1,0,1,0,1,0,0,1,1,1,0,1,1,0,1,0,0,0,1,0,0,0,0,0,1,1,0,1,1,1,0,1,1,0,0,1,1,0,1,1,1,1,1,0,0,0,0,0,0
DOTAP/DNA,none,200.0,50.0,HP,50.0,500.0,15000,10,25,liposome,sphere,water,7.0,200.0,0.126944444,water,1.0,37,1,Neutral,1,1,1,1,1,1,1,1,1,1,1,0,1,1,1,1,1,1,1,1,1,1,1,1,1,1,1,1,1,0,1,1,1,1,1,1,1,1,1,1,1,1,1,1,1,1,1,1,1,1,0,1,0,1,1,1,1,1,1,1,1,0,1,1,0,1,0,1,1,1,1,0,1,1,1,0,1,0,1,1,0,1,0,1,1,1,1,1,1,0,1,0,1,0,0,0,0,1,0,1,1,1,0,0,1,0,0,0,0,1,0,1,1,0,1,1,1,0,1,1,1,0,1,0,1,0,0,0,0,1,0,1,0,1,0,0,1,1,1,0,1,1,0,1,0,0,0,1,0,0,0,0,0,1,1,0,1,1,1,0,1,1,0,0,1,1,0,1,1,1,1,1,0,0,0,0,0,0
DOTAP,none,100.0,47.5,HP,50.0,500.0,15000,10,25,liposome,sphere,water,7.0,100.0,0.126944444,water,1.0,37,1,Neutral,1,1,1,1,1,1,1,1,1,1,1,1,1,0,1,0,1,1,1,1,1,1,1,1,1,0,1,0,1,0,1,0,1,1,1,0,1,0,0,0,1,1,1,0,1,1,1,1,1,0,0,1,0,1,1,1,1,0,1,1,1,1,1,0,1,1,0,0,1,0,1,1,0,0,1,0,0,1,0,1,0,1,0,1,0,0,1,1,1,0,1,0,0,1,0,1,1,1,1,0,1,1,0,0,1,1,0,1,0,1,0,0,1,0,1,1,1,0,1,0,1,0,1,0,1,0,1,0,0,1,1,0,0,1,0,0,0,1,0,0,1,0,0,0,0,0,1,0,0,1,0,0,1,1,0,0,1,0,0,0,0,0,0,0,0,0,0,0,0,0,0,0,0,1,0,0,0,0
DOTAP,none,100.0,47.5,HP,50.0,500.0,15000,10,25,liposome,sphere,water,7.0,100.0,0.126944444,water,1.0,37,1,Neutral,1,1,1,1,1,1,1,1,1,1,1,1,1,0,1,0,1,1,1,1,1,1,1,1,1,0,1,1,1,0,1,0,1,0,1,0,1,0,0,1,1,1,1,0,1,1,1,1,1,0,0,1,0,1,1,1,1,0,1,0,1,0,1,0,1,1,0,0,1,0,1,1,1,0,1,0,0,1,1,1,0,1,0,1,0,0,1,1,1,0,1,0,1,1,0,1,1,1,1,0,1,1,0,0,1,1,0,1,0,1,0,1,1,0,1,1,1,0,1,0,1,0,1,0,1,0,1,0,0,1,1,0,0,1,0,0,0,1,0,0,1,0,0,0,0,0,1,0,0,1,0,0,1,1,0,0,1,0,0,0,1,0,0,0,0,0,0,1,1,0,0,0,0,1,0,0,0,0
DOTAP,none,100.0,47.5,HP,50.0,500.0,15000,10,25,liposome,sphere,water,7.0,100.0,0.126944444,water,1.0,37,1,Neutral,1,1,1,1,1,1,1,1,1,1,1,1,1,0,0,0,1,1,1,1,1,1,1,1,1,0,1,0,1,0,1,0,1,1,1,0,1,0,0,0,0,1,1,0,1,1,1,1,1,0,0,1,0,1,1,1,1,0,1,1,1,1,1,0,1,1,0,0,1,0,1,1,1,0,1,0,0,1,1,1,0,1,0,1,0,0,1,1,1,0,1,0,0,1,0,1,1,1,1,0,1,1,0,0,1,1,0,1,0,1,0,1,1,0,1,1,1,0,1,0,1,0,1,0,1,0,1,0,0,1,1,1,0,1,0,0,0,1,0,0,1,0,0,0,0,0,1,0,0,1,0,0,1,1,1,0,1,0,0,0,0,0,0,0,0,0,0,0,0,0,0,0,0,1,0,0,0,0
DC-Chol-DOPE,none,102.0,54.3,HP,50.0,500.0,15000,10,25,liposome,sphere,buffer,7.0,102.0,0.243,buffer,1.0,37,1,Neutral,1,1,1,1,1,1,1,1,1,1,1,0,1,1,1,1,1,1,1,1,1,1,1,1,1,1,1,1,1,0,1,1,1,0,1,1,1,1,0,0,1,1,1,1,1,1,1,1,1,1,0,1,0,1,0,1,1,1,1,0,1,0,1,0,0,1,0,0,0,0,1,1,1,0,1,0,1,0,1,1,0,1,0,0,0,0,1,0,1,0,1,0,1,1,0,1,1,1,1,0,1,1,0,0,1,0,0,1,0,1,0,1,1,0,1,1,1,0,0,0,1,1,1,0,1,0,1,0,0,1,1,1,0,1,0,0,1,1,1,0,1,1,0,0,0,0,1,1,0,0,0,0,1,1,1,0,1,0,0,0,0,0,0,0,1,1,0,1,1,1,1,1,0,0,0,0,0,0
DC-Chol-DOPE,none,102.0,54.3,HP,50.0,500.0,15000,10,25,liposome,sphere,buffer,7.0,102.0,0.243,buffer,1.0,37,1,Neutral,1,1,1,1,1,1,1,1,1,1,1,0,1,1,1,1,1,1,1,1,0,1,1,1,1,1,1,0,1,0,1,0,1,0,1,1,1,1,0,0,1,1,1,1,1,1,1,1,1,1,0,1,0,1,0,1,1,1,1,1,1,0,1,0,0,1,0,1,0,0,1,1,1,0,1,0,1,0,1,1,1,1,0,1,0,0,1,0,1,0,1,0,0,1,0,1,1,1,1,0,1,1,0,0,1,1,0,1,0,1,0,0,1,0,1,1,1,0,1,0,1,1,1,0,1,0,1,0,0,1,1,1,0,1,0,0,0,1,1,0,1,1,0,0,0,0,1,1,0,0,0,0,1,1,1,0,1,0,0,0,0,0,0,0,1,1,0,0,1,1,1,1,0,0,0,1,1,0
DC-Chol-DOPE,none,102.0,54.3,HP,50.0,500.0,15000,10,25,liposome,sphere,buffer,7.0,102.0,0.243,buffer,1.0,37,1,Neutral,1,1,1,1,1,1,1,1,1,1,1,0,1,1,1,0,1,1,1,1,0,1,1,1,1,1,1,0,1,0,1,1,1,0,1,1,1,1,0,0,1,1,1,0,1,1,1,1,1,1,0,1,0,1,0,1,0,1,1,0,1,0,1,0,0,1,0,1,0,0,1,1,0,1,1,0,0,0,1,1,0,1,0,0,0,0,1,0,1,0,1,0,0,1,0,1,1,1,1,0,1,1,0,0,1,0,0,1,0,1,0,0,1,0,1,1,1,0,0,0,1,1,1,0,1,0,1,0,0,1,1,1,0,1,0,0,1,1,1,0,1,1,0,0,0,0,1,1,0,0,0,0,1,1,1,0,1,0,0,0,0,0,0,0,1,1,0,1,1,1,1,1,0,0,0,0,1,0
DC-Chol-DOPE,none,109.0,56.3,HP,50.0,500.0,15000,10,25,liposome,sphere,buffer,7.0,109.0,0.212,buffer,1.0,37,1,Neutral,1,1,1,1,1,1,1,1,1,1,1,0,1,1,1,0,0,1,1,1,0,1,1,1,1,1,1,1,1,0,1,0,1,0,1,1,1,1,0,0,1,1,1,1,1,1,1,1,1,1,0,1,0,1,0,1,0,1,1,0,1,0,1,0,0,1,0,0,0,0,1,1,1,0,1,0,1,0,0,1,1,1,0,0,0,0,1,1,1,0,1,0,0,1,0,0,1,0,1,0,1,1,0,0,1,1,0,1,0,1,0,1,1,0,1,1,1,0,1,1,1,1,1,0,1,0,1,0,0,1,1,1,0,1,0,0,1,1,1,0,1,1,0,0,0,0,1,1,0,0,0,0,1,1,1,0,1,0,0,0,0,0,0,0,1,1,0,1,1,1,1,1,0,0,0,0,0,0
DC-Chol-DOPE,none,109.0,56.3,HP,50.0,500.0,15000,10,25,liposome,sphere,buffer,7.0,109.0,0.212,buffer,1.0,37,1,Neutral,1,1,1,1,1,1,1,1,1,1,1,0,1,1,1,1,1,1,1,1,0,1,1,1,1,1,1,1,1,0,1,0,1,0,1,1,1,1,0,0,1,1,1,1,1,1,1,1,1,0,0,1,0,1,0,1,0,1,1,1,1,0,1,0,0,1,0,0,0,0,1,1,1,0,1,0,1,0,1,1,1,1,0,0,0,0,1,1,1,0,1,0,0,1,0,0,1,1,1,0,1,1,0,0,1,0,0,1,0,1,0,1,1,0,1,0,1,0,1,0,1,1,1,0,1,0,1,0,0,1,1,1,0,1,0,0,0,1,1,0,1,1,0,0,0,0,1,1,0,0,0,0,1,1,1,0,1,0,0,0,0,0,0,0,0,1,0,0,1,1,1,1,0,0,0,0,1,0
DC-Chol-DOPE,none,109.0,56.3,HP,50.0,500.0,15000,10,25,liposome,sphere,buffer,7.0,109.0,0.212,buffer,1.0,37,1,Neutral,1,1,1,1,1,1,1,1,1,1,1,0,1,1,1,1,0,1,1,1,0,1,1,1,1,1,1,1,1,0,1,0,1,0,1,1,1,1,0,0,1,1,1,1,1,1,1,1,1,0,0,1,0,1,0,1,0,1,1,0,1,0,1,0,0,1,0,0,0,0,1,1,1,0,1,0,0,0,1,1,1,1,0,0,0,0,1,1,1,0,1,0,0,1,0,0,1,1,1,0,1,1,0,0,1,0,0,1,0,1,0,1,1,0,1,1,1,0,1,0,1,1,1,0,1,0,1,0,0,1,1,1,0,1,0,0,0,1,1,0,1,1,0,0,0,0,1,1,0,0,0,0,1,1,1,0,1,0,0,0,0,0,0,0,0,1,0,0,1,1,1,1,0,0,0,0,1,0
DC-Chol-DOPE,none,105.0,60.5,HP,50.0,500.0,15000,10,25,liposome,sphere,buffer,7.0,105.0,0.239,buffer,1.0,37,1,Neutral,1,1,1,1,1,1,1,1,1,1,1,1,1,1,1,1,1,1,1,1,1,1,1,1,1,1,1,1,1,1,1,0,1,0,1,1,1,1,1,1,1,1,1,1,1,1,1,1,1,1,0,1,1,1,0,1,1,1,1,1,1,0,1,0,0,1,0,0,1,0,1,1,1,1,1,0,1,0,0,1,1,1,0,0,1,0,1,1,1,0,1,0,1,1,0,1,1,1,1,1,1,1,0,0,1,1,0,1,0,1,0,1,1,0,1,1,1,0,1,1,1,1,1,0,1,0,1,0,1,1,1,1,0,1,0,0,0,0,1,0,1,1,0,1,0,0,1,0,0,0,0,0,1,1,1,0,1,0,0,0,0,1,0,0,0,1,0,0,1,1,0,1,0,0,0,0,0,0
DC-Chol-DOPE,none,105.0,60.5,HP,50.0,500.0,15000,10,25,liposome,sphere,buffer,7.0,105.0,0.239,buffer,1.0,37,1,Neutral,1,1,1,1,1,1,1,1,1,1,1,0,1,1,1,1,1,1,1,1,1,1,1,1,1,1,1,1,1,1,1,0,1,0,1,1,1,1,1,1,1,1,1,1,1,1,1,1,1,1,0,1,0,1,0,1,0,1,1,1,1,0,1,0,0,1,0,0,0,0,1,1,1,1,1,0,1,0,1,1,1,1,0,0,0,0,1,1,1,0,1,0,0,1,0,1,1,0,1,0,1,1,0,0,1,1,0,1,0,1,0,1,1,0,1,1,1,0,1,1,1,1,1,0,1,0,1,0,1,1,1,1,0,1,0,0,0,0,0,0,1,1,0,0,0,0,1,0,0,0,0,0,1,1,1,0,1,0,0,0,0,0,0,0,0,0,0,0,1,1,0,1,0,0,0,1,0,0
DC-Chol-DOPE,none,105.0,60.5,HP,50.0,500.0,15000,10,25,liposome,sphere,buffer,7.0,105.0,0.239,buffer,1.0,37,1,Neutral,1,1,1,1,1,1,1,1,1,1,1,0,1,1,1,1,1,1,1,1,1,1,1,1,1,1,0,0,1,0,1,0,1,0,1,1,1,1,0,1,1,1,1,0,1,1,1,1,1,1,0,1,0,1,0,1,0,1,1,0,1,0,1,0,0,1,0,0,0,0,1,0,1,0,1,0,1,0,0,1,1,1,0,1,0,0,1,1,1,0,1,0,0,1,0,1,1,0,1,0,1,1,0,0,1,1,0,1,0,1,0,1,1,0,1,1,1,0,1,0,1,1,1,0,1,0,1,0,1,1,1,1,0,1,0,0,0,1,1,0,1,1,0,1,0,0,1,0,0,0,0,0,1,1,1,0,1,0,0,0,0,0,0,0,0,0,0,0,1,1,0,1,0,0,0,1,0,0
DOTAP-Chol,none,83.5,50.5,HP,50.0,500.0,15000,10,25,liposome,sphere,buffer,7.4,83.5,0.293,buffer,1.0,37,1,Neutral,1,1,1,1,1,1,1,1,1,1,1,1,1,1,1,1,1,1,1,1,1,1,1,1,1,1,1,1,1,1,1,1,1,0,1,1,1,0,1,1,1,1,1,1,1,1,1,1,1,1,1,1,1,0,1,1,1,1,1,1,1,1,1,1,1,1,1,1,1,1,1,1,1,1,1,0,1,1,0,1,1,1,1,0,0,1,0,0,1,1,1,0,1,1,1,1,1,1,1,0,1,1,0,0,1,1,0,1,1,1,0,1,0,0,0,1,1,0,1,1,1,1,1,0,1,1,1,1,1,1,1,1,1,1,0,0,1,1,1,0,1,1,1,1,0,0,1,1,0,0,1,1,1,1,1,0,1,0,1,0,1,1,1,0,1,1,1,1,1,1,1,1,0,0,0,1,1,0
DOTAP-DOPE,none,90.8,51.2,HP,50.0,500.0,15000,10,25,liposome,sphere,buffer,7.4,90.8,0.225,buffer,1.0,37,1,Neutral,1,1,1,1,1,1,1,1,1,1,1,1,1,1,1,1,1,1,1,1,1,1,1,1,1,1,0,1,1,1,1,1,1,0,1,1,1,0,1,0,1,1,1,1,1,1,1,1,1,1,0,1,1,0,1,1,1,1,1,1,1,0,1,0,1,0,0,1,1,0,1,1,0,1,1,0,1,1,0,1,0,1,0,0,0,0,0,1,1,0,1,0,1,1,0,1,1,1,1,0,1,1,0,0,1,1,0,1,0,1,0,0,0,0,0,0,1,0,1,0,1,1,1,0,1,0,1,0,1,1,1,1,0,1,1,0,1,1,1,0,1,1,1,1,0,0,1,1,0,0,0,1,1,1,1,0,1,0,1,0,1,0,0,0,1,1,0,1,1,1,1,1,0,0,0,0,1,0
DOTAP,none,78.8,55.7,HP,50.0,500.0,15000,10,25,liposome,sphere,buffer,7.4,78.8,0.205,buffer,1.0,37,1,Neutral,0,1,1,1,1,1,1,1,1,1,1,1,0,0,1,0,1,1,1,1,1,1,1,0,1,1,1,1,1,1,1,0,1,0,0,1,1,0,1,1,1,1,1,1,1,1,1,1,1,1,0,1,1,1,1,0,1,0,1,0,1,1,1,0,1,0,0,0,1,0,1,1,1,1,1,0,0,1,1,1,0,0,0,1,0,0,1,1,1,0,1,0,1,0,0,0,1,1,1,1,1,1,0,0,1,1,0,1,0,0,0,1,1,0,1,1,1,0,1,0,1,1,1,0,1,0,0,0,0,1,1,0,0,1,0,0,0,1,1,0,1,1,0,0,0,0,0,0,0,1,0,0,1,1,1,0,1,0,0,0,0,1,0,0,0,1,0,0,1,1,1,1,0,1,0,0,0,0
DOTAP-DOPC-DC-Chol-DOPE/DOPE-PEG ,PEG,103.2,11.3,HP,50.0,500.0,14000,15,25,liposome,sphere,water,7.0,103.2,0.126944444,buffer,1.0,37,1,Neutral,1,1,1,1,1,1,1,1,1,1,1,1,1,1,1,1,1,1,1,1,1,1,1,1,1,1,1,1,1,1,1,0,1,0,1,1,1,1,1,1,1,1,1,1,1,1,0,1,1,1,1,1,1,1,1,1,1,1,1,1,1,1,1,1,1,1,0,1,1,1,1,1,1,1,1,1,1,0,0,1,1,1,0,1,0,0,0,1,1,1,1,1,1,1,0,1,1,1,1,1,1,1,0,1,1,1,0,1,0,1,1,1,1,0,1,1,1,1,1,1,0,1,1,0,1,0,1,1,0,1,1,1,1,1,0,0,1,0,1,0,1,1,0,1,0,0,1,1,0,0,0,0,1,1,1,0,1,0,1,0,0,1,0,0,1,1,0,0,1,1,1,1,0,0,0,1,1,0
DOTAP-DOPC-DC-Chol-DOPE/DOPE-PEG ,PEG,118.7,15.5,HP,50.0,500.0,14000,15,25,liposome,sphere,water,7.0,118.7,0.126944444,buffer,1.0,37,1,Neutral,1,1,1,1,1,1,1,1,1,1,1,1,1,1,1,1,1,1,1,1,1,1,1,1,1,1,1,1,1,1,1,1,1,0,1,1,1,1,1,1,1,1,1,1,1,1,1,1,1,1,1,1,1,0,1,1,1,1,1,1,1,1,1,1,1,1,0,1,1,1,1,1,1,1,1,0,1,0,0,1,1,1,0,1,0,0,0,1,1,1,1,0,1,1,0,1,1,1,1,1,1,1,0,1,1,1,0,1,0,1,1,1,0,0,1,1,1,1,1,1,1,1,1,0,1,0,1,0,1,1,1,1,1,1,1,0,1,1,1,0,1,1,0,1,0,0,1,1,0,1,1,0,1,1,1,0,1,0,1,0,1,1,0,0,1,1,0,1,1,1,1,1,0,1,0,1,1,0
DOTAP-DOPC-DC-Chol-DOPE/DOPE-PEG ,PEG,116.9,18.3,HP,50.0,500.0,14000,15,25,liposome,sphere,water,7.0,116.9,0.126944444,buffer,1.0,37,1,Neutral,1,1,1,1,1,1,1,1,1,1,1,1,1,1,1,1,1,1,1,1,1,1,1,1,1,1,1,1,1,1,1,0,1,0,1,1,1,1,1,1,1,1,1,1,1,1,0,1,1,1,1,1,1,1,1,1,1,1,1,1,1,1,1,1,1,1,0,1,1,1,1,1,1,1,1,1,1,0,0,1,1,1,1,1,0,0,0,1,1,1,1,1,1,1,1,1,1,1,1,1,1,1,0,1,1,1,0,1,0,1,1,1,1,0,1,1,1,1,1,1,0,1,1,0,1,0,1,1,1,1,1,1,1,1,0,0,1,0,1,0,1,1,1,1,1,0,1,1,0,1,1,0,1,1,1,0,1,0,1,0,0,1,0,0,1,1,0,0,1,1,1,1,0,0,0,1,1,0
DOTAP-DOPC-DC-Chol-DOPE,none,86.0,27.4,HP,50.0,500.0,14000,15,25,liposome,sphere,water,7.0,86.0,0.126944444,buffer,1.0,37,1,Neutral,1,1,1,1,1,1,1,1,1,1,1,1,1,1,1,1,1,1,1,1,0,1,1,1,1,0,1,1,0,1,1,1,1,0,1,0,1,1,1,0,1,1,1,1,1,1,1,0,1,1,0,1,1,0,1,1,0,1,0,1,1,1,0,0,1,1,0,1,1,1,1,1,0,1,1,1,1,1,1,1,1,1,0,0,0,0,0,1,1,0,1,1,1,1,0,1,1,1,0,1,0,1,0,1,1,1,0,1,0,1,1,1,0,0,0,1,1,1,1,0,0,1,1,0,1,0,1,1,1,1,0,1,1,1,1,0,0,0,1,0,1,1,1,1,0,0,1,0,0,1,0,0,1,1,1,0,1,0,0,0,1,1,0,0,0,0,1,1,0,1,0,1,0,1,0,1,1,1
MWCNT,COOH,80.0,-57.0,HP,91.0,91.0,10000,20,25,carbon,tube,PBS,7.4,80.0,0.126944444,buffer,1.0,25,1,Anionic,1,1,1,0,1,1,0,0,1,1,0,1,1,0,0,0,1,0,0,1,0,1,1,0,1,1,0,1,0,0,1,0,0,1,1,0,1,0,0,1,0,0,0,0,0,1,0,0,1,1,1,0,0,0,0,1,0,0,0,0,0,0,0,1,0,1,1,0,0,0,0,0,0,0,0,0,0,1,0,0,0,0,1,0,0,0,0,0,0,0,0,0,0,0,0,0,0,0,0,0,0,0,0,0,0,0,0,0,0,0,0,0,0,0,0,0,0,0,0,0,0,0,0,0,0,0,0,0,0,0,0,0,0,0,0,0,0,0,0,0,0,1,0,0,0,0,0,0,0,0,0,0,0,0,0,0,0,0,0,0,0,0,0,0,0,0,0,0,0,0,0,0,0,0,0,0,0,0
Si,none,50.0,-20.0,FBS,100.0,100.0,20000,30,4,other,sphere,PBS,7.4,66.0,0.2,DMEM,1.0,37,1,Neutral,0,1,1,1,1,0,0,0,0,1,1,1,0,0,1,0,0,0,0,0,0,1,1,0,1,1,0,0,0,1,0,0,0,0,0,0,0,0,0,0,0,0,0,0,0,1,0,0,0,0,0,1,0,0,1,0,1,0,1,0,0,0,0,1,0,0,0,0,0,0,0,0,0,0,0,0,0,0,0,0,0,0,1,0,0,0,0,0,0,0,0,0,0,0,0,0,0,0,0,0,0,0,0,0,0,0,0,0,0,0,0,0,0,0,0,0,0,0,0,0,0,0,0,0,0,0,0,0,0,0,0,0,0,0,0,0,0,0,0,0,0,0,0,0,0,0,0,0,0,0,0,0,0,0,0,0,0,0,0,0,0,0,0,0,0,0,0,0,0,0,0,0,0,0,0,0,0,0
Si,none,50.0,-13.5,FBS,100.0,100.0,20000,30,4,other,sphere,cell culture,7.4,44.0,0.19,DMEM,1.0,37,1,Neutral,0,1,1,1,1,0,0,0,0,1,1,1,0,0,1,0,0,0,0,0,0,1,1,0,1,1,0,0,0,1,0,0,0,0,0,0,0,0,0,0,0,0,0,0,0,1,0,0,0,0,0,1,0,0,1,0,1,0,1,0,0,0,0,1,0,0,0,0,0,0,0,0,0,0,0,0,0,0,0,0,0,0,1,0,0,0,0,0,0,0,0,0,0,0,0,0,0,0,0,0,0,0,0,0,0,0,0,0,0,0,0,0,0,0,0,0,0,0,0,0,0,0,0,0,0,0,0,0,0,0,0,0,0,0,0,0,0,0,0,0,0,0,0,0,0,0,0,0,0,0,0,0,0,0,0,0,0,0,0,0,0,0,0,0,0,0,0,0,0,0,0,0,0,0,0,0,0,0
Ag,PVP,21.6,-21.2,HP,100.0,1000.0,19000,20,4,metal,sphere,plasma,7.4,53.3,0.126944444,buffer,3.0,25,1,Neutral,1,1,1,1,1,1,1,1,1,1,1,1,1,1,1,1,1,0,1,1,1,1,1,1,1,1,1,1,1,1,1,1,0,0,1,1,1,1,0,1,0,0,1,0,0,1,0,1,1,1,1,1,1,0,1,0,1,1,0,1,1,0,1,1,0,0,1,1,1,1,1,0,1,0,0,0,0,1,0,0,0,0,1,0,0,1,1,0,0,0,1,0,1,0,0,0,0,1,0,0,0,0,0,0,0,0,1,0,0,0,1,0,0,0,0,0,0,0,0,1,1,0,0,1,0,0,0,0,0,0,0,0,0,0,0,0,0,0,0,1,0,0,0,0,0,0,0,0,0,0,0,0,0,0,0,1,0,1,1,0,0,0,0,0,0,0,0,0,0,0,0,0,0,0,0,0,0,0
Ag,PVP,21.6,-21.2,HP,100.0,1000.0,19000,20,4,metal,sphere,plasma,7.4,53.3,0.126944444,buffer,3.0,25,1,Neutral,1,1,1,1,1,1,1,1,1,1,1,1,1,1,1,1,1,0,1,1,1,1,1,1,1,1,1,1,1,1,1,1,0,1,1,1,1,1,0,1,0,1,1,0,0,1,0,1,1,1,1,1,1,0,1,0,1,1,0,1,1,0,0,1,0,0,1,1,1,1,1,0,1,0,0,0,0,1,0,1,0,1,1,0,0,1,1,0,0,0,1,0,1,0,1,0,0,1,0,0,0,0,0,0,0,0,1,0,0,0,1,1,0,0,0,0,0,0,0,0,1,0,0,1,0,0,0,0,0,0,0,0,0,0,0,0,0,0,0,1,0,0,0,0,0,1,0,0,0,0,0,0,0,0,0,1,0,1,1,0,1,0,0,0,0,0,0,0,0,0,0,0,0,0,0,0,0,0
Ag,CIT,24.3,-26.1,HP,100.0,1000.0,19000,20,4,metal,sphere,plasma,7.4,58.1,0.126944444,buffer,3.0,25,1,Anionic,1,1,1,1,1,1,1,1,1,1,1,1,1,1,1,1,1,0,1,1,1,1,1,1,1,1,1,1,1,1,1,1,0,1,1,1,1,1,0,1,0,1,1,1,0,1,1,1,1,1,1,1,1,0,1,1,1,1,0,1,1,1,1,1,0,0,1,1,1,1,1,0,1,0,0,0,0,1,0,1,1,1,1,0,0,1,1,0,0,0,1,1,1,0,1,0,0,1,0,1,0,0,0,0,0,0,1,0,0,0,1,1,0,0,0,0,0,0,0,0,1,0,0,1,0,0,0,0,0,0,0,0,0,0,0,0,0,0,0,1,0,0,0,0,0,1,0,0,0,0,0,0,1,0,0,1,0,1,1,0,1,0,0,0,0,0,0,0,0,0,1,0,0,0,0,0,0,0
Ag,CIT,24.3,-26.1,HP,100.0,1000.0,19000,20,4,metal,sphere,plasma,7.4,58.1,0.126944444,buffer,3.0,25,1,Anionic,1,1,1,1,1,1,1,1,1,1,1,1,1,1,1,1,1,0,1,1,1,1,1,1,1,1,1,1,1,1,1,1,0,1,1,1,1,1,0,1,0,1,1,1,0,1,0,1,1,1,1,1,1,0,1,0,1,1,0,1,1,1,1,1,0,0,1,0,1,1,1,0,1,0,0,0,0,1,0,1,1,1,1,0,0,1,1,0,0,0,1,0,1,0,1,0,0,1,0,0,0,0,0,0,0,0,1,0,0,0,1,1,0,0,0,0,0,0,0,1,1,0,0,1,0,0,0,0,0,0,0,0,0,0,0,0,0,0,0,1,0,0,0,0,0,1,0,0,0,0,0,0,0,0,0,1,0,1,1,0,0,0,0,0,0,0,0,0,0,0,0,0,0,0,0,0,0,0
Ag,PVP,21.6,-6.6,HP,100.0,1000.0,19000,20,4,metal,sphere,cell culture,7.4,93.5,0.126944444,buffer,3.0,25,1,Neutral,1,1,1,1,1,1,1,1,1,1,1,1,1,1,1,1,1,0,1,1,1,1,1,1,1,1,1,1,1,1,1,1,0,0,1,1,1,1,0,1,0,0,1,0,0,1,0,1,1,1,1,1,1,0,1,0,1,1,0,1,1,0,1,1,0,0,1,1,1,1,1,0,1,0,0,0,0,1,0,0,0,0,1,0,0,1,1,0,0,0,1,0,1,0,0,0,0,1,0,0,0,0,0,0,0,0,1,0,0,0,1,0,0,0,0,0,0,0,0,1,1,0,0,1,0,0,0,0,0,0,0,0,0,0,0,0,0,0,0,1,0,0,0,0,0,0,0,0,0,0,0,0,0,0,0,1,0,1,1,0,0,0,0,0,0,0,0,0,0,0,0,0,0,0,0,0,0,0
Ag,PVP,21.6,-6.6,HP,100.0,1000.0,19000,20,4,metal,sphere,cell culture,7.4,93.5,0.126944444,buffer,3.0,25,1,Neutral,1,1,1,1,1,1,1,1,1,1,1,1,1,1,1,1,1,0,1,1,1,1,1,1,1,1,1,1,1,1,1,1,0,1,1,1,1,1,0,1,0,1,1,0,0,1,0,1,1,1,1,1,1,0,1,0,1,1,0,1,1,0,0,1,0,0,1,1,1,1,1,0,1,0,0,0,0,1,0,1,0,1,1,0,0,1,1,0,0,0,1,0,1,0,1,0,0,1,0,0,0,0,0,0,0,0,1,0,0,0,1,1,0,0,0,0,0,0,0,0,1,0,0,1,0,0,0,0,0,0,0,0,0,0,0,0,0,0,0,1,0,0,0,0,0,1,0,0,0,0,0,0,0,0,0,1,0,1,1,0,1,0,0,0,0,0,0,0,0,0,0,0,0,0,0,0,0,0
Ag,CIT,24.3,-9.9,HP,100.0,1000.0,19000,20,4,metal,sphere,cell culture,7.4,115.3,0.126944444,buffer,3.0,25,1,Anionic,1,1,1,1,1,1,1,1,1,1,1,1,1,1,1,1,1,0,1,1,1,1,1,1,1,1,1,1,1,1,1,1,0,1,1,1,1,1,0,1,0,1,1,1,0,1,1,1,1,1,1,1,1,0,1,1,1,1,0,1,1,1,1,1,0,0,1,1,1,1,1,0,1,0,0,0,0,1,0,1,1,1,1,0,0,1,1,0,0,0,1,1,1,0,1,0,0,1,0,1,0,0,0,0,0,0,1,0,0,0,1,1,0,0,0,0,0,0,0,0,1,0,0,1,0,0,0,0,0,0,0,0,0,0,0,0,0,0,0,1,0,0,0,0,0,1,0,0,0,0,0,0,1,0,0,1,0,1,1,0,1,0,0,0,0,0,0,0,0,0,1,0,0,0,0,0,0,0
Ag,CIT,24.3,-9.9,HP,100.0,1000.0,19000,20,4,metal,sphere,cell culture,7.4,115.3,0.126944444,buffer,3.0,25,1,Anionic,1,1,1,1,1,1,1,1,1,1,1,1,1,1,1,1,1,0,1,1,1,1,1,1,1,1,1,1,1,1,1,1,0,1,1,1,1,1,0,1,0,1,1,1,0,1,0,1,1,1,1,1,1,0,1,0,1,1,0,1,1,1,1,1,0,0,1,0,1,1,1,0,1,0,0,0,0,1,0,1,1,1,1,0,0,1,1,0,0,0,1,0,1,0,1,0,0,1,0,0,0,0,0,0,0,0,1,0,0,0,1,1,0,0,0,0,0,0,0,1,1,0,0,1,0,0,0,0,0,0,0,0,0,0,0,0,0,0,0,1,0,0,0,0,0,1,0,0,0,0,0,0,0,0,0,1,0,1,1,0,0,0,0,0,0,0,0,0,0,0,0,0,0,0,0,0,0,0
SiO2,none,95.0,-13.5,FBS,10.0,1000.0,16000,20,25,other,sphere,PBS,7.4,118.0,0.02,buffer,1.0,37,1,Neutral,0,1,0,1,1,0,1,0,0,0,1,0,1,1,1,1,1,0,1,1,1,0,1,0,0,0,0,0,0,1,1,0,0,0,0,0,0,1,0,0,0,0,0,0,0,0,0,0,0,0,0,0,0,1,0,1,0,0,0,1,0,0,0,0,0,0,0,0,0,0,0,0,1,0,0,0,0,0,0,0,0,0,0,0,0,0,0,0,0,0,0,0,0,0,0,0,0,0,1,0,0,0,0,0,0,0,0,0,0,0,0,0,0,1,0,0,0,0,0,0,0,0,0,0,0,0,0,0,0,0,0,0,0,0,0,0,0,0,0,0,0,0,0,0,0,0,0,0,0,0,0,0,0,0,0,0,0,0,0,0,0,0,0,0,0,0,0,0,0,0,0,0,0,0,0,0,0,0
SiO2,none,95.0,-13.5,FBS,30.0,1000.0,16000,20,25,other,sphere,PBS,7.4,118.0,0.02,buffer,1.0,37,1,Neutral,0,1,0,1,1,0,0,0,0,0,1,0,1,1,1,1,1,0,1,1,1,0,1,0,0,0,0,0,0,1,1,0,0,0,0,0,0,1,0,0,0,0,0,0,0,0,0,0,0,0,0,0,0,1,0,1,0,0,0,1,0,0,0,0,0,0,0,0,0,0,0,0,1,0,0,0,0,0,0,0,0,0,0,0,0,0,0,0,0,0,0,0,0,0,0,0,0,0,1,0,0,0,0,0,0,0,0,0,0,0,0,0,0,1,0,0,0,0,0,0,0,0,0,0,0,0,0,0,0,0,0,0,0,0,0,0,0,0,0,0,0,0,0,0,0,0,0,0,0,0,0,0,0,0,0,0,0,0,0,0,0,0,0,0,0,0,0,0,0,0,0,0,0,0,0,0,0,0
SiO2,none,95.0,-13.5,FBS,50.0,1000.0,16000,20,25,other,sphere,PBS,7.4,118.0,0.02,buffer,1.0,37,1,Neutral,0,1,0,1,1,0,1,0,0,0,1,0,1,1,1,1,1,0,1,1,0,0,1,0,0,0,0,0,0,1,0,0,0,0,0,0,0,1,0,0,0,0,0,0,0,0,0,0,0,0,0,0,0,1,0,1,0,0,0,1,0,0,0,0,0,0,0,0,0,0,0,0,1,0,0,0,0,0,0,0,0,0,0,0,0,0,0,0,0,0,0,0,0,0,0,0,0,0,1,0,0,0,0,0,0,0,0,0,0,0,0,0,0,1,0,0,0,0,0,0,0,0,0,0,0,0,0,0,0,0,0,0,0,0,0,0,0,0,0,0,0,0,0,0,0,0,0,0,0,0,0,0,0,0,0,0,0,0,0,0,0,0,0,0,0,0,0,0,0,0,0,0,0,0,0,0,0,0
PS,none,204.0,-13.5,FBS,80.0,1000.0,20000,20,25,other,sphere,PBS,7.4,240.0,0.02,buffer,1.0,37,3,Neutral,1,1,0,1,1,1,1,0,0,0,0,0,0,0,0,0,1,0,0,0,0,1,0,1,0,0,1,1,0,0,0,1,0,0,1,1,0,0,0,0,0,1,0,0,0,0,0,0,0,0,0,0,1,0,0,0,0,0,0,0,0,0,0,1,0,1,0,0,0,0,0,0,0,0,0,0,0,1,0,0,0,0,1,0,0,0,0,0,0,0,0,0,0,0,1,0,0,0,0,0,0,0,0,0,0,0,1,0,0,0,0,0,0,0,0,0,0,0,0,0,0,1,1,0,0,0,0,0,0,0,0,0,0,0,0,0,0,0,0,0,0,0,0,0,0,0,0,0,0,0,0,0,0,0,0,0,1,0,0,0,0,0,0,0,0,0,0,0,0,0,0,0,0,0,0,0,0,0
SiO2,none,79.0,-13.5,FBS,80.0,1000.0,20000,20,25,other,sphere,PBS,7.4,112.0,0.02,buffer,1.0,37,3,Neutral,0,1,1,1,1,1,1,1,0,0,0,0,0,0,1,0,1,0,1,1,0,1,0,1,0,0,0,0,0,0,0,1,0,1,1,0,0,0,0,0,0,0,0,0,0,0,0,0,0,0,0,0,0,0,0,1,0,1,0,0,0,0,0,0,0,0,0,0,0,0,0,0,0,0,0,0,0,1,0,0,0,0,1,0,0,0,0,1,0,0,0,0,0,0,0,0,0,0,1,0,0,0,0,0,0,0,1,0,0,0,0,0,0,0,0,0,0,0,0,0,0,0,0,0,0,0,0,0,0,0,0,0,0,0,0,0,0,0,0,0,0,0,0,0,0,0,0,0,0,0,0,0,0,0,0,0,0,0,0,0,0,0,0,0,0,0,0,0,0,0,0,0,0,0,0,0,0,0
HSPC-Chol,none,127.27,-27.87,RP,82.0,90.0,9000,20,25,liposome,sphere,plasma,7.4,104.76,0.17,water,0.166666667,37,1,Neutral,1,0,1,1,1,0,1,0,0,0,0,0,0,0,1,0,0,1,1,1,0,0,0,0,0,0,0,0,0,0,1,0,0,0,0,0,1,0,0,0,0,0,0,0,0,1,0,0,1,0,0,1,0,1,0,0,0,1,0,0,0,0,0,0,0,1,0,0,0,0,0,0,0,1,0,0,0,0,0,0,0,0,0,0,0,0,0,0,0,0,0,0,0,0,0,0,0,0,0,0,0,0,0,0,0,0,0,0,0,0,0,0,0,0,0,0,0,0,0,0,0,0,0,0,0,0,0,0,0,0,0,0,0,0,0,0,0,0,0,0,0,0,0,0,0,0,0,0,0,0,0,0,0,0,0,0,0,0,0,0,0,0,0,0,0,0,0,0,0,0,0,0,0,0,0,0,0,0
HSPC-Chol,none,127.27,-27.87,RP,100.0,5.0,9000,20,25,liposome,sphere,plasma,7.4,104.76,0.17,water,0.166666667,37,8,Neutral,1,1,1,1,1,0,0,0,1,0,0,0,0,0,1,0,0,1,1,0,0,0,0,0,0,0,0,0,0,0,1,0,0,0,0,0,1,0,0,0,0,0,0,0,0,1,0,0,1,0,0,0,0,1,0,0,0,0,0,0,0,0,0,0,0,0,0,0,0,0,0,0,0,0,0,0,0,0,0,0,1,0,0,0,0,0,0,0,0,0,0,0,0,0,0,0,0,0,0,0,0,0,0,0,0,0,0,0,0,0,0,0,0,0,0,0,0,0,0,0,0,0,0,0,0,0,0,0,0,0,0,0,0,0,0,0,0,0,0,0,0,0,0,0,0,0,0,0,0,0,0,0,0,0,0,0,0,0,0,0,0,0,0,0,0,0,0,0,0,0,0,0,0,0,0,0,0,1
HSPC-Chol-DSPE-PEG20000,PEG,121.82,-30.37,RP,82.0,90.0,9000,20,25,liposome,sphere,plasma,7.4,100.98,0.15,water,0.166666667,37,1,Neutral,1,1,0,1,1,0,1,0,0,0,0,0,0,0,1,0,0,1,1,0,0,0,0,0,0,0,0,0,0,0,1,0,0,0,0,0,1,0,0,0,0,0,0,0,0,1,0,0,1,0,0,1,0,1,0,0,0,0,0,0,0,0,0,0,0,1,0,0,0,1,0,0,0,0,0,0,0,0,0,0,0,0,0,0,0,0,0,0,0,0,0,0,0,0,0,0,0,0,0,0,0,0,0,0,0,0,0,0,0,0,0,0,0,0,0,0,0,0,0,0,0,0,0,0,0,0,0,0,0,0,0,0,0,0,0,0,0,0,0,0,0,0,0,0,0,0,0,0,0,0,0,0,0,0,0,0,0,0,0,0,0,0,0,0,0,0,0,0,0,0,0,0,0,0,0,0,0,0
HSPC-Chol-DSPE-PEG20000,PEG,121.82,-30.37,RP,100.0,5.0,9000,20,25,liposome,sphere,plasma,7.4,100.98,0.15,water,0.166666667,37,9,Neutral,1,1,1,1,1,1,1,0,0,0,0,0,0,0,1,0,0,1,1,0,0,0,0,0,0,0,0,0,0,0,1,0,0,0,0,0,1,0,0,0,0,0,0,0,0,1,0,0,0,0,0,0,0,1,0,0,0,0,0,0,0,0,0,0,0,1,0,0,0,0,0,0,0,0,0,0,0,0,0,0,1,0,0,0,0,0,0,0,0,0,0,0,0,0,0,0,0,0,0,0,0,0,0,0,0,0,0,0,0,0,0,0,0,0,0,0,0,0,1,0,0,0,0,0,0,0,0,0,0,0,0,0,0,0,0,0,0,0,0,0,0,0,0,0,0,0,0,0,0,0,0,0,0,0,0,0,0,0,0,0,0,0,0,0,0,0,0,0,0,0,0,0,0,0,0,0,0,0
HSPC-Chol,none,110.91,-32.1,RP,82.0,90.0,9000,20,25,liposome,sphere,plasma,7.4,103.86,0.2,water,0.166666667,37,1,Neutral,1,0,1,1,1,0,1,0,0,0,0,0,0,0,1,0,0,1,1,0,0,0,0,0,0,0,0,0,0,0,1,0,0,0,0,0,1,0,0,0,0,0,0,0,0,1,0,0,1,0,0,1,0,1,0,0,0,0,0,0,0,0,0,0,0,1,0,0,0,0,0,0,0,0,0,0,0,0,0,0,0,0,0,0,0,0,0,0,0,0,0,0,0,0,0,0,0,0,0,0,0,0,0,0,0,0,0,0,0,0,0,0,0,0,0,0,0,0,0,0,0,0,0,0,0,0,0,0,0,0,0,0,0,0,0,0,0,0,0,0,0,0,0,0,0,0,0,0,0,0,0,0,0,0,0,0,0,0,0,0,0,0,0,0,0,0,0,0,0,0,0,0,0,0,0,0,0,0
HSPC-Chol,none,110.91,-32.1,RP,100.0,5.0,9000,20,25,liposome,sphere,plasma,7.4,103.86,0.2,water,0.166666667,37,10,Neutral,1,1,1,1,1,1,1,0,0,0,0,0,0,0,1,0,0,1,1,0,0,0,0,0,0,0,0,0,0,0,1,0,0,0,0,0,0,0,0,0,0,0,0,0,0,1,0,0,0,0,0,0,0,0,0,0,0,0,0,0,0,0,0,0,0,0,0,0,0,1,0,0,0,0,0,0,0,0,0,0,1,0,0,1,0,0,0,0,0,0,0,0,0,0,0,0,0,0,0,0,0,0,0,0,0,0,0,0,0,0,0,0,0,0,0,0,0,0,0,0,0,0,0,0,0,0,0,0,0,0,0,0,0,0,0,0,0,0,0,0,0,0,0,0,0,0,0,0,0,0,0,0,0,0,0,0,0,0,0,0,0,0,0,0,0,0,0,0,0,0,0,0,0,0,0,0,0,0
HSPC-Chol,none,110.91,-36.23,RP,82.0,90.0,9000,20,25,liposome,sphere,plasma,7.4,120.83,0.2,water,0.166666667,37,1,Neutral,1,0,1,1,1,0,1,0,0,0,0,0,0,0,1,0,0,1,1,0,0,0,0,0,0,0,0,0,0,0,1,0,0,0,0,0,1,0,0,0,0,0,0,0,0,1,0,0,1,0,0,1,0,1,0,0,0,0,0,0,0,0,0,0,0,1,0,0,0,0,0,0,0,0,0,0,0,0,0,0,0,0,0,0,0,0,0,0,0,0,0,0,0,0,0,0,0,0,0,0,0,0,0,0,0,0,0,0,0,0,0,0,0,0,0,0,0,0,0,0,0,0,0,0,0,0,0,0,0,0,0,0,0,0,0,0,0,0,0,0,0,0,0,0,0,0,0,0,0,0,0,0,0,0,0,0,0,0,0,0,0,0,0,0,0,0,0,0,0,0,0,0,0,0,0,0,0,0
HSPC-Chol,none,110.91,-36.23,RP,100.0,5.0,9000,20,25,liposome,sphere,plasma,7.4,120.83,0.2,water,0.166666667,37,7,Neutral,1,1,1,1,1,1,1,0,0,0,0,0,0,0,1,0,0,1,1,0,0,0,0,0,0,0,0,0,0,0,1,0,0,0,0,0,0,0,0,0,0,0,0,0,0,1,0,0,0,0,0,0,0,0,0,0,0,0,0,0,0,0,0,0,0,0,0,0,0,1,0,0,0,0,0,0,0,0,0,0,1,0,0,1,0,0,0,0,0,0,0,0,0,0,0,0,0,0,0,0,0,0,0,0,0,0,0,0,0,0,0,0,0,0,0,0,0,0,0,0,0,0,0,0,0,0,0,0,0,0,0,0,0,0,0,0,0,0,0,0,0,0,0,0,0,0,0,0,0,0,0,0,0,0,0,0,0,0,0,0,0,0,0,0,0,0,0,0,0,0,0,0,0,0,0,0,0,0
HSPC-Chol,none,127.27,-36.54,RP,82.0,90.0,9000,20,25,liposome,sphere,plasma,7.4,119.2,0.17,water,0.166666667,37,1,Neutral,1,0,1,1,1,0,1,0,0,0,0,0,0,0,1,0,0,1,1,1,0,0,0,0,0,0,0,0,0,0,1,0,0,0,0,0,1,0,0,0,0,0,0,0,0,1,0,0,1,0,0,1,0,1,0,0,0,1,0,0,0,0,0,0,0,1,0,0,0,0,0,0,0,1,0,0,0,0,0,0,0,0,0,0,0,0,0,0,0,0,0,0,0,0,0,0,0,0,0,0,0,0,0,0,0,0,0,0,0,0,0,0,0,0,0,0,0,0,0,0,0,0,0,0,0,0,0,0,0,0,0,0,0,0,0,0,0,0,0,0,0,0,0,0,0,0,0,0,0,0,0,0,0,0,0,0,0,0,0,0,0,0,0,0,0,0,0,0,0,0,0,0,0,0,0,0,0,0
HSPC-Chol,none,127.27,-36.54,RP,100.0,5.0,9000,20,25,liposome,sphere,plasma,7.4,119.2,0.17,water,0.166666667,37,5,Neutral,1,1,1,1,1,0,0,0,1,0,0,0,0,0,1,0,0,1,1,0,0,0,0,0,0,0,0,0,0,0,1,0,0,0,0,0,1,0,0,0,0,0,0,0,0,1,0,0,1,0,0,0,0,1,0,0,0,0,0,0,0,0,0,0,0,0,0,0,0,0,0,0,0,0,0,0,0,0,0,0,1,0,0,0,0,0,0,0,0,0,0,0,0,0,0,0,0,0,0,0,0,0,0,0,0,0,0,0,0,0,0,0,0,0,0,0,0,0,0,0,0,0,0,0,0,0,0,0,0,0,0,0,0,0,0,0,0,0,0,0,0,0,0,0,0,0,0,0,0,0,0,0,0,0,0,0,0,0,0,0,0,0,0,0,0,0,0,0,0,0,0,0,0,0,0,0,0,1
HSPC-Chol-DSPE-PEG20000,PEG,121.82,-37.51,RP,82.0,90.0,9000,20,25,liposome,sphere,plasma,7.4,113.97,0.18,water,0.166666667,37,1,Neutral,1,1,0,1,1,0,1,0,0,0,0,0,0,0,1,0,0,1,1,0,0,0,0,0,0,0,0,0,0,0,1,0,0,0,0,0,1,0,0,0,0,0,0,0,0,1,0,0,1,0,0,1,0,1,0,0,0,0,0,0,0,0,0,0,0,1,0,0,0,1,0,0,0,0,0,0,0,0,0,0,0,0,0,0,0,0,0,0,0,0,0,0,0,0,0,0,0,0,0,0,0,0,0,0,0,0,0,0,0,0,0,0,0,0,0,0,0,0,0,0,0,0,0,0,0,0,0,0,0,0,0,0,0,0,0,0,0,0,0,0,0,0,0,0,0,0,0,0,0,0,0,0,0,0,0,0,0,0,0,0,0,0,0,0,0,0,0,0,0,0,0,0,0,0,0,0,0,0
HSPC-Chol-DSPE-PEG20000,PEG,121.82,-37.51,RP,100.0,5.0,9000,20,25,liposome,sphere,plasma,7.4,113.97,0.18,water,0.166666667,37,6,Neutral,1,1,1,1,1,1,1,0,0,0,0,0,0,0,1,0,0,1,1,0,0,0,0,0,0,0,0,0,0,0,1,0,0,0,0,0,1,0,0,0,0,0,0,0,0,1,0,0,0,0,0,0,0,1,0,0,0,0,0,0,0,0,0,0,0,1,0,0,0,0,0,0,0,0,0,0,0,0,0,0,1,0,0,0,0,0,0,0,0,0,0,0,0,0,0,0,0,0,0,0,0,0,0,0,0,0,0,0,0,0,0,0,0,0,0,0,0,0,1,0,0,0,0,0,0,0,0,0,0,0,0,0,0,0,0,0,0,0,0,0,0,0,0,0,0,0,0,0,0,0,0,0,0,0,0,0,0,0,0,0,0,0,0,0,0,0,0,0,0,0,0,0,0,0,0,0,0,0
HSPC-DSPG-Chol,none,185.0,-20.5,RP,95.23,500.0,1800,10,4,liposome,sphere,plasma,7.4,266.0,0.373,water,0.166666667,37,1,Neutral,1,0,1,1,1,1,1,0,0,0,1,0,0,0,0,0,0,0,0,1,0,0,0,0,0,0,0,0,0,1,0,0,0,0,0,1,1,0,0,1,0,0,0,0,0,0,0,0,1,0,0,0,0,0,0,0,1,0,0,0,0,0,0,0,0,0,0,0,0,0,0,0,0,0,0,0,0,0,0,0,0,0,0,0,0,0,0,0,0,0,0,0,0,0,0,0,0,0,0,0,1,0,0,0,0,0,0,0,0,0,0,0,0,0,0,0,0,0,0,0,0,0,0,0,0,0,0,0,0,0,0,0,0,0,0,0,0,0,0,0,0,0,0,0,0,0,0,0,0,0,0,0,0,0,0,0,0,0,0,0,0,0,0,0,0,0,0,0,0,0,0,0,0,0,0,0,0,0
HSPC-DSPG-Chol,none,185.0,-20.5,RP,100.0,500.0,1800,10,4,liposome,sphere,plasma,7.4,266.0,0.373,water,0.166666667,37,1,Neutral,1,1,1,1,1,1,1,0,0,0,1,0,0,0,0,0,0,1,0,1,0,0,0,0,0,0,0,0,0,0,0,0,0,0,0,0,1,0,0,0,0,0,0,0,0,0,0,0,1,0,0,0,0,0,0,0,0,0,0,0,1,0,0,0,0,0,0,0,0,0,0,0,0,0,0,0,0,0,0,0,0,0,0,0,0,0,0,0,0,0,0,0,0,0,0,0,0,0,0,0,0,0,0,0,0,0,0,0,0,0,0,0,0,0,0,0,0,0,0,0,0,0,0,0,0,0,0,0,0,0,0,0,0,0,0,0,0,0,1,0,0,0,0,0,0,0,0,0,0,0,0,0,0,0,0,0,0,0,0,0,0,0,0,0,0,0,0,0,0,0,0,1,0,0,0,0,0,0
HSPC-DSPG-Chol,none,185.0,-26.1,RP,95.23,500.0,1800,10,4,liposome,sphere,plasma,7.4,334.0,0.312,water,0.166666667,37,1,Neutral,1,0,1,1,1,1,1,0,0,0,1,0,0,0,0,0,0,0,0,1,0,0,0,0,0,0,0,0,0,1,0,0,0,0,0,1,1,0,0,1,0,0,0,0,0,0,0,0,1,0,0,0,0,0,0,0,1,0,0,0,0,0,0,0,0,0,0,0,0,0,0,0,0,0,0,0,0,0,0,0,0,0,0,0,0,0,0,0,0,0,0,0,0,0,0,0,0,0,0,0,1,0,0,0,0,0,0,0,0,0,0,0,0,0,0,0,0,0,0,0,0,0,0,0,0,0,0,0,0,0,0,0,0,0,0,0,0,0,0,0,0,0,0,0,0,0,0,0,0,0,0,0,0,0,0,0,0,0,0,0,0,0,0,0,0,0,0,0,0,0,0,0,0,0,0,0,0,0
HSPC-DSPG-Chol,none,185.0,-26.1,RP,100.0,500.0,1800,10,4,liposome,sphere,plasma,7.4,334.0,0.312,water,0.166666667,37,1,Neutral,1,1,1,1,1,1,1,0,0,0,1,0,0,0,0,0,0,1,0,1,0,0,0,0,0,0,0,0,0,0,0,0,0,0,0,0,1,0,0,0,0,0,0,0,0,0,0,0,1,0,0,0,0,0,0,0,0,0,0,0,1,0,0,0,0,0,0,0,0,0,0,0,0,0,0,0,0,0,0,0,0,0,0,0,0,0,0,0,0,0,0,0,0,0,0,0,0,0,0,0,0,0,0,0,0,0,0,0,0,0,0,0,0,0,0,0,0,0,0,0,0,0,0,0,0,0,0,0,0,0,0,0,0,0,0,0,0,0,1,0,0,0,0,0,0,0,0,0,0,0,0,0,0,0,0,0,0,0,0,0,0,0,0,0,0,0,0,0,0,0,0,1,0,0,0,0,0,0
DOTAP:DOPC:DC-Chol:DOPE,none,139.0,-24.0,FBS,50.0,500.0,14000,10,25,liposome,sphere,plasma,7.4,205.0,0.126944444,buffer,0.083333333,25,1,Neutral,0,0,1,1,1,0,0,1,1,1,1,0,0,0,1,0,0,1,0,0,0,0,0,1,0,0,1,0,0,0,1,0,1,0,0,0,0,0,0,0,0,0,0,0,0,1,1,0,0,0,0,0,0,0,0,0,0,0,0,0,0,0,0,0,0,0,0,0,0,0,0,0,0,0,1,0,0,0,0,0,0,0,0,0,0,0,0,0,0,0,0,0,0,0,0,0,0,0,0,0,0,0,0,0,0,0,0,1,0,0,0,0,0,0,0,0,0,0,0,0,0,0,0,0,0,0,0,0,0,0,0,0,0,0,0,0,0,0,0,0,0,0,0,0,0,0,0,0,0,0,0,0,0,0,0,0,0,0,0,0,0,0,0,0,0,0,0,0,0,0,0,0,0,0,0,0,0,0
DOTAP:DOPC:DC-Chol:DOPE,none,139.0,-24.0,FBS,50.0,500.0,14000,10,25,liposome,sphere,plasma,7.4,230.0,0.126944444,buffer,0.083333333,25,1,Neutral,0,1,1,1,1,0,0,0,1,0,1,0,0,0,1,0,0,1,0,1,0,0,0,0,0,0,1,0,0,1,1,0,0,0,0,0,0,0,0,0,1,0,0,0,0,1,0,0,0,0,0,0,0,0,0,0,0,0,0,0,0,0,0,0,0,0,0,0,0,0,0,0,0,1,0,0,1,0,0,0,0,0,0,0,0,0,0,0,0,0,0,0,0,0,0,0,0,0,0,0,0,0,0,0,0,0,0,0,0,0,0,0,0,0,0,0,0,0,0,0,0,0,0,0,0,0,0,0,0,0,0,0,0,0,0,0,0,0,0,0,0,0,0,0,0,0,0,0,0,0,0,0,0,0,0,0,0,0,0,0,0,0,1,0,0,0,0,0,0,0,0,0,0,0,0,0,0,0
DOTAP:DOPC:DC-Chol:DOPE-PEG,PEG,131.0,-25.0,FBS,50.0,500.0,14000,10,25,liposome,sphere,plasma,7.4,150.0,0.126944444,buffer,0.083333333,25,1,Neutral,0,1,1,1,1,0,0,0,1,0,1,0,0,0,1,0,0,1,0,1,0,0,0,0,0,0,1,0,0,1,1,0,0,0,0,0,0,0,0,0,1,0,0,0,0,1,0,0,0,0,0,0,0,0,0,0,0,0,0,0,0,0,0,0,0,0,0,0,0,0,0,0,0,1,0,0,1,0,0,0,0,0,0,0,0,0,0,0,0,0,0,0,0,0,0,0,0,0,0,0,0,0,0,0,0,0,0,1,0,0,0,0,0,0,0,0,0,0,0,0,0,0,0,0,0,0,0,0,0,0,0,0,0,0,0,0,0,0,0,0,0,0,0,0,0,0,0,0,0,0,0,0,0,0,0,0,0,0,0,0,0,0,1,0,0,0,0,0,0,0,0,0,0,0,0,0,0,0
DOTAP:DOPC:DC-Chol:DOPE-PEG,PEG,131.0,-25.0,FBS,50.0,500.0,14000,10,25,liposome,sphere,plasma,7.4,163.0,0.126944444,buffer,0.083333333,25,1,Neutral,0,0,1,1,1,0,0,1,1,1,1,0,0,0,1,0,0,1,0,1,0,0,0,1,0,0,1,0,0,0,1,0,0,0,0,0,0,0,0,0,0,0,0,0,0,1,1,0,0,0,0,0,0,0,0,0,0,0,0,0,0,0,0,0,0,0,0,0,0,0,0,0,0,0,1,0,0,0,0,0,0,0,0,0,0,0,0,0,0,0,0,0,0,0,0,0,0,0,0,0,0,0,0,0,0,0,0,1,0,0,0,0,0,0,0,0,0,0,0,0,0,0,0,0,0,0,0,0,0,0,0,0,0,0,0,0,0,0,0,0,0,0,0,0,0,0,0,0,0,0,0,0,0,0,0,0,0,0,0,0,0,0,0,0,0,0,0,0,0,0,0,0,0,0,0,0,0,0
DOTAP:DOPC:DC-Chol:DOPE,none,139.0,-26.0,FBS,50.0,500.0,14000,10,25,liposome,sphere,plasma,7.4,205.0,0.126944444,buffer,1.5,25,1,Neutral,0,0,1,1,1,0,0,1,1,1,1,0,0,0,1,0,0,1,0,0,0,0,0,1,0,0,1,0,0,0,1,0,1,0,0,0,0,0,0,0,0,0,0,0,0,1,1,0,0,0,0,0,0,0,0,0,0,0,0,0,0,0,0,0,0,0,0,0,0,0,0,0,0,0,1,0,0,0,0,0,0,0,0,0,0,0,0,0,0,0,0,0,0,0,0,0,0,0,0,0,0,0,0,0,0,0,0,1,0,0,0,0,0,0,0,0,0,0,0,0,0,0,0,0,0,0,0,0,0,0,0,0,0,0,0,0,0,0,0,0,0,0,0,0,0,0,0,0,0,0,0,0,0,0,0,0,0,0,0,0,0,0,0,0,0,0,0,0,0,0,0,0,0,0,0,0,0,0
DOTAP:DOPC:DC-Chol:DOPE,none,139.0,-26.0,FBS,50.0,500.0,14000,10,25,liposome,sphere,plasma,7.4,230.0,0.126944444,buffer,1.5,25,1,Neutral,0,0,1,1,1,0,0,1,1,1,1,0,0,0,1,0,0,1,0,0,0,0,1,0,0,0,1,0,0,0,1,0,1,0,0,0,0,0,0,0,0,0,0,0,0,1,1,0,0,0,0,0,0,0,0,0,0,0,0,0,0,0,0,0,0,0,0,0,0,0,0,0,0,0,1,0,0,0,0,0,0,0,0,0,0,0,0,0,0,0,0,0,0,0,0,0,0,0,1,0,0,0,0,0,0,0,0,1,0,0,0,0,0,0,0,0,0,0,0,0,0,0,0,0,0,0,0,0,0,0,0,0,0,0,0,0,0,0,0,0,0,0,0,0,0,0,0,0,0,0,0,0,0,0,0,0,0,0,0,0,0,0,0,0,0,0,0,0,0,0,0,0,0,0,0,0,0,0
DOTAP:DOPC:DC-Chol:DOPE-PEG,PEG,131.0,-28.0,FBS,50.0,500.0,14000,10,25,liposome,sphere,plasma,7.4,150.0,0.126944444,buffer,1.5,25,1,Neutral,0,1,1,1,1,0,0,0,1,0,1,0,0,0,1,0,0,1,0,1,0,0,0,0,0,0,1,0,0,1,1,0,0,0,0,0,0,0,0,0,1,0,0,0,0,1,0,0,0,0,0,0,0,0,0,0,0,0,0,0,0,0,0,0,0,0,0,0,0,0,0,0,0,1,0,0,1,0,0,0,0,0,0,0,0,0,0,0,0,0,0,0,0,0,0,0,0,0,0,0,0,0,0,0,0,0,0,0,0,0,0,0,0,0,0,0,0,0,0,0,0,0,0,0,0,0,0,0,0,0,0,0,0,0,0,0,0,0,0,0,0,0,0,0,0,0,0,0,0,0,0,0,0,0,0,0,0,0,0,0,0,0,1,0,0,0,0,0,0,0,0,0,0,0,0,0,0,0
DOTAP:DOPC:DC-Chol:DOPE-PEG,PEG,131.0,-28.0,FBS,50.0,500.0,14000,10,25,liposome,sphere,plasma,7.4,163.0,0.126944444,buffer,1.5,25,1,Neutral,0,0,1,1,1,0,0,1,1,1,1,0,0,0,1,0,0,1,0,0,0,0,0,1,0,0,1,0,0,0,1,0,1,0,0,0,0,0,0,0,0,0,0,0,0,1,1,0,0,0,0,0,0,0,0,0,0,0,0,0,1,0,0,0,0,0,0,0,0,0,0,0,0,0,1,0,0,0,0,0,0,0,0,0,0,0,0,0,0,0,0,0,0,0,0,0,0,0,0,0,0,0,0,0,0,0,0,1,0,0,0,0,0,0,0,0,0,0,0,0,0,0,0,0,0,0,0,0,0,0,0,0,0,0,0,0,0,0,0,0,0,0,0,0,0,0,0,0,0,0,0,0,0,0,0,0,0,0,0,0,0,0,0,0,0,0,0,0,0,0,0,0,0,0,0,0,0,0
Ag,PVP,19.09,-21.2,HP,66.0,0.01141,19000,20,4,metal,sphere,plasma,7.4,75.36,0.126944444,buffer,1.0,37,1,Neutral,1,1,1,1,1,1,1,1,1,1,1,1,1,1,1,1,1,1,1,1,1,1,1,1,1,1,1,1,1,1,1,0,0,1,1,1,1,1,1,1,0,1,1,1,1,1,1,1,1,1,1,1,1,0,1,1,1,1,1,1,1,1,1,1,1,0,1,1,1,1,1,0,1,1,0,0,0,1,0,1,1,1,1,0,1,1,1,0,0,0,0,1,1,0,0,0,0,1,0,1,0,1,0,1,0,1,1,1,0,1,0,1,0,0,0,0,0,0,0,1,1,0,1,1,0,0,0,0,0,1,0,1,1,0,0,1,0,1,1,1,0,0,0,1,0,1,0,1,0,1,0,0,1,1,0,1,0,1,1,1,1,1,0,1,0,1,0,0,0,0,1,0,0,0,0,0,0,0
Au,PVP,19.09,-23.97,HP,66.0,0.02101,19000,20,4,metal,sphere,plasma,7.4,47.02,0.126944444,buffer,1.0,37,1,Neutral,1,1,1,1,1,1,1,1,1,1,1,1,1,1,1,1,1,1,1,1,1,1,1,1,1,1,1,1,1,1,1,0,1,1,1,1,1,1,1,1,0,1,1,1,1,1,1,1,1,0,1,1,1,0,1,1,1,1,1,1,1,1,1,1,1,0,1,1,1,1,1,0,1,0,0,0,0,1,1,1,1,1,1,0,1,1,1,0,1,0,0,1,1,0,0,0,0,1,0,1,0,1,0,1,1,1,1,0,0,1,0,1,0,1,0,0,0,1,0,1,1,0,1,1,0,0,0,0,0,0,0,1,1,0,0,0,0,0,1,1,0,0,0,1,0,1,0,0,0,1,0,0,1,1,0,1,0,1,1,1,1,1,0,1,0,0,0,0,0,0,1,1,0,0,1,0,0,0
Au,CIT,20.08,-24.97,HP,66.0,0.02101,19000,20,4,metal,sphere,plasma,7.4,56.6,0.126944444,buffer,1.0,37,1,Anionic,1,1,1,1,1,1,1,1,1,1,1,1,1,1,1,1,1,1,1,1,1,1,1,1,1,1,1,1,1,1,1,1,1,1,1,1,1,1,1,1,0,1,1,1,1,1,1,1,1,1,1,1,1,0,1,1,1,1,1,1,1,1,1,1,1,0,1,1,1,1,1,1,1,1,1,0,0,1,1,1,1,1,1,0,1,1,1,0,1,1,1,1,1,0,0,0,0,1,0,1,1,1,0,1,1,1,1,1,0,1,0,1,0,1,0,1,0,1,0,1,1,0,1,1,0,1,1,0,0,0,0,1,1,0,0,0,0,0,0,1,0,0,0,1,0,1,0,0,0,1,0,0,1,1,0,1,0,1,1,1,1,1,0,1,0,0,0,0,0,0,1,1,0,0,1,0,0,0
Ag,BPEI,18.11,-25.7,HP,66.0,0.01141,19000,20,4,metal,sphere,plasma,7.4,301.67,0.126944444,buffer,1.0,37,1,Cationic,1,1,1,1,1,1,1,1,1,1,1,1,1,1,1,1,1,1,1,1,1,1,1,1,1,1,1,0,1,1,1,0,1,1,1,0,1,1,1,1,0,1,1,1,1,1,1,1,1,1,1,1,1,1,1,1,1,1,1,1,1,1,1,1,1,0,1,1,1,1,1,1,1,1,1,0,0,1,0,1,1,1,0,0,1,1,1,0,1,0,1,0,1,1,0,1,1,1,0,0,1,1,0,1,1,1,0,1,0,1,0,1,0,0,0,1,1,0,0,1,0,1,1,1,0,0,1,0,0,1,1,0,1,0,1,0,0,0,1,0,0,1,0,1,0,0,1,1,0,1,0,0,1,1,0,1,0,1,1,1,1,1,0,1,0,1,0,0,1,0,1,1,0,1,0,0,0,1
Ag,CIT,20.08,-26.13,HP,66.0,0.01141,19000,20,4,metal,sphere,plasma,7.4,58.1,0.126944444,buffer,1.0,37,1,Anionic,1,1,1,1,1,1,1,1,1,1,1,1,1,1,1,1,1,0,1,1,1,1,1,1,1,1,0,1,1,1,1,0,0,1,1,1,1,1,1,1,0,1,1,1,1,1,1,1,1,1,1,1,1,0,1,1,1,0,1,1,0,1,1,1,1,0,1,1,1,1,1,0,0,0,0,0,0,1,0,0,1,1,1,0,1,1,1,0,1,0,1,0,0,0,0,0,0,1,0,1,0,0,0,0,1,1,1,1,0,1,0,1,0,0,0,1,0,0,0,0,1,0,1,1,0,1,0,0,0,1,0,0,1,0,0,1,0,1,1,0,0,1,0,1,0,1,0,1,0,1,0,0,1,1,0,1,0,1,1,0,1,1,0,1,0,1,0,0,0,0,1,0,0,0,0,0,1,1
Au,BPEI,18.11,-26.9,HP,66.0,0.02101,19000,20,4,metal,sphere,plasma,7.4,295.2,0.126944444,buffer,1.0,37,1,Cationic,1,1,1,1,1,1,1,1,1,1,1,1,1,1,1,1,1,1,1,1,1,1,1,1,1,1,1,1,1,1,1,1,1,1,1,1,1,1,1,1,0,1,1,1,1,1,1,1,1,1,1,1,1,1,1,1,1,1,1,1,1,1,1,1,1,0,1,1,1,1,1,1,1,0,1,0,0,1,1,1,1,1,0,0,1,1,1,0,1,0,1,0,1,1,0,1,1,1,0,1,1,1,0,1,1,1,0,1,0,1,0,1,0,0,0,1,1,0,0,0,1,1,1,1,0,0,1,0,0,0,1,1,1,0,1,0,0,0,1,0,0,0,0,1,0,0,1,0,0,1,0,0,1,0,0,1,0,0,1,1,1,1,0,1,0,0,1,0,0,0,1,1,0,1,0,0,1,1
DOTAP-Chol,none,83.5,50.5,HP,50.0,500.0,14000,15,25,liposome,sphere,buffer,7.4,83.5,0.126944444,buffer,1.0,37,1,Neutral,1,1,1,1,1,1,1,1,1,1,0,0,1,1,0,1,0,1,1,0,0,0,1,1,1,0,0,0,0,0,0,1,0,0,1,0,1,0,0,0,0,1,0,0,0,0,0,1,1,0,0,0,0,0,0,0,0,1,0,0,1,1,1,0,1,0,0,1,0,1,0,0,0,0,0,0,0,0,0,0,1,0,0,0,0,0,0,0,1,1,1,1,1,0,1,0,1,1,1,0,0,0,0,0,1,0,0,0,0,1,0,1,0,0,0,1,1,0,1,1,0,0,0,0,1,0,0,0,0,0,0,1,1,0,0,0,0,0,0,0,0,0,0,0,0,0,0,0,0,0,0,0,1,0,0,0,0,0,0,0,1,0,0,0,0,0,0,0,0,0,0,0,0,0,0,0,1,0
DOTAP-DOPE,none,90.8,51.2,HP,50.0,500.0,14000,15,25,liposome,sphere,buffer,7.4,90.8,0.126944444,buffer,1.0,37,1,Neutral,1,1,1,1,1,1,1,1,1,1,0,0,1,1,0,1,0,1,1,0,0,0,1,1,1,0,0,0,1,0,0,1,0,0,1,0,1,0,0,0,0,1,0,0,0,0,0,1,1,0,0,0,0,0,0,0,0,1,0,0,1,0,0,0,1,0,0,0,0,1,0,0,0,0,0,0,0,0,0,0,0,0,0,0,0,0,0,0,1,0,1,0,1,0,0,0,1,1,0,0,0,0,0,0,1,0,0,0,0,1,0,0,0,0,0,1,0,0,1,0,0,0,0,0,1,0,0,0,0,0,1,1,0,0,1,0,0,0,0,0,0,0,0,0,0,0,0,0,0,0,0,0,1,0,0,0,0,0,0,0,1,0,0,0,0,0,0,0,0,0,0,0,0,0,0,0,1,0
Chol-DC,none,85.6,55.6,HP,50.0,500.0,14000,15,25,liposome,sphere,buffer,7.4,85.6,0.126944444,buffer,1.0,37,1,Neutral,1,1,1,1,1,1,1,1,0,1,1,0,1,1,1,1,1,1,1,1,0,1,1,1,1,1,1,1,1,1,1,1,0,0,1,0,1,1,1,1,1,1,1,1,1,1,1,0,1,1,0,1,1,0,1,1,1,1,0,1,1,1,0,0,1,1,0,1,1,1,1,1,0,1,1,0,1,1,0,1,1,0,1,1,0,1,0,0,1,1,1,0,1,1,0,1,1,1,1,0,0,1,0,0,0,1,0,1,0,1,1,1,0,0,1,1,0,0,1,0,0,1,1,0,1,1,1,0,1,1,1,1,1,1,1,0,0,0,1,0,1,1,1,1,1,0,1,0,0,1,0,1,1,1,1,0,1,0,0,0,1,1,0,0,0,0,0,1,0,0,1,1,0,0,0,0,0,0
DOTAP,none,78.8,55.7,HP,50.0,500.0,14000,15,25,liposome,sphere,buffer,7.4,78.8,0.126944444,buffer,1.0,37,1,Neutral,0,1,1,1,1,1,1,1,1,1,0,0,0,0,0,0,0,1,1,0,0,0,1,0,1,0,0,0,0,0,0,0,0,0,0,0,1,0,0,0,0,1,0,0,0,0,0,1,1,0,0,0,0,1,0,0,0,0,0,0,1,1,0,0,1,0,0,0,0,0,0,0,0,0,0,0,0,0,0,0,0,0,0,0,0,0,0,0,1,0,1,1,1,0,0,0,1,1,1,0,0,0,0,0,1,0,0,0,0,0,0,1,0,0,0,1,0,0,1,0,0,0,0,0,0,0,0,0,0,0,1,0,0,0,0,0,0,0,0,0,0,0,0,0,0,0,0,0,0,0,0,0,1,0,0,0,0,0,0,0,0,0,0,0,0,0,0,0,0,0,0,0,0,0,0,0,0,0
DC-Chol-DOPE,none,119.2,56.3,HP,50.0,500.0,14000,15,25,liposome,sphere,buffer,7.4,119.2,0.126944444,buffer,1.0,37,1,Neutral,1,1,1,1,1,1,1,1,1,1,1,1,1,1,1,1,1,1,1,1,0,0,1,1,1,0,0,1,0,1,1,1,1,0,1,0,1,0,1,0,1,1,1,0,1,1,1,1,1,1,0,1,0,0,0,1,0,1,0,1,1,0,0,0,0,1,0,0,0,1,1,1,0,1,1,0,1,0,0,1,1,0,0,0,0,0,0,0,1,0,1,1,0,1,1,0,1,1,1,0,1,0,0,0,1,1,0,1,0,1,0,1,0,0,0,1,0,0,0,0,1,0,1,0,0,0,0,0,0,1,0,1,0,1,0,0,1,1,1,0,0,1,0,1,0,0,0,0,0,0,0,0,1,1,1,0,1,0,0,0,0,0,0,0,1,1,0,1,1,1,1,1,0,0,0,1,0,0
Chol-DC,none,99.6,59.2,HP,50.0,500.0,14000,15,25,liposome,sphere,buffer,7.4,99.6,0.126944444,buffer,1.0,37,1,Neutral,1,1,1,1,1,1,1,1,1,1,1,1,1,1,1,1,1,1,1,1,1,1,1,1,1,0,1,1,1,1,1,1,1,0,1,0,1,1,1,0,1,1,1,1,1,1,1,1,1,1,0,1,1,0,1,1,0,1,0,1,1,1,0,0,1,1,0,0,1,1,1,1,0,1,0,0,1,1,0,1,0,0,1,0,0,0,0,0,1,1,1,1,1,1,0,1,1,1,0,0,1,1,0,0,0,1,0,1,0,1,1,1,0,0,1,1,0,0,1,0,0,1,1,0,1,1,1,0,1,1,0,1,1,1,1,0,0,0,1,0,0,1,1,1,0,0,1,0,0,1,0,1,1,1,1,0,1,0,0,0,1,1,0,0,0,0,0,1,0,0,1,1,0,0,0,0,0,0
DOTAP,none,156.5,-1.5,HP,50.0,500.0,14000,15,25,liposome,sphere,plasma,7.4,156.5,0.126944444,buffer,1.0,37,1,Neutral,0,1,1,1,1,1,1,1,1,1,0,0,0,0,0,0,0,1,1,0,0,0,1,0,1,0,0,0,0,0,0,0,0,0,0,0,1,0,0,0,0,1,0,0,0,0,0,1,1,0,0,0,0,1,0,0,0,0,0,0,1,1,0,0,1,0,0,0,0,0,0,0,0,0,0,0,0,0,0,0,0,0,0,0,0,0,0,0,1,0,1,1,1,0,0,0,1,1,1,0,0,0,0,0,1,0,0,0,0,0,0,1,0,0,0,1,0,0,1,0,0,0,0,0,0,0,0,0,0,0,1,0,0,0,0,0,0,0,0,0,0,0,0,0,0,0,0,0,0,0,0,0,1,0,0,0,0,0,0,0,0,0,0,0,0,0,0,0,0,0,0,0,0,0,0,0,0,0
Chol-DC,none,220.0,-10.6,HP,50.0,500.0,14000,15,25,liposome,sphere,plasma,7.4,220.0,0.126944444,buffer,1.0,37,1,Neutral,1,1,1,1,1,1,1,1,1,1,1,1,1,1,1,1,1,1,1,1,1,1,1,1,1,0,1,1,1,1,1,1,1,0,1,0,1,1,1,0,1,1,1,1,1,1,1,1,1,1,0,1,1,0,1,1,0,1,0,1,1,1,0,0,1,1,0,0,1,1,1,1,0,1,0,0,1,1,0,1,0,0,1,0,0,0,0,0,1,1,1,1,1,1,0,1,1,1,0,0,1,1,0,0,0,1,0,1,0,1,1,1,0,0,1,1,0,0,1,0,0,1,1,0,1,1,1,0,1,1,0,1,1,1,1,0,0,0,1,0,0,1,1,1,0,0,1,0,0,1,0,1,1,1,1,0,1,0,0,0,1,1,0,0,0,0,0,1,0,0,1,1,0,0,0,0,0,0
Chol-DC,none,210.0,-11.2,HP,50.0,500.0,14000,15,25,liposome,sphere,plasma,7.4,210.0,0.126944444,buffer,1.0,37,1,Neutral,1,1,1,1,1,1,1,1,0,1,1,0,1,1,1,1,1,1,1,1,0,1,1,1,1,1,1,1,1,1,1,1,0,0,1,0,1,1,1,1,1,1,1,1,1,1,1,0,1,1,0,1,1,0,1,1,1,1,0,1,1,1,0,0,1,1,0,1,1,1,1,1,0,1,1,0,1,1,0,1,1,0,1,1,0,1,0,0,1,1,1,0,1,1,0,1,1,1,1,0,0,1,0,0,0,1,0,1,0,1,1,1,0,0,1,1,0,0,1,0,0,1,1,0,1,1,1,0,1,1,1,1,1,1,1,0,0,0,1,0,1,1,1,1,1,0,1,0,0,1,0,1,1,1,1,0,1,0,0,0,1,1,0,0,0,0,0,1,0,0,1,1,0,0,0,0,0,0
DC-Chol-DOPE,none,250.0,-11.4,HP,50.0,500.0,14000,15,25,liposome,sphere,plasma,7.4,250.0,0.126944444,buffer,1.0,37,1,Neutral,1,1,1,1,1,1,1,1,1,1,1,1,1,1,1,1,1,1,1,1,0,0,1,1,1,0,0,1,0,1,1,1,1,0,1,0,1,0,1,0,1,1,1,0,1,1,1,1,1,1,0,1,0,0,0,1,0,1,0,1,1,0,0,0,0,1,0,0,0,1,1,1,0,1,1,0,1,0,0,1,1,0,0,0,0,0,0,0,1,0,1,1,0,1,1,0,1,1,1,0,1,0,0,0,1,1,0,1,0,1,0,1,0,0,0,1,0,0,0,0,1,0,1,0,0,0,0,0,0,1,0,1,0,1,0,0,1,1,1,0,0,1,0,1,0,0,0,0,0,0,0,0,1,1,1,0,1,0,0,0,0,0,0,0,1,1,0,1,1,1,1,1,0,0,0,1,0,0
DOTAP-DOPE,none,178.1,-2.1,HP,50.0,500.0,14000,15,25,liposome,sphere,plasma,7.4,178.1,0.126944444,buffer,1.0,37,1,Neutral,1,1,1,1,1,1,1,1,1,1,0,0,1,1,0,1,0,1,1,0,0,0,1,1,1,0,0,0,1,0,0,1,0,0,1,0,1,0,0,0,0,1,0,0,0,0,0,1,1,0,0,0,0,0,0,0,0,1,0,0,1,0,0,0,1,0,0,0,0,1,0,0,0,0,0,0,0,0,0,0,0,0,0,0,0,0,0,0,1,0,1,0,1,0,0,0,1,1,0,0,0,0,0,0,1,0,0,0,0,1,0,0,0,0,0,1,0,0,1,0,0,0,0,0,1,0,0,0,0,0,1,1,0,0,1,0,0,0,0,0,0,0,0,0,0,0,0,0,0,0,0,0,1,0,0,0,0,0,0,0,1,0,0,0,0,0,0,0,0,0,0,0,0,0,0,0,1,0
DOTAP-Chol,none,187.4,-2.4,HP,50.0,500.0,14000,15,25,liposome,sphere,plasma,7.4,187.4,0.126944444,buffer,1.0,37,1,Neutral,1,1,1,1,1,1,1,1,1,1,0,0,1,1,0,1,0,1,1,0,0,0,1,1,1,0,0,0,0,0,0,1,0,0,1,0,1,0,0,0,0,1,0,0,0,0,0,1,1,0,0,0,0,0,0,0,0,1,0,0,1,1,1,0,1,0,0,1,0,1,0,0,0,0,0,0,0,0,0,0,1,0,0,0,0,0,0,0,1,1,1,1,1,0,1,0,1,1,1,0,0,0,0,0,1,0,0,0,0,1,0,1,0,0,0,1,1,0,1,1,0,0,0,0,1,0,0,0,0,0,0,1,1,0,0,0,0,0,0,0,0,0,0,0,0,0,0,0,0,0,0,0,1,0,0,0,0,0,0,0,1,0,0,0,0,0,0,0,0,0,0,0,0,0,0,0,1,0
DOTAP,PEG,152.85,-13.74,HP,50.0,500.0,14000,15,25,liposome,sphere,plasma,7.4,152.85,0.126944444,buffer,1.0,37,1,Neutral,1,1,1,1,1,1,1,1,1,1,1,1,1,1,1,0,1,1,1,1,1,1,1,1,0,1,1,0,0,1,1,1,0,0,0,1,1,1,0,1,1,1,1,1,1,1,1,1,1,1,1,1,1,0,1,1,1,1,1,0,1,1,1,0,1,1,1,1,1,1,1,1,1,1,1,1,1,1,1,1,1,1,1,1,0,0,1,0,1,1,0,0,0,1,0,1,1,0,1,1,1,0,0,0,0,1,0,1,0,1,0,1,1,0,0,1,1,0,1,0,0,1,1,1,1,1,1,1,0,0,1,1,0,1,0,0,1,0,1,0,0,0,1,1,1,1,1,1,0,1,1,1,0,1,1,0,1,0,0,0,1,1,1,1,0,1,1,1,0,1,1,1,0,1,0,0,1,1
DOTAP-DSPC-Chol,none,208.0,-15.7,HP,50.0,500.0,14000,15,25,liposome,sphere,plasma,7.4,208.0,0.126944444,buffer,1.0,37,1,Neutral,1,1,1,1,1,1,1,1,1,1,1,1,1,1,1,1,1,1,1,1,1,1,1,1,1,1,1,0,0,1,1,1,0,1,0,1,1,1,1,1,1,1,1,1,1,1,1,1,1,1,1,1,1,0,1,1,1,1,1,1,1,1,1,0,1,1,1,1,1,1,1,1,1,1,1,1,1,0,1,1,1,1,0,1,1,1,0,1,1,1,1,1,1,1,0,1,1,1,1,1,0,1,0,1,1,1,0,1,0,1,1,1,1,0,0,1,1,1,1,1,0,1,0,0,1,1,1,1,1,0,1,1,0,1,0,0,0,0,1,0,1,0,1,1,1,0,1,0,0,1,0,1,1,1,1,0,0,0,1,0,0,1,1,0,0,0,1,1,0,0,0,1,0,1,0,1,1,1
DOTAP,PEG,258.54,-19.64,RP,50.0,500.0,14000,15,25,liposome,sphere,plasma,7.4,258.54,0.126944444,buffer,1.0,37,1,Neutral,1,1,1,1,1,1,1,1,1,1,1,1,1,1,1,0,1,1,0,1,1,1,1,1,0,1,1,0,0,1,1,0,0,0,1,1,1,1,0,1,1,1,1,1,1,1,1,1,1,1,0,1,1,0,1,1,1,0,1,0,1,1,1,0,1,1,1,1,1,1,1,1,1,1,1,1,1,1,1,1,0,0,0,1,0,0,1,1,0,0,0,0,0,1,0,1,1,0,0,1,1,1,0,0,0,1,0,1,1,0,0,1,1,0,0,0,1,0,1,0,0,1,0,1,1,1,1,0,0,0,1,0,0,0,0,0,1,0,1,0,0,0,0,1,1,1,1,1,0,1,0,0,0,0,0,0,0,0,1,0,1,1,0,1,0,0,0,1,0,0,1,0,0,1,0,0,0,1
DOTAP-DSPC-Chol,none,164.8,-42.03,RP,50.0,500.0,14000,15,25,liposome,sphere,plasma,7.4,164.8,0.126944444,buffer,1.0,37,1,Neutral,1,1,1,1,1,1,1,1,1,1,1,1,1,1,1,1,1,1,1,1,1,1,1,1,1,1,1,1,1,1,1,1,0,0,0,0,1,1,1,1,1,1,1,1,1,1,1,1,1,1,1,1,1,1,1,1,1,1,0,1,1,1,1,0,1,0,1,1,1,1,1,1,1,1,1,0,1,1,1,1,0,1,0,1,1,1,0,1,1,1,1,1,1,1,1,1,1,1,1,1,1,1,0,1,1,1,0,1,0,1,1,1,1,0,0,1,1,0,1,1,0,1,0,1,1,1,1,1,1,0,1,1,1,1,1,0,0,0,0,0,1,0,0,1,0,0,1,0,0,1,0,0,1,1,1,0,0,0,0,0,1,1,0,0,0,0,1,0,0,1,0,1,0,1,0,1,1,0
Fe3O4,SiO2,51.0,-13.5,FBS,10.0,250.0,20000,20,4,metal,sphere,water,7.0,209.0,0.196,DMEM,24.0,37,1,Neutral,0,0,0,0,1,0,0,0,0,0,0,0,0,0,0,0,0,0,0,0,0,0,0,0,0,0,0,0,0,0,0,0,0,0,0,0,0,0,0,0,0,0,0,0,0,0,0,0,0,0,0,0,0,0,0,0,0,0,1,0,0,0,0,0,0,1,0,0,0,0,0,0,0,0,0,0,0,0,0,0,0,0,0,0,0,0,0,0,0,0,0,0,0,0,0,0,0,0,0,0,0,0,0,0,0,0,0,0,0,0,0,0,0,0,0,0,0,0,0,0,0,0,1,0,0,0,0,0,0,1,0,0,0,0,0,0,1,1,1,0,0,0,0,0,0,0,0,1,0,0,0,0,0,1,0,0,0,0,0,0,0,0,0,0,1,1,0,0,1,1,0,0,0,0,0,1,0,0
Fe3O4,none,175.3,-19.0,FBS,10.0,60.0,15000,20,25,metal,sphere,cell culture,7.4,175.3,0.126944444,DMEM,12.0,37,1,Cationic,0,1,1,0,1,1,0,0,1,0,0,0,0,0,0,0,0,0,0,1,1,0,0,0,0,0,1,0,0,1,0,0,0,0,0,0,0,0,1,0,0,0,0,0,0,1,0,0,0,1,0,0,0,0,0,0,0,0,0,0,0,0,0,0,0,0,0,0,0,0,0,1,0,0,0,0,0,0,0,0,0,0,0,0,0,0,0,0,0,0,0,0,0,0,0,0,0,0,0,0,1,0,0,0,0,0,0,0,0,0,0,0,0,0,0,0,0,0,0,0,0,0,0,0,0,0,0,0,0,0,0,0,0,0,0,0,0,0,0,0,0,0,0,0,0,0,0,0,0,0,0,0,0,0,0,0,0,0,0,0,0,0,1,0,0,0,0,0,0,0,0,0,0,0,0,0,0,0
Fe3O4,none,178.2,-22.7,FBS,10.0,60.0,15000,20,25,metal,sphere,cell culture,7.4,178.2,0.126944444,DMEM,12.0,37,1,Cationic,0,1,1,0,1,1,0,0,0,1,0,0,0,0,1,0,0,0,0,1,0,1,0,0,0,0,1,0,0,1,0,0,0,0,0,0,0,0,1,0,0,0,0,0,0,1,0,0,0,0,0,0,0,0,0,0,0,0,0,0,0,0,0,0,0,0,0,0,0,0,0,1,0,0,0,0,0,0,0,0,0,0,0,0,0,0,0,0,0,0,0,0,0,0,0,0,0,0,0,0,0,0,0,0,0,0,0,0,0,0,0,0,0,0,0,0,0,0,0,0,0,0,0,0,0,0,0,0,0,0,0,0,0,0,0,0,0,0,0,0,0,0,0,0,0,0,0,0,0,0,0,0,0,0,0,0,0,0,0,0,0,0,0,0,0,0,0,0,0,0,0,0,0,0,0,0,0,0
PS,COOH,200.0,-13.5,HP,80.0,1000.0,20000,10,25,other,sphere,plasma,7.4,220.0,0.126944444,buffer,1.0,25,1,Anionic,0,0,1,1,1,1,0,1,0,0,0,1,0,1,0,0,1,0,0,1,0,0,1,0,1,0,0,1,0,0,1,0,0,0,0,0,1,0,0,0,0,0,0,0,0,0,0,0,1,0,0,0,0,0,0,0,0,1,0,0,0,0,0,1,0,1,0,0,0,0,0,0,0,0,0,0,0,0,0,0,0,0,0,0,0,0,1,0,0,0,0,0,0,0,0,0,0,0,0,0,0,0,0,0,0,0,1,0,0,0,0,0,0,0,0,0,0,0,0,0,0,0,0,0,0,0,0,0,0,0,0,0,0,0,0,0,0,0,0,0,0,0,0,0,0,0,0,0,0,0,0,0,0,0,0,0,0,0,0,0,0,0,0,0,0,0,0,0,0,0,0,0,0,0,0,0,0,0
SiO2,none,9.6,-11.0,HP,50.0,1660.0,12000,10,4,other,sphere,buffer,7.4,12.5,0.126944444,buffer,1.0,4,1,Neutral,1,1,1,1,1,1,1,1,1,1,1,1,1,1,1,1,0,1,1,1,1,1,1,1,1,1,1,1,1,1,1,1,1,1,1,1,0,1,1,1,1,1,1,1,1,0,1,1,0,1,0,1,1,1,1,1,1,1,0,1,1,1,1,0,1,1,1,1,0,0,1,1,1,1,1,1,1,1,1,1,0,1,1,1,1,0,0,0,1,1,1,1,0,1,1,1,0,1,1,0,0,0,1,0,1,0,0,0,0,1,0,0,0,1,1,1,1,0,1,1,1,0,0,0,1,1,1,1,1,0,0,1,1,0,1,0,0,0,0,0,0,0,1,1,0,1,0,0,0,0,1,0,1,0,0,0,0,0,0,0,0,1,0,0,0,0,1,0,0,0,0,0,0,0,0,0,0,1
SiO2,none,15.7,-25.0,HP,50.0,1660.0,12000,10,4,other,sphere,buffer,7.4,17.6,0.126944444,buffer,1.0,4,1,Neutral,1,1,1,1,1,1,1,1,1,1,1,1,1,1,1,1,0,1,1,1,1,1,1,1,1,1,1,1,1,1,1,1,1,1,1,1,0,1,1,1,1,1,1,1,1,0,1,1,0,1,0,1,1,1,1,1,1,1,0,1,1,1,1,0,1,1,1,1,0,0,1,1,1,1,1,1,1,1,1,1,0,1,1,1,1,0,0,0,1,1,1,1,0,1,1,1,0,1,1,0,0,0,1,0,1,0,0,0,0,1,0,0,0,1,1,1,1,0,1,1,1,0,0,0,1,1,1,1,1,0,0,1,1,0,1,0,0,0,0,0,0,0,1,1,0,1,0,0,0,0,1,0,1,0,0,0,0,0,0,0,0,1,0,0,0,0,1,0,0,0,0,0,0,0,0,0,0,1
SiO2,none,54.9,-32.0,HP,50.0,1660.0,12000,10,4,other,sphere,buffer,7.4,71.3,0.126944444,buffer,1.0,4,1,Neutral,1,1,1,1,1,1,1,1,1,1,1,1,1,1,1,1,0,1,1,1,1,1,1,1,1,1,1,1,1,1,1,1,1,1,1,1,0,1,1,1,1,1,1,1,1,0,1,1,0,1,0,1,1,1,1,1,1,1,0,1,1,1,1,0,1,1,1,1,0,0,1,1,1,1,1,1,1,1,1,1,0,1,1,1,1,0,0,0,1,1,1,1,0,1,1,1,0,1,1,0,0,0,1,0,1,0,0,0,0,1,0,0,0,1,1,1,1,0,1,1,1,0,0,0,1,1,1,1,1,0,0,1,1,0,1,0,0,0,0,0,0,0,1,1,0,1,0,0,0,0,1,0,1,0,0,0,0,0,0,0,0,1,0,0,0,0,1,0,0,0,0,0,0,0,0,0,0,1
Fe3O4,none,225.0,-23.4,HP,50.0,1660.0,1000,20,25,metal,sphere,PBS,7.4,643.1,0.38,buffer,1.0,37,1,Cationic,1,1,1,1,1,1,1,0,1,1,1,1,0,0,1,0,1,1,1,1,1,1,1,1,1,1,1,1,0,1,0,0,1,0,0,1,1,0,1,0,0,0,0,1,1,0,1,1,0,1,0,1,1,0,1,1,1,1,0,1,1,1,1,1,1,0,1,1,1,0,1,0,1,1,1,0,0,1,1,1,1,1,1,0,1,1,1,1,1,1,1,1,0,1,0,1,0,1,0,1,0,1,0,0,1,0,1,0,1,1,0,1,0,0,1,1,0,0,0,1,1,0,0,1,0,1,0,1,0,0,0,1,0,0,0,1,0,0,0,0,0,0,0,0,0,1,0,0,0,0,0,0,1,0,0,0,0,0,0,0,0,0,0,0,0,0,0,0,0,0,1,0,0,0,1,0,1,0
Fe3O4,none,225.0,-23.4,HP,50.0,1660.0,1000,20,25,metal,sphere,PBS,7.4,643.1,0.38,buffer,1.0,37,1,Cationic,1,1,1,1,1,1,1,0,1,1,1,1,0,0,1,0,1,1,1,1,1,1,1,0,1,1,1,1,0,1,1,0,1,0,0,1,1,0,1,0,0,0,0,1,1,0,1,1,0,1,0,1,1,0,1,1,1,1,0,1,1,1,1,1,1,0,1,1,1,0,1,0,1,1,1,0,0,1,1,0,1,1,1,0,0,1,1,1,1,1,1,1,0,1,0,1,0,1,0,1,0,1,0,0,1,0,1,0,1,1,0,1,0,0,1,1,0,0,0,1,1,0,0,1,0,1,0,1,0,0,0,1,0,0,0,1,0,0,0,0,0,0,0,0,0,1,0,0,0,0,0,0,1,0,0,0,0,0,0,0,0,0,0,0,0,0,0,0,0,0,1,0,0,0,1,0,1,0
Fe3O4,none,225.0,-23.4,HP,50.0,1660.0,1000,20,25,metal,sphere,PBS,7.4,643.1,0.38,buffer,1.0,37,1,Cationic,1,1,1,1,1,1,1,0,1,1,1,1,0,0,1,0,1,1,1,1,1,1,1,1,0,1,1,1,0,1,1,0,1,0,0,1,1,0,1,0,0,0,0,1,1,0,1,1,0,1,0,1,1,0,1,1,1,1,0,1,1,1,1,1,1,0,1,1,1,0,1,0,1,1,1,0,0,1,1,1,1,1,1,0,1,0,1,1,1,1,1,1,0,1,0,1,0,0,0,1,0,1,0,0,1,0,1,0,1,1,0,1,0,0,1,1,0,0,0,1,1,0,0,1,0,1,0,1,0,0,0,1,0,0,0,1,0,0,0,0,0,0,0,0,0,1,0,0,0,0,0,0,1,0,0,0,0,0,0,0,0,0,0,0,0,0,0,0,0,0,1,0,0,0,1,0,1,0
Fe3O4,none,375.0,-24.3,HP,50.0,1660.0,1000,20,25,metal,sphere,PBS,7.4,571.1,0.44,buffer,1.0,37,1,Cationic,1,1,1,1,1,1,1,0,1,1,1,1,0,1,1,0,1,1,1,0,0,1,1,1,1,1,0,1,0,1,0,0,1,0,0,1,0,0,0,0,0,0,0,1,1,0,0,1,0,0,0,1,0,0,1,1,0,1,0,0,1,1,1,1,1,0,1,1,1,0,0,0,0,0,1,0,0,1,1,1,0,1,1,1,0,0,1,0,1,0,1,1,0,0,0,1,0,1,0,1,1,1,0,0,0,0,1,0,1,1,0,1,0,0,0,0,1,0,0,1,1,0,0,1,0,1,0,1,0,0,0,1,0,0,0,1,0,0,0,0,1,0,0,1,0,0,0,0,0,0,0,0,1,0,0,1,0,0,1,0,0,0,0,0,0,0,0,0,0,0,0,0,0,0,0,0,0,0
Fe3O4,none,375.0,-24.3,HP,50.0,1660.0,1000,20,25,metal,sphere,PBS,7.4,571.1,0.44,buffer,1.0,37,1,Cationic,1,1,1,1,1,1,1,0,1,1,1,1,0,0,1,0,1,1,1,0,1,1,1,1,1,1,0,1,0,1,0,0,1,0,0,1,1,0,0,0,0,0,0,1,1,0,0,1,0,0,0,1,1,0,1,1,0,1,0,0,1,1,1,1,1,0,1,1,0,0,0,0,0,0,1,0,0,1,1,1,0,1,1,1,0,1,1,0,1,0,0,1,0,0,0,1,0,0,0,1,0,1,0,0,0,0,1,0,1,1,0,1,0,0,0,0,1,0,0,1,1,0,0,1,0,1,0,1,0,0,0,1,0,0,0,1,0,0,0,0,1,0,0,0,0,0,0,0,0,0,0,0,1,0,0,1,0,0,1,0,0,0,0,0,0,0,0,0,0,0,0,0,0,0,0,0,0,0
Fe3O4,none,375.0,-24.3,HP,50.0,1660.0,1000,20,25,metal,sphere,PBS,7.4,571.1,0.44,buffer,1.0,37,1,Cationic,1,1,1,1,1,1,1,0,1,1,1,1,0,1,1,0,1,1,1,0,1,1,0,0,1,1,0,1,0,1,0,0,1,0,0,1,1,0,0,0,0,0,0,1,1,0,0,1,0,0,0,1,1,0,1,1,0,1,0,0,1,1,1,1,1,0,1,1,1,0,0,0,0,0,1,0,0,1,0,1,0,1,1,1,0,1,1,0,1,0,1,1,0,0,0,1,0,1,0,1,1,1,0,0,0,0,1,0,1,1,0,1,0,0,0,0,1,0,0,1,1,0,0,1,0,1,0,1,0,0,0,1,0,0,0,0,0,0,0,0,1,0,0,1,0,0,0,0,0,0,0,0,1,0,0,1,0,0,0,0,0,0,0,0,0,0,0,0,0,0,0,0,0,0,0,0,0,0
Fe3O4,none,30.0,-28.9,HP,50.0,1660.0,1000,20,25,metal,sphere,PBS,7.4,833.4,0.41,buffer,1.0,37,1,Cationic,1,1,1,1,1,1,1,0,1,1,1,1,1,1,0,0,1,1,1,0,0,1,1,1,1,1,1,0,0,1,0,0,1,0,0,1,1,0,0,0,0,0,0,1,1,0,1,1,0,0,0,1,1,0,1,0,1,1,0,0,1,1,1,1,1,0,1,1,0,0,0,0,0,0,1,1,0,0,1,1,0,1,1,0,0,1,1,0,1,0,1,1,0,1,0,1,1,1,0,1,0,1,0,0,0,0,1,0,1,1,0,0,0,0,1,1,1,0,0,1,1,0,0,0,0,0,0,1,0,0,0,1,0,0,1,0,0,0,0,0,1,0,0,1,0,0,0,0,0,0,0,0,0,0,0,0,0,0,0,0,0,0,0,0,0,0,0,0,0,0,1,0,0,0,0,0,0,0
Fe3O4,none,30.0,-28.9,HP,50.0,1660.0,1000,20,25,metal,sphere,PBS,7.4,833.4,0.41,buffer,1.0,37,1,Cationic,1,1,1,1,1,1,1,0,1,1,1,1,0,1,0,0,1,1,1,0,0,1,0,1,1,1,1,0,0,1,0,0,1,0,0,1,1,0,1,0,0,0,0,1,1,0,0,1,0,0,0,1,1,0,1,0,1,1,0,0,1,1,1,1,1,0,1,1,1,0,0,0,0,0,1,1,0,1,0,1,0,1,1,0,0,1,1,0,1,0,1,1,0,1,0,1,1,1,0,1,0,1,0,0,0,0,1,0,1,1,0,0,0,0,1,1,1,0,0,0,1,0,0,0,0,0,0,1,0,0,0,1,0,0,1,0,0,0,0,0,1,0,0,1,0,0,0,0,0,0,0,0,0,0,0,0,0,1,1,0,0,0,0,0,0,0,0,0,0,0,1,0,0,0,0,0,0,0
Fe3O4,none,30.0,-28.9,HP,50.0,1660.0,1000,20,25,metal,sphere,PBS,7.4,833.4,0.41,buffer,1.0,37,1,Cationic,1,1,1,1,1,1,1,0,1,1,1,1,1,1,0,0,1,1,1,0,0,1,1,1,1,1,1,0,0,1,0,0,1,0,0,1,1,0,1,0,0,0,0,1,1,0,1,1,0,0,0,1,1,0,1,0,1,1,0,0,1,1,1,1,1,0,1,1,1,0,0,0,0,0,1,1,0,1,1,1,0,1,1,0,0,1,1,0,1,0,1,1,0,1,0,1,1,1,0,1,0,1,0,0,0,0,1,0,1,1,0,0,0,0,1,1,1,0,0,1,1,0,0,0,0,0,0,1,0,0,0,1,0,0,0,0,0,0,0,0,1,0,0,1,0,0,0,0,0,0,0,0,0,0,0,0,0,1,1,0,0,0,0,0,0,0,0,0,0,0,1,0,0,0,0,0,0,0
DOTAP-DC-Chol,PEG,103.2,9.9,HP,50.0,500.0,14000,15,4,liposome,sphere,buffer,7.4,103.2,0.09,water,1.0,37,1,Neutral,1,1,1,1,1,1,1,0,1,0,0,0,1,1,0,1,0,1,0,0,0,0,0,1,0,0,0,0,1,0,1,0,0,0,0,0,0,0,0,0,0,0,0,0,0,1,0,0,0,0,0,0,0,0,0,0,0,0,0,0,1,0,0,0,0,0,0,1,0,1,0,0,0,0,0,0,0,0,0,0,0,1,0,0,0,0,0,0,0,0,0,0,0,0,0,0,0,0,0,1,0,0,0,0,0,0,0,0,0,1,0,0,0,0,0,0,0,0,0,0,0,0,0,0,0,0,0,0,0,0,0,0,0,0,0,0,0,0,0,0,0,0,0,0,0,0,0,0,0,0,0,0,1,0,0,0,0,0,0,0,0,0,0,0,0,0,0,0,0,0,0,0,0,0,0,0,0,0
DOTAP-DC-Chol,PEG,123.0,17.9,HP,50.0,500.0,14000,15,4,liposome,sphere,buffer,7.4,123.0,0.12,water,1.0,37,1,Neutral,1,1,1,1,1,0,1,0,1,0,0,0,1,0,0,1,0,1,0,0,0,0,1,1,0,0,0,0,1,0,1,0,0,0,0,0,1,0,1,0,0,0,0,0,0,1,0,0,0,0,0,0,0,0,0,0,0,0,0,0,1,0,0,0,0,0,0,1,0,1,0,0,0,0,0,0,0,0,0,0,0,1,0,0,0,0,0,0,0,0,0,0,0,0,0,0,0,0,0,1,0,0,0,0,0,0,0,0,0,1,0,0,0,0,0,0,0,0,0,0,0,0,0,0,0,0,0,0,0,0,0,1,0,0,0,0,0,0,0,0,0,0,0,0,0,0,0,0,0,0,0,0,1,0,0,0,0,0,0,0,0,0,0,0,0,0,0,0,0,0,0,0,0,0,0,0,0,0
DOTAP-DC-Chol,PEG,114.0,18.1,HP,50.0,500.0,14000,15,4,liposome,sphere,buffer,7.4,114.0,0.08,water,1.0,37,1,Neutral,1,1,1,1,1,0,1,0,1,0,0,0,0,0,0,1,0,1,0,0,0,0,1,1,0,0,0,0,1,0,1,0,0,0,0,0,1,0,1,0,0,0,1,0,0,0,0,0,0,0,0,0,0,0,0,0,0,1,0,0,1,0,0,0,0,1,0,0,0,0,0,0,0,0,0,0,0,0,0,0,0,1,0,0,0,0,0,0,0,0,0,0,0,0,0,0,0,0,0,0,0,0,0,0,0,0,0,0,0,1,0,0,0,0,0,0,0,0,0,0,0,0,0,0,0,0,0,0,0,1,0,1,0,0,0,0,0,0,0,0,0,0,0,0,0,0,0,0,0,0,0,0,1,0,0,0,0,0,0,0,0,0,0,0,0,0,0,0,0,0,0,0,0,0,0,0,0,0
DOTAP-DC-Chol,none,131.0,26.1,HP,50.0,500.0,14000,15,4,liposome,sphere,buffer,7.4,131.0,0.1,water,1.0,37,1,Neutral,0,1,1,1,1,1,1,0,1,0,0,0,1,0,0,0,0,0,1,0,0,0,1,1,0,0,0,0,1,0,1,0,0,0,0,0,1,0,0,0,0,0,1,0,0,1,0,0,1,0,0,0,0,0,0,0,0,0,0,0,1,0,0,0,0,1,0,0,0,0,0,0,0,0,0,0,0,0,0,0,0,0,0,0,0,0,0,0,0,0,0,0,0,0,0,0,0,0,1,0,0,0,0,0,0,0,0,0,0,1,0,0,0,0,0,0,0,0,0,0,0,0,0,0,0,0,0,0,0,0,0,1,0,0,0,0,0,0,0,0,0,0,0,0,0,0,0,0,0,0,0,0,1,0,0,0,0,0,0,0,0,0,0,0,0,0,0,0,0,0,0,0,0,0,0,0,0,0
DOTAP-DC-Chol,none,135.0,30.1,HP,50.0,500.0,14000,15,4,liposome,sphere,buffer,7.4,135.0,0.14,water,1.0,37,1,Neutral,0,1,1,1,1,1,1,1,1,1,0,0,1,1,0,0,0,1,0,0,0,0,1,0,0,0,0,0,1,0,1,0,0,0,0,0,1,0,0,0,0,0,0,0,0,1,0,0,1,0,0,0,0,0,0,0,0,0,0,0,1,0,0,0,0,0,0,0,0,0,1,0,0,0,0,0,0,0,0,0,0,0,0,0,0,0,0,1,0,0,0,0,0,0,0,0,0,0,0,0,0,0,0,0,0,0,0,0,0,0,0,0,0,0,0,0,0,0,0,0,0,0,0,0,0,0,0,0,0,1,0,0,0,0,0,0,0,0,0,0,0,0,0,0,0,0,0,0,0,0,0,0,0,0,0,0,0,0,0,0,0,0,0,0,0,0,0,0,0,0,0,0,0,0,0,0,0,0
DOTAP-DC-Chol,none,144.0,30.2,HP,50.0,500.0,14000,15,4,liposome,sphere,buffer,7.4,144.0,0.09,water,1.0,37,1,Neutral,0,1,1,1,1,1,1,1,1,1,0,0,0,0,0,1,0,1,0,0,1,0,1,1,1,0,0,0,1,0,1,0,0,0,0,0,1,0,0,0,0,0,1,0,0,0,0,0,1,0,0,0,0,0,0,0,0,1,0,0,1,0,0,0,0,0,0,0,0,0,0,0,0,0,0,0,0,0,0,0,0,1,0,0,0,0,0,0,0,0,0,0,0,0,0,0,0,0,0,0,0,0,0,0,0,0,0,0,0,0,0,0,0,0,0,0,0,0,0,0,0,0,0,0,0,0,0,0,0,0,0,0,0,0,0,0,0,0,0,0,0,0,0,0,0,0,0,0,0,0,0,0,1,0,0,0,0,0,0,0,0,0,0,0,0,0,0,0,0,0,0,1,0,0,0,0,0,0
DOTAP-DC-Chol,none,254.6,33.1,HP,50.0,500.0,14000,15,4,liposome,sphere,buffer,7.4,254.6,0.12,water,1.0,37,1,Neutral,1,1,0,1,1,1,1,1,0,1,0,0,1,0,0,0,0,1,0,0,0,0,0,1,0,0,0,0,0,0,0,1,1,0,0,0,1,0,0,0,0,0,1,0,1,0,1,0,1,0,0,0,0,0,0,0,0,0,0,0,0,1,0,0,1,0,0,0,0,0,1,0,0,0,1,0,0,0,0,0,0,0,0,0,0,0,0,0,0,0,0,0,0,0,0,0,1,0,0,0,0,0,0,0,0,0,0,1,0,0,0,0,0,0,0,0,0,0,0,0,0,0,0,0,0,0,0,0,0,0,0,0,0,0,0,0,0,0,0,0,0,0,0,0,0,0,0,0,0,0,0,0,0,0,0,0,0,0,0,0,0,0,0,0,0,0,0,0,0,0,0,0,0,0,0,0,0,0
DOTAP-DC-Chol,none,108.0,34.5,HP,50.0,500.0,14000,15,4,liposome,sphere,buffer,7.4,108.0,0.14,water,1.0,37,1,Neutral,1,1,1,1,1,1,1,0,0,1,0,0,1,0,0,0,0,0,0,0,0,0,0,1,1,0,0,0,1,0,0,0,1,0,0,0,1,1,0,0,0,0,1,0,1,0,1,0,1,0,0,0,0,0,0,0,0,0,0,0,0,0,1,0,0,0,0,0,0,0,1,0,0,0,1,0,0,0,0,0,0,0,0,0,1,0,0,0,0,0,0,0,0,0,0,0,0,0,0,0,0,0,0,0,0,0,0,1,0,0,0,0,0,0,0,0,0,0,0,0,0,0,0,0,0,0,0,0,0,0,0,0,0,0,0,0,0,0,0,0,0,0,0,1,0,0,0,0,0,0,0,0,0,0,0,0,0,0,0,0,0,0,0,0,0,0,0,0,0,0,0,0,0,0,0,0,0,0
DOTAP-DC-Chol,none,193.4,42.1,HP,50.0,500.0,14000,15,4,liposome,sphere,buffer,7.4,193.4,0.13,water,1.0,37,1,Neutral,1,1,1,0,1,0,1,0,0,1,0,0,1,1,0,0,0,1,1,0,0,0,0,1,0,1,0,0,0,0,0,1,0,1,0,0,1,1,0,0,0,0,1,0,1,0,1,0,1,0,1,0,0,0,0,0,0,0,0,0,0,0,0,0,0,0,0,0,0,1,0,0,0,0,0,0,0,0,0,0,0,0,0,0,1,0,0,0,0,0,0,0,0,0,0,0,0,0,0,0,0,0,0,0,0,0,0,0,0,0,0,0,0,0,0,0,0,0,0,0,0,0,0,0,0,0,0,0,0,0,0,0,0,0,0,0,0,0,0,0,0,0,0,1,0,0,0,0,0,0,0,0,0,0,0,0,0,0,0,0,0,0,0,0,0,0,0,0,0,0,0,0,0,0,0,0,0,0
DOTAP-DC-Chol,none,125.0,46.2,HP,50.0,500.0,14000,15,4,liposome,sphere,buffer,7.4,125.0,0.18,water,1.0,37,1,Neutral,1,1,1,1,1,1,1,1,0,1,0,0,1,0,0,0,0,1,0,0,0,0,0,1,0,0,0,0,1,0,0,0,1,0,0,0,1,1,0,0,0,0,1,0,1,0,1,0,1,0,0,0,0,0,0,0,0,0,0,0,0,0,0,0,0,0,0,0,0,0,1,0,0,0,1,0,0,0,0,0,0,0,0,0,0,0,0,0,0,0,0,0,0,0,0,0,1,0,0,0,0,0,0,0,0,0,0,1,0,0,0,0,0,0,0,0,0,0,0,0,0,0,0,0,0,0,0,0,0,0,0,0,0,0,0,0,0,0,0,0,0,0,0,0,0,0,0,0,0,0,0,0,0,0,0,0,0,0,0,0,0,0,0,0,0,0,0,0,0,0,0,0,0,0,0,0,0,0
DOTAP-DC-Chol,none,128.0,47.4,HP,50.0,500.0,14000,15,4,liposome,sphere,buffer,7.4,128.0,0.11,water,1.0,37,1,Neutral,0,1,0,1,1,1,1,0,1,1,0,0,1,1,0,0,0,0,0,0,0,0,0,1,1,0,0,0,1,0,0,0,1,0,0,0,1,1,0,0,0,0,1,0,1,0,1,0,1,0,0,0,0,0,0,0,0,0,0,0,0,0,0,0,0,0,0,0,0,0,0,0,0,0,0,0,0,0,0,0,0,0,0,0,0,0,0,0,0,0,0,0,0,0,0,0,1,0,0,0,0,0,0,0,0,1,0,1,0,0,0,0,0,0,1,0,0,0,0,0,0,0,0,0,0,0,0,0,0,0,1,0,0,0,0,0,0,0,0,0,0,0,0,0,0,0,0,0,0,0,0,0,0,0,0,0,0,0,0,0,0,0,0,0,0,0,0,0,0,0,0,0,0,0,0,0,0,0
DOTAP-DC-Chol,none,157.0,58.2,HP,50.0,500.0,14000,15,4,liposome,sphere,buffer,7.4,157.0,0.17,water,1.0,37,1,Neutral,0,1,1,1,1,1,1,1,0,1,1,1,1,1,0,0,0,0,0,0,0,0,1,1,1,0,0,0,0,0,0,0,1,0,0,0,1,1,0,0,0,0,1,0,1,0,0,0,1,0,0,0,0,0,0,0,0,0,0,0,0,0,1,0,0,0,0,0,0,0,1,0,0,0,0,0,0,0,0,0,0,0,0,0,0,0,0,0,0,0,0,0,0,0,0,0,0,0,0,0,0,0,0,0,0,0,0,1,0,0,0,0,0,0,0,0,0,0,0,0,0,0,0,0,0,0,0,0,0,0,1,0,0,0,0,0,0,0,0,0,0,0,0,0,0,0,0,0,0,0,0,0,0,0,0,0,0,0,0,0,0,0,0,0,0,0,0,0,0,0,0,0,0,0,0,0,0,0
DOTAP-DC-Chol,PEG,115.0,-13.2,HP,50.0,500.0,14000,15,4,liposome,sphere,plasma,7.4,115.0,0.13,water,1.0,37,1,Neutral,1,1,1,1,1,1,1,0,1,0,0,0,1,1,0,1,0,1,0,0,0,0,0,1,0,0,0,0,1,0,1,0,0,0,0,0,0,0,0,0,0,0,0,0,0,1,0,0,0,0,0,0,0,0,0,0,0,0,0,0,1,0,0,0,0,0,0,1,0,1,0,0,0,0,0,0,0,0,0,0,0,1,0,0,0,0,0,0,0,0,0,0,0,0,0,0,0,0,0,1,0,0,0,0,0,0,0,0,0,1,0,0,0,0,0,0,0,0,0,0,0,0,0,0,0,0,0,0,0,0,0,0,0,0,0,0,0,0,0,0,0,0,0,0,0,0,0,0,0,0,0,0,1,0,0,0,0,0,0,0,0,0,0,0,0,0,0,0,0,0,0,0,0,0,0,0,0,0
DOTAP-DC-Chol,PEG,137.0,-13.9,HP,50.0,500.0,14000,15,4,liposome,sphere,plasma,7.4,137.0,0.16,water,1.0,37,1,Neutral,1,1,1,1,1,0,1,0,1,0,0,0,0,0,0,1,0,1,0,0,0,0,1,1,0,0,0,0,1,0,1,0,0,0,0,0,1,0,1,0,0,0,1,0,0,0,0,0,0,0,0,0,0,0,0,0,0,1,0,0,1,0,0,0,0,1,0,0,0,0,0,0,0,0,0,0,0,0,0,0,0,1,0,0,0,0,0,0,0,0,0,0,0,0,0,0,0,0,0,0,0,0,0,0,0,0,0,0,0,1,0,0,0,0,0,0,0,0,0,0,0,0,0,0,0,0,0,0,0,1,0,1,0,0,0,0,0,0,0,0,0,0,0,0,0,0,0,0,0,0,0,0,1,0,0,0,0,0,0,0,0,0,0,0,0,0,0,0,0,0,0,0,0,0,0,0,0,0
DOPG-DOPA,none,126.0,-14.2,HP,50.0,500.0,14000,15,4,liposome,sphere,buffer,7.4,126.0,0.11,water,1.0,37,1,Neutral,1,1,0,0,1,1,1,1,1,0,0,1,0,0,0,0,1,1,0,0,1,1,1,0,1,0,0,0,1,0,0,0,0,0,0,0,1,0,0,0,0,0,0,0,0,0,0,0,1,0,0,0,0,0,0,0,0,0,0,0,0,0,0,0,0,1,0,0,0,0,1,0,0,0,0,0,0,0,0,0,0,1,0,0,0,0,0,1,0,0,0,0,0,0,0,0,0,0,0,0,0,0,0,0,0,0,0,0,0,1,0,0,0,0,0,0,0,0,0,0,0,0,0,0,0,0,0,0,0,0,0,1,0,0,0,0,0,0,0,0,0,0,0,0,0,0,0,0,0,0,0,0,1,0,0,0,0,0,0,0,0,0,0,0,0,0,0,0,0,0,0,0,0,0,0,0,0,0
DOTAP-DC-Chol,none,329.0,-15.4,HP,50.0,500.0,14000,15,4,liposome,sphere,plasma,7.4,329.0,0.15,water,1.0,37,1,Neutral,1,1,0,1,1,1,1,1,0,1,0,0,1,0,0,0,0,1,0,0,0,0,0,1,0,0,0,0,0,0,0,1,1,0,0,0,1,0,0,0,0,0,1,0,1,0,1,0,1,0,0,0,0,0,0,0,0,0,0,0,0,1,0,0,1,0,0,0,0,0,1,0,0,0,1,0,0,0,0,0,0,0,0,0,0,0,0,0,0,0,0,0,0,0,0,0,1,0,0,0,0,0,0,0,0,0,0,1,0,0,0,0,0,0,0,0,0,0,0,0,0,0,0,0,0,0,0,0,0,0,0,0,0,0,0,0,0,0,0,0,0,0,0,0,0,0,0,0,0,0,0,0,0,0,0,0,0,0,0,0,0,0,0,0,0,0,0,0,0,0,0,0,0,0,0,0,0,0
DOTAP-DC-Chol,none,216.0,-17.9,HP,50.0,500.0,14000,15,4,liposome,sphere,plasma,7.4,216.0,0.22,water,1.0,37,1,Neutral,1,1,1,1,1,1,1,0,0,1,0,0,1,0,0,0,0,0,0,0,0,0,0,1,1,0,0,0,1,0,0,0,1,0,0,0,1,1,0,0,0,0,1,0,1,0,1,0,1,0,0,0,0,0,0,0,0,0,0,0,0,0,1,0,0,0,0,0,0,0,1,0,0,0,1,0,0,0,0,0,0,0,0,0,1,0,0,0,0,0,0,0,0,0,0,0,0,0,0,0,0,0,0,0,0,0,0,1,0,0,0,0,0,0,0,0,0,0,0,0,0,0,0,0,0,0,0,0,0,0,0,0,0,0,0,0,0,0,0,0,0,0,0,1,0,0,0,0,0,0,0,0,0,0,0,0,0,0,0,0,0,0,0,0,0,0,0,0,0,0,0,0,0,0,0,0,0,0
DOPG-DOPA,none,152.0,-18.2,HP,50.0,500.0,14000,15,4,liposome,sphere,plasma,7.4,152.0,0.15,water,1.0,37,1,Neutral,1,1,1,1,1,0,1,1,1,0,0,0,1,1,0,0,0,1,0,0,0,0,1,0,1,0,1,0,1,0,0,0,0,0,0,1,1,1,0,0,0,0,0,0,0,0,0,0,1,0,0,0,0,0,0,0,0,0,0,0,0,0,0,0,0,0,0,0,0,0,1,0,0,0,0,0,0,0,0,0,0,1,0,0,0,0,0,0,0,0,0,0,0,0,0,0,0,0,0,0,0,0,0,0,0,0,0,0,0,1,0,0,0,0,0,0,0,0,0,0,0,0,0,0,0,0,0,0,0,0,0,1,0,0,0,0,0,0,0,0,0,0,0,0,0,0,0,0,0,0,0,0,1,0,0,0,0,0,0,0,0,0,0,0,0,0,0,0,0,0,0,0,0,0,0,0,0,0
DOTAP-DC-Chol,none,259.0,-19.3,HP,50.0,500.0,14000,15,4,liposome,sphere,plasma,7.4,259.0,0.12,water,1.0,37,1,Neutral,0,1,1,1,1,1,1,1,1,1,0,0,1,1,0,0,0,1,0,0,0,0,1,0,0,0,0,0,1,0,1,0,0,0,0,0,1,0,0,0,0,0,0,0,0,1,0,0,1,0,0,0,0,0,0,0,0,0,0,0,1,0,0,0,0,0,0,0,0,0,1,0,0,0,0,0,0,0,0,0,0,0,0,0,0,0,0,1,0,0,0,0,0,0,0,0,0,0,0,0,0,0,0,0,0,0,0,0,0,0,0,0,0,0,0,0,0,0,0,0,0,0,0,0,0,0,0,0,0,1,0,0,0,0,0,0,0,0,0,0,0,0,0,0,0,0,0,0,0,0,0,0,0,0,0,0,0,0,0,0,0,0,0,0,0,0,0,0,0,0,0,0,0,0,0,0,0,0
DOTAP-DC-Chol,none,236.0,-19.3,HP,50.0,500.0,14000,15,4,liposome,sphere,plasma,7.4,236.0,0.19,water,1.0,37,1,Neutral,1,1,1,0,1,0,1,0,0,1,0,0,1,1,0,0,0,1,1,0,0,0,0,1,0,1,0,0,0,0,0,1,0,1,0,0,1,1,0,0,0,0,1,0,1,0,1,0,1,0,1,0,0,0,0,0,0,0,0,0,0,0,0,0,0,0,0,0,0,1,0,0,0,0,0,0,0,0,0,0,0,0,0,0,1,0,0,0,0,0,0,0,0,0,0,0,0,0,0,0,0,0,0,0,0,0,0,0,0,0,0,0,0,0,0,0,0,0,0,0,0,0,0,0,0,0,0,0,0,0,0,0,0,0,0,0,0,0,0,0,0,0,0,1,0,0,0,0,0,0,0,0,0,0,0,0,0,0,0,0,0,0,0,0,0,0,0,0,0,0,0,0,0,0,0,0,0,0
DOTAP-DC-Chol,none,207.0,-20.4,HP,50.0,500.0,14000,15,4,liposome,sphere,plasma,7.4,207.0,0.21,water,1.0,37,1,Neutral,1,1,1,1,1,1,1,1,0,1,0,0,1,0,0,0,0,1,0,0,0,0,0,1,0,0,0,0,1,0,0,0,1,0,0,0,1,1,0,0,0,0,1,0,1,0,1,0,1,0,0,0,0,0,0,0,0,0,0,0,0,0,0,0,0,0,0,0,0,0,1,0,0,0,1,0,0,0,0,0,0,0,0,0,0,0,0,0,0,0,0,0,0,0,0,0,1,0,0,0,0,0,0,0,0,0,0,1,0,0,0,0,0,0,0,0,0,0,0,0,0,0,0,0,0,0,0,0,0,0,0,0,0,0,0,0,0,0,0,0,0,0,0,0,0,0,0,0,0,0,0,0,0,0,0,0,0,0,0,0,0,0,0,0,0,0,0,0,0,0,0,0,0,0,0,0,0,0
DOPC-DOPE-PEG-DSPC-DPPC,none,301.0,-22.1,HP,50.0,500.0,14000,15,4,liposome,sphere,plasma,7.4,301.0,0.15,water,1.0,37,1,Neutral,1,1,1,1,1,0,1,0,1,0,0,0,1,1,0,0,0,1,0,1,0,0,0,1,0,1,0,0,1,0,0,0,0,1,0,0,1,1,1,0,0,0,0,0,0,0,0,0,1,0,0,0,0,0,0,0,0,0,0,0,0,0,0,0,0,0,0,0,0,1,0,0,0,0,0,0,0,0,0,0,0,1,0,0,0,0,0,0,0,0,0,0,0,0,0,0,0,0,0,1,0,0,0,0,0,0,0,0,0,1,0,0,0,0,0,0,0,0,0,0,0,0,0,0,0,0,0,0,0,0,0,0,0,0,0,0,0,0,0,0,0,0,0,0,0,0,0,0,0,0,0,0,0,0,0,0,0,0,0,0,0,0,0,0,0,0,0,0,0,0,0,0,0,0,0,0,0,0
DOTAP-DC-Chol,none,150.0,-23.0,HP,50.0,500.0,14000,15,4,liposome,sphere,plasma,7.4,150.0,0.15,water,1.0,37,1,Neutral,0,1,0,1,1,1,1,0,1,1,0,0,1,1,0,0,0,0,0,0,0,0,0,1,1,0,0,0,1,0,0,0,1,0,0,0,1,1,0,0,0,0,1,0,1,0,1,0,1,0,0,0,0,0,0,0,0,0,0,0,0,0,0,0,0,0,0,0,0,0,0,0,0,0,0,0,0,0,0,0,0,0,0,0,0,0,0,0,0,0,0,0,0,0,0,0,1,0,0,0,0,0,0,0,0,1,0,1,0,0,0,0,0,0,1,0,0,0,0,0,0,0,0,0,0,0,0,0,0,0,1,0,0,0,0,0,0,0,0,0,0,0,0,0,0,0,0,0,0,0,0,0,0,0,0,0,0,0,0,0,0,0,0,0,0,0,0,0,0,0,0,0,0,0,0,0,0,0
DOTAP-DC-Chol,PEG,169.0,-24.5,HP,50.0,500.0,14000,15,4,liposome,sphere,plasma,7.4,169.0,0.17,water,1.0,37,1,Neutral,1,1,1,1,1,0,1,0,1,0,0,0,1,0,0,1,0,1,0,0,0,0,1,1,0,0,0,0,1,0,1,0,0,0,0,0,1,0,1,0,0,0,0,0,0,1,0,0,0,0,0,0,0,0,0,0,0,0,0,0,1,0,0,0,0,0,0,1,0,1,0,0,0,0,0,0,0,0,0,0,0,1,0,0,0,0,0,0,0,0,0,0,0,0,0,0,0,0,0,1,0,0,0,0,0,0,0,0,0,1,0,0,0,0,0,0,0,0,0,0,0,0,0,0,0,0,0,0,0,0,0,1,0,0,0,0,0,0,0,0,0,0,0,0,0,0,0,0,0,0,0,0,1,0,0,0,0,0,0,0,0,0,0,0,0,0,0,0,0,0,0,0,0,0,0,0,0,0
DOTAP-DC-Chol,none,182.0,-25.5,HP,50.0,500.0,14000,15,4,liposome,sphere,plasma,7.4,182.0,0.16,water,1.0,37,1,Neutral,0,1,1,1,1,1,1,0,1,0,0,0,1,0,0,0,0,0,1,0,0,0,1,1,0,0,0,0,1,0,1,0,0,0,0,0,1,0,0,0,0,0,1,0,0,1,0,0,1,0,0,0,0,0,0,0,0,0,0,0,1,0,0,0,0,1,0,0,0,0,0,0,0,0,0,0,0,0,0,0,0,0,0,0,0,0,0,0,0,0,0,0,0,0,0,0,0,0,1,0,0,0,0,0,0,0,0,0,0,1,0,0,0,0,0,0,0,0,0,0,0,0,0,0,0,0,0,0,0,0,0,1,0,0,0,0,0,0,0,0,0,0,0,0,0,0,0,0,0,0,0,0,1,0,0,0,0,0,0,0,0,0,0,0,0,0,0,0,0,0,0,0,0,0,0,0,0,0
DOPG-DOPA,none,136.0,-26.6,HP,50.0,500.0,14000,15,4,liposome,sphere,buffer,7.4,136.0,0.1,water,1.0,37,1,Neutral,1,1,1,1,1,0,1,1,1,0,0,0,1,1,0,0,0,1,0,0,0,0,1,0,1,0,1,0,1,0,0,0,0,0,0,1,1,1,0,0,0,0,0,0,0,0,0,0,1,0,0,0,0,0,0,0,0,0,0,0,0,0,0,0,0,0,0,0,0,0,1,0,0,0,0,0,0,0,0,0,0,1,0,0,0,0,0,0,0,0,0,0,0,0,0,0,0,0,0,0,0,0,0,0,0,0,0,0,0,1,0,0,0,0,0,0,0,0,0,0,0,0,0,0,0,0,0,0,0,0,0,1,0,0,0,0,0,0,0,0,0,0,0,0,0,0,0,0,0,0,0,0,1,0,0,0,0,0,0,0,0,0,0,0,0,0,0,0,0,0,0,0,0,0,0,0,0,0
DOTAP-DC-Chol,none,211.0,-28.5,HP,50.0,500.0,14000,15,4,liposome,sphere,plasma,7.4,211.0,0.23,water,1.0,37,1,Neutral,0,1,1,1,1,1,1,1,0,1,1,1,1,1,0,0,0,0,0,0,0,0,1,1,1,0,0,0,0,0,0,0,1,0,0,0,1,1,0,0,0,0,1,0,1,0,0,0,1,0,0,0,0,0,0,0,0,0,0,0,0,0,1,0,0,0,0,0,0,0,1,0,0,0,0,0,0,0,0,0,0,0,0,0,0,0,0,0,0,0,0,0,0,0,0,0,0,0,0,0,0,0,0,0,0,0,0,1,0,0,0,0,0,0,0,0,0,0,0,0,0,0,0,0,0,0,0,0,0,0,1,0,0,0,0,0,0,0,0,0,0,0,0,0,0,0,0,0,0,0,0,0,0,0,0,0,0,0,0,0,0,0,0,0,0,0,0,0,0,0,0,0,0,0,0,0,0,0
DOPG-DOPA,none,171.0,-28.6,HP,50.0,500.0,14000,15,4,liposome,sphere,plasma,7.4,171.0,0.13,water,1.0,37,1,Neutral,1,1,0,0,1,1,1,1,1,0,0,1,0,0,0,0,1,1,0,0,1,1,1,0,1,0,0,0,1,0,0,0,0,0,0,0,1,0,0,0,0,0,0,0,0,0,0,0,1,0,0,0,0,0,0,0,0,0,0,0,0,0,0,0,0,1,0,0,0,0,1,0,0,0,0,0,0,0,0,0,0,1,0,0,0,0,0,1,0,0,0,0,0,0,0,0,0,0,0,0,0,0,0,0,0,0,0,0,0,1,0,0,0,0,0,0,0,0,0,0,0,0,0,0,0,0,0,0,0,0,0,1,0,0,0,0,0,0,0,0,0,0,0,0,0,0,0,0,0,0,0,0,1,0,0,0,0,0,0,0,0,0,0,0,0,0,0,0,0,0,0,0,0,0,0,0,0,0
DOTAP-DC-Chol,none,178.0,-29.3,HP,50.0,500.0,14000,15,4,liposome,sphere,plasma,7.4,178.0,0.14,water,1.0,37,1,Neutral,0,1,1,1,1,1,1,1,1,1,0,0,0,0,0,1,0,1,0,0,1,0,1,1,1,0,0,0,1,0,1,0,0,0,0,0,1,0,0,0,0,0,1,0,0,0,0,0,1,0,0,0,0,0,0,0,0,1,0,0,1,0,0,0,0,0,0,0,0,0,0,0,0,0,0,0,0,0,0,0,0,1,0,0,0,0,0,0,0,0,0,0,0,0,0,0,0,0,0,0,0,0,0,0,0,0,0,0,0,0,0,0,0,0,0,0,0,0,0,0,0,0,0,0,0,0,0,0,0,0,0,0,0,0,0,0,0,0,0,0,0,0,0,0,0,0,0,0,0,0,0,0,1,0,0,0,0,0,0,0,0,0,0,0,0,0,0,0,0,0,0,1,0,0,0,0,0,0
DOPC-DOPE-PEG-DSPC-DPPC,none,191.0,-8.4,HP,50.0,500.0,14000,15,4,liposome,sphere,buffer,7.4,191.0,0.11,water,1.0,37,1,Neutral,1,1,1,1,1,0,1,0,1,0,0,0,1,1,0,0,0,1,0,1,0,0,0,1,0,1,0,0,1,0,0,0,0,1,0,0,1,1,1,0,0,0,0,0,0,0,0,0,1,0,0,0,0,0,0,0,0,0,0,0,0,0,0,0,0,0,0,0,0,1,0,0,0,0,0,0,0,0,0,0,0,1,0,0,0,0,0,0,0,0,0,0,0,0,0,0,0,0,0,1,0,0,0,0,0,0,0,0,0,1,0,0,0,0,0,0,0,0,0,0,0,0,0,0,0,0,0,0,0,0,0,0,0,0,0,0,0,0,0,0,0,0,0,0,0,0,0,0,0,0,0,0,0,0,0,0,0,0,0,0,0,0,0,0,0,0,0,0,0,0,0,0,0,0,0,0,0,0
Fe3O4,none,30.0,-19.5,HP,50.0,10000.0,1400,60,37,metal,sphere,PBS,7.4,250.0,0.126944444,buffer,1.0,37,1,Cationic,1,1,1,1,1,1,1,1,1,1,0,1,1,0,0,0,1,1,1,1,1,1,1,1,1,1,0,0,0,1,0,0,0,0,1,0,1,0,0,1,0,1,1,0,1,0,0,1,1,0,0,1,1,0,1,0,1,1,1,1,1,1,1,1,1,0,1,1,1,1,1,1,1,0,1,1,0,1,0,1,1,1,1,0,0,1,1,0,1,0,1,0,0,1,0,0,1,1,1,0,0,0,0,0,1,1,1,1,1,1,0,1,0,1,0,1,1,0,0,0,0,0,1,0,1,1,0,1,0,0,0,1,0,0,0,0,0,0,0,0,1,0,0,1,1,0,0,0,0,0,0,0,0,0,0,1,1,0,0,0,1,1,1,1,0,0,1,0,0,0,1,0,0,0,0,0,1,0
Fe3O4,PC,7.0,-11.5,RS,80.0,20.0,16000,120,10,metal,sphere,PBS,7.4,74.9,0.14,buffer,0.25,37,1,Anionic,0,1,1,1,1,0,0,1,0,0,0,1,0,1,1,0,1,1,0,1,1,1,0,0,1,1,0,1,0,0,1,0,1,0,0,0,1,0,0,0,1,0,1,1,1,1,0,1,1,1,0,1,1,0,0,1,1,1,1,0,1,1,0,0,1,0,0,0,0,1,1,1,0,1,0,1,0,0,0,0,0,1,1,0,0,0,0,0,0,1,1,1,0,0,0,1,1,1,0,0,0,0,0,0,0,1,0,1,1,1,0,0,0,1,1,1,1,0,1,0,0,0,0,1,0,1,0,0,0,1,0,0,0,0,0,0,1,0,0,0,0,0,1,1,0,0,0,0,0,0,0,0,0,0,0,0,1,0,1,0,0,0,1,0,0,0,0,0,1,1,0,0,0,1,0,0,1,1
Fe3O4,PC,7.0,-11.5,RS,80.0,20.0,16000,120,10,metal,sphere,PBS,7.4,74.9,0.14,buffer,1.5,37,1,Anionic,1,1,1,1,0,1,0,1,1,1,0,1,0,1,0,0,1,0,1,0,1,1,0,1,1,1,0,1,0,0,0,0,1,0,0,0,1,0,0,0,1,0,1,1,1,1,0,0,0,1,1,0,1,0,1,1,1,1,1,0,0,1,0,0,1,0,0,0,1,0,1,1,0,1,0,1,1,0,0,0,0,0,1,0,0,0,0,0,1,1,1,1,0,0,0,1,1,1,1,0,1,0,0,0,0,1,0,1,1,1,0,1,0,0,1,0,1,0,1,0,0,0,0,1,0,1,0,0,0,1,0,0,0,0,0,0,1,1,0,0,0,0,1,1,0,0,0,1,0,0,1,0,0,0,0,0,1,0,1,0,1,0,1,0,0,0,0,0,1,0,0,0,0,1,0,0,1,1
Fe3O4,PC,7.0,-11.5,RS,80.0,20.0,16000,120,10,metal,sphere,PBS,7.4,74.9,0.14,buffer,3.0,37,1,Anionic,1,1,1,1,0,0,1,1,0,0,0,1,1,1,0,0,1,0,1,0,1,1,1,0,1,1,0,1,0,0,0,0,0,0,0,1,1,0,0,0,1,0,0,1,1,0,0,0,1,1,1,1,1,0,1,1,1,1,1,0,0,0,0,0,0,1,1,1,0,1,1,1,0,1,0,1,0,0,1,1,0,0,1,0,0,0,0,0,0,1,1,1,0,0,0,1,1,1,0,0,0,0,0,0,0,1,0,1,1,1,0,0,0,0,0,0,0,0,0,0,0,0,1,1,0,0,0,0,0,1,0,0,0,0,0,0,1,0,0,0,0,0,1,1,1,0,0,1,0,0,1,1,0,0,0,0,1,0,1,0,1,0,1,0,1,0,0,0,1,1,0,0,0,1,0,0,1,0
Fe3O4,none,11.0,-4.0,RS,80.0,20.0,16000,120,10,metal,sphere,PBS,7.4,25.0,0.19,buffer,0.25,37,1,Cationic,0,1,1,1,0,0,0,1,0,0,0,1,0,0,0,0,0,0,1,0,1,1,0,0,1,1,0,0,0,0,0,0,0,1,0,0,1,0,0,0,1,0,0,0,1,1,0,0,0,1,1,0,1,0,0,1,1,1,1,0,0,0,0,0,0,0,0,0,0,0,1,1,0,1,0,0,0,0,0,0,0,0,1,0,0,0,0,0,0,1,1,1,0,0,0,0,1,1,0,1,1,0,0,0,0,1,0,0,1,1,0,0,0,0,0,0,0,0,0,0,0,0,0,1,0,0,0,0,0,1,0,0,0,0,0,0,1,0,0,0,0,0,1,1,0,0,0,0,0,1,1,0,0,0,0,0,1,0,0,0,1,0,1,0,1,0,0,0,1,0,0,0,0,1,0,0,1,0
Fe3O4,none,11.0,-4.0,RS,80.0,20.0,16000,120,10,metal,sphere,PBS,7.4,25.0,0.19,buffer,1.5,37,1,Cationic,0,1,0,1,0,1,0,1,0,0,0,1,0,0,0,0,1,0,0,0,1,0,0,0,1,1,0,0,0,0,0,0,0,0,0,0,1,0,1,1,1,1,0,1,1,0,0,0,0,0,0,0,0,0,0,1,1,0,1,0,0,0,1,0,0,0,0,0,1,0,0,1,0,0,0,1,0,1,0,0,0,0,1,0,0,0,0,0,0,0,0,1,0,0,0,0,0,0,0,0,0,0,0,0,0,1,0,0,1,1,0,0,0,0,0,0,1,0,0,0,0,0,0,1,0,0,0,0,0,1,0,0,0,0,0,0,1,1,1,0,0,0,1,1,0,0,0,0,0,0,0,0,0,0,0,0,1,0,0,0,0,0,1,0,0,0,1,0,1,1,0,0,0,1,0,0,0,0
Fe3O4,none,11.0,-4.0,RS,80.0,20.0,16000,120,10,metal,sphere,PBS,7.4,25.0,0.19,buffer,3.0,37,1,Cationic,1,1,1,1,0,1,1,1,0,0,0,1,1,1,0,0,1,0,1,0,1,1,0,0,1,1,1,0,0,0,1,0,0,0,0,1,1,0,1,0,1,1,1,1,1,1,1,0,0,1,0,0,1,0,0,1,1,1,1,0,0,1,0,0,0,0,0,1,1,1,1,1,0,1,0,1,0,0,1,0,1,0,1,0,0,1,1,0,0,1,1,1,0,0,0,1,1,1,1,1,0,0,0,0,0,1,0,1,1,1,0,0,0,1,0,1,0,0,1,0,0,1,0,1,0,0,0,0,0,1,0,0,0,0,0,0,1,0,1,0,0,1,1,1,0,0,0,1,0,0,1,1,0,1,0,0,1,0,0,0,1,0,1,0,1,1,0,1,1,1,1,0,0,1,0,0,1,0
SiO2,none,245.8,-11.1,HP,10.0,1250.0,18000,3,4,other,sphere,plasma,7.4,245.8,0.07,buffer,1.0,0,1,Neutral,1,1,1,1,1,1,1,0,0,0,0,1,1,1,1,0,1,0,1,1,0,0,1,0,1,1,0,1,0,0,0,0,1,1,1,0,1,1,0,1,0,0,0,1,0,0,0,0,1,0,0,1,1,0,0,0,1,0,0,0,0,0,0,1,0,0,1,1,0,1,1,0,0,0,0,0,0,1,0,0,0,0,1,0,0,0,0,0,0,0,1,0,0,0,0,0,0,0,0,0,1,0,0,0,1,0,1,0,0,0,0,0,0,0,0,0,0,0,0,0,0,0,0,0,0,1,0,0,0,0,0,0,0,0,0,0,0,0,0,0,1,1,0,0,0,0,0,0,0,0,0,0,0,0,0,0,0,0,1,0,0,0,0,0,0,0,1,0,0,0,0,0,0,0,0,0,0,0
SiO2,none,245.8,-11.1,HP,55.0,1250.0,18000,3,4,other,sphere,plasma,7.4,245.8,0.07,buffer,1.0,0,1,Neutral,1,1,1,1,1,1,1,0,0,0,0,1,1,1,0,0,1,0,1,1,0,0,1,0,1,1,0,1,0,0,0,0,1,1,1,0,1,1,0,1,0,0,0,1,0,0,0,0,1,0,0,1,1,0,0,0,1,0,0,0,0,0,0,1,0,0,1,1,0,1,0,0,0,0,0,0,0,1,0,0,0,0,1,0,0,0,0,0,0,0,0,0,0,0,0,0,0,0,0,0,1,0,0,0,1,0,1,0,0,0,0,0,0,0,0,0,0,0,0,0,0,0,0,0,0,1,0,0,0,0,0,0,0,0,0,0,0,0,0,0,1,1,0,0,0,0,0,0,0,0,0,0,0,0,0,0,0,0,1,0,0,0,0,0,0,0,1,0,0,0,0,0,0,0,0,0,0,0
SiO2,none,205.0,-25.2,HP,10.0,1250.0,18000,3,4,other,sphere,PBS,7.4,205.0,0.041,buffer,1.0,0,1,Neutral,1,1,1,1,1,1,1,0,0,0,0,1,1,1,1,0,1,0,1,1,0,0,1,0,1,1,0,1,0,0,0,0,1,1,1,0,1,1,0,1,0,0,0,1,0,0,0,0,1,0,0,1,1,0,0,0,1,0,0,0,0,0,0,1,0,0,1,1,0,1,1,0,0,0,0,0,0,1,0,0,0,0,1,0,0,0,0,0,0,0,1,0,0,0,0,0,0,0,0,0,1,0,0,0,1,0,1,0,0,0,0,0,0,0,0,0,0,0,0,0,0,0,0,0,0,1,0,0,0,0,0,0,0,0,0,0,0,0,0,0,1,1,0,0,0,0,0,0,0,0,0,0,0,0,0,0,0,0,1,0,0,0,0,0,0,0,1,0,0,0,0,0,0,0,0,0,0,0
SiO2,none,205.0,-25.2,HP,55.0,1250.0,18000,3,4,other,sphere,PBS,7.4,205.0,0.041,buffer,1.0,0,1,Neutral,1,1,1,1,1,1,1,0,0,0,0,1,1,1,0,0,1,0,1,1,0,0,1,0,1,1,0,1,0,0,0,0,1,1,1,0,1,1,0,1,0,0,0,1,0,0,0,0,1,0,0,1,1,0,0,0,1,0,0,0,0,0,0,1,0,0,1,1,0,1,0,0,0,0,0,0,0,1,0,0,0,0,1,0,0,0,0,0,0,0,0,0,0,0,0,0,0,0,0,0,1,0,0,0,1,0,1,0,0,0,0,0,0,0,0,0,0,0,0,0,0,0,0,0,0,1,0,0,0,0,0,0,0,0,0,0,0,0,0,0,1,1,0,0,0,0,0,0,0,0,0,0,0,0,0,0,0,0,1,0,0,0,0,0,0,0,1,0,0,0,0,0,0,0,0,0,0,0
PSOSO3,none,244.5,-43.4,HP,10.0,1250.0,18000,3,4,liposome,sphere,PBS,7.4,244.5,0.051,buffer,1.0,0,1,Anionic,1,1,1,1,1,1,1,1,0,1,0,1,1,1,0,0,1,0,0,1,0,1,1,0,1,1,1,0,0,0,0,0,1,1,1,1,1,1,0,1,1,1,0,1,0,0,0,0,1,1,0,0,0,0,0,0,1,0,0,0,0,1,1,0,0,0,1,1,0,1,0,0,0,0,0,0,0,1,0,0,0,0,1,0,0,0,0,0,0,0,0,0,0,0,0,0,0,0,0,1,1,0,0,0,1,0,0,0,0,0,0,1,0,0,0,0,0,0,0,0,0,0,0,0,0,1,0,0,0,0,0,0,0,0,0,0,0,0,0,0,1,1,0,0,0,0,0,0,0,0,0,0,0,0,0,0,0,0,0,0,0,0,0,0,0,0,1,0,0,0,0,0,0,0,0,0,0,0
PSOSO3,none,244.5,-43.4,HP,55.0,1250.0,18000,3,4,liposome,sphere,PBS,7.4,244.5,0.051,buffer,1.0,0,1,Anionic,1,1,1,1,1,1,1,1,0,1,0,1,1,1,0,0,1,0,0,1,0,1,1,0,1,1,1,0,0,0,0,0,1,1,1,1,1,1,0,1,1,1,0,0,0,0,0,0,1,1,0,0,0,0,0,0,1,0,0,0,0,1,1,0,0,0,0,1,0,0,0,0,0,0,0,0,0,1,0,0,0,0,1,0,0,0,0,0,0,0,0,0,0,0,0,0,0,0,0,0,1,0,0,0,1,0,0,0,0,0,0,1,0,0,0,0,0,0,0,0,0,0,0,0,0,0,0,0,0,0,0,0,0,0,0,0,0,0,0,0,1,1,0,0,0,0,0,0,0,0,0,0,0,0,0,0,0,0,0,0,0,0,0,0,0,0,1,0,0,0,0,0,0,0,0,0,0,0
SiO2,none,869.0,-11.6,FBS,10.0,1000.0,14800,5,25,other,sphere,water,7.0,754.0,0.371,DMEM,1.0,25,1,Neutral,0,0,0,0,1,0,0,0,0,0,0,0,0,0,1,0,0,1,0,0,1,1,0,0,0,0,1,0,0,0,1,0,0,0,0,0,0,0,0,0,1,0,0,0,1,1,0,0,0,0,0,1,0,0,0,0,0,0,0,0,0,0,0,0,0,1,0,0,0,0,0,1,0,0,0,0,0,0,0,0,0,0,0,0,0,0,0,0,0,0,0,0,0,0,0,0,0,0,0,0,1,0,0,0,0,0,0,0,0,0,0,0,0,0,0,0,0,0,0,0,0,0,0,0,0,0,0,0,0,0,0,0,0,0,0,0,0,0,0,0,0,0,0,0,0,0,0,0,0,0,0,0,0,0,0,0,0,0,0,0,0,0,0,0,0,0,1,0,0,0,0,0,0,0,0,0,0,0
SiO2,none,73.0,-12.2,FBS,10.0,1000.0,14800,5,25,other,sphere,water,7.0,119.0,0.251,DMEM,1.0,25,1,Neutral,0,1,1,1,1,0,0,0,1,1,0,1,0,0,1,0,1,0,0,0,1,1,0,0,1,1,0,1,0,1,1,0,0,1,0,1,1,0,1,1,1,1,0,1,0,0,0,0,1,0,0,0,0,0,1,0,1,0,0,0,1,0,0,1,0,1,0,0,0,0,0,0,0,1,0,0,0,0,0,0,0,0,1,0,0,0,0,0,0,0,0,0,0,0,0,0,0,0,1,0,1,0,0,0,0,0,0,0,0,0,0,0,0,0,0,0,0,0,0,0,0,0,0,0,0,0,0,1,0,0,0,0,0,0,0,0,0,0,0,0,0,0,0,0,0,1,0,0,0,0,0,0,0,0,0,0,0,0,0,0,0,0,0,1,0,0,0,0,0,0,0,0,0,0,0,0,0,0
SiO2,none,914.0,-20.1,FBS,10.0,1000.0,14800,5,25,other,sphere,water,7.0,1496.0,0.401,DMEM,1.0,25,1,Neutral,0,0,0,0,0,0,0,0,0,0,0,0,0,0,1,0,0,1,0,0,1,1,0,0,0,0,1,0,0,0,1,0,0,0,0,1,0,0,0,0,0,0,1,0,1,1,1,1,0,0,0,1,0,0,0,0,0,0,0,0,0,0,0,0,0,1,0,0,0,0,0,0,0,0,0,0,0,0,0,0,0,0,0,0,0,0,0,0,0,0,0,0,0,0,0,0,0,0,0,0,0,0,0,0,0,0,0,0,0,0,0,0,0,1,0,0,0,0,0,0,0,0,0,0,0,0,0,1,0,0,0,0,0,0,0,0,0,0,0,0,0,0,0,0,0,0,0,0,0,0,0,0,0,0,0,1,0,0,0,0,0,0,1,1,0,0,1,0,0,0,0,0,0,0,0,0,0,0
SiO2,none,251.0,-22.6,FBS,10.0,1000.0,14800,5,25,other,sphere,water,7.0,281.0,0.074,DMEM,1.0,25,1,Neutral,0,0,0,0,1,0,0,0,0,0,0,0,0,0,1,0,0,0,0,0,1,1,0,0,0,0,1,0,0,0,1,0,0,0,0,1,0,0,0,0,0,0,1,0,1,1,0,0,0,0,0,1,0,0,0,0,0,0,0,0,0,0,0,0,0,1,0,0,0,0,0,1,0,0,0,0,0,0,0,0,0,0,0,0,0,0,0,0,0,0,0,0,0,0,0,0,0,0,0,0,0,0,0,0,0,0,0,1,0,0,0,0,0,1,0,0,0,0,0,0,0,0,0,0,0,0,0,1,0,0,0,0,0,0,0,0,0,0,0,1,0,0,0,0,0,0,0,0,0,0,0,0,0,0,0,1,0,0,0,0,0,0,1,1,0,0,1,0,0,0,0,0,0,0,1,0,0,0
SiO2,none,482.0,-37.2,FBS,10.0,1000.0,14800,5,25,other,sphere,water,7.0,525.0,0.265,DMEM,1.0,25,1,Neutral,0,0,0,0,1,0,0,0,0,0,0,0,0,0,1,0,0,1,0,0,1,1,0,0,0,0,1,0,0,0,1,0,0,0,0,1,0,0,0,0,0,0,1,0,0,1,0,1,0,0,0,1,0,0,0,0,0,0,0,0,0,0,0,0,0,1,0,0,0,0,0,0,0,0,0,0,0,0,0,0,0,0,0,0,0,0,0,0,0,0,0,0,0,0,0,0,0,0,0,0,0,0,0,0,0,0,0,0,0,0,0,0,0,1,0,0,0,0,0,0,0,0,0,0,0,0,0,1,0,0,0,0,0,0,0,0,0,0,0,0,0,0,0,0,0,0,0,0,0,0,0,0,0,0,0,0,0,0,0,0,0,0,1,1,0,0,1,0,0,0,0,0,0,0,1,0,0,0
SiO2,none,85.0,-37.7,FBS,10.0,1000.0,14800,5,25,other,sphere,water,7.0,137.0,0.123,DMEM,1.0,25,1,Neutral,0,0,0,0,1,0,0,0,1,0,0,0,0,0,1,0,0,0,0,0,1,1,1,0,0,0,1,0,0,0,1,0,0,0,0,0,0,0,0,0,0,0,1,0,1,0,0,0,0,0,0,1,0,0,0,0,1,0,0,0,0,0,0,0,0,1,0,0,0,0,0,0,0,0,0,0,0,0,0,0,0,0,0,0,0,0,0,0,0,0,0,0,0,0,0,0,0,0,0,0,1,0,0,0,0,0,0,1,0,0,0,0,0,1,0,0,0,0,0,0,0,0,0,0,0,0,0,0,0,0,0,0,0,0,0,0,0,0,0,1,0,0,0,0,0,0,0,0,0,0,0,0,0,0,0,0,0,0,0,0,0,0,0,1,0,0,1,0,0,0,0,0,0,0,0,0,0,0
Au,MSA,59.3,-14.23833333,HS,100.0,474.087541,15000,45,4,metal,sphere,PBS,7.4,52.0,0.287666667,buffer,1.0,37,1,Anionic,1,1,1,1,0,1,1,1,1,1,1,1,1,0,1,0,1,0,1,0,1,0,0,1,0,0,0,1,1,1,0,0,1,1,1,0,0,1,0,0,0,0,0,1,0,0,1,1,0,0,1,0,0,1,0,0,0,0,0,0,0,0,1,1,0,0,0,0,0,0,0,0,0,0,0,1,0,1,1,0,0,0,0,0,0,1,1,0,0,0,0,0,0,1,0,1,1,0,0,0,0,1,0,0,0,1,1,0,0,0,0,0,0,0,1,0,0,0,0,0,0,0,1,0,0,0,0,0,0,0,1,0,0,0,0,0,0,0,0,0,0,0,0,0,0,0,0,0,0,0,0,0,0,1,0,0,0,0,0,0,0,0,0,0,0,0,0,0,0,0,0,0,0,1,0,0,0,0
Au,amino acid,59.3,-12.15,HS,100.0,1888.699399,1500,45,4,metal,sphere,PBS,7.4,97.68,0.095888889,buffer,1.0,37,1,Anionic,1,1,1,1,0,1,1,1,1,1,0,1,1,1,1,0,1,1,0,0,1,1,1,1,0,1,0,1,0,1,0,0,1,1,1,0,0,1,0,0,0,0,0,1,0,0,0,0,0,0,1,0,0,1,0,0,0,0,0,0,0,0,0,1,0,0,1,0,1,0,0,0,1,0,0,1,0,1,0,0,1,0,0,0,0,1,1,0,0,0,0,1,0,0,0,0,0,1,0,0,0,0,0,0,0,0,1,0,0,0,0,0,0,0,0,0,0,0,0,0,0,0,0,1,0,0,0,0,0,0,0,0,0,0,0,1,0,0,0,0,0,0,0,0,0,0,0,0,1,0,0,0,0,0,0,1,0,1,0,0,0,0,0,0,0,0,0,0,0,0,0,0,1,0,0,0,0,0
Au,ODA,59.3,-11.75166667,HS,100.0,474.087541,15000,45,4,metal,sphere,PBS,7.4,41.78,0.42125,buffer,1.0,37,1,Cationic,1,1,1,1,0,1,1,1,1,1,1,1,1,0,0,0,0,1,1,1,1,0,1,0,0,0,0,1,0,1,1,0,0,1,1,0,0,1,0,0,1,0,0,0,0,1,0,0,0,0,1,0,0,0,1,0,0,1,0,1,1,0,0,1,0,0,0,0,0,0,1,0,1,0,0,0,0,1,0,0,1,0,0,0,0,1,0,1,0,0,0,0,0,0,0,0,0,1,0,0,0,0,1,0,0,0,0,0,0,0,0,0,0,0,0,0,0,0,1,0,0,0,0,0,1,0,0,0,0,0,0,0,0,0,0,0,0,0,0,0,0,0,0,0,0,0,0,0,0,0,0,0,0,0,0,0,0,0,0,0,0,0,0,0,0,0,0,0,0,0,0,0,1,0,0,0,0,0
Au,amino acid,59.3,-11.645,HS,100.0,1007.212946,4500,45,4,metal,sphere,PBS,7.4,60.9,0.143777778,buffer,1.0,37,1,Anionic,1,1,1,1,0,1,1,1,1,1,1,1,1,1,1,0,1,0,0,0,0,1,0,1,0,1,0,1,0,1,0,0,0,1,1,0,0,1,0,0,0,0,0,0,0,0,0,0,0,0,1,1,0,1,1,0,0,0,0,0,0,0,0,1,0,0,1,0,1,0,0,0,1,0,0,1,0,1,0,0,0,0,0,0,0,1,1,0,0,0,0,1,0,0,0,0,0,0,0,0,0,0,0,0,0,0,1,0,0,0,0,0,0,0,0,0,0,0,0,0,0,0,0,1,0,0,0,0,0,0,0,0,0,0,0,0,0,0,0,0,0,0,0,0,0,0,0,0,1,0,0,0,0,0,0,0,0,0,0,0,0,0,0,0,0,0,0,0,0,0,0,0,1,0,0,0,0,0
Au,CVVIT,59.3,-11.57666667,HS,100.0,1888.699399,1500,45,4,metal,sphere,PBS,7.4,103.94,0.0575,buffer,1.0,37,1,Anionic,1,1,1,1,0,1,1,1,1,1,1,1,1,1,1,0,1,1,0,0,1,1,0,1,0,1,0,1,0,1,0,0,0,1,1,1,0,1,0,1,0,0,0,1,0,0,0,0,0,0,1,0,0,1,1,0,0,1,1,0,0,0,0,1,0,0,1,0,1,0,0,0,1,0,1,1,0,1,0,0,1,0,1,0,0,1,1,0,0,1,0,1,0,0,0,0,0,0,0,0,0,0,0,0,0,0,1,0,1,0,0,0,0,0,0,0,0,0,0,1,0,0,0,1,0,0,0,0,0,0,0,0,0,0,0,1,0,0,0,1,0,1,0,0,0,0,0,0,1,0,0,0,0,1,0,1,0,1,0,0,0,0,0,0,0,1,0,0,0,0,0,0,1,0,0,0,0,0
Au,AUT,59.3,-11.46666667,HS,100.0,1888.699399,1500,45,4,metal,sphere,PBS,7.4,108.27,0.086111111,buffer,1.0,37,1,Cationic,1,1,1,1,0,1,1,1,1,1,1,0,1,1,1,0,1,1,1,1,1,0,1,1,0,0,1,1,1,1,1,0,1,1,1,0,0,1,0,0,1,0,1,1,1,0,1,0,0,0,1,0,0,1,1,1,0,0,0,1,1,0,1,0,0,0,0,0,0,0,0,0,1,0,1,0,0,0,0,0,0,0,0,0,0,0,0,1,0,0,0,0,0,1,0,1,1,0,0,0,0,1,0,0,0,1,0,0,0,0,0,0,0,0,1,0,0,0,0,0,0,0,0,0,0,0,1,0,0,0,1,0,1,0,0,0,0,0,0,0,0,0,0,1,0,0,0,0,0,0,0,0,0,0,0,0,0,0,0,0,0,0,0,0,0,0,0,0,0,0,0,0,1,1,0,0,0,0
Au,CALNN,59.3,-11.405,HS,100.0,1007.212946,4500,45,4,metal,sphere,PBS,7.4,65.4,0.08625,buffer,1.0,37,1,Anionic,1,1,1,1,0,1,1,1,1,1,1,1,1,0,1,0,1,1,1,0,1,1,0,1,0,1,0,1,1,1,0,0,0,1,1,1,0,1,0,1,0,0,0,1,0,0,0,0,0,0,1,1,0,1,1,0,0,0,1,1,0,0,0,1,0,0,1,0,1,0,0,0,1,0,1,1,0,1,0,0,1,0,0,0,0,1,1,0,0,1,0,1,0,0,0,0,0,0,0,0,0,0,1,0,0,0,1,0,1,0,0,0,0,0,0,0,0,0,0,1,0,0,0,1,0,0,0,0,0,0,0,0,0,0,0,1,0,0,0,1,0,0,0,0,0,1,0,0,1,0,0,0,0,1,0,0,0,1,0,0,0,0,0,0,0,0,0,0,0,0,0,0,1,0,0,0,0,0
Au,AC,31.6,-11.355,HS,100.0,1007.212946,4500,45,4,metal,sphere,PBS,7.4,64.29,0.248,buffer,1.0,37,1,Anionic,1,1,1,1,0,1,1,1,1,1,1,1,1,1,1,0,1,0,1,0,1,1,0,1,0,1,0,1,1,1,0,1,1,1,1,0,0,1,0,1,0,0,1,1,0,0,0,1,0,0,1,1,1,1,1,0,1,0,1,1,0,1,1,1,1,0,1,1,1,1,0,0,0,0,0,1,0,1,1,0,0,0,1,0,0,1,1,0,0,0,0,1,0,0,0,0,0,1,0,1,0,0,1,0,0,0,1,0,1,0,0,0,1,0,0,0,0,0,0,1,0,0,1,0,0,0,0,0,0,0,0,0,0,0,0,1,0,0,0,0,0,1,0,0,0,0,0,0,1,0,0,0,0,1,0,0,0,1,0,0,0,0,0,0,0,1,0,0,0,0,0,0,1,0,0,0,0,0
Au,MAA,59.3,-11.13833333,HS,100.0,1007.212946,4500,45,4,metal,sphere,PBS,7.4,61.91,0.214444444,buffer,1.0,37,1,Anionic,1,1,1,1,0,1,1,1,1,1,1,1,1,1,1,0,1,1,1,0,1,1,0,1,0,1,0,1,1,1,0,1,1,1,1,1,0,1,0,1,0,0,0,1,0,0,0,1,0,0,1,0,1,1,1,0,0,1,1,1,0,0,1,1,0,0,1,0,0,0,0,0,1,0,0,1,0,1,0,0,1,0,1,1,0,1,1,0,0,0,0,1,0,1,0,1,1,0,0,0,0,1,0,0,0,1,1,0,1,0,0,0,0,0,0,0,0,0,0,0,0,0,0,1,0,0,0,0,0,0,1,0,1,0,0,1,0,0,0,1,0,0,0,0,0,0,0,0,1,0,0,0,0,1,0,0,0,1,1,0,0,0,0,0,0,0,0,0,0,0,0,0,1,1,0,0,0,0
Au,MPA,59.3,-10.96166667,HS,100.0,474.087541,15000,45,4,metal,sphere,PBS,7.4,55.65,0.289111111,buffer,1.0,37,1,Anionic,1,1,1,1,0,1,1,1,1,1,1,1,1,1,0,0,1,0,1,0,1,0,0,1,0,0,0,1,1,1,0,1,1,1,1,0,0,1,0,0,0,0,0,0,0,0,0,1,0,0,1,0,0,1,0,0,0,0,0,0,0,0,1,1,0,0,0,0,0,0,0,0,0,0,0,1,0,0,0,0,0,0,0,0,0,0,0,0,0,0,0,0,0,1,0,1,1,0,0,0,0,1,0,0,0,1,0,0,0,0,0,0,0,0,1,0,0,0,0,0,0,0,0,0,0,0,0,0,0,0,1,0,0,0,0,0,0,0,0,0,0,0,0,0,0,0,0,0,1,0,0,0,0,0,0,0,0,0,0,0,0,0,0,0,0,0,0,0,0,0,0,0,1,1,0,0,0,0
Au,LA,59.3,-10.8975,HS,100.0,1007.212946,4500,45,4,metal,sphere,PBS,7.4,62.97,0.158,buffer,1.0,37,1,Anionic,1,1,1,1,0,1,1,1,1,1,1,1,1,1,1,0,1,0,1,0,1,1,0,1,0,1,0,1,0,1,0,0,0,1,1,1,0,0,0,1,0,1,0,1,0,0,0,0,0,0,1,0,0,0,1,0,0,0,1,1,0,0,0,1,0,0,1,0,1,0,0,0,1,0,0,1,0,1,0,1,1,0,0,0,0,1,1,1,0,0,0,1,0,0,0,0,0,0,0,0,0,0,0,0,0,0,1,0,1,0,0,0,0,0,0,0,0,0,0,1,0,0,0,1,0,0,0,0,0,0,0,0,1,0,0,1,0,0,0,0,0,0,0,0,0,0,0,0,1,0,0,0,0,0,0,0,0,1,0,0,0,0,0,0,0,0,0,0,0,0,0,0,1,0,0,0,0,0
Au,HDA,59.3,-10.795,HS,100.0,1888.699399,1500,45,4,metal,sphere,PBS,7.4,94.45,0.106333333,buffer,1.0,37,1,Cationic,1,1,1,1,0,1,1,1,1,1,1,0,1,0,1,0,1,1,1,1,1,0,1,1,0,0,0,1,1,1,1,0,1,1,1,1,0,1,0,0,0,0,1,0,0,1,0,1,0,0,1,0,0,1,1,1,0,1,1,1,1,1,1,0,1,0,0,0,0,0,1,1,1,0,0,1,0,0,0,0,1,0,0,0,0,1,0,1,0,0,0,0,1,0,0,1,0,1,0,0,0,0,0,0,0,1,0,0,1,0,0,0,0,0,0,0,0,0,1,0,0,1,0,0,1,1,0,0,0,0,0,0,0,0,0,0,0,0,0,0,1,1,0,0,0,0,0,0,0,0,0,0,0,1,0,0,0,0,1,0,1,0,0,0,0,0,0,0,0,0,0,0,1,0,0,0,0,0
Au,MAA,59.3,-10.705,HS,100.0,474.087541,15000,45,4,metal,sphere,PBS,7.4,60.99,0.238444444,buffer,1.0,37,1,Anionic,1,1,1,1,0,1,1,1,1,1,1,1,1,0,1,0,1,0,1,0,1,1,0,1,0,0,0,1,0,1,0,0,1,1,1,0,0,0,0,0,0,0,0,1,0,0,0,1,0,0,1,0,1,1,0,0,0,0,0,0,0,0,1,1,0,0,1,0,1,0,0,0,0,0,0,1,0,1,0,1,0,0,0,0,0,1,1,0,0,0,0,0,0,1,0,1,1,0,0,0,0,1,0,0,0,0,1,0,0,0,0,0,0,0,0,0,0,0,0,0,0,0,0,0,0,0,0,0,0,0,1,0,0,0,0,0,0,0,0,1,0,0,0,0,0,0,0,0,1,0,0,0,0,0,0,0,0,0,0,0,0,0,0,0,0,0,0,0,0,0,0,0,0,1,0,0,0,0
Au,DTNB,59.3,-10.66,HS,100.0,1888.699399,1500,45,4,metal,sphere,PBS,7.4,105.18,0.056777778,buffer,1.0,37,1,Anionic,1,1,1,1,0,1,1,1,1,1,1,1,1,1,1,0,1,1,1,0,1,1,0,1,0,1,0,1,1,1,0,1,0,1,1,1,0,1,0,1,0,0,0,1,0,0,0,0,0,0,1,0,1,0,1,0,0,1,1,1,0,0,0,1,0,0,1,0,1,0,0,0,1,0,0,1,0,1,0,0,1,0,1,0,0,1,1,0,0,0,0,1,0,0,0,0,0,0,0,0,0,0,0,0,0,1,1,0,1,0,0,0,0,0,0,0,0,0,0,1,0,0,0,1,0,0,0,0,0,0,0,0,0,0,0,1,0,1,0,1,0,0,0,0,0,1,0,0,1,0,0,0,0,1,0,1,0,1,1,0,0,0,0,0,0,0,0,0,0,0,0,0,1,0,0,0,0,0
Au,amino acid,59.3,-10.59833333,HS,100.0,1007.212946,4500,45,4,metal,sphere,PBS,7.4,61.31,0.201333333,buffer,1.0,37,1,Anionic,1,1,1,1,0,1,1,1,1,1,1,1,1,1,1,0,1,1,1,0,1,1,0,1,0,1,0,1,0,1,0,0,1,1,1,0,0,1,0,1,0,0,0,0,0,0,0,1,0,0,1,1,0,1,1,0,0,1,1,0,0,0,0,1,0,0,1,0,1,0,0,0,1,0,0,1,0,1,0,0,1,0,0,0,0,1,1,0,0,0,0,1,0,0,0,0,0,0,0,0,0,0,0,0,0,0,1,0,1,0,0,0,0,0,0,0,0,0,0,1,0,0,0,1,0,0,0,0,0,0,0,0,0,0,0,1,0,0,0,0,0,0,0,0,0,0,0,0,1,0,0,0,0,1,0,0,0,1,0,0,0,0,0,0,0,0,0,0,0,0,0,0,1,0,0,1,0,0
Au,amino acid,59.3,-10.42333333,HS,100.0,474.087541,15000,45,4,metal,sphere,PBS,7.4,41.93,0.140388889,buffer,1.0,37,1,Anionic,0,1,1,1,0,1,1,1,1,1,1,1,1,0,1,0,1,0,1,0,1,1,1,1,0,1,0,1,0,1,1,0,0,1,1,0,0,1,0,0,0,0,0,1,0,0,0,1,0,0,1,0,0,0,1,0,0,0,1,0,0,0,0,1,0,0,0,0,1,0,0,0,1,0,0,1,0,1,0,1,1,0,0,0,0,1,1,0,0,0,0,1,0,0,0,0,0,0,0,0,0,0,0,0,0,0,0,0,1,0,0,0,0,0,0,0,0,0,0,1,0,0,0,0,0,0,0,0,0,0,0,0,0,0,0,1,0,0,0,0,0,0,0,0,0,0,0,0,1,0,0,0,0,0,0,0,0,1,0,0,0,0,0,0,0,1,0,0,0,0,0,0,0,0,0,0,0,0
Au,DTNB,59.3,-10.41666667,HS,100.0,474.087541,15000,45,4,metal,sphere,PBS,7.4,60.27,0.247555556,buffer,1.0,37,1,Anionic,1,1,1,1,0,1,1,1,1,1,1,1,1,0,1,0,1,0,1,1,1,1,0,1,0,1,0,1,1,1,1,0,1,1,1,1,0,1,0,1,0,0,1,1,0,0,1,0,0,0,1,0,1,1,1,0,0,1,1,0,0,0,0,1,0,0,1,0,1,0,0,0,1,0,0,1,0,1,0,0,1,0,1,0,0,1,1,0,0,0,0,1,0,0,0,0,0,0,0,0,0,0,1,0,0,0,1,0,1,0,0,0,0,0,0,0,0,0,0,0,0,0,0,1,0,0,0,0,0,0,0,0,0,0,0,1,0,1,0,0,0,0,0,0,0,0,0,0,1,0,0,0,0,1,0,1,0,1,1,0,0,0,0,0,0,1,0,0,0,0,0,0,1,0,0,0,0,0
Au,amino acid,59.3,-10.26333333,HS,100.0,1888.699399,1500,45,4,metal,sphere,PBS,7.4,94.89,0.103777778,buffer,1.0,37,1,Anionic,1,1,1,1,0,1,1,1,1,1,1,1,1,1,1,0,1,0,1,0,1,1,0,1,0,1,0,1,1,1,0,0,1,1,1,1,0,1,0,1,0,0,0,1,0,0,0,1,0,0,1,1,0,1,1,0,0,0,1,0,0,0,1,1,0,0,1,0,1,0,0,0,1,0,1,1,0,1,1,0,1,0,1,0,0,1,1,0,0,1,0,1,0,0,0,1,0,0,0,0,0,0,0,0,0,0,1,0,1,0,0,0,0,0,0,0,0,0,0,1,0,0,0,1,0,0,0,0,0,0,0,0,0,0,0,1,0,0,0,1,0,1,0,0,0,1,0,0,1,0,0,0,0,1,0,0,0,1,1,0,0,0,0,0,0,0,0,0,0,0,0,0,1,0,0,1,0,0
Au,MES,59.3,-10.21333333,HS,100.0,474.087541,15000,45,4,metal,sphere,PBS,7.4,61.86,0.286,buffer,1.0,37,1,Anionic,1,1,1,1,0,1,1,1,1,1,1,1,1,0,1,0,1,0,1,0,1,0,0,1,0,0,0,1,0,1,0,0,1,1,1,1,0,0,0,1,0,0,1,1,0,0,0,0,0,0,1,0,1,0,0,0,0,1,0,0,0,0,1,1,0,0,1,0,1,0,0,0,0,0,0,1,0,1,0,0,0,0,1,0,0,1,1,0,0,0,0,0,0,1,0,1,1,0,0,0,0,0,0,0,0,1,1,0,0,0,0,0,0,1,0,0,0,0,0,0,0,0,0,0,0,0,0,0,0,0,0,0,0,0,0,0,0,0,0,0,0,1,0,0,0,0,0,0,1,0,0,0,0,1,0,0,0,0,0,0,0,0,0,0,0,0,0,0,0,0,0,0,1,1,0,0,0,0
Au,TP,59.3,-10.09,HS,100.0,474.087541,15000,45,4,metal,sphere,PBS,7.4,57.28,0.27,buffer,1.0,37,1,Anionic,1,1,1,1,0,1,1,1,1,1,1,1,1,1,1,0,1,0,1,0,1,1,0,1,0,0,0,1,1,1,0,1,1,1,1,0,0,1,0,0,0,0,1,1,0,0,0,1,0,0,1,0,0,1,1,0,0,0,1,1,0,0,1,1,0,0,1,0,1,0,0,0,0,0,1,1,0,1,1,0,0,0,1,0,0,1,1,0,0,0,0,0,0,1,0,1,1,0,0,0,0,1,1,0,0,0,1,0,1,0,0,0,0,0,1,0,0,0,0,0,0,0,1,1,0,0,0,0,0,0,1,0,0,0,0,0,0,0,0,0,0,1,0,0,0,0,0,0,1,0,0,0,0,1,0,1,0,1,1,0,0,0,0,0,0,1,0,0,0,0,0,0,1,0,0,0,0,0
Au,AUT,59.3,-10.03333333,HS,100.0,1007.212946,4500,45,4,metal,sphere,PBS,7.4,77.26,0.167,buffer,1.0,37,1,Cationic,1,1,1,1,0,1,1,1,1,1,1,0,1,1,1,0,1,1,1,1,1,0,1,1,0,0,1,1,0,1,1,0,1,1,1,0,0,0,0,0,1,0,1,1,1,0,1,0,0,0,1,1,0,1,1,0,1,0,0,0,1,0,1,1,0,0,0,0,1,0,0,0,0,0,1,0,0,0,1,0,1,0,0,0,0,0,0,1,0,0,0,0,0,1,0,1,1,0,0,0,0,1,0,0,0,1,0,0,0,0,0,0,0,0,1,0,0,0,0,0,0,0,0,0,0,0,1,0,0,0,1,0,0,0,0,0,0,0,0,0,0,0,0,1,0,0,0,0,0,0,0,0,0,0,0,0,0,0,0,0,0,0,0,0,0,0,0,0,0,0,0,0,1,1,0,0,0,0
Au,PAH-SH,59.3,-9.8175,HS,100.0,1007.212946,4500,45,4,metal,sphere,PBS,7.4,68.42,0.278,buffer,1.0,37,1,Cationic,1,1,1,1,0,1,1,1,1,1,1,1,1,1,1,0,1,1,1,1,1,1,1,1,1,1,1,1,1,1,1,1,1,1,1,0,0,1,1,0,1,1,1,1,1,0,1,1,0,1,1,0,1,1,1,0,1,0,0,1,1,1,1,1,1,0,0,0,0,0,0,0,0,0,1,0,0,0,0,0,1,0,0,0,0,1,0,1,0,0,1,0,0,1,0,1,1,1,0,0,0,0,1,0,0,1,0,1,0,0,0,0,0,0,1,0,0,0,0,0,0,0,0,0,0,0,0,0,0,0,1,0,1,0,0,0,0,0,0,1,0,0,0,1,1,0,0,0,0,0,0,0,0,0,0,0,0,0,0,0,0,0,0,0,0,0,0,0,1,0,0,0,1,1,0,0,0,0
Au,CTAB,59.3,-9.765,HS,100.0,1888.699399,1500,45,4,metal,sphere,PBS,7.4,107.61,0.094833333,buffer,1.0,37,1,Cationic,1,1,1,1,0,1,1,1,1,1,1,1,1,1,1,0,1,1,1,1,1,1,1,1,1,1,1,1,1,1,1,1,1,1,1,1,0,1,1,1,1,1,1,1,1,0,1,1,0,1,1,0,0,1,1,1,1,1,1,1,1,1,0,1,0,0,1,0,1,0,1,1,1,0,1,0,1,1,0,1,1,0,1,0,1,1,0,1,0,1,0,1,0,0,0,0,0,1,0,0,0,0,1,0,0,0,1,0,0,0,0,0,0,0,0,0,0,0,0,0,0,0,0,1,1,0,0,0,0,0,0,0,0,0,0,1,0,0,0,1,0,0,0,0,0,0,0,0,1,0,0,0,0,0,0,0,0,0,0,0,0,1,0,0,0,0,0,0,0,0,0,0,1,0,0,0,0,0
Au,CFGAILS,59.3,-9.72,HS,100.0,1007.212946,4500,45,4,metal,sphere,PBS,7.4,68.38,0.0975,buffer,1.0,37,1,Anionic,1,1,1,1,0,1,1,1,1,1,1,1,1,1,1,0,1,1,1,1,1,1,1,1,1,1,0,1,1,1,1,0,1,1,1,1,0,1,1,1,0,1,1,1,0,0,0,0,0,0,1,0,0,1,1,0,0,1,1,1,0,1,0,1,1,0,1,0,1,1,0,0,0,0,0,1,0,1,0,1,1,0,1,0,0,1,1,1,0,1,0,1,0,0,0,0,0,0,0,0,0,0,0,0,1,0,1,0,1,0,0,0,0,1,0,0,0,0,0,1,0,0,0,1,0,0,0,0,0,0,0,0,1,0,0,1,0,1,0,1,0,1,0,0,0,1,0,0,1,0,0,0,0,0,0,1,0,1,0,0,0,0,0,0,0,1,0,0,0,0,0,0,1,0,0,0,0,0
Au,DDT,59.3,-9.7,HS,100.0,474.087541,15000,45,4,metal,sphere,PBS,7.4,47.03,0.336444444,buffer,1.0,37,1,Cationic,1,1,1,1,0,1,1,1,1,1,1,0,1,1,1,0,0,1,1,1,1,1,1,1,0,0,0,1,1,1,1,1,1,1,1,0,0,1,1,0,1,0,1,0,0,1,0,1,0,0,1,0,0,1,0,1,0,0,0,1,1,0,0,0,1,0,0,0,0,0,1,0,1,0,0,0,0,0,1,0,1,0,0,1,1,0,0,0,0,0,0,0,1,0,0,0,0,1,1,0,0,0,0,0,0,1,0,0,0,0,0,0,0,0,0,0,0,0,0,0,0,0,1,0,1,1,0,0,0,0,0,0,0,1,0,0,0,0,0,0,1,1,0,0,0,0,0,0,0,0,0,0,0,0,0,0,0,0,1,0,0,0,0,0,0,0,0,0,0,0,0,0,1,0,0,0,0,0
Au,DDT,59.3,-9.696666667,HS,100.0,1888.699399,1500,45,4,metal,sphere,PBS,7.4,114.53,0.138111111,buffer,1.0,37,1,Cationic,1,1,1,1,0,1,1,1,1,1,1,0,1,1,1,0,1,1,1,1,1,0,1,1,0,0,0,1,1,0,0,1,1,1,1,0,0,1,1,0,0,0,1,1,1,0,1,0,0,0,1,0,1,1,1,0,0,0,0,1,0,1,0,1,0,0,0,1,0,0,0,1,0,0,1,0,0,0,0,0,0,0,0,0,0,0,1,0,0,0,0,0,0,0,0,0,0,0,0,0,0,1,0,0,0,1,0,1,0,0,0,0,0,0,0,0,0,0,0,0,0,1,0,0,0,0,0,0,0,0,0,0,0,0,0,0,0,0,0,0,0,0,0,1,0,0,0,0,1,0,0,0,0,0,0,0,0,0,0,0,0,0,0,0,0,0,0,0,0,0,0,0,1,0,0,1,0,0
Au,SPP,59.3,-9.683333333,HS,100.0,1888.699399,1500,45,4,metal,sphere,PBS,7.4,105.01,0.073333333,buffer,1.0,37,1,Anionic,1,1,1,1,0,1,1,1,1,1,1,1,1,0,1,0,1,1,1,0,1,1,0,1,1,1,0,1,0,1,0,0,1,1,1,1,0,1,0,0,0,0,0,0,0,0,0,0,0,1,1,0,0,0,1,0,0,0,0,0,0,0,0,1,0,0,1,0,1,0,0,0,0,0,0,1,0,1,0,1,1,0,0,0,0,1,0,1,0,0,0,1,0,1,0,0,0,0,0,0,0,0,0,0,0,0,1,0,1,0,0,0,0,1,0,0,0,0,0,0,0,0,0,1,0,0,0,0,0,0,0,0,0,0,0,1,0,1,0,1,0,0,0,0,0,1,0,0,1,0,0,0,0,1,0,0,0,1,1,0,0,0,0,0,0,0,0,0,0,0,0,0,0,0,0,0,0,0
Au,amino acid,59.3,-9.628333333,HS,100.0,1888.699399,1500,45,4,metal,sphere,PBS,7.4,100.73,0.1,buffer,1.0,37,1,Anionic,1,1,1,1,0,1,1,1,1,1,1,1,1,1,1,0,1,1,0,0,1,1,0,1,0,1,0,1,0,1,0,0,1,1,1,1,0,0,0,0,0,0,0,1,0,0,0,0,0,0,1,0,0,1,1,0,0,1,1,0,0,0,0,1,0,0,1,0,1,0,0,0,1,0,0,1,0,1,0,1,1,0,1,0,0,1,1,1,0,0,0,1,0,0,0,0,0,0,0,0,0,0,0,0,0,0,1,1,1,0,0,0,0,0,0,0,0,0,0,1,0,0,0,1,0,0,0,0,0,0,0,0,0,0,0,1,0,0,0,1,0,0,0,0,0,0,0,0,1,0,0,0,0,1,0,0,0,1,1,0,0,0,0,0,0,0,0,0,0,0,0,0,1,0,0,0,0,0
Au,PEG,59.3,-9.618166667,HS,100.0,1888.699399,1500,45,4,metal,sphere,PBS,7.4,88.32,0.050333333,buffer,1.0,37,1,Neutral,1,1,1,1,0,1,1,1,1,1,0,1,1,1,1,0,1,1,1,1,1,1,1,1,1,1,1,1,1,0,0,0,0,1,1,1,0,0,0,0,0,0,0,0,0,0,0,0,0,0,1,0,0,1,0,0,0,1,0,1,1,1,0,1,0,0,0,0,0,0,0,0,1,0,0,1,0,0,0,1,1,0,0,1,0,1,1,1,0,0,0,1,0,0,0,0,0,0,0,0,0,0,0,0,0,0,0,0,0,0,0,0,0,0,0,0,0,0,0,0,1,0,0,0,1,0,0,0,0,0,0,0,0,0,0,0,0,0,0,1,0,0,0,0,0,0,0,0,1,0,0,0,0,0,0,0,0,0,0,0,0,0,0,0,0,0,0,0,0,0,0,0,1,0,1,1,0,0
Au,DDT,59.3,-9.611666667,HS,100.0,1007.212946,4500,45,4,metal,sphere,PBS,7.4,53.24,0.260666667,buffer,1.0,37,1,Cationic,1,1,1,1,0,1,1,1,1,1,1,0,1,1,1,0,1,1,1,1,1,1,1,1,0,0,1,1,1,1,1,1,0,1,1,1,0,1,1,0,1,0,1,1,0,1,0,1,0,1,1,0,0,1,0,1,0,0,0,1,1,1,0,0,1,0,0,0,0,0,1,1,1,0,0,0,0,0,0,0,1,0,0,0,1,1,0,1,1,0,0,0,0,0,0,0,0,1,0,0,0,0,0,0,0,1,0,0,0,0,0,0,0,0,0,0,0,0,0,0,0,0,0,0,1,1,0,0,0,0,0,0,0,0,0,0,0,0,0,0,1,0,0,1,0,0,0,0,0,0,0,0,0,0,0,0,0,0,0,0,0,0,0,0,0,0,0,0,0,0,0,0,1,0,0,0,0,0
Au,MPA,59.3,-9.600833333,HS,100.0,1888.699399,1500,45,4,metal,sphere,PBS,7.4,100.75,0.087111111,buffer,1.0,37,1,Anionic,1,1,1,1,0,1,1,1,1,1,1,1,1,1,1,0,1,0,1,0,1,1,1,1,0,0,0,1,1,1,0,1,1,1,1,0,0,1,1,0,0,0,0,1,0,0,1,1,0,0,1,0,1,1,0,0,0,0,0,1,0,0,1,0,0,0,1,0,0,0,0,0,0,0,0,1,0,1,1,0,0,0,1,1,0,1,1,0,0,0,0,0,0,1,0,1,1,0,0,0,0,1,0,0,0,1,1,0,0,0,0,0,0,0,1,0,0,0,0,0,0,1,1,0,0,0,0,0,0,0,1,0,0,0,0,0,0,0,0,0,0,0,0,0,0,0,0,0,1,0,0,0,0,1,0,0,0,0,1,0,0,0,0,0,0,0,0,0,0,0,0,0,1,1,0,0,0,0
Au,MUA,59.3,-9.411666667,HS,100.0,1007.212946,4500,45,4,metal,sphere,PBS,7.4,66.32,0.161222222,buffer,1.0,37,1,Anionic,1,1,1,1,0,1,1,1,1,1,1,1,1,1,1,1,1,0,1,0,1,0,0,1,0,1,0,1,1,1,0,1,1,1,1,0,0,1,0,1,0,0,0,1,0,0,1,0,0,0,1,1,1,1,1,0,0,0,0,1,0,0,1,1,0,0,1,0,1,0,0,0,0,0,0,1,1,1,1,0,0,0,1,1,1,1,1,0,0,0,0,1,1,1,0,1,1,0,0,0,0,1,1,0,0,1,1,0,0,0,0,0,0,0,1,0,0,0,0,1,0,0,1,0,0,0,0,0,0,0,1,0,0,0,0,0,0,0,0,0,0,0,0,0,0,1,0,0,1,0,0,0,0,1,0,0,0,1,1,0,0,0,0,0,0,0,0,0,0,0,0,0,1,1,0,0,0,0
Au,ODA,59.3,-9.311666667,HS,100.0,1888.699399,1500,45,4,metal,sphere,PBS,7.4,95.18,0.099916667,buffer,1.0,37,1,Cationic,1,1,1,1,0,1,1,1,1,1,1,1,1,1,1,0,1,1,1,1,1,1,1,1,0,1,0,1,1,1,1,1,0,1,1,1,0,1,0,0,0,0,1,1,1,1,0,1,0,0,1,0,0,1,1,0,0,1,1,1,1,1,0,1,0,0,0,0,1,0,1,0,1,0,0,1,0,1,0,1,1,0,0,1,0,1,0,1,0,0,0,0,0,0,0,0,0,1,0,0,0,0,0,0,0,0,0,0,0,0,0,0,0,0,0,0,0,0,1,0,0,0,0,0,1,0,0,0,0,0,0,0,0,0,0,1,0,0,0,0,0,1,0,0,0,0,0,0,1,0,0,0,0,0,0,0,0,0,0,0,1,0,0,0,0,0,0,0,0,0,0,0,1,0,0,1,0,0
Au,CTAB,59.3,-9.25875,HS,100.0,474.087541,15000,45,4,metal,sphere,PBS,7.4,59.7,0.371,buffer,1.0,37,1,Cationic,1,1,1,1,0,1,1,1,1,1,1,1,1,1,1,0,1,1,1,1,1,1,1,1,1,1,1,1,1,1,1,1,1,1,1,1,0,1,1,1,1,1,1,1,1,1,1,1,0,1,1,0,1,1,1,1,1,1,0,1,1,1,0,1,1,0,1,1,1,0,1,1,1,1,1,0,1,1,1,1,1,0,1,0,1,1,0,1,0,1,1,1,0,0,0,1,0,1,0,0,0,0,1,0,1,1,0,1,0,0,0,0,0,0,0,0,0,0,0,0,1,0,0,0,1,0,0,0,1,0,0,0,1,0,0,1,0,1,0,1,1,0,0,1,0,0,0,0,0,0,0,1,0,0,0,0,0,0,0,0,0,1,0,0,0,0,0,0,0,0,0,0,1,0,0,0,0,0
Au,AC,14.9,-9.111666667,HS,100.0,474.087541,15000,45,4,metal,sphere,PBS,7.4,57.53,0.270222222,buffer,1.0,37,1,Anionic,1,1,1,1,0,1,1,1,1,1,1,1,1,1,1,0,1,0,1,0,1,1,0,1,0,1,0,1,1,1,0,1,1,1,1,0,0,1,1,1,0,0,1,1,1,0,0,1,0,0,1,1,1,1,1,0,1,0,1,1,0,1,1,1,1,0,0,1,1,1,0,0,0,0,0,1,0,1,0,0,0,0,1,0,1,1,0,0,0,0,0,1,0,0,0,0,0,1,1,1,0,1,1,0,0,0,1,0,1,0,0,0,1,0,1,0,0,0,0,1,0,0,1,1,0,0,1,0,0,0,0,0,0,0,0,0,0,0,0,0,0,1,0,0,0,0,0,0,1,0,0,0,0,1,0,0,0,1,0,0,0,0,0,0,0,1,0,0,0,0,0,0,1,0,0,0,0,0
Au,PEG,59.3,-8.9875,HS,100.0,474.087541,15000,45,4,metal,sphere,PBS,7.4,39.99,0.146333333,buffer,1.0,37,1,Neutral,1,1,1,1,0,1,1,1,0,1,1,1,1,1,1,0,0,1,1,1,0,0,0,0,0,0,1,1,0,1,0,0,0,1,1,0,0,0,0,0,0,0,0,0,0,0,0,0,0,0,1,0,0,1,0,1,0,0,0,0,0,1,0,0,0,0,0,0,0,0,0,0,0,0,0,0,0,0,1,0,1,0,0,0,0,0,0,0,0,0,0,0,0,0,0,0,0,0,0,0,0,0,1,0,0,0,0,0,0,0,0,0,0,0,0,0,0,0,0,0,0,0,0,0,0,0,0,0,0,0,0,0,0,0,0,0,0,0,0,0,0,0,0,0,0,0,0,0,0,0,0,0,0,0,0,0,0,0,0,0,0,0,0,0,0,0,0,0,0,0,0,0,1,0,0,0,0,0
Au,CIT,59.3,-8.966666667,HS,100.0,1888.699399,1500,45,4,metal,sphere,PBS,7.4,109.94,0.080888889,buffer,1.0,37,1,Anionic,1,1,1,1,0,1,1,1,1,1,1,1,1,1,1,0,1,1,1,1,1,1,1,1,1,1,1,1,1,1,1,1,1,1,1,1,0,1,1,1,1,1,1,1,1,0,1,1,0,1,1,0,1,1,0,0,0,1,1,1,1,1,1,1,1,0,1,1,1,1,0,0,1,0,0,1,0,1,0,0,1,0,1,0,1,1,1,1,0,1,1,1,0,0,0,0,0,0,0,0,0,0,1,0,1,0,1,0,1,0,0,0,1,1,1,0,0,0,0,0,1,0,0,1,0,0,0,1,0,0,0,0,1,0,0,1,0,0,0,1,0,0,0,1,1,1,0,0,1,0,0,0,0,0,0,1,0,1,1,0,0,1,0,0,0,0,0,0,0,0,0,0,1,0,0,0,0,0
Au,LA,59.3,-8.9525,HS,100.0,474.087541,15000,45,4,metal,sphere,PBS,7.4,48.09,0.201166667,buffer,1.0,37,1,Anionic,1,1,1,1,0,1,1,1,1,1,1,1,1,0,1,0,1,0,1,0,1,0,0,1,0,0,0,1,0,1,0,0,0,1,1,0,0,0,0,0,0,0,0,1,0,0,0,0,0,0,1,0,0,0,1,0,0,0,0,0,0,0,0,1,0,0,0,0,1,0,0,0,0,0,0,0,0,1,0,0,1,0,0,0,0,1,1,0,0,0,0,1,0,0,0,0,0,0,0,0,0,0,0,0,0,0,0,0,1,0,0,0,0,0,0,0,0,0,0,1,0,0,0,0,0,0,0,0,0,0,0,0,0,0,0,1,0,0,0,0,0,0,0,0,0,0,0,0,1,0,0,0,0,0,0,0,0,0,0,0,0,0,0,0,0,0,0,0,0,0,0,0,0,0,0,0,0,0
Au,MHA,59.3,-8.918333333,HS,100.0,474.087541,15000,45,4,metal,sphere,PBS,7.4,58.99,0.244333333,buffer,1.0,37,1,Anionic,1,1,0,1,0,1,1,1,1,1,1,1,1,0,0,0,1,0,1,0,1,0,0,1,0,0,0,1,1,1,0,1,1,1,1,0,0,1,0,0,0,0,0,0,0,0,0,0,0,0,1,0,0,1,0,0,0,0,0,0,0,0,1,1,0,0,0,0,0,0,0,0,0,0,0,1,0,0,1,0,0,0,0,0,0,0,1,0,0,0,0,0,0,1,0,1,1,0,0,0,0,1,0,0,0,1,0,0,0,0,0,0,0,0,1,0,0,0,0,0,0,0,0,0,0,0,0,0,0,0,1,0,0,0,0,0,0,0,0,0,0,0,0,0,0,0,0,0,1,0,0,0,0,0,0,0,0,0,0,0,0,0,0,0,0,0,0,0,0,0,0,0,1,1,0,0,0,0
Au,MHDA,59.3,-8.81,HS,100.0,1007.212946,4500,45,4,metal,sphere,PBS,7.4,67.37,0.120777778,buffer,1.0,37,1,Anionic,1,1,1,1,0,1,1,1,1,1,1,1,1,1,1,1,1,0,1,1,1,1,0,1,0,1,0,1,1,1,0,1,1,1,1,1,0,1,0,1,0,0,1,0,1,0,0,0,0,1,1,0,1,1,0,1,0,1,0,1,0,0,1,1,0,0,1,0,1,0,0,1,0,0,0,1,1,1,1,0,1,0,1,1,1,1,1,0,0,0,0,1,1,1,0,1,1,0,0,0,0,1,1,0,0,1,1,0,0,0,0,0,0,0,1,0,0,0,0,1,0,0,1,0,0,0,0,0,0,0,1,0,0,0,0,0,0,0,0,0,0,0,0,0,0,0,0,0,1,0,0,0,0,0,0,0,0,1,0,0,0,0,0,0,0,0,0,0,0,0,0,0,1,1,0,0,0,0
Au,AHT,14.9,-8.788333333,HS,100.0,474.087541,15000,45,4,metal,sphere,PBS,7.4,90.06,0.215222222,buffer,1.0,37,1,Cationic,1,1,1,1,0,1,1,1,1,1,1,0,1,1,1,0,1,1,1,1,1,1,1,1,0,0,0,1,1,1,0,1,1,1,1,0,0,1,0,0,1,0,1,1,0,0,1,0,0,0,1,1,1,1,1,1,0,0,0,1,0,1,1,0,0,0,0,0,0,0,0,1,0,0,0,1,0,0,1,0,0,0,0,1,1,0,0,0,0,0,0,0,0,1,0,1,1,0,0,0,0,1,0,0,0,1,0,0,0,0,0,0,0,0,1,0,0,0,0,0,0,0,0,0,0,0,0,0,0,0,1,0,0,1,0,0,0,0,0,0,0,0,0,0,0,0,0,0,1,0,0,0,0,0,0,0,0,0,0,0,0,0,0,0,0,0,0,0,0,0,0,0,1,1,0,0,0,0
Au,MBA,59.3,-8.738333333,HS,100.0,474.087541,15000,45,4,metal,sphere,PBS,7.4,67.7,0.272888889,buffer,1.0,37,1,Anionic,1,1,1,1,0,1,1,1,1,1,1,1,1,0,1,0,1,0,1,0,1,0,0,1,0,0,0,1,1,1,0,0,1,1,1,0,0,1,0,0,0,0,0,1,0,0,1,1,0,0,1,0,0,1,0,0,0,0,1,0,0,0,1,1,0,0,0,0,1,0,0,0,0,0,0,1,0,1,0,0,0,0,1,0,0,1,1,0,0,0,0,0,0,1,0,1,1,0,0,0,0,1,0,0,0,1,1,0,0,0,0,0,0,0,1,0,0,0,0,0,0,0,1,0,0,0,0,0,0,0,1,0,0,0,0,0,0,0,0,0,0,0,0,0,0,0,0,0,1,0,0,0,0,1,0,0,0,0,0,0,0,0,0,0,0,0,0,0,0,0,0,0,1,1,0,0,0,0
Au,amino acid,59.3,-8.731666667,HS,100.0,474.087541,15000,45,4,metal,sphere,PBS,7.4,57.25,0.265888889,buffer,1.0,37,1,Anionic,1,1,1,1,0,1,1,1,1,1,1,1,1,0,1,0,1,0,1,0,1,1,0,1,0,1,0,1,0,1,0,0,0,1,1,0,0,1,0,0,0,0,1,1,0,0,0,1,0,0,1,1,0,1,0,0,0,1,1,0,0,0,0,1,0,0,0,0,1,0,0,0,0,0,0,1,0,1,1,1,1,0,1,0,0,1,1,0,0,0,0,1,0,0,0,0,0,0,0,0,0,1,0,0,0,0,1,0,1,0,0,0,0,0,0,0,0,0,0,1,0,0,0,0,0,0,0,0,0,0,0,0,0,0,0,1,0,0,0,0,0,1,0,0,0,0,0,0,1,0,0,0,0,1,0,0,0,1,1,0,0,0,0,0,0,1,0,0,0,0,0,0,1,0,0,0,0,0
Au,PEG,59.3,-8.713333333,HS,100.0,1007.212946,4500,45,4,metal,sphere,PBS,7.4,65.58,0.046444444,buffer,1.0,37,1,Neutral,1,1,1,1,0,1,1,1,0,1,1,1,1,1,1,0,1,1,1,1,1,0,0,1,0,0,1,1,1,1,0,1,1,1,1,1,0,1,0,0,0,0,0,0,0,0,1,0,0,1,1,0,0,1,0,1,0,0,1,1,1,1,0,0,0,0,0,0,0,0,0,0,0,0,0,0,0,0,1,0,1,0,0,1,0,0,0,0,0,0,0,0,1,0,0,0,0,1,0,0,0,0,1,0,0,0,0,0,0,0,0,0,0,0,0,0,0,0,0,0,0,0,0,0,0,0,0,0,0,0,0,0,0,0,0,0,0,0,0,0,0,0,0,0,0,0,0,0,0,0,0,0,0,0,0,0,0,0,1,0,0,0,0,0,0,0,0,0,0,0,0,0,1,0,0,1,0,0
Au,MBA,59.3,-8.661666667,HS,100.0,1888.699399,1500,45,4,metal,sphere,PBS,7.4,102.9,0.082833333,buffer,1.0,37,1,Anionic,1,1,1,1,0,1,1,1,1,1,1,1,1,1,1,0,1,0,1,0,1,0,1,1,0,0,0,1,1,1,0,1,1,1,1,0,0,1,0,1,0,0,0,0,0,0,1,1,0,0,1,0,1,1,0,0,0,1,1,0,1,0,1,1,0,0,0,0,1,0,0,0,0,0,0,1,0,1,1,0,0,0,1,1,0,1,1,0,0,0,0,0,0,1,0,1,1,0,0,0,0,1,0,0,0,1,1,0,1,0,0,0,0,0,1,0,0,0,0,0,0,1,0,0,0,0,0,0,0,0,1,0,0,0,0,0,0,1,0,0,0,0,0,0,0,0,0,0,1,0,0,0,0,1,0,0,0,0,1,0,0,0,0,0,0,0,0,0,0,0,0,0,1,1,0,0,0,0
Au,MHDA,59.3,-8.646666667,HS,100.0,474.087541,15000,45,4,metal,sphere,PBS,7.4,43.62,0.154555556,buffer,1.0,37,1,Anionic,1,1,1,1,0,1,1,1,1,1,1,1,1,0,0,0,1,0,1,0,1,0,0,1,0,0,0,0,1,1,0,1,1,1,1,1,0,1,0,0,0,0,0,1,0,0,0,1,0,0,1,0,0,1,0,0,0,1,0,0,0,0,1,1,0,0,0,0,1,0,0,0,0,0,0,1,0,1,1,0,1,0,0,1,0,1,1,0,0,0,0,0,0,1,0,1,1,0,0,0,0,0,1,0,0,1,0,0,0,0,0,0,1,0,1,0,0,0,0,0,0,0,0,0,0,0,0,0,0,0,1,0,0,0,0,0,0,0,0,0,0,0,0,0,0,0,0,0,1,0,0,0,0,0,0,0,0,1,0,0,0,0,0,0,0,0,0,0,0,0,0,0,1,0,0,0,0,0
Au,NT,59.3,-8.595,HS,100.0,474.087541,15000,45,4,metal,sphere,PBS,7.4,41.94,0.131888889,buffer,1.0,37,1,Anionic,1,1,1,1,0,1,1,1,1,1,1,1,1,1,1,0,1,1,1,0,1,1,1,1,0,1,0,1,1,1,0,0,0,1,1,0,0,0,1,0,0,0,1,1,0,0,0,0,0,0,1,0,0,1,1,0,0,1,1,0,0,0,0,1,0,0,0,0,1,0,1,0,1,0,0,1,0,1,0,0,1,0,0,0,0,1,0,1,0,0,0,1,0,0,0,0,0,0,0,0,0,0,0,0,0,0,0,0,1,0,0,0,0,0,0,0,0,0,0,1,0,0,0,0,0,0,0,0,0,0,0,0,0,0,0,1,0,0,0,0,0,0,0,0,0,0,0,0,1,0,0,0,0,0,0,0,0,0,0,0,0,0,0,0,0,0,0,0,0,0,0,0,1,0,0,0,0,0
Au,CIT,59.3,-8.501666667,HS,100.0,474.087541,15000,45,4,metal,sphere,PBS,7.4,54.03,0.217148148,buffer,1.0,37,1,Anionic,1,1,1,1,0,1,1,1,1,1,1,1,1,1,1,0,1,1,1,1,1,1,1,0,1,1,1,1,1,1,0,1,1,1,1,1,0,1,1,1,1,1,1,1,1,0,0,0,0,1,1,0,1,1,0,0,0,1,0,0,1,0,0,1,1,0,1,1,1,1,0,0,0,0,0,1,0,1,0,1,1,0,1,0,1,1,0,1,0,1,1,1,1,0,0,0,0,0,0,0,0,0,0,1,0,0,1,0,0,0,0,0,0,1,0,0,0,0,0,0,1,0,0,0,0,0,0,0,0,0,0,0,1,0,1,1,0,0,0,1,0,0,0,0,0,1,0,0,0,0,0,0,0,0,0,0,0,0,0,0,0,0,0,0,0,0,0,0,0,0,0,0,1,0,0,0,0,0
Au,T20,59.3,-8.451666667,HS,100.0,474.087541,15000,45,4,metal,sphere,PBS,7.4,51.52,0.209083333,buffer,1.0,37,1,Anionic,1,1,1,1,0,1,1,1,1,1,1,1,1,1,1,0,1,1,1,1,1,1,1,1,1,1,1,1,1,1,1,1,1,1,1,1,0,1,0,1,1,1,1,1,1,1,1,0,0,0,1,0,1,1,1,1,0,1,1,1,1,1,0,1,1,0,1,1,0,0,1,1,1,0,1,1,1,1,0,1,1,0,0,0,1,1,0,1,0,1,0,0,0,0,0,0,0,1,1,0,0,0,1,0,0,0,1,0,0,0,0,0,0,0,0,0,0,0,1,0,0,0,0,1,1,0,0,0,0,0,0,0,1,0,0,0,0,0,0,1,0,0,0,0,0,0,0,0,0,0,0,0,0,0,0,0,0,0,0,0,1,0,1,0,0,0,0,0,0,0,0,0,1,0,0,1,0,0
Au,MUTA,59.3,-8.354444444,HS,100.0,1888.699399,1500,45,4,metal,sphere,PBS,7.4,106.63,0.196666667,buffer,1.0,37,1,Cationic,1,1,1,1,0,1,1,1,1,1,1,0,1,1,1,0,1,1,1,1,1,0,1,1,0,1,0,1,1,1,0,1,1,1,1,0,0,1,1,0,1,0,1,1,1,0,1,0,0,1,1,0,1,1,0,1,0,0,0,1,0,1,1,1,1,0,0,0,0,0,0,1,0,0,1,0,0,0,1,0,0,0,0,1,1,0,1,0,0,0,0,0,0,0,0,1,1,0,0,0,0,1,1,0,0,1,0,1,0,0,0,0,0,0,0,0,0,0,0,0,0,0,0,0,0,0,0,0,0,0,0,0,0,0,0,0,0,0,0,0,0,0,0,1,0,0,0,0,0,0,0,0,0,0,0,0,0,0,0,0,0,0,0,0,0,0,0,0,0,0,0,0,1,0,0,0,0,0
Au,MUA,59.3,-8.349722222,HS,100.0,474.087541,15000,45,4,metal,sphere,PBS,7.4,45.52,0.165518519,buffer,1.0,37,1,Anionic,1,1,1,1,0,1,1,1,1,1,1,1,1,0,1,0,1,0,1,0,1,0,0,1,0,0,0,0,1,1,0,0,1,1,1,1,0,1,0,0,0,0,0,1,0,0,0,1,0,0,1,0,0,1,0,0,0,0,1,0,0,0,1,1,0,0,0,0,1,0,0,0,0,0,0,1,0,0,1,0,1,0,1,0,0,1,1,0,0,0,0,1,0,1,0,1,0,0,0,0,0,1,1,0,0,1,0,0,0,0,0,0,1,0,1,0,0,0,0,1,0,0,0,0,0,0,0,0,0,0,1,0,0,0,0,0,0,0,0,0,0,0,0,0,0,0,0,0,1,0,0,0,0,0,0,0,0,1,0,0,0,0,0,0,0,0,0,0,0,0,0,0,1,0,0,1,0,0
Au,amino acid,14.9,-8.291666667,HS,100.0,474.087541,15000,45,4,metal,sphere,PBS,7.4,37.75,0.206666667,buffer,1.0,37,1,Anionic,1,1,1,1,0,1,1,1,1,1,1,1,1,1,1,0,1,0,1,0,1,1,0,1,0,1,0,1,0,1,0,0,1,1,1,0,0,1,0,0,0,0,0,1,0,0,0,1,0,0,1,1,0,1,0,0,0,0,1,0,0,0,0,1,0,0,0,0,1,0,0,0,0,0,0,1,0,1,0,1,0,0,0,0,0,1,1,0,0,0,0,1,0,0,0,0,0,0,0,0,0,1,0,0,0,0,0,0,1,0,0,0,0,0,0,0,0,0,0,1,0,0,0,1,0,0,0,0,0,0,0,0,0,0,0,1,0,0,0,0,0,0,0,0,0,0,0,0,1,1,0,0,0,0,0,0,0,1,0,0,0,0,0,0,0,0,0,0,0,0,0,0,1,0,0,0,0,0
Au,TP,59.3,-8.138333333,HS,100.0,1007.212946,4500,45,4,metal,sphere,PBS,7.4,50.05,0.282444444,buffer,1.0,37,1,Anionic,1,1,1,1,0,1,1,1,1,1,1,1,1,1,1,0,1,0,1,1,1,1,0,1,0,0,0,1,1,1,0,1,1,1,1,0,0,1,0,0,0,0,0,0,0,0,0,1,0,0,1,0,1,1,0,0,0,0,1,1,0,0,1,1,0,0,0,1,1,1,0,0,0,0,0,1,0,1,1,0,0,0,1,1,1,1,1,0,0,0,0,1,0,1,0,1,1,0,0,0,0,1,1,0,0,1,1,0,0,0,0,0,0,1,1,0,0,0,0,0,1,0,1,0,0,0,0,0,0,0,1,0,0,0,0,0,0,0,0,0,0,0,0,0,0,0,0,0,1,0,0,0,0,1,0,0,0,1,0,0,0,0,0,0,0,0,0,0,0,0,0,0,1,0,0,0,0,0
Au,PVA,59.3,-8.073333333,HS,100.0,1888.699399,1500,45,4,metal,sphere,PBS,7.4,106.12,0.070166667,buffer,1.0,37,1,Anionic,1,1,1,1,0,1,1,1,1,1,1,1,1,1,1,0,1,1,1,0,1,0,0,1,1,0,1,1,1,1,1,1,0,1,1,0,0,1,0,0,0,0,0,0,0,0,0,0,0,0,1,0,0,1,0,0,0,0,1,0,1,0,0,1,0,0,1,0,0,0,1,0,1,0,0,0,0,0,1,1,1,0,0,1,0,1,0,1,0,0,0,1,0,0,0,0,0,1,0,0,0,0,1,0,0,0,1,0,0,0,0,0,0,0,0,0,0,1,0,0,0,0,0,0,0,0,0,0,0,0,0,0,0,0,1,0,0,0,0,1,0,0,0,0,0,0,0,0,0,1,0,0,0,0,0,0,0,0,0,0,0,0,0,0,0,0,0,0,0,0,0,0,1,0,0,0,0,0
Au,MUTA,59.3,-8.065833333,HS,100.0,474.087541,15000,45,4,metal,sphere,PBS,7.4,127.34,0.173240741,buffer,1.0,37,1,Cationic,1,1,1,1,0,1,1,1,0,1,1,0,1,0,1,0,0,1,1,0,1,0,0,1,0,0,0,1,1,1,0,0,1,1,1,0,0,1,1,0,0,0,1,1,1,0,1,0,0,0,1,0,1,1,1,0,0,0,0,0,0,0,0,1,0,0,0,0,1,0,0,1,0,0,1,0,0,0,0,0,0,0,0,0,0,0,0,0,0,0,0,0,0,0,0,0,0,0,0,0,0,1,1,0,0,1,0,1,0,0,0,0,0,0,0,0,0,0,0,0,0,0,0,0,0,0,0,0,0,0,0,0,0,0,0,0,0,0,0,0,0,0,0,0,0,0,0,0,0,0,0,0,0,0,0,0,0,0,0,0,0,0,0,0,0,0,0,0,0,0,0,0,1,0,0,0,0,0
Au,SPP,59.3,-8.028333333,HS,100.0,474.087541,15000,45,4,metal,sphere,PBS,7.4,48.66,0.115222222,buffer,1.0,37,1,Anionic,1,1,1,1,0,1,1,1,1,1,1,1,1,0,1,0,1,1,1,1,1,1,0,1,0,1,0,1,0,1,0,0,1,1,1,1,0,0,0,0,0,0,0,1,0,0,1,0,0,0,1,0,1,1,1,0,0,0,1,1,0,0,0,1,0,0,1,0,1,0,0,0,0,0,0,0,0,1,0,0,1,0,1,0,0,1,1,0,0,0,0,1,0,0,0,0,0,0,0,0,0,0,0,0,0,0,1,0,1,0,0,0,0,0,0,0,0,0,0,0,0,0,0,1,0,0,0,0,0,0,0,0,0,0,0,1,0,0,0,1,0,0,0,0,0,0,0,0,1,0,0,0,0,0,0,0,0,1,0,0,0,0,0,0,0,0,0,0,0,0,0,0,1,0,0,0,0,0
Au,NT,59.3,-7.945833333,HS,100.0,474.087541,15000,45,4,metal,sphere,PBS,7.4,43.77,0.3395,buffer,1.0,37,1,Anionic,1,1,1,1,0,1,1,1,1,1,1,1,1,1,1,0,1,1,1,1,1,1,1,1,0,0,0,1,1,1,1,1,0,1,1,0,0,1,0,0,0,0,1,0,0,1,0,1,0,0,1,0,0,1,0,0,0,0,0,1,1,0,0,0,0,0,0,0,0,1,1,1,1,0,0,0,1,0,0,0,1,0,0,0,1,0,0,1,0,0,0,0,1,0,0,0,0,1,1,0,0,0,1,0,0,0,0,0,0,0,0,0,0,0,0,0,0,0,0,0,0,0,0,0,1,1,0,0,0,0,0,0,0,0,0,0,0,0,0,0,0,1,0,0,0,0,0,0,0,0,0,0,0,1,0,0,0,0,1,0,1,0,0,0,0,0,0,0,0,1,0,0,1,0,0,0,0,0
Au,AUT,59.3,-7.945,HS,100.0,474.087541,15000,45,4,metal,sphere,PBS,7.4,55.98,0.272555556,buffer,1.0,37,1,Cationic,1,1,1,1,0,1,1,1,1,1,1,0,1,1,1,0,1,1,1,1,1,0,1,1,0,0,0,1,0,1,1,1,1,1,1,0,0,1,0,0,1,0,1,1,1,0,1,0,0,0,1,1,0,1,1,0,0,0,0,1,1,0,1,1,0,0,0,0,1,0,0,1,0,0,1,1,0,0,1,0,0,0,0,1,0,0,0,0,0,0,0,0,0,1,0,1,1,0,0,0,0,1,0,0,0,1,0,0,0,0,0,0,0,0,1,0,0,0,0,0,0,0,0,0,0,0,1,0,0,0,1,0,0,0,0,0,0,0,0,0,0,0,0,1,0,0,0,0,0,0,0,0,0,0,0,0,0,0,0,0,0,0,0,0,0,0,0,0,0,0,0,0,1,1,0,0,0,0
Au,MUTA,59.3,-7.943333333,HS,100.0,1007.212946,4500,45,4,metal,sphere,PBS,7.4,122.28,0.203333333,buffer,1.0,37,1,Cationic,1,1,1,1,0,1,1,1,1,1,1,0,1,1,1,0,1,1,1,1,1,0,0,1,0,0,0,1,1,1,0,1,1,1,1,0,0,1,1,0,0,0,1,1,1,0,1,0,0,1,1,0,1,1,1,1,0,0,0,1,0,1,0,1,0,0,0,0,0,0,0,1,0,0,1,0,0,0,1,0,0,0,0,0,1,0,1,0,0,0,0,0,0,0,0,1,1,0,0,0,0,1,1,0,0,1,0,1,0,0,0,0,0,0,0,0,0,0,0,0,0,0,0,0,0,0,0,0,0,0,0,0,0,0,0,0,0,0,0,0,0,0,0,1,0,0,0,0,1,0,0,0,0,0,0,0,0,0,0,0,0,0,0,0,0,0,0,0,0,0,0,0,1,0,0,0,0,0
Au,amino acid,59.3,-7.907666667,HS,100.0,474.087541,15000,45,4,metal,sphere,PBS,7.4,58.53,0.267333333,buffer,1.0,37,1,Anionic,1,1,1,1,0,1,1,1,1,1,1,1,1,1,1,0,1,1,1,1,1,1,1,1,1,1,1,1,1,1,0,1,1,1,1,1,0,1,1,1,1,1,1,1,1,0,1,0,0,1,1,0,1,1,0,0,0,1,1,1,0,1,1,1,1,0,1,0,1,0,0,1,0,0,0,1,0,1,0,1,1,0,1,1,1,1,0,1,0,1,1,1,0,0,0,0,0,0,0,0,0,0,0,0,1,0,1,0,0,0,0,0,1,1,1,0,0,0,0,0,0,0,0,0,0,0,0,0,0,0,0,0,1,0,0,0,0,0,0,1,0,0,0,0,0,0,0,0,0,0,0,0,0,0,0,0,0,0,0,0,0,1,0,0,0,0,0,0,0,0,0,0,1,0,0,1,0,0
Au,NT,59.3,-7.806666667,HS,100.0,474.087541,15000,45,4,metal,sphere,PBS,7.4,41.64,0.129333333,buffer,1.0,37,1,Anionic,1,1,1,1,0,1,1,1,1,1,1,1,1,0,1,0,1,1,1,0,1,1,1,1,0,1,0,1,0,1,0,0,0,1,1,0,0,1,0,0,0,0,1,1,0,0,0,1,0,0,1,0,0,0,1,0,0,1,0,0,0,0,0,1,0,0,0,0,1,0,0,0,1,0,0,1,0,1,0,1,1,0,0,0,0,1,0,1,0,0,0,1,0,0,0,0,0,0,0,0,0,0,0,0,0,0,0,0,1,0,0,0,0,0,0,0,0,0,0,1,0,0,0,0,0,0,0,0,0,0,0,0,0,0,0,1,0,0,0,0,0,0,0,0,0,0,0,0,0,0,0,0,0,0,0,0,0,0,1,0,1,0,0,0,0,0,0,0,0,0,0,0,0,0,0,0,0,0
Au,HDA,59.3,-7.726666667,HS,100.0,474.087541,15000,45,4,metal,sphere,PBS,7.4,54.89,0.234777778,buffer,1.0,37,1,Cationic,1,1,1,1,0,1,1,1,1,1,1,0,1,1,1,0,0,1,1,1,1,1,1,1,0,0,0,1,1,1,1,1,1,1,1,0,0,1,0,0,1,0,1,1,0,1,0,0,0,0,1,0,1,1,1,1,0,0,1,1,1,1,0,0,1,0,0,1,1,0,1,1,1,0,1,0,1,0,1,0,1,0,0,1,0,0,0,1,0,0,0,0,1,1,0,0,0,1,1,0,0,1,0,0,0,1,0,0,1,0,0,0,0,0,0,0,0,0,1,0,0,0,0,0,1,1,0,0,1,0,0,0,0,1,0,0,0,0,0,0,1,1,0,1,0,0,0,0,0,0,0,0,0,1,0,0,0,0,0,0,1,0,0,0,0,0,0,0,0,0,0,0,1,0,0,0,0,0
Au,NT,59.3,-7.573333333,HS,100.0,474.087541,15000,45,4,metal,sphere,PBS,7.4,61.79,0.183888889,buffer,1.0,37,1,Anionic,1,1,1,1,0,1,1,1,1,1,1,0,1,0,1,0,1,1,1,1,1,0,1,1,0,0,0,1,0,1,1,0,1,1,1,0,0,1,0,1,0,0,1,1,0,0,0,1,0,0,1,0,0,0,1,0,0,0,1,1,0,0,0,1,0,0,0,0,1,0,1,0,1,0,0,1,0,1,0,0,1,0,0,0,0,1,0,1,0,0,0,0,0,0,0,0,0,0,1,0,0,0,0,0,0,0,0,0,0,0,0,0,0,0,0,0,0,0,0,0,0,0,0,0,0,0,0,0,0,0,0,0,0,0,0,0,0,0,0,0,0,0,0,0,0,0,0,0,0,0,0,0,0,0,0,0,0,0,0,0,1,0,0,0,0,0,0,0,0,0,0,0,0,0,0,0,0,0
Au,PEG,59.3,-7.48,HS,100.0,474.087541,15000,45,4,metal,sphere,PBS,7.4,44.6,0.092888889,buffer,1.0,37,1,Neutral,1,1,1,1,0,1,1,1,0,1,1,1,1,1,1,0,1,1,0,1,1,1,1,0,1,1,1,1,1,1,0,1,1,1,1,1,0,1,1,0,1,1,0,0,0,0,0,0,0,1,1,0,1,1,1,0,0,1,0,0,0,1,0,1,1,0,1,0,0,0,0,0,1,0,0,0,0,0,0,1,1,0,1,1,0,1,1,1,0,0,0,1,0,0,0,0,0,0,0,0,0,0,0,0,0,0,1,0,0,0,0,0,1,1,0,0,0,0,0,0,1,0,0,0,0,0,0,1,0,0,0,0,0,0,0,0,0,0,0,1,0,0,0,0,0,1,0,0,1,0,0,0,0,0,0,0,0,0,0,0,0,0,0,1,0,0,0,0,0,0,0,0,1,0,0,0,0,0
Au,amino acid,59.3,-7.368333333,HS,100.0,474.087541,15000,45,4,metal,sphere,PBS,7.4,43.48,0.145333333,buffer,1.0,37,1,Anionic,1,1,1,1,0,1,1,1,1,1,1,1,1,0,1,0,1,0,1,0,1,1,0,1,0,1,0,1,0,1,1,0,0,1,1,0,0,0,0,1,0,0,0,1,0,0,0,1,0,0,1,0,0,0,1,0,0,0,1,0,0,0,0,1,0,0,1,0,1,0,0,0,1,0,0,0,0,1,0,1,1,0,1,0,0,1,1,0,0,0,0,1,0,0,0,0,0,0,0,0,0,0,0,0,0,0,1,0,1,0,0,0,0,0,0,0,0,0,0,1,0,0,0,0,0,0,0,0,0,0,0,0,0,0,0,1,0,0,0,0,0,0,0,0,0,0,0,0,1,0,0,0,0,0,0,0,0,1,0,0,0,0,0,0,0,0,0,0,0,0,0,0,0,0,0,0,0,0
Au,amino acid,59.3,-7.198333333,HS,100.0,474.087541,15000,45,4,metal,sphere,PBS,7.4,52.42,0.215333333,buffer,1.0,37,1,Anionic,1,1,1,1,0,1,1,1,1,1,1,1,1,0,1,0,1,0,1,0,1,1,0,1,0,1,0,1,0,1,0,0,0,1,1,0,0,1,0,0,0,0,1,1,0,0,0,0,0,0,1,1,0,0,1,0,0,0,1,0,0,0,0,1,0,0,0,0,1,1,0,0,0,0,0,1,0,1,0,0,1,0,1,0,0,1,1,0,0,0,0,1,0,0,0,0,0,0,0,0,0,1,0,0,0,0,1,0,1,0,0,0,0,0,0,0,0,0,0,1,0,0,0,1,0,0,0,0,0,0,0,0,0,0,0,1,0,0,0,0,0,1,0,0,0,0,0,0,1,0,0,0,0,1,0,0,0,1,0,0,0,0,0,0,0,1,0,0,0,0,0,0,0,0,0,0,0,0
Au,DDT,59.3,-7.196666667,HS,100.0,1007.212946,4500,45,4,metal,sphere,PBS,7.4,71.85,0.155555556,buffer,1.0,37,1,Cationic,1,1,1,1,0,1,1,1,1,1,1,0,1,1,1,0,1,1,1,1,1,0,1,1,0,0,0,1,1,0,0,0,1,1,1,0,0,1,1,0,0,0,1,1,1,0,1,0,0,0,1,0,1,1,1,0,1,0,0,1,0,0,1,1,0,0,0,0,0,0,0,1,0,0,1,1,0,0,0,0,0,0,0,0,1,0,0,0,0,0,0,0,0,1,0,1,0,0,0,0,0,1,1,0,0,1,0,1,0,0,0,0,0,0,0,0,0,0,0,0,0,1,0,0,0,0,0,0,0,0,0,0,0,0,0,0,0,0,0,0,0,0,0,0,0,0,0,0,0,0,0,0,0,0,0,0,0,0,1,0,0,0,0,0,0,0,0,0,0,0,0,0,1,0,0,0,0,0
Au,PEI-SH,59.3,-7.043333333,HS,100.0,474.087541,15000,45,4,metal,sphere,PBS,7.4,52.46,0.176333333,buffer,1.0,37,1,Cationic,1,1,1,0,0,1,1,1,1,1,1,1,1,1,1,0,1,1,1,1,1,0,0,1,0,0,0,1,1,1,0,1,1,1,1,0,0,1,1,0,0,0,1,1,1,0,1,0,0,0,1,1,1,1,1,0,1,0,0,1,0,0,1,1,0,0,0,0,0,0,0,1,0,0,1,1,0,1,1,0,0,0,0,1,1,0,0,0,0,0,0,0,0,1,0,1,1,0,0,0,0,1,1,0,0,1,0,1,0,0,0,0,0,0,1,0,0,0,0,0,0,1,0,0,0,0,1,0,0,0,1,0,0,0,0,0,0,0,0,0,0,0,0,1,0,0,1,0,0,0,0,0,0,0,0,0,0,0,0,0,0,0,0,0,0,0,0,0,0,0,0,0,1,1,0,0,0,0
Au,amino acid,59.3,-6.778333333,HS,100.0,474.087541,15000,45,4,metal,sphere,PBS,7.4,42.05,0.193222222,buffer,1.0,37,1,Anionic,1,1,1,1,0,1,1,1,1,1,1,1,1,0,1,0,1,0,1,0,1,1,0,1,0,1,0,1,0,1,0,0,0,1,1,0,0,1,0,0,0,0,1,1,0,0,0,1,0,0,1,1,0,1,0,0,0,0,1,0,0,0,0,1,0,0,0,0,1,0,0,0,0,0,0,1,0,1,0,0,0,0,1,0,0,1,1,0,0,0,0,1,0,0,0,0,0,0,0,0,0,0,0,0,0,0,0,0,0,0,0,0,0,0,0,0,0,0,0,1,0,0,0,1,0,0,0,0,0,0,0,0,0,0,0,1,0,0,0,0,0,0,0,0,0,0,0,0,1,0,0,0,0,0,0,0,0,1,0,0,0,0,0,0,0,1,0,0,0,0,0,0,1,0,0,0,0,0
Au,amino acid,14.9,-6.728333333,HS,100.0,474.087541,15000,45,4,metal,sphere,PBS,7.4,44.43,0.183888889,buffer,1.0,37,1,Anionic,1,1,1,1,0,1,1,1,1,1,1,1,1,0,1,0,1,0,1,0,1,1,0,1,0,0,0,1,0,1,0,0,0,1,1,0,0,1,0,0,0,0,1,1,0,0,0,1,0,0,1,1,0,0,0,0,0,0,1,0,0,0,0,1,0,0,0,0,1,0,0,0,0,0,0,1,0,1,0,1,0,0,1,0,0,1,1,0,0,0,0,1,0,0,0,0,0,0,0,0,0,1,0,0,0,0,0,0,0,0,0,0,0,0,0,0,0,0,0,1,0,0,0,0,0,0,0,0,0,0,0,0,0,0,0,1,0,0,0,0,0,0,0,0,0,0,0,0,1,0,0,0,0,0,0,0,0,1,0,0,0,0,0,0,0,1,0,0,0,0,0,0,0,0,0,0,0,0
Au,F127,59.3,-6.633333333,HS,100.0,474.087541,15000,45,4,metal,sphere,PBS,7.4,46.63,0.1965,buffer,1.0,37,1,Anionic,1,1,1,1,0,1,1,1,1,1,1,1,1,1,1,0,1,1,1,0,1,1,1,1,1,1,1,1,1,1,1,1,1,1,1,1,0,1,1,1,1,1,1,1,1,1,0,0,0,0,1,0,1,1,1,0,0,1,1,1,1,1,0,1,1,0,1,1,1,1,1,0,1,0,0,0,0,1,0,1,1,0,1,0,1,1,1,1,0,1,0,1,0,0,0,0,0,1,0,0,0,0,1,0,0,0,1,0,0,0,0,0,1,1,0,0,0,0,1,0,1,0,0,0,1,0,0,0,0,0,0,0,1,0,0,1,0,0,0,1,0,0,0,1,0,1,0,0,1,0,0,0,0,0,0,1,0,0,0,0,0,0,1,0,0,0,0,0,0,0,0,0,1,0,0,0,0,0
Au,PEG,59.3,-6.628333333,HS,100.0,474.087541,15000,45,4,metal,sphere,PBS,7.4,29.68,0.151777778,buffer,1.0,37,1,Neutral,1,1,1,1,0,1,1,0,0,1,1,0,1,0,0,0,1,0,1,1,0,0,0,1,0,1,0,0,0,1,0,0,1,1,0,0,0,0,1,0,0,0,0,0,0,0,0,0,0,0,1,0,0,0,1,0,0,0,0,0,0,0,1,0,0,0,0,0,0,0,0,0,0,0,1,1,0,0,0,0,0,0,0,0,0,0,0,1,0,0,0,0,0,1,0,1,0,0,0,0,0,0,0,0,0,0,0,0,0,0,0,0,0,0,0,0,0,0,0,0,0,0,0,0,0,0,0,0,0,0,0,0,0,0,0,0,0,0,0,0,0,0,0,0,0,0,0,0,0,0,0,0,0,0,0,0,0,0,0,0,0,0,0,0,0,0,0,0,0,0,0,0,0,0,0,0,0,0
Au,CALNN,59.3,-6.536666667,HS,100.0,474.087541,15000,45,4,metal,sphere,PBS,7.4,38.8,0.154083333,buffer,1.0,37,1,Anionic,1,1,1,1,0,1,1,1,0,1,1,1,1,1,1,0,1,0,0,1,1,1,0,1,0,1,0,1,0,1,0,1,0,1,1,1,0,1,0,0,0,1,1,1,0,0,0,0,0,0,1,0,0,1,1,0,0,0,1,1,0,0,0,1,0,0,1,0,1,0,0,0,0,0,1,1,0,1,1,0,0,0,0,0,0,1,1,0,0,1,0,1,0,0,0,0,0,0,0,0,0,1,1,0,0,0,1,0,1,0,0,0,0,0,0,0,0,0,0,1,0,0,0,1,0,0,0,0,0,0,0,0,0,0,0,0,0,0,0,0,0,0,0,0,0,1,0,0,1,1,0,0,0,0,0,0,0,1,1,0,0,0,0,0,0,0,0,0,0,0,0,0,1,0,0,0,0,0
Au,DDT,59.3,-6.523333333,HS,100.0,474.087541,15000,45,4,metal,sphere,PBS,7.4,48.4,0.308,buffer,1.0,37,1,Cationic,1,1,1,1,0,1,1,1,1,1,1,1,1,1,1,0,1,1,1,1,1,1,1,1,1,1,1,1,1,1,1,1,1,1,1,1,0,1,1,0,1,1,1,1,1,1,1,1,0,1,1,0,1,1,0,0,0,1,1,1,1,1,0,1,1,0,0,0,0,0,1,0,1,0,1,0,0,0,1,0,1,0,0,1,1,1,0,1,0,0,0,0,1,0,0,0,0,1,0,0,0,0,1,0,0,0,0,0,0,0,0,0,0,0,0,0,0,0,0,0,0,0,0,0,1,0,0,0,0,0,0,0,0,0,0,0,0,0,0,1,0,0,0,0,0,0,0,0,0,0,0,0,0,0,0,0,0,0,1,0,0,1,0,0,0,0,0,0,0,0,0,0,1,0,0,0,0,0
Au,NT,59.3,-6.52,HS,100.0,1888.699399,1500,45,4,metal,sphere,PBS,7.4,93.52,0.0545,buffer,1.0,37,1,Anionic,1,1,1,1,0,1,1,1,1,1,1,1,1,1,1,0,1,1,1,0,1,1,1,1,0,1,0,1,1,1,0,0,0,1,1,0,0,0,0,0,0,0,0,1,0,0,0,0,0,0,1,0,0,1,1,0,0,1,1,0,0,0,0,1,0,0,0,0,1,0,1,0,1,0,0,1,0,1,0,0,1,0,0,0,0,1,1,1,0,0,0,1,0,0,0,0,0,0,0,0,0,0,0,0,0,0,0,0,1,0,0,0,0,0,0,0,0,0,0,1,0,0,0,0,0,0,0,0,0,0,0,0,0,0,0,1,0,0,0,0,0,0,0,0,0,0,0,0,1,0,0,0,0,0,0,0,0,0,0,0,0,0,0,0,0,0,0,0,0,0,0,0,1,0,0,0,0,0
Au,PAH-SH,59.3,-6.483333333,HS,100.0,474.087541,15000,45,4,metal,sphere,PBS,7.4,68.07,0.310111111,buffer,1.0,37,1,Cationic,1,1,1,1,0,1,1,1,1,1,1,1,1,1,1,0,1,1,1,1,1,1,1,1,1,1,1,1,1,1,1,1,1,1,1,0,0,1,1,1,1,1,1,1,1,0,1,1,0,1,1,0,1,1,1,0,1,0,1,1,1,1,1,1,1,0,0,0,1,0,0,0,0,0,1,1,1,1,1,0,1,0,0,1,1,1,0,1,0,0,0,0,0,1,0,1,1,1,0,0,0,1,1,0,0,1,0,1,0,0,0,0,0,0,1,0,0,0,0,0,0,0,0,0,0,0,0,0,1,0,1,0,0,0,0,1,0,1,0,1,0,0,0,1,0,0,0,0,0,0,0,0,0,0,0,0,0,0,0,0,0,0,0,0,0,0,0,0,1,0,0,0,1,1,0,0,0,0
Au,DDT,59.3,-6.373333333,HS,100.0,474.087541,15000,45,4,metal,sphere,PBS,7.4,47.34,0.237111111,buffer,1.0,37,1,Cationic,1,1,1,1,0,1,1,1,1,1,1,0,1,1,1,0,1,1,1,1,1,1,1,1,0,0,0,1,1,1,1,1,1,1,1,0,0,1,1,0,0,0,1,1,1,0,1,0,0,0,1,0,1,1,1,1,0,0,1,1,0,0,1,1,0,0,0,0,0,0,0,0,0,0,1,1,0,0,1,0,0,0,0,0,1,0,0,0,0,0,0,0,0,0,0,1,0,0,0,0,0,1,0,0,0,0,0,1,0,0,0,0,0,0,0,0,0,0,0,0,0,0,0,0,1,0,0,0,0,0,0,0,0,1,0,0,0,0,0,0,1,0,0,1,0,0,0,0,0,0,0,0,0,0,0,0,0,0,0,0,0,0,0,0,0,0,0,0,0,0,0,0,1,0,0,0,0,0
Au,DDT,59.3,-6.096666667,HS,100.0,474.087541,15000,45,4,metal,sphere,PBS,7.4,59.93,0.366916667,buffer,1.0,37,1,Cationic,1,1,1,1,0,1,1,1,1,1,1,1,1,1,1,0,1,1,1,1,1,1,1,1,0,0,1,1,1,1,1,1,1,1,1,0,0,1,0,0,1,0,0,0,0,0,0,1,0,0,1,0,0,1,0,0,0,0,0,1,1,0,0,0,1,0,0,0,0,0,1,1,1,0,0,0,0,0,0,1,1,0,0,0,1,0,0,1,0,0,0,0,0,0,0,0,0,1,0,0,0,0,1,0,0,0,0,0,0,0,0,0,0,0,0,0,0,0,1,0,0,0,0,0,1,1,0,0,0,0,0,0,0,0,0,0,0,0,0,0,0,0,0,0,0,0,0,0,0,0,0,0,0,0,0,0,0,0,0,0,0,0,0,0,0,0,0,0,0,0,0,0,1,0,0,0,0,0
Au,SA,59.3,-6.091666667,HS,100.0,474.087541,15000,45,4,metal,sphere,PBS,7.4,46.53,0.214166667,buffer,1.0,37,1,Anionic,1,1,1,1,0,1,1,1,1,1,1,1,1,1,1,0,1,1,1,1,1,1,1,1,1,1,1,1,1,1,1,1,1,1,1,1,0,1,1,1,1,1,1,1,1,0,1,1,0,1,1,0,1,1,1,0,0,1,1,1,1,1,0,1,1,0,1,1,1,1,1,0,0,0,1,1,0,1,0,1,1,0,1,1,1,1,0,1,1,1,1,1,1,0,0,0,0,0,0,1,0,0,1,0,1,0,1,0,0,0,0,0,0,1,0,0,0,0,0,0,1,0,0,0,1,0,0,0,0,0,0,0,1,0,0,0,0,0,0,1,0,0,0,0,0,1,0,0,1,0,0,0,0,0,0,1,0,0,0,0,0,1,1,0,0,0,0,0,0,0,0,0,1,0,0,0,0,0
Au,PVA,59.3,-6.063333333,HS,100.0,474.087541,15000,45,4,metal,sphere,PBS,7.4,53.12,0.178083333,buffer,1.0,37,1,Anionic,1,1,1,1,0,1,1,1,0,1,1,1,1,1,1,1,1,1,1,1,1,1,0,1,1,1,1,1,1,1,1,1,1,1,1,1,0,1,1,0,0,0,0,1,0,0,0,0,0,0,1,0,1,1,1,0,0,0,1,1,0,1,0,1,0,0,1,0,1,0,1,0,1,0,0,0,0,1,1,1,1,0,0,1,1,1,0,1,0,1,0,1,0,0,0,0,0,0,0,0,0,0,1,0,0,0,1,0,0,0,0,0,0,1,0,0,0,1,1,0,0,0,0,1,0,0,0,0,0,0,0,0,0,0,1,0,0,0,0,1,0,0,0,0,0,0,0,0,1,1,1,0,0,0,0,0,0,0,0,0,0,0,0,1,0,0,0,0,0,0,0,0,1,0,0,1,0,0
Au,PEG,59.3,-5.993333333,HS,100.0,474.087541,15000,45,4,metal,sphere,PBS,7.4,52.02,0.193666667,buffer,1.0,37,1,Neutral,1,1,1,1,0,1,1,1,1,1,1,1,1,1,0,0,1,1,1,0,1,1,1,0,1,0,1,1,1,1,0,0,0,1,1,1,0,0,0,0,0,0,0,0,0,0,0,0,0,0,1,0,0,1,0,0,0,1,0,0,1,0,0,1,0,0,0,0,0,0,0,0,1,0,0,0,0,0,0,0,1,0,0,0,0,0,0,1,0,0,0,1,0,0,0,0,0,0,0,0,0,0,1,0,0,0,0,0,0,0,0,0,0,0,0,0,0,0,0,0,1,0,0,0,0,0,0,0,0,0,0,0,0,0,0,0,0,0,0,1,0,0,0,0,1,0,0,0,0,0,0,0,0,0,0,0,0,0,0,0,0,0,0,0,0,0,0,0,0,0,0,0,1,0,1,0,0,0
Au,PEG,59.3,-5.913333333,HS,100.0,474.087541,15000,45,4,metal,sphere,PBS,7.4,38.69,0.153555556,buffer,1.0,37,1,Neutral,1,1,1,1,0,1,1,1,1,1,1,1,1,1,1,0,1,1,1,0,1,1,1,1,1,1,1,1,1,1,0,1,1,1,1,1,0,1,1,1,1,1,0,1,1,0,0,0,0,0,1,0,1,1,0,0,0,1,0,1,0,1,0,1,1,0,1,1,0,0,0,0,1,0,0,0,0,1,1,1,1,0,1,1,1,1,0,1,0,1,0,1,0,0,0,0,0,0,0,0,0,0,1,0,0,0,1,0,0,0,0,0,0,1,0,0,0,0,0,0,1,0,0,0,0,0,0,0,0,0,0,0,1,0,0,0,0,0,0,1,0,0,0,0,0,1,0,0,0,0,0,0,0,0,0,0,0,0,0,0,0,0,0,0,0,0,0,0,0,0,0,0,1,0,1,0,0,0
Au,DDT,59.3,-5.705,HS,100.0,474.087541,15000,45,4,metal,sphere,PBS,7.4,100.13,0.370166667,buffer,1.0,37,1,Cationic,1,1,1,1,0,1,1,1,1,1,1,1,1,1,1,0,1,1,1,1,1,1,1,1,1,1,1,1,1,1,1,1,1,1,1,1,0,1,1,1,1,1,1,0,1,1,0,1,0,1,1,0,1,1,0,1,0,0,0,1,1,1,0,1,0,0,1,0,0,0,1,1,1,1,0,0,0,0,0,1,1,0,0,0,1,1,0,1,0,0,0,1,1,0,0,0,0,1,0,0,0,0,1,0,0,0,0,0,1,0,0,0,0,1,0,0,0,0,0,0,0,0,0,0,1,1,0,0,0,0,0,0,0,0,0,0,0,0,0,0,1,0,0,0,1,0,0,0,0,0,0,1,0,0,0,0,0,0,1,0,0,0,0,0,0,0,0,0,0,0,0,0,1,0,0,0,0,0
Au,amino acid,59.3,-5.676666667,HS,100.0,474.087541,15000,45,4,metal,sphere,PBS,7.4,55.39,0.236222222,buffer,1.0,37,1,Anionic,1,1,1,1,0,1,1,1,1,1,1,1,1,0,1,0,1,0,1,0,1,1,0,1,0,0,0,1,0,1,0,0,1,1,1,0,0,1,0,0,0,0,1,1,0,0,0,1,0,0,1,1,0,0,0,0,0,0,0,0,0,0,1,1,0,0,0,0,1,0,0,0,1,0,0,1,0,1,0,1,0,0,0,0,0,1,1,0,0,0,0,1,0,1,0,1,1,0,0,0,0,1,0,0,0,0,0,0,1,0,0,0,0,0,0,0,0,0,0,0,0,0,0,0,0,0,0,0,0,0,1,0,0,0,0,0,0,0,0,0,0,0,0,0,0,0,0,0,1,0,0,0,0,1,0,0,0,1,0,0,0,0,0,0,0,0,0,0,0,0,0,0,0,1,0,0,0,0
Au,amino acid,59.3,-5.643333333,HS,100.0,474.087541,15000,45,4,metal,sphere,PBS,7.4,72.3,0.201277778,buffer,1.0,37,1,Anionic,1,1,1,1,0,1,1,1,1,1,1,0,1,1,1,0,1,0,1,1,1,0,0,1,1,0,0,1,1,1,1,1,1,1,1,0,0,1,1,0,1,0,1,1,1,0,1,1,0,0,1,1,1,1,1,0,1,0,0,1,0,0,1,1,0,0,0,0,0,0,0,1,0,0,1,1,0,0,1,0,0,0,0,1,0,0,0,0,0,0,0,0,0,1,0,1,1,0,0,0,0,1,1,0,0,1,0,1,0,0,0,0,0,0,1,0,0,0,0,0,0,1,0,0,0,0,1,0,0,0,1,0,1,0,1,0,0,0,0,0,0,0,0,1,0,0,1,0,0,0,0,0,0,0,0,0,0,0,0,0,0,0,0,0,0,0,0,1,0,0,0,0,1,1,0,0,0,0
Au,DDT,59.3,-5.518333333,HS,100.0,1007.212946,4500,45,4,metal,sphere,PBS,7.4,61.43,0.225666667,buffer,1.0,37,1,Cationic,1,1,1,1,0,1,1,1,1,1,1,0,1,1,1,0,1,1,1,1,1,1,1,1,0,1,0,1,1,1,1,1,0,1,1,1,0,1,0,0,0,0,1,1,0,1,0,1,0,0,1,0,0,1,1,1,0,1,1,1,1,0,0,1,0,0,0,0,1,0,1,0,1,0,0,1,0,0,0,1,1,0,0,1,1,0,0,1,0,0,0,0,0,0,0,0,0,1,1,0,0,0,0,0,0,1,0,0,0,0,0,0,0,0,0,0,0,0,0,0,0,0,0,0,1,1,0,0,0,0,0,0,0,0,0,0,0,0,0,0,1,0,0,0,0,0,0,0,0,0,0,0,0,0,0,0,0,0,1,0,1,0,0,0,0,0,0,0,0,0,0,0,1,0,0,0,0,0
Au,DDT,59.3,-5.455,HS,100.0,474.087541,15000,45,4,metal,sphere,PBS,7.4,58.95,0.345916667,buffer,1.0,37,1,Cationic,1,1,1,1,0,1,1,1,1,1,1,0,1,0,0,0,0,1,1,0,0,0,1,0,0,0,0,0,0,1,1,0,1,1,1,0,0,0,0,0,0,0,0,0,0,0,0,0,0,0,1,0,0,0,0,0,0,0,0,0,1,0,0,0,0,0,0,0,0,0,1,0,1,0,0,0,0,0,0,0,0,0,0,0,0,0,0,0,0,0,0,0,0,0,0,0,0,1,0,0,0,0,0,0,0,0,0,0,0,0,0,0,0,0,0,0,0,0,0,0,0,0,0,0,1,0,0,0,0,0,0,0,0,0,0,0,0,0,0,0,0,0,0,0,0,0,0,0,0,0,0,0,0,0,0,0,0,0,0,0,0,0,0,0,0,0,0,0,0,0,0,0,1,0,0,0,0,0
Au,DDT,59.3,-5.43,HS,100.0,1888.699399,1500,45,4,metal,sphere,PBS,7.4,53.41,0.085666667,buffer,1.0,37,1,Cationic,1,1,1,1,0,1,1,1,1,1,1,0,1,1,1,0,1,1,1,1,1,0,1,1,0,0,1,1,1,1,1,1,1,1,1,1,0,1,0,0,0,0,1,0,0,1,0,1,0,0,1,0,0,1,1,1,0,1,1,1,1,0,1,0,0,0,0,0,0,0,1,1,1,0,0,1,0,0,0,0,1,0,0,0,0,1,0,0,1,0,0,0,1,1,0,1,0,1,1,0,0,0,0,0,0,1,0,0,0,0,0,0,0,0,0,0,0,0,0,0,0,0,0,0,1,1,0,0,0,0,0,0,0,0,0,0,0,0,0,0,1,0,0,0,0,0,0,0,0,0,0,0,0,0,0,0,0,0,0,0,0,0,0,0,0,0,0,0,0,0,0,0,1,0,0,0,0,0
Au,NT,59.3,-5.351666667,HS,100.0,474.087541,15000,45,4,metal,sphere,PBS,7.4,44.75,0.298666667,buffer,1.0,37,1,Anionic,1,1,1,1,0,1,1,1,1,0,1,0,1,1,0,0,0,1,1,1,1,0,1,1,0,0,0,1,1,1,1,1,0,1,1,0,0,1,0,0,0,1,0,0,0,1,0,0,0,0,1,0,0,1,0,0,0,0,0,1,1,0,0,0,0,0,0,0,0,0,0,0,1,0,0,0,0,0,0,0,1,0,0,0,1,0,0,1,0,0,0,0,1,0,0,0,0,1,1,0,0,0,1,0,0,0,0,0,0,0,0,0,0,0,0,0,0,0,0,0,0,0,0,0,1,0,0,0,0,0,0,0,0,0,1,0,0,0,0,0,0,0,0,0,0,0,0,0,0,0,0,0,0,0,0,0,0,0,0,0,1,0,0,0,0,0,0,0,0,0,0,0,1,0,0,1,0,0
Au,NT,59.3,-5.258333333,HS,100.0,474.087541,15000,45,4,metal,sphere,PBS,7.4,41.88,0.118444444,buffer,1.0,37,1,Anionic,1,1,1,1,0,1,1,1,1,1,1,1,1,0,1,0,1,0,1,0,1,1,0,1,0,1,0,1,0,1,0,0,0,1,1,0,0,0,0,0,0,0,0,1,0,0,0,0,0,0,1,0,0,0,1,0,0,0,1,0,0,0,0,1,0,0,0,0,1,0,0,0,1,0,0,1,0,1,0,1,1,0,0,0,0,1,0,1,0,0,0,1,0,0,0,0,0,0,0,0,0,0,0,0,0,0,0,0,0,0,0,0,0,0,0,0,0,0,0,1,0,0,0,0,0,1,0,0,0,0,0,0,0,0,0,1,0,0,0,0,0,0,0,0,0,0,0,0,1,0,0,0,0,0,0,0,0,0,1,0,1,0,0,0,0,1,0,0,0,0,0,0,0,0,0,0,0,0
Au,PVP,59.3,-5.238333333,HS,100.0,474.087541,15000,45,4,metal,sphere,PBS,7.4,52.96,0.216875,buffer,1.0,37,1,Anionic,1,1,1,1,0,1,1,1,0,1,1,1,1,1,1,1,1,1,1,1,1,1,1,1,1,1,1,1,1,1,1,1,1,1,1,1,0,1,0,1,0,1,1,1,0,0,0,0,0,0,1,0,1,1,1,0,1,1,1,1,0,1,0,1,1,0,1,1,0,0,0,0,1,0,0,1,0,1,1,0,1,0,1,1,0,1,0,1,0,1,0,1,0,0,0,0,0,1,0,0,0,0,1,0,0,0,1,0,0,0,0,0,0,1,0,0,0,0,0,0,0,0,0,0,0,0,0,0,0,0,0,0,1,0,0,0,0,0,0,1,0,0,0,0,0,0,0,0,1,1,0,0,0,0,0,0,0,0,0,0,0,0,1,0,0,0,0,0,0,0,0,0,1,0,0,0,0,0
Au,DDT,59.3,-5.140833333,HS,100.0,1007.212946,4500,45,4,metal,sphere,PBS,7.4,55.07,0.251833333,buffer,1.0,37,1,Cationic,1,1,1,1,0,1,1,1,1,1,1,1,1,1,0,0,1,1,1,1,1,1,1,1,0,0,0,1,1,1,1,0,1,1,1,1,0,0,0,0,0,0,0,0,0,0,0,1,0,0,1,0,0,1,0,1,0,0,1,1,1,0,0,1,0,0,0,0,1,0,1,0,1,0,0,1,0,0,0,0,1,0,0,0,0,1,0,1,0,0,0,0,1,0,0,0,0,1,0,0,0,0,1,0,0,0,0,0,0,0,0,0,0,0,0,0,0,0,0,0,0,0,0,0,1,1,0,0,0,0,0,0,0,0,0,0,0,0,0,0,1,0,0,0,0,0,0,0,0,0,0,0,0,0,0,0,0,0,0,0,1,0,0,0,0,0,0,0,0,0,0,0,1,0,0,0,0,0
Au,PEG,59.3,-5.0435,HS,100.0,474.087541,15000,45,4,metal,sphere,PBS,7.4,51.18,0.162888889,buffer,1.0,37,1,Neutral,1,1,1,1,0,1,1,1,1,1,1,1,1,1,1,0,1,1,1,1,1,1,1,1,1,1,1,1,1,1,1,1,1,1,1,1,0,1,1,0,1,1,0,1,1,0,1,0,0,1,1,0,1,1,1,1,0,1,0,1,1,1,0,1,1,0,1,1,0,1,0,0,1,0,0,1,0,1,0,1,1,0,1,1,1,1,1,1,0,1,0,1,0,0,0,0,0,0,0,0,0,0,1,0,0,0,1,0,0,0,0,0,0,1,0,0,0,0,0,0,1,0,0,0,0,0,0,0,0,0,0,0,1,0,1,0,0,0,0,1,0,0,0,0,0,1,0,0,1,0,1,0,0,0,0,1,0,0,0,0,0,0,1,1,0,0,0,0,0,0,0,0,1,0,1,0,0,0
Au,MUEG4,59.3,-5.007083333,HS,100.0,474.087541,15000,45,4,metal,sphere,PBS,7.4,226.51,0.438527778,buffer,1.0,37,1,Neutral,1,1,1,1,0,1,1,1,1,0,1,0,1,1,1,0,1,0,1,1,1,1,0,1,0,0,0,1,1,1,1,1,1,1,1,0,0,1,0,0,1,1,0,0,0,0,0,1,0,1,1,0,0,1,0,1,0,0,0,1,1,0,1,0,0,0,0,0,0,0,0,0,0,1,0,1,0,0,1,0,0,0,0,0,1,0,0,0,0,0,0,0,1,0,0,0,0,0,0,0,0,0,0,0,0,0,0,0,0,0,0,0,1,0,0,0,1,0,0,0,0,0,1,0,0,0,0,0,0,0,0,0,0,1,0,0,0,0,0,0,1,1,0,0,0,0,0,0,0,0,0,0,0,1,1,0,0,0,0,0,0,0,0,0,0,0,0,0,0,0,0,0,1,0,0,0,0,0
Au,PEG,59.3,-4.4106,HS,100.0,1007.212946,4500,45,4,metal,sphere,PBS,7.4,84.87,0.037888889,buffer,1.0,37,1,Neutral,1,1,1,1,0,1,1,1,1,1,1,1,1,1,0,0,1,1,1,0,1,0,1,0,1,0,1,1,1,0,1,0,0,1,1,0,0,0,0,0,0,0,0,0,0,0,0,0,0,0,1,0,0,1,0,0,0,1,0,0,1,1,0,0,0,0,0,0,0,0,0,0,1,0,0,1,0,0,0,0,1,0,0,0,0,0,1,1,0,0,0,0,0,0,0,0,0,1,0,0,0,0,0,0,0,0,0,0,0,0,0,0,0,0,0,0,0,0,0,0,1,0,0,0,0,0,0,0,0,0,0,0,0,0,0,0,0,0,0,1,0,0,0,0,0,0,0,0,1,0,0,0,0,0,0,0,0,0,0,0,0,0,0,0,0,0,0,0,0,0,0,0,0,0,1,1,0,0
Au,NT,59.3,-3.916833333,HS,100.0,1007.212946,4500,45,4,metal,sphere,PBS,7.4,47.0,0.178333333,buffer,1.0,37,1,Anionic,1,1,1,1,0,1,1,1,1,1,1,0,1,1,1,0,0,1,1,1,1,0,1,1,0,0,0,0,1,1,1,0,0,1,1,1,0,0,0,0,0,0,0,0,0,1,0,0,0,0,1,0,0,1,0,0,0,0,0,1,1,0,0,0,0,0,0,0,0,0,0,0,1,0,0,0,1,0,0,0,1,0,0,0,0,0,0,1,0,0,0,0,0,0,0,0,0,1,0,0,0,0,0,0,0,0,0,0,0,0,0,0,0,0,0,0,0,0,0,0,0,0,0,0,0,0,0,0,0,0,0,0,0,0,0,0,0,0,0,0,0,0,0,0,0,0,0,0,0,0,0,0,0,0,0,0,0,0,1,0,1,0,0,0,0,0,0,0,0,0,0,0,1,0,0,1,0,0
Au,NT,59.3,-3.891333333,HS,100.0,474.087541,15000,45,4,metal,sphere,PBS,7.4,64.65,0.252333333,buffer,1.0,37,1,Anionic,1,1,1,1,0,1,1,1,0,0,1,0,1,1,1,0,0,1,1,1,1,0,0,1,0,0,0,1,1,1,0,1,1,1,1,0,0,1,0,0,0,0,0,0,0,0,0,1,0,0,1,0,1,1,0,0,0,0,0,1,0,0,0,0,0,0,0,0,0,0,0,0,0,0,0,0,0,0,1,0,0,0,0,1,0,0,0,0,0,0,0,0,1,0,0,0,0,1,0,0,0,0,1,0,0,0,0,0,0,0,0,0,0,0,0,0,0,1,0,0,0,0,0,0,0,0,0,0,0,0,0,0,0,0,1,0,0,0,0,0,0,0,0,0,0,0,0,0,0,1,0,0,0,0,0,0,0,0,0,0,0,0,0,0,0,0,0,0,0,0,0,0,1,0,0,1,0,0
Au,PEG,59.3,-3.772566667,HS,100.0,474.087541,15000,45,4,metal,sphere,PBS,7.4,47.07,0.124555556,buffer,1.0,37,1,Neutral,0,1,0,1,0,1,1,0,0,1,1,0,0,0,1,0,0,0,1,0,0,0,0,0,0,1,0,0,0,1,0,0,0,0,0,0,0,0,1,0,0,0,0,0,0,0,0,0,0,0,0,0,0,0,1,0,0,0,0,0,0,0,1,0,0,0,0,0,0,0,0,0,0,0,1,1,0,0,0,0,0,0,0,0,0,0,0,0,0,0,0,0,0,0,0,1,0,0,0,0,0,0,0,0,0,0,0,0,0,0,0,0,0,0,0,0,0,0,0,0,0,0,0,0,0,0,0,0,0,0,0,0,0,0,0,0,0,0,0,0,0,0,0,0,0,0,0,0,0,0,0,0,0,0,0,0,0,0,0,0,0,0,0,0,0,0,0,0,0,0,0,0,0,0,0,0,0,0
Au,NT,59.3,-3.580333333,HS,100.0,1888.699399,1500,45,4,metal,sphere,PBS,7.4,100.88,0.083916667,buffer,1.0,37,1,Anionic,1,1,1,1,0,1,1,1,1,0,1,0,1,1,0,0,1,0,1,0,0,0,0,0,0,0,0,0,1,1,0,0,0,1,1,0,0,1,0,0,0,0,0,0,0,0,0,0,0,0,1,0,0,1,0,0,0,0,0,0,0,0,0,0,0,0,0,0,0,0,0,0,1,0,0,0,0,0,1,0,0,0,0,0,0,0,0,0,0,0,0,0,1,0,0,0,0,1,0,0,0,0,0,0,0,0,0,0,0,0,0,0,0,0,0,0,0,1,0,0,0,0,0,0,0,0,0,0,0,0,0,0,0,0,1,0,0,0,0,0,0,0,0,0,0,0,0,0,0,1,0,0,0,0,0,0,0,0,0,0,0,0,0,0,0,0,0,0,0,0,0,0,1,0,0,0,0,0
Au,PEG,59.3,-2.935,HS,100.0,474.087541,15000,45,4,metal,sphere,PBS,7.4,48.76,0.133888889,buffer,1.0,37,1,Neutral,1,1,1,1,0,1,1,1,0,1,1,1,1,1,1,0,1,1,1,1,1,1,1,1,0,0,1,1,1,1,1,1,1,1,1,0,0,1,1,0,1,1,1,0,1,0,0,1,0,1,1,0,0,1,0,1,0,0,1,1,0,0,0,0,0,0,0,0,0,1,0,1,0,0,0,1,0,0,1,0,0,0,0,0,1,0,0,0,0,0,0,0,1,0,0,0,0,1,0,0,0,0,1,0,0,0,0,0,0,0,0,0,0,0,0,0,0,0,0,0,0,0,0,0,0,0,0,0,0,0,0,0,0,0,1,0,1,0,1,0,0,0,0,1,0,0,0,0,0,0,1,0,0,0,0,0,0,1,1,0,0,0,0,0,0,0,0,0,0,0,0,0,1,0,0,1,0,0
Au,PEG,59.3,-2.753333333,HS,100.0,474.087541,15000,45,4,metal,sphere,PBS,7.4,33.05,0.158222222,buffer,1.0,37,1,Neutral,1,1,1,1,0,1,1,1,0,1,1,1,1,1,1,0,1,1,1,1,1,1,1,1,0,0,1,1,1,1,1,1,1,1,1,0,0,1,1,0,1,1,1,0,1,0,0,1,0,1,1,0,0,1,0,1,0,0,1,1,0,0,0,0,0,0,0,0,0,1,1,1,0,0,0,1,0,0,1,0,0,0,0,1,1,0,0,0,0,0,1,0,1,0,0,0,0,1,0,0,0,0,1,0,0,0,0,0,0,0,0,0,1,0,0,1,0,0,0,0,0,0,0,0,0,0,0,0,0,0,0,0,0,0,1,0,0,0,0,0,0,0,0,1,0,0,0,0,0,0,0,0,0,0,0,0,0,0,1,0,0,0,0,0,0,0,0,0,0,0,0,0,1,0,0,1,0,0
Au,PEG,59.3,-2.232166667,HS,100.0,1888.699399,1500,45,4,metal,sphere,PBS,7.4,110.75,0.077777778,buffer,1.0,37,1,Neutral,1,1,1,1,0,1,1,1,1,0,1,1,1,1,1,0,1,1,1,1,1,0,0,1,0,0,1,1,1,1,0,1,1,1,1,1,0,1,1,0,0,0,0,0,0,0,1,0,0,0,1,0,0,1,0,1,0,0,0,1,0,1,0,0,0,0,0,1,0,1,0,0,1,0,0,0,0,0,0,0,1,0,0,1,0,0,0,1,0,0,0,0,1,0,0,0,0,1,0,0,0,0,0,0,0,0,0,0,0,0,0,0,0,0,0,0,0,0,0,0,0,0,0,0,0,0,0,0,0,0,0,0,0,0,0,0,0,0,0,0,0,0,0,0,0,0,0,0,0,0,0,0,0,0,0,0,0,0,0,0,0,0,0,0,0,0,0,0,0,0,0,0,1,0,0,1,0,0
Au,PEG,59.3,-2.015,HS,100.0,1888.699399,1500,45,4,metal,sphere,PBS,7.4,98.21,0.044222222,buffer,1.0,37,1,Neutral,1,1,1,1,0,1,1,1,1,1,1,1,1,1,1,0,1,1,1,1,1,0,0,1,0,0,1,1,1,1,0,1,1,1,1,0,0,1,1,0,0,0,0,0,0,0,1,0,0,0,1,0,0,1,0,1,0,0,0,1,0,1,0,0,0,0,0,0,0,0,0,0,1,0,0,1,0,0,0,0,1,0,0,0,0,0,0,0,0,0,0,0,1,0,0,0,0,1,0,0,0,0,0,0,0,0,0,0,0,0,0,0,0,0,0,0,0,0,0,0,0,0,0,0,0,0,0,0,0,0,0,0,0,0,0,0,0,0,0,0,0,0,0,0,0,0,0,0,0,0,0,0,0,0,0,0,0,0,1,0,0,0,0,0,0,0,0,0,0,0,0,0,1,0,0,1,0,0
Au,PEG,59.3,-1.730833333,HS,100.0,474.087541,15000,45,4,metal,sphere,PBS,7.4,34.77,0.134666667,buffer,1.0,37,1,Neutral,0,1,0,1,0,1,1,0,0,1,0,0,0,0,0,0,0,0,1,0,0,0,0,0,0,1,0,0,0,1,0,0,0,0,0,0,0,0,1,0,0,0,0,0,0,0,0,0,0,0,0,0,0,0,0,0,0,0,0,0,0,0,1,0,0,0,0,0,0,0,0,0,0,0,1,0,0,0,0,0,0,0,0,0,0,0,0,0,0,0,0,0,0,0,0,0,0,0,0,0,0,0,0,0,0,0,0,0,0,0,0,0,0,0,0,0,0,0,0,0,0,0,0,0,0,0,0,0,0,0,0,0,0,0,0,0,0,0,0,0,0,0,0,0,0,0,0,0,0,0,0,0,0,0,0,0,0,0,0,0,0,0,0,0,0,0,0,0,0,0,0,0,0,0,0,0,0,0
Au,PEG,59.3,-0.61,HS,100.0,1888.699399,1500,45,4,metal,sphere,PBS,7.4,127.22,0.027666667,buffer,1.0,37,1,Neutral,1,1,1,1,0,1,1,1,1,1,1,1,1,1,0,0,1,1,1,0,0,0,0,0,0,0,0,1,1,0,0,0,0,1,1,0,0,0,0,0,0,0,0,0,0,0,1,0,0,0,1,0,0,1,0,0,0,0,0,1,0,0,0,0,0,0,0,0,0,0,0,0,1,0,0,0,0,0,0,0,1,0,0,0,0,0,0,1,0,0,0,0,0,0,0,0,0,1,0,0,0,0,0,0,0,0,0,0,0,0,0,0,0,0,0,0,0,0,0,0,0,0,0,0,0,0,0,0,0,0,0,0,0,0,0,0,0,0,0,0,0,0,0,1,0,0,0,0,0,0,0,0,0,0,0,0,0,0,0,0,0,0,0,0,0,0,0,0,0,0,0,0,0,0,0,1,0,0
Ag,AUT,38.4,-13.5,HS,100.0,671.2825,5000,45,4,metal,sphere,PBS,7.4,38.4,0.126944444,buffer,1.0,37,1,Cationic,1,1,1,1,0,1,1,1,1,1,1,1,1,1,1,0,1,1,1,1,1,0,1,1,0,0,1,1,1,1,0,1,1,1,1,0,0,1,1,0,1,0,1,1,1,0,1,0,0,1,1,0,1,1,1,1,1,0,1,1,0,0,1,1,0,0,0,0,0,0,0,0,0,1,1,1,1,1,1,0,0,0,0,1,1,0,0,0,0,0,0,0,0,1,0,1,1,0,0,0,0,1,1,0,0,1,0,0,0,0,0,0,1,0,1,0,0,0,0,0,0,0,0,0,0,0,0,0,0,0,1,0,1,0,1,0,0,0,0,0,0,0,0,0,0,0,0,0,0,0,0,0,0,0,0,0,0,0,0,0,0,0,0,0,0,0,0,0,0,0,0,0,1,1,0,0,0,0
Ag,CIT,38.4,-13.5,HS,100.0,154800.795,5000,45,4,metal,sphere,PBS,7.4,38.4,0.126944444,buffer,1.0,37,1,Anionic,1,1,1,1,0,1,1,1,1,1,1,1,1,1,1,0,1,0,0,1,1,1,0,1,1,1,0,1,1,1,1,1,1,1,1,1,0,1,1,1,1,1,1,1,1,1,0,0,0,1,1,0,1,1,1,1,0,0,1,1,0,1,0,1,0,0,1,0,1,0,0,0,1,1,0,0,1,1,0,0,1,0,1,0,1,1,1,0,0,0,1,1,1,0,1,0,0,0,0,0,0,0,1,1,1,0,1,0,1,0,0,1,0,0,0,0,0,0,0,0,0,0,0,1,0,0,0,0,0,0,0,0,1,0,1,1,1,0,0,1,0,0,0,0,0,1,0,0,1,0,0,0,0,1,0,0,0,1,0,0,1,0,0,0,0,0,0,0,0,0,0,0,1,0,0,0,0,0
Ag,PEG,38.4,-13.5,HS,100.0,671.2825,5000,45,4,metal,sphere,PBS,7.4,38.4,0.126944444,buffer,1.0,37,1,Neutral,1,1,1,1,0,1,1,1,1,1,1,1,1,1,1,0,1,1,1,1,1,0,1,1,0,1,1,1,1,1,1,1,1,1,1,1,0,1,1,0,1,1,1,1,1,0,1,1,0,1,1,0,1,1,1,1,0,0,0,1,0,1,0,0,0,0,1,0,0,0,1,0,0,1,0,0,1,0,1,0,0,0,0,0,1,0,0,0,0,0,0,0,0,0,0,0,0,0,0,0,0,0,1,0,0,0,1,0,0,0,0,0,1,0,0,0,0,0,0,0,0,0,0,0,0,0,0,0,0,0,0,0,0,0,1,0,0,0,0,0,1,0,0,1,0,0,0,0,0,0,1,1,0,0,0,0,0,0,0,0,0,0,0,0,0,0,0,0,0,0,0,0,1,0,0,0,0,0
Ag,DDT,38.4,-13.5,HS,100.0,671.2825,5000,45,4,metal,sphere,PBS,7.4,38.4,0.126944444,buffer,1.0,37,1,Cationic,1,1,1,1,0,1,1,1,1,1,1,1,1,1,1,0,1,0,1,1,1,1,1,1,0,1,1,1,1,1,1,1,1,1,1,1,0,1,1,0,1,0,1,1,1,1,1,0,0,1,1,0,1,1,1,1,0,0,1,1,0,0,0,1,0,0,0,1,0,0,1,1,0,1,1,1,1,0,1,0,0,0,0,1,1,0,0,0,0,0,0,0,1,1,0,0,0,0,1,0,0,1,1,0,0,1,0,1,0,0,0,0,0,0,0,0,0,0,0,0,0,1,0,0,1,0,1,0,0,0,0,0,1,0,1,0,0,0,0,0,1,0,0,1,0,0,0,0,0,0,1,1,0,0,0,0,0,0,0,0,0,0,0,0,0,0,0,0,0,0,0,0,1,0,0,0,0,0
Ag,HDA,38.4,-13.5,HS,100.0,671.2825,5000,45,4,metal,sphere,PBS,7.4,38.4,0.126944444,buffer,1.0,37,1,Cationic,1,1,1,1,0,1,1,1,1,1,1,1,1,1,1,0,1,0,1,1,1,1,1,1,1,1,1,1,0,1,1,1,1,1,1,1,0,1,0,1,1,0,1,1,0,1,1,1,0,1,1,0,1,1,1,1,0,1,1,1,0,0,0,1,0,0,1,0,1,0,0,0,1,1,1,1,1,1,0,1,1,0,1,0,1,1,1,0,0,0,0,1,0,0,0,0,0,0,0,0,0,0,1,0,0,0,1,0,1,0,0,0,0,0,0,0,0,0,0,0,0,0,0,1,1,0,0,0,0,0,0,0,0,0,0,1,0,0,0,1,1,0,0,1,0,1,0,1,1,0,1,0,0,1,0,0,0,1,1,0,0,0,0,0,0,0,0,0,0,0,0,0,1,0,0,1,0,0
Ag,LA,38.4,-13.5,HS,100.0,671.2825,5000,45,4,metal,sphere,PBS,7.4,38.4,0.126944444,buffer,1.0,37,1,Anionic,1,1,1,1,0,1,1,1,1,1,1,1,1,1,1,0,1,0,0,1,1,1,0,1,0,1,0,1,1,1,0,1,1,1,1,0,0,1,1,0,1,0,1,1,0,0,1,0,0,1,1,0,1,1,1,1,0,0,1,1,0,0,0,1,0,0,1,0,1,0,0,0,1,1,0,1,1,1,0,0,1,0,0,0,1,1,1,0,0,0,0,1,0,0,0,0,0,0,0,0,0,0,1,0,0,0,1,0,1,0,0,0,0,0,0,0,0,0,0,1,0,0,0,1,0,0,0,0,0,0,0,0,0,0,0,1,0,0,0,1,0,1,0,1,0,0,0,0,1,0,1,0,0,1,0,0,0,1,0,0,0,0,0,0,0,0,0,0,0,0,0,0,1,0,0,0,0,0
Ag,MAA,38.4,-13.5,HS,100.0,671.2825,5000,45,4,metal,sphere,PBS,7.4,38.4,0.126944444,buffer,1.0,37,1,Anionic,1,1,1,1,0,1,1,1,1,1,1,1,1,1,1,0,1,0,1,1,1,1,0,1,0,1,0,1,1,1,0,1,1,1,1,0,0,1,1,0,1,0,1,1,0,0,1,1,0,1,1,1,1,1,1,1,0,1,1,1,0,0,1,1,0,0,0,0,1,0,0,0,0,1,0,1,1,1,1,0,0,0,1,1,1,1,1,0,0,0,0,1,0,1,0,1,1,0,1,0,0,1,1,0,0,0,1,0,1,0,0,1,0,0,1,0,0,0,0,0,0,0,1,0,0,0,0,0,0,1,1,0,0,0,0,1,1,0,0,0,0,1,0,1,0,1,0,1,1,0,0,0,0,1,0,1,0,0,0,0,0,0,0,0,0,1,0,0,0,0,0,0,1,1,0,0,0,0
Ag,MBA,38.4,-13.5,HS,100.0,671.2825,5000,45,4,metal,sphere,PBS,7.4,38.4,0.126944444,buffer,1.0,37,1,Anionic,1,1,1,1,0,1,1,1,1,1,1,1,1,1,1,0,1,0,1,1,1,0,1,1,0,0,0,1,1,1,0,1,1,1,1,0,0,1,1,0,1,0,1,1,1,0,1,1,0,0,1,0,1,1,0,1,0,0,1,1,0,0,1,1,0,0,0,0,0,0,0,0,0,1,0,1,1,1,1,0,0,0,0,1,1,0,1,0,0,0,0,0,0,1,1,1,1,0,0,0,0,1,1,0,0,1,1,0,0,0,0,0,0,0,1,0,0,0,0,0,0,0,1,0,0,0,0,0,0,0,1,0,0,0,1,0,0,0,0,0,0,0,0,1,0,0,0,0,1,0,0,0,0,1,0,0,0,0,0,0,0,0,0,0,0,0,0,0,0,0,0,0,1,1,0,0,0,0
Ag,MES,38.4,-13.5,HS,100.0,671.2825,5000,45,4,metal,sphere,PBS,7.4,38.4,0.126944444,buffer,1.0,37,1,Anionic,1,1,1,1,0,1,1,1,1,1,1,1,1,1,1,0,0,0,1,1,1,1,1,1,0,1,0,1,1,1,1,1,1,1,1,1,0,1,0,1,1,1,1,1,0,0,1,1,0,1,1,1,1,1,1,1,0,1,1,1,0,0,1,1,0,0,1,1,0,1,0,0,0,1,0,1,1,1,1,0,0,0,1,1,1,1,1,0,0,0,0,0,0,1,1,1,1,0,0,0,0,1,1,0,0,1,1,0,1,0,1,0,0,1,1,0,0,0,0,0,0,0,1,0,0,0,0,0,0,0,1,0,0,0,1,0,0,1,0,0,0,1,0,1,0,0,0,0,1,0,0,0,0,1,0,0,0,0,1,0,0,0,0,0,0,1,0,0,0,0,0,1,1,1,0,0,0,0
Ag,MHDA,38.4,-13.5,HS,100.0,671.2825,5000,45,4,metal,sphere,PBS,7.4,38.4,0.126944444,buffer,1.0,37,1,Anionic,1,1,0,1,0,1,1,0,1,1,1,1,1,1,1,0,1,0,0,1,0,0,0,1,0,0,0,1,0,1,0,0,1,1,0,0,0,0,1,0,0,0,1,1,0,0,1,0,0,0,1,0,1,0,0,0,0,0,0,1,0,0,1,0,0,0,0,0,0,1,0,0,0,0,0,1,0,0,0,0,0,0,0,0,0,0,0,0,0,0,0,0,0,1,0,1,1,0,0,1,0,0,0,0,0,0,1,0,0,0,0,0,0,0,1,0,0,0,0,0,0,0,0,0,0,0,0,0,0,0,1,0,0,0,0,0,0,0,0,0,0,0,0,0,0,0,0,0,0,0,0,0,0,0,0,0,0,0,0,0,0,0,0,0,0,0,0,0,0,0,0,0,0,0,0,0,0,0
Ag,PEG,38.4,-13.5,HS,100.0,671.2825,5000,45,4,metal,sphere,PBS,7.4,38.4,0.126944444,buffer,1.0,37,1,Neutral,1,1,1,1,0,1,1,1,1,1,1,1,1,1,1,0,1,0,1,1,1,0,1,1,0,1,1,1,1,1,1,1,1,1,1,1,0,1,1,0,1,0,1,0,1,0,1,0,0,1,1,0,1,1,0,1,0,0,0,1,0,1,0,0,0,0,0,0,0,0,1,1,0,1,0,0,1,0,1,0,0,0,0,1,1,0,0,0,0,0,0,0,0,0,1,1,0,0,0,0,0,0,1,0,0,0,0,0,0,0,0,0,0,0,0,0,0,0,0,0,0,0,0,0,0,0,0,0,0,0,0,0,0,0,1,0,0,0,0,0,0,0,0,1,0,0,0,0,0,0,1,1,0,0,0,0,0,0,1,0,0,0,0,0,0,0,0,0,0,0,0,0,1,0,0,1,0,0
Ag,MUTA,38.4,-13.5,HS,100.0,671.2825,5000,45,4,metal,sphere,PBS,7.4,38.4,0.126944444,buffer,1.0,37,1,Cationic,1,1,1,1,0,1,1,1,1,1,1,1,1,1,1,0,1,0,1,1,1,0,1,1,0,1,1,1,1,1,1,1,1,1,1,0,0,1,1,0,1,0,1,1,1,0,1,0,0,1,1,0,1,1,1,1,0,0,0,1,0,1,1,1,0,0,0,0,0,0,1,1,0,1,1,0,1,0,0,0,0,0,0,1,1,0,0,0,0,0,0,0,0,0,0,0,1,0,1,0,0,1,1,0,0,0,0,1,0,0,0,0,0,0,0,0,0,0,0,0,0,0,0,0,0,0,0,0,0,0,1,0,1,0,1,0,0,0,0,0,1,0,0,1,0,0,0,0,0,0,1,1,0,0,0,0,0,0,1,0,0,0,0,0,0,0,0,0,0,0,0,0,1,0,0,0,0,0
Ag,PEG,38.4,-13.5,HS,100.0,671.2825,5000,45,4,metal,sphere,PBS,7.4,38.4,0.126944444,buffer,1.0,37,1,Neutral,1,1,1,1,0,1,1,1,1,1,1,1,1,1,1,0,1,1,1,1,1,1,1,1,0,0,1,1,1,1,1,1,1,1,1,1,0,1,1,0,1,1,1,1,1,0,1,0,0,1,1,0,1,1,1,1,0,0,0,1,0,0,0,1,0,0,1,0,0,0,1,0,0,1,0,0,1,0,0,0,1,0,0,1,1,0,0,0,0,0,0,0,1,0,1,0,0,0,0,0,0,0,1,0,0,0,1,1,0,0,0,0,0,0,0,0,0,0,0,0,0,0,0,0,0,0,0,0,0,0,0,0,1,0,1,0,0,0,0,0,1,0,0,1,0,0,0,0,0,0,1,1,0,0,0,0,0,0,0,0,0,0,0,0,0,0,0,0,0,0,0,0,1,0,0,0,0,0
Ag,amino acid,38.4,-13.5,HS,100.0,671.2825,5000,45,4,metal,sphere,PBS,7.4,38.4,0.126944444,buffer,1.0,37,1,Anionic,1,1,1,1,0,1,1,1,1,1,1,1,1,1,1,0,1,1,0,1,1,0,0,1,0,0,1,1,1,1,1,1,1,1,1,0,0,1,1,1,1,0,1,1,1,0,1,0,0,1,1,1,1,1,1,1,0,0,0,1,0,0,1,1,0,0,0,0,0,0,1,1,0,1,1,0,1,0,1,0,0,0,0,1,1,0,0,0,0,0,0,0,0,1,1,1,1,0,0,0,0,1,1,0,0,1,0,1,0,0,1,0,0,0,1,0,0,0,0,0,0,1,0,0,0,0,1,0,0,0,1,0,1,0,1,0,0,0,0,0,0,0,0,1,0,0,1,0,0,0,1,0,0,0,0,0,0,0,0,0,0,0,0,0,0,0,0,0,0,0,0,0,1,1,0,0,0,0
Ag,PVA,38.4,-13.5,HS,100.0,671.2825,5000,45,4,metal,sphere,PBS,7.4,38.4,0.126944444,buffer,1.0,37,1,Anionic,1,1,1,1,0,1,1,1,1,1,1,1,1,1,1,0,1,1,0,1,1,1,1,1,0,1,1,1,1,1,1,1,1,1,1,1,0,1,1,0,1,0,1,1,1,1,1,1,0,1,1,0,1,1,1,1,0,1,1,1,1,1,0,1,0,0,1,0,1,0,1,0,1,1,0,0,1,1,1,1,1,0,0,1,1,1,1,1,0,0,0,1,0,1,1,0,0,1,0,0,0,0,1,0,1,0,1,0,1,0,0,0,0,0,0,0,1,0,0,1,0,0,0,0,1,0,0,0,0,1,0,0,0,0,0,1,0,1,0,1,0,1,0,1,0,0,0,0,1,1,1,0,0,1,0,0,0,1,1,0,1,0,0,0,0,0,0,0,0,0,0,0,1,0,0,0,0,0
Ag,SA,38.4,-13.5,HS,100.0,671.2825,5000,45,4,metal,sphere,PBS,7.4,38.4,0.126944444,buffer,1.0,37,1,Anionic,1,1,1,1,0,1,1,1,1,1,1,1,1,1,1,0,1,1,1,1,1,1,1,1,0,1,1,1,1,1,1,1,1,1,1,1,0,1,1,0,1,1,1,0,0,1,0,1,0,0,1,0,1,1,1,1,0,1,1,1,0,0,0,1,0,0,1,0,1,0,1,1,1,1,0,0,0,1,1,1,1,0,0,1,1,1,0,0,1,0,1,1,1,0,0,0,0,1,1,0,0,0,1,0,1,0,1,0,0,0,0,0,0,0,0,0,0,0,0,0,0,0,0,0,1,0,0,0,0,0,0,0,0,0,0,0,0,1,0,0,1,1,0,1,1,0,0,0,1,0,1,1,0,1,0,0,1,0,0,0,1,0,1,0,0,0,0,0,0,0,0,0,1,0,0,0,0,0
SiO2,BCN,47.02,-16.6,FBS,9.0,200.0,10000,30,25,other,sphere,plasma,7.4,383.0,0.28,buffer,1.0,37,1,Neutral,0,0,1,1,1,1,0,0,1,0,1,1,0,0,0,0,0,0,0,0,0,0,0,0,0,0,0,0,0,0,1,0,0,0,0,0,0,0,0,1,0,0,0,0,0,0,0,0,0,0,0,0,0,0,1,0,0,0,0,0,0,0,0,0,0,0,0,0,0,0,0,0,0,0,0,0,0,0,0,0,0,0,0,0,0,0,0,0,0,0,0,0,0,0,0,0,0,0,0,0,0,0,0,0,0,0,0,0,0,0,0,0,0,0,0,0,0,0,0,0,0,0,0,0,0,0,0,0,0,0,0,0,0,0,0,0,0,0,0,0,0,0,0,0,0,0,0,0,0,0,0,0,0,0,0,0,0,0,0,0,0,0,1,0,0,0,0,0,0,0,0,0,0,0,0,0,0,0
SiO2,BCN,47.02,-18.9,FBS,9.0,200.0,10000,30,25,other,sphere,PBS,7.4,154.0,0.19,buffer,1.0,37,1,Neutral,0,0,1,1,1,1,0,0,1,0,1,1,0,0,0,0,0,0,0,0,0,0,0,0,0,0,0,0,0,0,1,0,0,0,0,0,0,0,0,1,0,0,0,0,0,0,0,0,0,0,0,0,0,0,1,0,0,0,0,0,0,0,0,0,0,0,0,0,0,0,0,0,0,0,0,0,0,0,0,0,0,0,0,0,0,0,0,0,0,0,0,0,0,0,0,0,0,0,0,0,0,0,0,0,0,0,0,0,0,0,0,0,0,0,0,0,0,0,0,0,0,0,0,0,0,0,0,0,0,0,0,0,0,0,0,0,0,0,0,0,0,0,0,0,0,0,0,0,0,0,0,0,0,0,0,0,0,0,0,0,0,0,1,0,0,0,0,0,0,0,0,0,0,0,0,0,0,0
SiO2,BCN,47.02,-18.9,FBS,90.0,200.0,10000,30,25,other,sphere,PBS,7.4,154.0,0.19,buffer,1.0,37,1,Neutral,0,0,1,0,1,0,0,0,1,0,1,0,0,0,0,0,0,0,0,0,0,0,0,0,0,0,0,0,0,0,1,0,0,0,0,0,0,0,0,0,0,0,0,0,0,0,0,0,0,0,0,0,0,0,0,0,0,0,0,0,0,0,0,0,0,0,0,0,0,0,0,0,0,0,0,0,0,0,0,0,0,0,0,0,0,0,0,0,0,0,0,0,0,0,0,0,0,0,0,0,0,0,0,0,0,0,0,0,0,0,0,0,0,0,0,0,0,0,0,0,0,0,0,0,0,0,0,0,0,0,0,0,0,0,0,0,0,0,0,0,0,0,0,0,0,0,0,0,0,0,0,0,0,0,0,0,0,0,0,0,0,0,1,0,0,0,0,0,0,0,0,0,0,0,0,0,0,0
SiO2,BCN,47.02,-7.9,FBS,90.0,200.0,10000,30,25,other,sphere,plasma,7.4,634.0,0.34,buffer,1.0,37,1,Neutral,0,0,1,0,1,0,0,0,1,0,1,0,0,0,0,0,0,0,0,0,0,0,0,0,0,0,0,0,0,0,1,0,0,0,0,0,0,0,0,0,0,0,0,0,0,0,0,0,0,0,0,0,0,0,0,0,0,0,0,0,0,0,0,0,0,0,0,0,0,0,0,0,0,0,0,0,0,0,0,0,0,0,0,0,0,0,0,0,0,0,0,0,0,0,0,0,0,0,0,0,0,0,0,0,0,0,0,0,0,0,0,0,0,0,0,0,0,0,0,0,0,0,0,0,0,0,0,0,0,0,0,0,0,0,0,0,0,0,0,0,0,0,0,0,0,0,0,0,0,0,0,0,0,0,0,0,0,0,0,0,0,0,1,0,0,0,0,0,0,0,0,0,0,0,0,0,0,0
PS,NH2,116.0,42.8,HP,76.92,100.0,20000,60,25,other,sphere,water,7.0,116.0,0.126944444,water,1.0,37,1,Anionic,1,1,1,1,1,1,1,1,0,1,1,1,1,1,0,1,0,1,0,0,1,1,1,0,0,0,0,1,0,1,0,0,1,1,1,1,0,0,0,0,1,1,1,1,0,0,0,1,1,1,0,0,0,0,0,0,0,0,1,0,0,1,0,0,0,0,0,0,1,0,0,0,0,0,1,0,0,0,0,1,0,0,0,0,0,0,0,1,1,0,1,0,0,0,0,0,0,0,0,0,0,0,1,0,1,0,0,0,1,0,0,0,1,0,0,0,1,0,0,0,0,0,0,0,0,0,0,0,0,0,0,0,0,0,0,0,0,0,0,0,0,0,0,0,0,0,0,0,0,0,0,0,0,0,0,0,0,0,0,0,0,0,0,0,0,0,0,0,0,0,0,0,0,0,0,0,0,0
PS,NH2,116.0,42.8,HP,76.92,100.0,20000,60,25,other,sphere,water,7.0,116.0,0.126944444,water,1.0,37,1,Anionic,1,1,1,0,1,1,1,1,0,1,1,1,1,1,1,1,1,0,1,1,1,1,1,0,0,1,1,1,0,1,0,1,1,1,1,1,0,1,1,1,1,1,1,0,1,0,1,0,0,1,1,0,1,1,0,1,1,0,0,1,0,0,0,0,0,0,0,0,1,0,1,1,0,1,0,1,1,0,1,0,0,0,0,1,1,0,0,0,0,0,0,0,1,0,1,0,0,0,0,0,0,0,1,0,0,0,0,0,0,0,1,0,0,0,0,0,0,0,0,0,0,0,0,0,0,0,0,0,1,0,0,0,0,0,1,0,0,0,0,0,0,0,1,1,0,0,0,0,0,0,1,1,0,0,0,0,0,0,0,0,0,0,0,0,0,0,0,0,0,0,0,0,0,0,0,0,0,0
PS,NH2,116.0,42.8,HP,76.92,100.0,20000,60,25,other,sphere,water,7.0,116.0,0.126944444,water,1.0,37,1,Anionic,1,1,1,1,1,1,1,1,0,0,1,1,1,1,0,0,0,1,0,0,1,1,1,0,1,0,0,1,0,0,0,0,0,0,0,1,1,0,0,0,1,0,0,0,0,0,0,1,1,0,0,0,0,0,0,0,0,0,0,0,0,0,0,0,0,0,0,0,0,0,0,0,0,0,1,0,0,0,0,0,0,1,0,0,0,0,0,1,0,0,0,0,0,0,0,0,0,0,0,0,0,0,0,0,0,0,0,0,0,0,0,0,1,0,0,0,0,0,0,0,0,0,0,0,0,0,0,0,0,0,0,0,0,0,0,0,0,0,0,0,0,0,0,0,0,0,0,0,0,0,0,0,1,0,0,0,0,0,0,0,0,0,0,0,0,0,0,0,0,0,0,0,0,0,0,0,0,0
PS,NH2,116.0,42.8,HP,76.92,100.0,20000,60,25,other,sphere,water,7.0,116.0,0.126944444,water,1.0,37,1,Anionic,1,1,1,0,1,1,1,1,0,1,1,1,1,1,1,1,1,0,1,1,1,1,0,1,1,1,1,1,0,1,0,1,1,1,1,1,1,1,1,1,1,1,1,1,1,0,1,0,1,1,1,0,1,1,0,1,0,0,0,1,0,0,0,0,0,0,0,1,1,0,1,1,0,1,0,0,1,0,1,0,0,0,0,0,1,0,0,0,0,0,0,0,1,0,1,0,0,0,0,0,0,0,1,0,0,0,0,0,0,0,1,0,0,0,0,0,0,0,0,0,0,0,0,0,0,1,0,0,1,0,0,0,0,0,1,0,0,0,0,0,0,0,1,1,0,0,0,0,0,0,1,1,0,0,0,0,0,0,0,0,0,0,0,0,0,0,0,0,0,0,0,0,0,0,0,0,0,0
PS,NH2,116.0,42.8,HP,76.92,100.0,20000,60,25,other,sphere,water,7.0,116.0,0.126944444,water,1.0,37,1,Anionic,1,1,1,1,1,1,1,1,0,1,1,1,1,1,0,1,0,1,0,0,1,1,1,1,1,0,0,0,0,0,0,0,1,1,1,1,1,1,0,0,1,0,0,1,0,0,0,0,1,1,0,0,0,0,0,0,0,0,0,0,0,0,1,0,0,0,0,0,0,0,0,0,0,0,1,0,0,0,0,0,0,1,0,0,1,0,0,1,0,0,0,0,0,1,0,0,1,0,0,0,0,1,0,0,0,0,0,0,0,0,0,0,0,0,0,0,0,0,0,0,0,0,0,0,0,0,0,0,0,0,0,0,0,0,0,0,0,0,0,0,0,0,0,0,0,0,0,0,0,0,0,0,1,0,0,0,0,0,0,0,0,0,0,0,0,0,0,0,0,0,0,0,0,1,0,0,0,0
PS,NH2,116.0,42.8,HP,76.92,100.0,20000,60,25,other,sphere,water,7.0,116.0,0.126944444,water,1.0,37,1,Anionic,1,1,1,0,1,1,1,1,0,1,1,1,1,1,1,1,1,0,1,1,1,1,1,1,1,1,1,1,0,1,0,1,1,1,1,1,1,1,1,1,1,1,1,1,1,0,1,0,1,1,1,0,1,1,0,1,1,0,0,1,0,0,0,0,0,0,0,0,1,0,1,1,0,1,0,0,1,0,1,0,0,0,0,0,1,0,0,0,0,0,0,0,1,0,1,0,0,0,0,0,0,0,1,0,0,0,0,0,0,0,1,0,0,0,0,0,0,0,0,0,0,0,0,0,0,0,0,0,1,0,0,0,0,0,1,0,0,0,0,0,0,0,1,1,0,0,0,0,0,0,1,1,0,0,0,0,0,0,0,0,0,0,0,0,0,0,0,0,0,0,0,0,0,0,0,0,0,0
Fe3O4,SiO2,44.0,-11.24,HP,100.0,1000.0,3500,15,4,metal,sphere,cell culture,7.4,391.7,0.126944444,water,1.0,37,1,Neutral,1,1,1,1,1,1,1,1,1,1,1,1,1,0,1,0,1,0,1,1,1,1,1,0,1,0,1,1,0,0,0,0,1,1,0,1,1,1,1,1,0,1,1,0,1,1,0,1,1,1,0,1,1,0,0,1,1,0,0,0,0,0,0,0,0,1,1,1,1,1,0,0,1,0,0,0,0,0,0,0,0,1,1,0,0,1,1,0,0,0,0,1,0,0,0,0,0,1,0,0,0,0,1,0,0,1,1,0,0,1,0,0,0,1,0,0,0,0,0,0,1,0,1,0,0,0,0,1,0,0,0,0,0,1,0,0,0,0,0,0,0,0,0,0,0,0,0,0,0,0,0,0,0,1,0,0,1,1,0,0,0,1,0,0,0,0,1,0,1,0,1,0,0,0,0,0,0,0
Fe3O4,SiO2,44.0,-19.92,HP,100.0,1000.0,3500,15,4,metal,sphere,cell culture,7.4,124.8,0.126944444,water,1.0,37,1,Neutral,1,1,1,1,1,1,1,1,1,1,1,1,1,0,1,0,1,0,1,1,1,1,1,0,1,0,1,1,0,0,0,0,1,1,0,1,1,1,1,1,0,1,1,0,1,1,0,1,1,1,0,1,1,0,0,1,1,0,0,0,0,0,0,0,0,1,1,1,1,1,0,0,1,0,0,0,0,0,0,0,0,1,1,0,0,1,1,0,0,0,0,1,0,0,0,0,0,1,0,0,0,0,1,0,0,1,1,0,0,1,0,0,0,1,0,0,0,0,0,0,1,0,1,0,0,0,0,1,0,0,0,0,0,1,0,0,0,0,0,0,0,0,0,0,0,0,0,0,0,0,0,0,0,1,0,0,1,1,0,0,0,1,0,0,0,0,1,0,1,0,1,0,0,0,0,0,0,0
DOTAP/DOPC/DC-Chol/DOPE/DOPE-PEG2k,PEG,60.0,58.4,HP,50.0,500.0,84000,30,4,liposome,sphere,buffer,7.4,60.0,0.126944444,water,1.0,37,1,Neutral,1,1,1,1,1,1,1,1,1,1,1,1,1,1,1,1,1,1,1,1,1,1,1,1,1,1,1,1,1,1,1,0,1,0,1,1,1,1,1,1,1,0,1,1,1,1,0,1,1,1,1,1,1,1,1,1,1,1,1,1,1,1,1,1,1,1,0,1,1,1,1,1,1,1,0,1,1,0,0,1,1,1,1,1,0,0,0,1,1,1,1,1,1,1,1,1,1,1,1,1,1,1,0,0,1,1,0,1,0,1,1,1,1,0,1,1,1,1,1,1,0,1,1,0,1,0,1,1,1,1,1,1,0,1,0,0,1,0,1,0,1,1,1,1,1,0,1,1,0,1,1,0,1,1,1,0,1,0,1,0,0,1,0,0,1,1,0,0,1,1,1,1,0,0,0,1,1,0
PS,none,115.0,51.0,HP,90.0,600.0,15300,20,4,other,sphere,buffer,7.4,117.0,0.011,buffer,0.5,37,1,Neutral,1,1,1,1,1,1,1,1,1,1,1,1,1,1,1,1,1,1,0,1,1,1,1,0,1,1,1,1,1,1,1,1,1,1,1,1,1,1,1,1,1,1,1,1,1,1,1,1,1,1,0,1,1,1,0,1,0,1,1,1,1,1,1,0,1,1,0,1,1,1,1,1,1,1,1,1,1,0,1,1,0,1,0,1,1,0,1,1,1,0,0,1,1,0,1,1,0,0,1,1,1,1,1,1,0,0,0,0,0,1,0,0,1,1,0,0,0,1,0,0,1,1,0,0,1,0,0,0,1,1,0,1,1,1,1,0,0,0,1,0,0,1,0,0,1,0,0,0,0,0,1,1,1,0,1,0,1,0,0,0,0,0,0,0,0,0,0,0,1,1,0,0,0,0,0,0,1,0
PS,none,115.0,51.0,HP,90.0,600.0,15300,20,4,other,sphere,buffer,7.4,117.0,0.011,buffer,2.0,37,1,Neutral,1,1,1,1,1,1,1,1,1,1,1,1,1,1,1,1,1,1,0,1,1,1,1,0,1,1,1,1,1,1,1,1,1,1,1,1,1,1,1,1,1,1,1,1,1,1,1,1,1,1,0,1,1,1,0,1,0,1,1,1,1,1,1,0,1,1,0,1,1,1,1,1,1,1,1,1,1,0,1,1,0,1,0,1,1,0,1,1,1,0,0,1,1,0,1,1,0,0,1,1,1,1,1,1,0,0,0,0,0,1,0,0,1,1,0,0,0,1,0,0,1,1,0,0,1,0,0,0,1,1,0,1,1,1,1,0,0,0,1,0,0,1,0,0,1,0,0,0,0,0,1,1,1,0,1,0,1,0,0,0,0,0,0,0,0,0,0,0,1,1,0,0,0,0,0,0,1,0
PS,none,115.0,51.0,HP,90.0,600.0,15300,20,4,other,sphere,buffer,7.4,117.0,0.011,buffer,5.0,37,1,Neutral,1,1,1,1,1,1,1,1,1,1,1,1,1,1,1,1,1,1,0,1,1,1,1,0,1,1,1,1,1,1,1,1,1,1,1,1,1,1,1,1,1,1,1,1,1,1,1,1,1,1,0,1,1,1,0,1,0,1,1,1,1,1,1,0,1,1,0,1,1,1,1,1,1,1,1,1,1,0,1,1,0,1,0,1,1,0,1,1,1,0,0,1,1,0,1,1,0,0,1,1,1,1,1,1,0,0,0,0,0,1,0,0,1,1,0,0,0,1,0,0,1,1,0,0,1,0,0,0,1,1,0,1,1,1,1,0,0,0,1,0,0,1,0,0,1,0,0,0,0,0,1,1,1,0,1,0,1,0,0,0,0,0,0,0,0,0,0,0,1,1,0,0,0,0,0,0,1,0
PS,none,115.0,51.0,HP,90.0,600.0,15300,20,4,other,sphere,buffer,7.4,117.0,0.011,buffer,15.0,37,1,Neutral,1,1,1,1,1,1,1,1,1,1,1,1,1,1,1,1,1,1,0,1,1,1,1,0,1,1,1,1,1,1,1,1,1,1,1,1,0,1,0,1,1,1,1,1,1,1,0,1,0,1,0,1,1,1,0,1,0,1,1,1,1,1,1,0,1,1,0,1,1,1,1,0,0,0,1,1,1,0,1,1,0,1,0,1,1,0,1,1,1,0,0,1,1,0,1,1,0,0,1,1,1,1,1,1,0,0,0,0,0,1,0,0,1,1,0,0,0,1,0,0,1,1,0,0,1,0,0,0,1,1,0,1,1,1,1,0,0,0,1,0,0,1,0,0,1,0,0,0,0,0,0,1,1,0,1,0,1,0,0,0,0,0,0,0,0,0,0,0,1,1,0,0,0,0,0,0,1,0
PS,none,115.0,51.0,HP,90.0,600.0,15300,20,4,other,sphere,buffer,7.4,117.0,0.011,buffer,30.0,37,1,Neutral,1,1,1,1,1,1,1,1,1,1,1,1,1,1,1,1,1,1,0,1,1,1,1,0,1,1,1,1,1,1,1,1,1,1,1,1,0,1,1,1,1,1,1,1,1,1,1,1,1,1,0,1,1,1,0,1,0,1,1,1,1,1,1,0,1,1,0,1,1,1,1,1,1,1,1,1,1,0,1,1,0,1,0,1,1,0,1,1,1,0,0,1,1,0,1,1,0,0,1,1,1,1,1,1,0,0,0,0,0,1,0,0,1,1,0,0,0,1,0,0,1,1,0,0,1,0,0,0,1,1,0,1,1,1,1,0,0,0,1,0,0,1,0,0,1,0,0,0,0,0,1,1,1,0,1,0,1,0,0,0,0,0,0,0,0,0,0,0,1,1,0,0,0,0,0,0,1,0
PS,none,115.0,51.0,HP,90.0,600.0,15300,20,4,other,sphere,buffer,7.4,117.0,0.011,buffer,60.0,37,1,Neutral,1,1,1,1,1,1,1,1,1,1,1,1,1,1,1,1,1,1,0,1,1,1,1,0,1,1,1,1,1,1,1,1,1,1,1,1,0,1,1,1,1,1,1,1,1,1,1,1,0,1,0,1,1,1,0,1,0,1,1,1,1,1,1,0,1,1,0,1,1,1,1,1,1,1,1,1,1,0,1,1,0,1,0,1,1,0,1,1,1,0,0,1,1,0,1,1,0,0,1,1,1,1,1,1,0,0,0,0,0,1,0,0,1,1,0,0,0,1,0,0,1,1,0,0,1,0,0,0,1,1,0,1,1,1,1,0,0,0,1,0,0,1,0,0,1,0,0,0,0,0,1,1,1,0,1,0,1,0,0,0,0,0,0,0,0,0,0,0,1,1,0,0,0,0,0,0,1,0
PS,none,115.0,51.0,HP,90.0,600.0,15300,20,4,other,sphere,buffer,7.4,117.0,0.011,buffer,120.0,37,1,Neutral,1,1,1,1,1,1,1,1,1,1,1,1,1,1,1,1,1,1,0,1,1,1,1,0,1,1,1,1,1,1,1,1,1,1,1,1,0,1,1,1,1,1,1,1,1,1,1,1,0,1,0,1,1,1,0,1,0,1,1,1,1,1,1,0,1,1,0,1,1,1,1,1,1,1,1,1,1,0,1,1,0,1,0,1,1,0,1,1,1,0,0,1,1,0,1,1,0,0,1,1,1,1,1,1,0,0,0,0,0,1,0,0,1,1,0,0,0,1,0,0,1,1,0,0,1,0,0,0,1,1,0,1,1,1,1,0,0,0,1,0,0,1,0,0,1,0,0,0,0,0,1,1,1,0,1,0,1,0,0,0,0,0,0,0,0,0,0,0,1,1,0,0,0,0,0,0,1,0
SiO2,NH2,30.2,-10.0,HP,90.0,60.0,15300,20,4,other,sphere,buffer,7.4,31.0,0.104,buffer,0.5,37,1,Anionic,1,1,1,1,1,1,1,1,1,1,1,1,1,1,1,1,1,1,1,1,1,1,1,1,1,1,1,1,1,1,1,1,1,1,1,1,1,1,1,1,1,1,1,1,1,1,1,1,1,1,1,1,1,1,1,1,1,1,1,1,1,1,1,1,1,1,1,1,1,1,1,1,1,1,1,1,1,1,1,1,1,1,1,1,1,1,1,1,1,1,1,1,1,1,1,1,1,1,1,1,1,1,1,1,1,1,1,0,1,0,1,1,1,1,1,1,1,1,1,1,1,1,1,1,1,1,1,1,1,1,1,0,1,1,0,1,1,1,1,1,1,0,1,0,1,1,1,1,1,1,1,1,0,0,1,1,1,1,1,1,1,1,0,1,1,1,1,1,1,1,1,1,0,1,1,1,0,1
SiO2,NH2,30.2,-10.0,HP,90.0,60.0,15300,20,4,other,sphere,buffer,7.4,31.0,0.104,buffer,2.0,37,1,Anionic,1,1,1,1,1,1,1,1,1,1,1,1,1,1,1,1,1,1,1,1,1,1,1,1,1,1,1,1,1,1,1,1,1,1,1,1,1,1,1,1,1,1,1,1,1,1,1,1,1,1,1,1,1,1,1,1,1,1,1,1,1,1,1,1,1,1,1,1,1,1,1,1,1,1,1,1,1,1,1,1,1,1,1,1,1,1,1,1,1,1,1,1,1,1,1,1,1,1,1,1,1,1,1,1,1,1,1,0,1,0,1,1,1,1,1,1,1,1,1,1,1,1,1,1,1,1,1,1,1,1,1,0,1,1,0,1,1,1,1,1,1,0,1,0,1,1,1,1,1,1,1,1,0,0,1,1,1,1,0,1,1,1,0,1,1,1,1,1,1,1,1,1,0,0,1,1,0,1
SiO2,NH2,30.2,-10.0,HP,90.0,60.0,15300,20,4,other,sphere,buffer,7.4,31.0,0.104,buffer,5.0,37,1,Anionic,1,1,1,1,1,1,1,1,1,1,1,1,1,1,1,1,1,1,1,1,1,1,1,1,1,1,1,1,1,1,1,1,1,1,1,1,1,1,1,1,1,1,1,1,1,1,1,1,1,1,1,1,1,1,1,1,1,1,1,1,1,1,1,1,1,1,1,1,1,1,1,1,1,1,1,1,1,1,1,1,1,1,1,1,1,1,1,1,1,1,1,1,1,1,1,1,1,1,1,1,1,1,1,1,1,1,1,0,1,0,1,1,1,1,1,1,1,1,1,1,1,1,1,1,1,1,1,1,1,1,1,0,1,1,0,1,1,1,1,1,1,1,1,0,1,1,1,1,1,1,1,1,0,0,1,1,1,1,1,1,1,1,0,1,1,1,1,1,1,1,1,1,0,1,1,1,0,1
SiO2,NH2,30.2,-10.0,HP,90.0,60.0,15300,20,4,other,sphere,buffer,7.4,31.0,0.104,buffer,15.0,37,1,Anionic,1,1,1,1,1,1,1,1,1,1,1,1,1,1,1,1,1,1,1,1,1,1,1,1,1,1,1,1,1,1,1,1,1,1,1,1,1,1,1,1,1,1,1,1,1,1,1,1,1,1,1,1,1,1,1,1,1,1,1,1,1,1,1,1,1,1,1,1,1,1,1,1,1,1,1,1,1,1,1,1,1,1,1,1,1,1,1,1,1,1,1,1,1,1,1,1,1,1,1,1,1,1,1,1,1,1,1,0,1,0,1,1,1,1,1,1,1,1,1,1,1,1,1,1,1,1,1,1,1,1,1,0,1,1,0,1,1,1,1,1,1,0,1,0,1,1,1,1,1,1,1,1,0,0,1,1,1,1,1,1,1,1,0,1,1,1,1,1,1,1,1,1,0,1,1,1,0,1
SiO2,NH2,30.2,-10.0,HP,90.0,60.0,15300,20,4,other,sphere,buffer,7.4,31.0,0.104,buffer,30.0,37,1,Anionic,1,1,1,1,1,1,1,1,1,1,1,1,1,1,1,1,1,1,1,1,1,1,1,1,1,1,1,1,1,1,1,1,1,1,1,1,1,1,1,1,1,1,1,1,1,1,1,1,1,1,1,1,1,1,1,1,1,1,1,1,1,1,1,1,1,1,1,1,1,1,1,1,1,1,1,1,1,1,1,1,1,1,1,1,1,1,1,1,1,1,1,1,1,1,1,1,1,1,1,1,1,1,1,1,1,1,1,0,1,0,1,1,1,1,1,1,1,1,1,1,1,1,1,1,1,1,1,1,1,1,1,0,1,1,0,1,1,1,1,1,1,1,1,0,1,1,1,1,1,1,1,1,0,0,1,1,1,1,1,1,1,1,0,1,1,1,1,1,1,1,1,1,0,1,1,1,0,1
SiO2,NH2,30.2,-10.0,HP,90.0,60.0,15300,20,4,other,sphere,buffer,7.4,31.0,0.104,buffer,60.0,37,1,Anionic,1,1,1,1,1,1,1,1,1,1,1,1,1,1,1,1,1,1,1,1,1,1,1,1,1,1,1,1,1,1,1,1,1,1,1,1,1,1,1,1,1,1,1,1,1,1,1,1,1,1,1,1,1,1,1,1,1,1,1,1,1,1,1,1,1,1,1,1,1,1,1,1,1,1,1,1,1,1,1,1,1,1,1,1,1,1,1,1,1,1,1,1,1,1,1,1,1,1,1,1,1,1,1,1,1,1,1,0,1,0,1,1,1,1,1,1,1,1,1,1,1,1,1,1,1,1,1,1,1,1,1,0,1,1,0,1,1,1,1,1,1,1,1,0,1,1,1,1,1,1,1,1,0,0,1,1,1,1,1,1,1,1,0,1,1,1,1,1,1,1,1,1,0,1,1,1,0,1
SiO2,NH2,30.2,-10.0,HP,90.0,60.0,15300,20,4,other,sphere,buffer,7.4,31.0,0.104,buffer,120.0,37,1,Anionic,1,1,1,1,1,1,1,1,1,1,1,1,1,1,1,1,1,1,1,1,1,1,1,1,1,1,1,1,1,1,1,1,1,1,1,1,1,1,1,1,1,1,1,1,1,1,1,1,1,1,1,1,1,1,1,1,1,1,1,1,1,1,1,1,1,1,1,1,1,1,1,1,1,1,1,1,1,1,1,1,1,1,1,1,1,1,1,1,1,1,1,1,1,1,1,1,1,1,1,1,1,1,1,1,1,1,1,0,1,0,1,1,1,1,1,1,1,1,1,1,1,1,1,1,1,1,1,1,1,1,1,0,1,1,0,1,1,1,1,1,1,1,1,0,1,1,1,1,1,1,1,1,0,0,1,1,1,1,1,1,1,1,0,1,1,1,1,1,1,1,1,1,0,1,1,1,0,1
SiO2,none,31.4,-14.0,HP,90.0,60.0,15300,20,4,other,sphere,plasma,7.4,48.0,0.004,buffer,0.5,37,1,Neutral,1,1,1,1,1,1,1,1,1,1,1,1,1,1,1,1,1,1,0,1,1,1,1,0,1,1,1,1,1,1,1,1,1,1,1,1,0,1,1,1,1,1,1,0,1,1,1,1,0,1,0,1,1,1,0,1,0,1,0,1,1,1,1,0,1,1,1,1,0,1,1,1,1,1,1,1,1,0,1,1,0,1,0,1,1,0,0,1,1,1,1,1,1,0,1,0,0,1,1,0,0,0,1,1,1,0,0,0,1,1,1,0,0,1,1,1,1,0,1,0,1,0,0,0,1,1,0,1,1,0,0,1,1,0,1,0,0,0,0,0,0,0,0,0,0,0,0,0,0,0,0,0,1,0,0,0,0,0,0,0,0,0,0,0,0,0,1,0,0,0,0,0,0,0,0,0,1,0
SiO2,COOH,27.2,-14.0,HP,90.0,60.0,15300,20,4,other,sphere,plasma,7.4,69.0,0.068,buffer,0.5,37,1,Anionic,1,1,1,1,1,1,1,1,1,1,1,1,1,1,1,1,1,1,1,1,1,1,1,1,1,1,1,1,1,1,1,1,1,1,1,1,1,1,1,1,1,1,1,1,1,1,1,1,1,1,1,1,1,1,1,1,1,1,1,1,1,1,1,1,1,1,1,1,1,1,1,1,1,1,1,1,1,1,1,1,1,1,1,1,1,1,1,1,1,1,1,1,1,1,1,1,1,1,1,1,1,1,1,1,1,1,1,0,1,0,1,1,1,1,1,1,1,1,1,1,1,1,1,1,1,1,1,1,1,1,1,0,1,1,0,1,1,1,1,1,1,1,1,0,1,1,1,1,1,1,1,1,0,0,1,1,1,1,1,1,1,1,0,1,1,1,1,1,1,1,1,1,0,1,1,1,0,1
SiO2,none,31.4,-14.0,HP,90.0,60.0,15300,20,4,other,sphere,plasma,7.4,48.0,0.004,buffer,2.0,37,1,Neutral,1,1,1,1,1,1,1,1,1,1,1,1,1,1,1,1,1,1,0,1,1,1,1,0,1,1,1,1,1,1,1,1,1,1,1,1,0,1,1,1,1,1,1,0,1,1,1,1,0,1,0,1,1,1,0,1,0,1,0,1,1,1,1,0,1,1,1,1,0,1,1,1,1,1,1,1,1,0,1,1,0,1,0,1,1,0,0,1,0,1,1,1,1,0,1,0,0,1,1,0,0,0,1,1,1,0,0,0,1,1,1,0,0,1,1,1,1,0,1,0,1,0,0,0,1,1,0,1,1,0,0,1,1,0,1,0,0,0,0,0,0,0,0,0,0,0,0,0,0,0,0,0,1,0,0,0,0,0,0,0,0,0,0,0,0,0,1,0,0,0,0,0,0,0,0,0,1,0
SiO2,COOH,27.2,-14.0,HP,90.0,60.0,15300,20,4,other,sphere,plasma,7.4,69.0,0.068,buffer,2.0,37,1,Anionic,1,1,1,1,1,1,1,1,1,1,1,1,1,1,1,1,1,1,1,1,1,1,1,1,1,1,1,1,1,1,1,1,1,1,1,1,1,1,1,1,1,1,1,1,1,1,1,1,1,1,1,1,1,1,1,1,1,1,1,1,1,1,1,1,1,1,1,1,1,1,1,1,1,1,1,1,1,1,1,1,1,1,1,1,1,1,1,1,1,1,1,1,1,1,1,1,1,1,1,1,1,1,1,1,1,1,1,0,1,0,1,1,1,1,1,1,1,1,1,1,1,1,1,1,1,1,1,1,1,1,1,0,1,1,0,1,1,1,1,1,1,1,1,0,1,1,1,1,1,1,1,1,0,0,1,1,1,1,1,1,1,1,0,1,1,1,1,1,1,1,1,1,0,1,1,1,0,1
SiO2,none,31.4,-14.0,HP,90.0,60.0,15300,20,4,other,sphere,plasma,7.4,48.0,0.004,buffer,5.0,37,1,Neutral,1,1,1,1,1,1,1,1,1,1,1,1,1,1,1,1,1,1,0,1,1,1,1,0,1,1,1,1,1,1,1,1,1,1,1,1,0,1,1,1,1,1,1,0,1,1,1,1,0,1,0,1,1,1,0,1,0,1,0,1,1,1,1,0,1,1,1,1,0,1,1,1,1,1,1,1,1,0,1,1,0,1,0,1,1,0,0,1,0,1,1,1,1,0,1,0,0,1,1,0,0,0,1,1,1,0,0,0,1,1,1,0,0,1,1,1,1,0,1,0,1,0,0,0,1,1,0,1,1,0,0,1,1,0,1,0,0,0,0,0,0,0,0,0,0,0,0,0,0,0,0,0,1,0,0,0,0,0,0,0,0,0,0,0,0,0,1,0,0,0,0,0,0,0,0,0,1,0
SiO2,COOH,27.2,-14.0,HP,90.0,60.0,15300,20,4,other,sphere,plasma,7.4,69.0,0.068,buffer,5.0,37,1,Anionic,1,1,1,1,1,1,1,1,1,1,1,1,1,1,1,1,1,1,1,1,1,1,1,1,1,1,1,1,1,1,1,1,1,1,1,1,1,1,1,1,1,1,1,1,1,1,1,1,1,1,1,1,1,1,1,1,1,1,1,1,1,1,1,1,1,1,1,1,1,1,1,1,1,1,1,1,1,1,1,1,1,1,1,1,1,1,1,1,1,1,1,1,1,1,1,1,1,1,1,1,1,1,1,1,1,1,1,0,1,0,1,1,1,1,1,1,1,1,1,1,1,1,1,1,1,1,1,1,1,1,1,0,1,1,0,1,1,1,1,1,1,1,1,0,1,1,1,1,1,1,1,1,0,0,1,1,1,1,1,1,1,1,0,1,1,1,1,1,1,1,1,1,0,1,1,1,0,1
SiO2,none,31.4,-14.0,HP,90.0,60.0,15300,20,4,other,sphere,plasma,7.4,48.0,0.004,buffer,15.0,37,1,Neutral,1,1,1,1,1,1,1,1,1,1,1,1,1,1,1,1,1,1,0,1,1,1,1,0,1,1,1,1,1,1,1,1,1,1,1,1,0,1,1,1,1,1,1,0,1,1,1,1,0,1,0,1,1,1,0,1,0,1,0,1,1,1,1,0,1,1,1,1,0,1,1,1,1,1,1,1,1,0,1,1,0,1,0,1,1,0,0,1,0,1,1,1,1,0,1,0,0,1,1,0,0,0,1,1,1,0,0,0,1,1,1,0,0,1,1,1,1,0,1,0,1,0,0,0,1,1,0,1,1,0,0,1,1,0,1,0,0,0,0,0,0,0,0,0,0,0,0,0,0,0,0,0,1,0,0,0,0,0,0,0,0,0,0,0,0,0,1,0,0,0,0,0,0,0,0,0,1,0
SiO2,COOH,27.2,-14.0,HP,90.0,60.0,15300,20,4,other,sphere,plasma,7.4,69.0,0.068,buffer,15.0,37,1,Anionic,1,1,1,1,1,1,1,1,1,1,1,1,1,1,1,1,1,1,1,1,1,1,1,1,1,1,1,1,1,1,1,1,1,1,1,1,1,1,1,1,1,1,1,1,1,1,1,1,1,1,1,1,1,1,1,1,1,1,1,1,1,1,1,1,1,1,1,1,1,1,1,1,1,1,1,1,1,1,1,1,1,1,1,1,1,1,1,1,1,1,1,1,1,1,1,1,1,1,1,1,1,1,1,1,1,1,1,0,1,0,1,1,1,1,1,1,1,1,1,1,1,1,1,1,1,1,1,1,1,1,1,0,1,1,0,1,1,1,1,1,1,1,1,0,1,1,1,1,1,1,1,1,0,0,1,1,1,1,1,1,1,1,0,1,1,1,1,1,1,1,1,1,0,1,1,1,0,1
SiO2,none,31.4,-14.0,HP,90.0,60.0,15300,20,4,other,sphere,plasma,7.4,48.0,0.004,buffer,30.0,37,1,Neutral,1,1,1,1,1,1,1,1,1,1,1,1,1,1,1,1,1,1,0,1,1,1,1,1,1,1,1,1,1,1,1,1,1,1,1,1,1,1,1,1,1,1,1,1,1,1,1,1,0,1,0,1,1,1,0,1,0,1,0,1,0,1,1,0,1,1,1,1,0,1,0,1,0,1,1,1,1,1,1,1,0,1,0,1,1,1,1,1,1,1,1,1,1,1,1,1,1,0,0,1,0,1,1,1,1,1,1,0,0,1,1,0,1,1,1,0,0,1,0,1,1,1,0,0,0,0,0,1,1,0,1,1,1,0,1,0,0,0,0,0,0,0,0,0,0,0,0,0,0,0,1,0,1,0,0,1,0,0,0,0,0,0,0,0,0,0,0,0,0,0,0,0,0,0,0,0,1,0
SiO2,COOH,27.2,-14.0,HP,90.0,60.0,15300,20,4,other,sphere,plasma,7.4,69.0,0.068,buffer,30.0,37,1,Anionic,1,1,1,1,1,1,1,1,1,1,1,1,1,1,1,1,1,1,1,1,1,1,1,1,1,1,1,1,1,1,1,1,1,1,1,1,1,1,1,1,1,1,1,1,1,1,1,1,1,1,1,1,1,1,1,1,1,1,1,1,1,1,1,1,1,1,1,1,1,1,1,1,1,1,1,1,1,1,1,1,1,1,1,1,1,1,1,1,1,1,1,1,1,1,1,1,1,1,1,1,1,1,1,1,1,1,1,0,1,0,1,1,1,1,1,1,1,1,1,1,1,1,1,1,1,1,1,1,1,1,1,0,1,1,0,1,1,1,1,1,1,1,1,0,1,1,1,1,1,1,1,1,0,0,1,1,1,1,1,1,1,1,0,1,1,1,1,1,1,1,1,1,0,1,1,1,0,1
SiO2,none,31.4,-14.0,HP,90.0,60.0,15300,20,4,other,sphere,plasma,7.4,48.0,0.004,buffer,60.0,37,1,Neutral,1,1,1,1,1,1,1,1,1,1,1,1,1,1,1,1,1,1,0,1,1,1,1,0,1,1,1,1,1,1,1,1,1,1,1,1,0,1,1,1,1,1,1,0,1,1,1,1,0,1,0,1,1,1,0,1,0,1,0,1,1,1,1,0,1,1,1,1,0,1,1,1,1,1,1,1,1,0,1,1,0,1,0,1,1,0,0,1,1,1,1,1,1,0,1,0,0,1,1,0,0,0,1,1,1,0,0,0,1,1,1,0,0,1,1,1,1,0,1,0,1,0,0,0,1,1,0,1,1,0,0,1,1,0,1,0,0,0,0,0,0,0,0,0,0,0,0,0,0,0,0,0,1,0,0,0,0,0,0,0,0,0,0,0,0,0,1,0,0,0,0,0,0,0,0,0,1,0
SiO2,COOH,27.2,-14.0,HP,90.0,60.0,15300,20,4,other,sphere,plasma,7.4,69.0,0.068,buffer,60.0,37,1,Anionic,1,1,1,1,1,1,1,1,1,1,1,1,1,1,1,1,1,1,1,1,1,1,1,1,1,1,1,1,1,1,1,1,1,1,1,1,1,1,1,1,1,1,1,1,1,1,1,1,1,1,1,1,1,1,1,1,1,1,1,1,1,1,1,1,1,1,1,1,1,1,1,1,1,1,1,1,1,1,1,1,1,1,1,1,1,1,1,1,1,1,1,1,1,1,1,1,1,1,1,1,1,1,1,1,1,1,1,0,1,0,1,1,1,1,1,1,1,1,1,1,1,1,1,1,1,1,1,1,1,1,1,0,1,1,0,1,1,1,1,1,1,1,1,0,1,1,1,1,1,1,1,1,0,0,1,1,1,1,1,1,1,1,0,1,1,1,1,1,1,1,1,1,0,1,1,1,0,1
SiO2,none,31.4,-14.0,HP,90.0,60.0,15300,20,4,other,sphere,plasma,7.4,48.0,0.004,buffer,120.0,37,1,Neutral,1,1,1,1,1,1,1,1,1,1,1,1,1,1,1,1,1,1,0,1,1,1,1,0,1,1,1,1,1,1,1,1,1,1,1,1,0,1,1,1,1,1,1,0,1,1,1,1,0,1,0,1,1,1,0,1,0,1,0,1,1,1,1,0,1,1,1,1,0,1,1,1,0,1,1,1,1,0,1,0,0,1,0,1,1,0,0,1,1,1,1,1,1,0,1,0,0,1,1,0,0,0,1,1,1,0,0,0,1,1,1,0,0,1,1,0,0,0,1,0,1,0,0,0,1,1,0,1,1,0,0,1,1,0,1,0,0,0,0,0,0,0,0,0,0,0,0,0,0,0,0,0,1,0,0,0,0,0,0,0,0,0,0,0,0,0,1,0,0,0,0,0,0,0,0,0,1,0
SiO2,COOH,27.2,-14.0,HP,90.0,60.0,15300,20,4,other,sphere,plasma,7.4,69.0,0.068,buffer,120.0,37,1,Anionic,1,1,1,1,1,1,1,1,1,1,1,1,1,1,1,1,1,1,1,1,1,1,1,1,1,1,1,1,1,1,1,1,1,1,1,1,1,1,1,1,1,1,1,1,1,1,1,1,1,1,1,1,1,1,1,1,1,1,1,1,1,1,1,1,1,1,1,1,1,1,1,1,1,1,1,1,1,1,1,1,1,1,1,1,1,1,1,1,1,1,1,1,1,1,1,1,1,1,1,1,1,1,1,1,1,1,1,0,1,0,1,1,1,1,1,1,1,1,1,1,1,1,1,1,1,1,1,1,1,1,1,0,1,1,0,1,1,1,1,1,1,1,1,0,1,1,1,1,1,1,1,1,0,0,1,1,1,1,1,1,1,1,0,1,1,1,1,1,1,1,1,1,0,1,1,1,0,1
SiO2,none,31.6,-15.0,HP,90.0,60.0,15300,20,4,other,sphere,buffer,7.4,33.0,0.045,buffer,0.5,37,1,Neutral,1,1,1,1,1,1,1,1,1,1,1,1,1,1,1,1,1,1,1,1,1,1,1,1,1,1,1,1,1,1,1,1,1,1,1,1,1,1,1,1,1,1,1,1,1,1,1,1,1,1,1,1,1,1,1,1,1,1,1,1,1,1,1,1,1,1,1,1,1,1,1,1,1,1,1,1,1,1,1,1,1,1,1,1,1,1,1,1,1,1,1,1,1,1,1,1,1,1,1,1,1,1,1,1,1,1,1,0,1,0,1,1,1,1,1,1,1,1,1,1,1,1,1,1,1,1,1,1,1,1,1,0,1,1,0,1,1,1,1,1,1,1,1,0,1,1,1,1,1,1,1,1,0,0,1,1,1,1,0,1,1,1,0,1,1,1,1,1,1,1,1,1,0,1,1,1,0,1
SiO2,none,31.6,-15.0,HP,90.0,60.0,15300,20,4,other,sphere,buffer,7.4,33.0,0.045,buffer,2.0,37,1,Neutral,1,1,1,1,1,1,1,1,1,1,1,1,1,1,1,1,1,1,1,1,1,1,1,1,1,1,1,1,1,1,1,1,1,1,1,1,1,1,1,1,1,1,1,1,1,1,1,1,1,1,1,1,1,1,1,1,1,1,1,1,1,1,1,1,1,1,1,1,1,1,1,1,1,1,1,1,1,1,1,1,1,1,1,1,1,1,1,1,1,1,1,1,1,1,1,1,1,1,1,1,1,1,1,1,1,1,1,0,1,0,1,1,1,1,1,1,1,1,1,1,1,1,1,1,1,1,1,1,1,1,1,0,1,1,0,1,1,1,1,1,1,1,1,0,1,1,1,1,1,1,1,1,0,0,1,1,1,1,1,1,1,1,0,1,1,1,1,1,1,1,1,1,0,1,1,1,0,1
SiO2,none,31.6,-15.0,HP,90.0,60.0,15300,20,4,other,sphere,buffer,7.4,33.0,0.045,buffer,5.0,37,1,Neutral,1,1,1,1,1,1,1,1,1,1,1,1,1,1,1,1,1,1,1,1,1,1,1,1,1,1,1,1,1,1,1,1,1,1,1,1,1,1,1,1,1,1,1,1,1,1,1,1,1,1,1,1,1,1,1,1,1,1,1,1,1,1,1,1,1,1,1,1,1,1,1,1,1,1,1,1,1,1,1,1,1,1,1,1,1,1,1,1,1,1,1,1,1,1,1,1,1,1,1,1,1,1,1,1,1,1,1,0,1,0,1,1,1,1,1,1,1,1,1,1,1,1,1,1,1,1,1,1,1,1,1,0,1,1,0,1,1,1,1,1,1,1,1,0,1,1,1,1,1,1,1,1,0,0,1,1,1,1,1,1,1,1,0,1,1,1,1,1,1,1,1,1,0,1,1,1,0,1
SiO2,none,31.6,-15.0,HP,90.0,60.0,15300,20,4,other,sphere,buffer,7.4,33.0,0.045,buffer,15.0,37,1,Neutral,1,1,1,1,1,1,1,1,1,1,1,1,1,1,1,1,1,1,1,1,1,1,1,1,1,1,1,1,1,1,1,1,1,1,1,1,1,1,1,1,1,1,1,1,1,1,1,1,1,1,1,1,1,1,1,1,1,1,1,1,1,1,1,1,1,1,1,1,1,1,1,1,1,1,1,1,1,1,1,1,1,1,1,1,1,1,1,1,1,1,1,1,1,1,1,1,1,1,1,1,1,1,1,1,1,1,1,0,1,0,1,1,1,1,1,1,1,1,1,1,1,1,1,1,1,1,1,1,1,1,1,0,1,1,0,1,1,1,1,1,1,1,1,0,1,1,1,1,1,1,1,1,0,0,1,1,1,1,1,1,1,1,0,1,1,1,1,1,1,1,1,1,0,1,1,1,0,1
SiO2,none,31.6,-15.0,HP,90.0,60.0,15300,20,4,other,sphere,buffer,7.4,33.0,0.045,buffer,30.0,37,1,Neutral,1,1,1,1,1,1,1,1,1,1,1,1,1,1,1,1,1,1,1,1,1,1,1,1,1,1,1,1,1,1,1,1,1,1,1,1,1,1,1,1,1,1,1,1,1,1,1,1,1,1,1,1,1,1,1,1,1,1,1,1,1,1,1,1,1,1,1,1,1,1,1,1,1,1,1,1,1,1,1,1,1,1,1,1,1,1,1,1,1,1,1,1,1,1,1,1,1,1,1,1,1,1,1,1,1,1,1,0,1,0,1,1,1,1,1,1,1,1,1,1,1,1,1,1,1,1,1,1,1,1,1,0,1,1,0,1,1,1,1,1,1,1,1,0,1,1,1,1,1,1,1,1,0,0,1,1,1,1,1,1,1,1,0,1,1,1,1,1,1,1,1,1,0,1,1,1,0,1
SiO2,none,31.6,-15.0,HP,90.0,60.0,15300,20,4,other,sphere,buffer,7.4,33.0,0.045,buffer,60.0,37,1,Neutral,1,1,1,1,1,1,1,1,1,1,1,1,1,1,1,1,1,1,1,1,1,1,1,1,1,1,1,1,1,1,1,1,1,1,1,1,1,1,1,1,1,1,1,1,1,1,1,1,1,1,1,1,1,1,1,1,1,1,1,1,1,1,1,1,1,1,1,1,1,1,1,1,1,1,1,1,1,1,1,1,1,1,1,1,1,1,1,1,1,1,1,1,1,1,1,1,1,1,1,1,1,1,1,1,1,1,1,0,1,0,1,1,1,1,1,1,1,1,1,1,1,1,1,1,1,1,1,1,1,1,1,0,1,1,0,1,1,1,1,1,1,1,1,0,1,1,1,1,1,1,1,1,0,0,1,1,1,1,1,1,1,1,0,1,1,1,1,1,1,1,1,1,0,1,1,1,0,1
SiO2,none,31.6,-15.0,HP,90.0,60.0,15300,20,4,other,sphere,buffer,7.4,33.0,0.045,buffer,120.0,37,1,Neutral,1,1,1,1,1,1,1,1,1,1,1,1,1,1,1,1,1,1,1,1,1,1,1,1,1,1,1,1,1,1,1,1,1,1,1,1,1,1,1,1,1,1,1,1,1,1,1,1,1,1,1,1,1,1,1,1,1,1,1,1,1,1,1,1,1,1,1,1,1,1,1,1,1,1,1,1,1,1,1,1,1,1,1,1,1,1,1,1,1,1,1,1,1,1,1,1,1,1,1,1,1,1,1,1,1,1,1,0,1,0,1,1,1,1,1,1,1,1,1,1,1,1,1,1,1,1,1,1,1,1,1,0,1,1,0,1,1,1,1,1,1,1,1,0,1,1,1,1,1,1,1,1,0,0,1,1,1,1,1,1,1,1,0,1,1,1,1,1,1,1,1,1,0,1,1,1,0,1
SiO2,COOH,27.2,-18.0,HP,90.0,60.0,15300,20,4,other,sphere,buffer,7.4,28.0,0.063,buffer,0.5,37,1,Anionic,1,1,1,1,1,1,1,1,1,1,1,1,1,1,1,1,1,1,1,1,1,1,1,1,1,1,1,1,1,1,1,1,1,1,1,1,1,1,1,1,1,1,1,1,1,1,1,1,1,1,1,1,1,1,1,1,1,1,1,1,1,1,1,1,1,1,1,1,1,1,1,1,1,1,1,1,1,1,1,1,1,1,1,1,1,1,1,1,1,1,1,1,1,1,1,1,1,1,1,1,1,1,1,1,1,1,1,0,1,0,1,1,1,1,1,1,1,1,1,1,1,1,1,1,1,1,1,1,1,1,1,0,1,1,0,1,1,1,1,1,1,1,1,0,1,1,1,1,1,1,1,1,0,0,1,1,1,1,1,1,1,1,0,1,1,1,1,1,1,1,1,1,0,1,1,1,0,1
SiO2,NH2,144.8,-18.0,HP,90.0,60.0,15300,20,4,other,sphere,buffer,7.4,148.0,0.004,buffer,0.5,37,1,Anionic,1,1,1,1,1,1,1,1,1,1,1,1,1,1,1,1,1,1,1,1,1,1,1,1,1,1,1,1,1,1,1,1,1,1,1,1,1,1,1,1,1,1,1,1,1,1,1,1,1,1,1,1,1,1,1,1,1,1,1,1,1,1,1,1,1,1,1,1,1,1,1,1,1,1,1,1,1,1,1,1,1,1,1,1,1,1,1,1,1,1,1,1,1,1,1,1,1,1,1,1,1,1,1,1,1,1,1,0,1,0,1,1,1,1,1,1,1,1,1,1,1,1,1,1,1,1,1,1,1,1,1,0,1,1,0,1,1,1,1,1,1,1,1,0,1,1,1,1,1,1,1,1,0,0,1,1,1,1,0,1,1,1,0,1,1,1,1,1,1,1,1,1,0,1,1,1,0,1
PS,none,115.0,-18.0,HP,90.0,600.0,15300,20,4,other,sphere,plasma,7.4,156.0,0.011,buffer,0.5,37,1,Neutral,1,1,1,1,1,1,1,1,1,1,1,1,1,1,1,1,1,1,0,1,1,1,1,0,1,1,1,1,1,1,1,1,1,1,1,1,1,1,1,1,1,1,1,1,1,1,1,1,1,1,0,1,1,1,0,1,0,1,1,1,1,1,1,0,1,1,0,1,1,1,1,1,1,1,1,1,1,0,1,1,0,1,0,1,1,0,1,1,1,0,0,1,1,0,1,1,0,0,1,1,1,1,1,1,0,0,0,0,0,1,0,0,1,1,0,0,0,1,0,0,1,1,0,0,1,0,0,0,1,1,0,1,1,1,1,0,0,0,1,0,0,1,0,0,1,0,0,0,0,0,1,1,1,0,1,0,1,0,0,0,0,0,0,0,0,0,0,0,1,1,0,0,0,0,0,0,1,0
SiO2,COOH,27.2,-18.0,HP,90.0,60.0,15300,20,4,other,sphere,buffer,7.4,28.0,0.063,buffer,2.0,37,1,Anionic,1,1,1,1,1,1,1,1,1,1,1,1,1,1,1,1,1,1,1,1,1,1,1,1,1,1,1,1,1,1,1,1,1,1,1,1,1,1,1,1,1,1,1,1,1,1,1,1,1,1,1,1,1,1,1,1,1,1,1,1,1,1,1,1,1,1,1,1,1,1,1,1,1,1,1,1,1,1,1,1,1,1,1,1,1,1,1,1,1,1,1,1,1,1,1,1,1,1,1,1,1,1,1,1,1,1,1,0,1,0,1,1,1,1,1,1,1,1,1,1,1,1,1,1,1,1,1,1,1,1,1,0,1,1,0,1,1,1,1,1,1,1,1,0,1,1,1,1,1,1,1,1,0,0,1,1,1,1,1,1,1,1,0,1,1,1,1,1,1,1,1,1,0,1,1,1,0,1
SiO2,NH2,144.8,-18.0,HP,90.0,60.0,15300,20,4,other,sphere,buffer,7.4,148.0,0.004,buffer,2.0,37,1,Anionic,1,1,1,1,1,1,1,1,1,1,1,1,1,1,1,1,1,1,1,1,1,1,1,1,1,1,1,1,1,1,1,1,1,1,1,1,1,1,1,1,1,1,1,1,1,1,1,1,1,1,1,1,1,1,1,1,1,1,1,1,1,1,1,1,1,1,1,1,1,1,1,1,1,1,1,1,1,1,1,1,1,1,1,1,1,1,1,1,1,1,1,1,1,1,1,1,1,1,1,1,1,1,1,1,1,1,1,0,1,0,1,1,1,1,1,1,1,1,1,1,1,1,1,1,1,1,1,1,1,1,1,0,1,1,0,1,1,1,1,1,1,1,1,0,1,1,1,1,1,1,1,1,0,0,1,1,1,1,0,1,1,1,0,1,1,1,1,1,1,1,1,1,0,1,1,1,0,1
PS,none,115.0,-18.0,HP,90.0,600.0,15300,20,4,other,sphere,plasma,7.4,156.0,0.011,buffer,2.0,37,1,Neutral,1,1,1,1,1,1,1,1,1,1,1,1,1,1,1,1,1,1,0,1,1,1,1,0,1,1,1,1,1,1,1,1,1,1,1,1,1,1,1,1,1,1,1,1,1,1,1,1,1,1,0,1,1,1,0,1,0,1,1,1,1,1,1,0,1,1,0,1,1,1,1,1,1,1,1,1,1,0,1,1,0,1,0,1,1,0,1,1,1,0,0,1,1,0,1,1,0,0,1,1,1,1,1,1,0,0,0,0,0,1,0,0,1,1,0,0,0,1,0,0,1,1,0,0,1,0,0,0,1,1,0,1,1,1,1,0,0,0,1,0,0,1,0,0,1,0,0,0,0,0,1,1,1,0,1,0,1,0,0,0,0,0,0,0,0,0,0,0,1,1,0,0,0,0,0,0,1,0
SiO2,COOH,27.2,-18.0,HP,90.0,60.0,15300,20,4,other,sphere,buffer,7.4,28.0,0.063,buffer,5.0,37,1,Anionic,1,1,1,1,1,1,1,1,1,1,1,1,1,1,1,1,1,1,1,1,1,1,1,1,1,1,1,1,1,1,1,1,1,1,1,1,1,1,1,1,1,1,1,1,1,1,1,1,1,1,1,1,1,1,1,1,1,1,1,1,1,1,1,1,1,1,1,1,1,1,1,1,1,1,1,1,1,1,1,1,1,1,1,1,1,1,1,1,1,1,1,1,1,1,1,1,1,1,1,1,1,1,1,1,1,1,1,0,1,0,1,1,1,1,1,1,1,1,1,1,1,1,1,1,1,1,1,1,1,1,1,0,1,1,0,1,1,1,1,1,1,1,1,0,1,1,1,1,1,1,1,1,0,0,1,1,1,1,1,1,1,1,0,1,1,1,1,1,1,1,1,1,0,1,1,1,0,1
SiO2,NH2,144.8,-18.0,HP,90.0,60.0,15300,20,4,other,sphere,buffer,7.4,148.0,0.004,buffer,5.0,37,1,Anionic,1,1,1,1,1,1,1,1,1,1,1,1,1,1,1,1,1,1,1,1,1,1,1,1,1,1,1,1,1,1,1,1,1,1,1,1,1,1,1,1,1,1,1,1,1,1,1,1,1,1,1,1,1,1,1,1,1,1,1,1,1,1,1,1,1,1,1,1,1,1,1,1,1,1,1,1,1,1,1,1,1,1,1,1,1,1,1,1,1,1,1,1,1,1,1,1,1,1,1,1,1,1,1,1,1,1,1,0,1,0,1,1,1,1,1,1,1,1,1,1,1,1,1,1,1,1,1,1,1,1,1,0,1,1,0,1,1,1,1,1,1,1,1,0,1,1,1,1,1,1,1,1,0,0,1,1,1,1,1,1,1,1,0,1,1,1,1,1,1,1,1,1,0,1,1,1,0,1
PS,none,115.0,-18.0,HP,90.0,600.0,15300,20,4,other,sphere,plasma,7.4,156.0,0.011,buffer,5.0,37,1,Neutral,1,1,1,1,1,1,1,1,1,1,1,1,1,1,1,1,1,1,0,1,1,1,1,0,1,1,1,1,1,1,1,1,1,1,1,1,1,1,1,1,1,1,1,1,1,1,1,1,1,1,0,1,1,1,0,1,0,1,1,1,1,1,1,0,1,1,0,1,1,1,1,1,1,1,1,1,1,0,1,1,0,1,0,1,1,0,1,1,1,0,0,1,1,0,1,1,0,0,1,1,1,1,1,1,0,0,0,0,0,1,0,0,1,1,0,0,0,1,0,0,1,1,0,0,1,0,0,0,1,1,0,1,1,1,1,0,0,0,1,0,0,1,0,0,1,0,0,0,0,0,1,1,1,0,1,0,1,0,0,0,0,0,0,0,0,0,0,0,1,1,0,0,0,0,0,0,1,0
SiO2,COOH,27.2,-18.0,HP,90.0,60.0,15300,20,4,other,sphere,buffer,7.4,28.0,0.063,buffer,15.0,37,1,Anionic,1,1,1,1,1,1,1,1,1,1,1,1,1,1,1,1,1,1,1,1,1,1,1,1,1,1,1,1,1,1,1,1,1,1,1,1,1,1,1,1,1,1,1,1,1,1,1,1,1,1,1,1,1,1,1,1,1,1,1,1,1,1,1,1,1,1,1,1,1,1,1,1,1,1,1,1,1,1,1,1,1,1,1,1,1,1,1,1,1,1,1,1,1,1,1,1,1,1,1,1,1,1,1,1,1,1,1,0,1,0,1,1,1,1,1,1,1,1,1,1,1,1,1,1,1,1,1,1,1,1,1,0,1,1,0,1,1,1,1,1,1,1,1,0,1,1,1,1,1,1,1,1,0,0,1,1,1,1,1,1,1,1,0,1,1,1,1,1,1,1,1,1,0,1,1,1,0,1
SiO2,NH2,144.8,-18.0,HP,90.0,60.0,15300,20,4,other,sphere,buffer,7.4,148.0,0.004,buffer,15.0,37,1,Anionic,1,1,1,1,1,1,1,1,1,1,1,1,1,1,1,1,1,1,1,1,1,1,1,1,1,1,1,1,1,1,1,1,1,1,1,1,1,1,1,1,1,1,1,1,1,1,1,1,1,1,1,1,1,1,1,1,1,1,1,1,1,1,1,1,1,1,1,1,1,1,1,1,1,1,1,1,1,1,1,1,1,1,1,1,1,1,1,1,1,1,1,1,1,1,1,1,1,1,1,1,1,1,1,1,1,1,1,0,1,0,1,1,1,1,1,1,1,1,1,1,1,1,1,1,1,1,1,1,1,1,1,0,1,1,0,1,1,1,1,1,1,1,1,0,1,1,1,1,1,1,1,1,0,0,1,1,1,1,1,1,1,1,0,1,1,1,1,1,1,1,1,1,0,1,1,1,0,1
PS,none,115.0,-18.0,HP,90.0,600.0,15300,20,4,other,sphere,plasma,7.4,156.0,0.011,buffer,15.0,37,1,Neutral,1,1,1,1,1,1,1,1,1,1,1,1,1,1,1,1,1,1,0,1,1,1,1,0,1,1,1,1,1,1,1,1,1,1,1,1,0,1,0,1,1,1,1,1,1,1,0,1,0,1,0,1,1,1,0,1,0,1,1,1,1,1,1,0,1,1,0,1,1,1,1,0,0,0,1,1,1,0,1,1,0,1,0,1,1,0,1,1,1,0,0,1,1,0,1,1,0,0,1,1,1,1,1,1,0,0,0,0,0,1,0,0,1,1,0,0,0,1,0,0,1,1,0,0,1,0,0,0,1,1,0,1,1,1,1,0,0,0,1,0,0,1,0,0,1,0,0,0,0,0,0,1,1,0,1,0,1,0,0,0,0,0,0,0,0,0,0,0,1,1,0,0,0,0,0,0,1,0
SiO2,COOH,27.2,-18.0,HP,90.0,60.0,15300,20,4,other,sphere,buffer,7.4,28.0,0.063,buffer,30.0,37,1,Anionic,1,1,1,1,1,1,1,1,1,1,1,1,1,1,1,1,1,1,1,1,1,1,1,1,1,1,1,1,1,1,1,1,1,1,1,1,1,1,1,1,1,1,1,1,1,1,1,1,1,1,1,1,1,1,1,1,1,1,1,1,1,1,1,1,1,1,1,1,1,1,1,1,1,1,1,1,1,1,1,1,1,1,1,1,1,1,1,1,1,1,1,1,1,1,1,1,1,1,1,1,1,1,1,1,1,1,1,0,1,0,1,1,1,1,1,1,1,1,1,1,1,1,1,1,1,1,1,1,1,1,1,0,1,1,0,1,1,1,1,1,1,1,1,0,1,1,1,1,1,1,1,1,0,0,1,1,1,1,1,1,1,1,0,1,1,1,1,1,1,1,1,1,0,1,1,1,0,1
SiO2,NH2,144.8,-18.0,HP,90.0,60.0,15300,20,4,other,sphere,buffer,7.4,148.0,0.004,buffer,30.0,37,1,Anionic,1,1,1,1,1,1,1,1,1,1,1,1,1,1,1,1,1,1,1,1,1,1,1,1,1,1,1,1,1,1,1,1,1,1,1,1,1,1,1,1,1,1,1,1,1,1,1,1,1,1,1,1,1,1,1,1,1,1,1,1,1,1,1,1,1,1,1,1,1,1,1,1,1,1,1,1,1,1,1,1,1,1,1,1,1,1,1,1,1,1,1,1,1,1,1,1,1,1,1,1,1,1,1,1,1,1,1,0,1,0,1,1,1,1,1,1,1,1,1,1,1,1,1,1,1,1,1,1,1,1,1,0,1,1,0,1,1,1,1,1,1,1,1,0,1,1,1,1,1,1,1,1,0,0,1,1,1,1,1,1,1,1,0,1,1,1,1,1,1,1,1,1,0,1,1,1,0,1
PS,none,115.0,-18.0,HP,90.0,600.0,15300,20,4,other,sphere,plasma,7.4,156.0,0.011,buffer,30.0,37,1,Neutral,1,1,1,1,1,1,1,1,1,1,1,1,1,1,1,1,1,1,0,1,1,1,1,0,1,1,1,1,1,1,1,1,1,1,1,1,0,1,1,1,1,1,1,1,1,1,1,1,1,1,0,1,1,1,0,1,0,1,1,1,1,1,1,0,1,1,0,1,1,1,1,1,1,1,1,1,1,0,1,1,0,1,0,1,1,0,1,1,1,0,0,1,1,0,1,1,0,0,1,1,1,1,1,1,0,0,0,0,0,1,0,0,1,1,0,0,0,1,0,0,1,1,0,0,1,0,0,0,1,1,0,1,1,1,1,0,0,0,1,0,0,1,0,0,1,0,0,0,0,0,1,1,1,0,1,0,1,0,0,0,0,0,0,0,0,0,0,0,1,1,0,0,0,0,0,0,1,0
SiO2,COOH,27.2,-18.0,HP,90.0,60.0,15300,20,4,other,sphere,buffer,7.4,28.0,0.063,buffer,60.0,37,1,Anionic,1,1,1,1,1,1,1,1,1,1,1,1,1,1,1,1,1,1,1,1,1,1,1,1,1,1,1,1,1,1,1,1,1,1,1,1,1,1,1,1,1,1,1,1,1,1,1,1,1,1,1,1,1,1,1,1,1,1,1,1,1,1,1,1,1,1,1,1,1,1,1,1,1,1,1,1,1,1,1,1,1,1,1,1,1,1,1,1,1,1,1,1,1,1,1,1,1,1,1,1,1,1,1,1,1,1,1,0,1,0,1,1,1,1,1,1,1,1,1,1,1,1,1,1,1,1,1,1,1,1,1,0,1,1,0,1,1,1,1,1,1,1,1,0,1,1,1,1,1,1,1,1,0,0,1,1,1,1,1,1,1,1,0,1,1,1,1,1,1,1,1,1,0,1,1,1,0,1
SiO2,NH2,144.8,-18.0,HP,90.0,60.0,15300,20,4,other,sphere,buffer,7.4,148.0,0.004,buffer,60.0,37,1,Anionic,1,1,1,1,1,1,1,1,1,1,1,1,1,1,1,1,1,1,1,1,1,1,1,1,1,1,1,1,1,1,1,1,1,1,1,1,1,1,1,1,1,1,1,1,1,1,1,1,1,1,1,1,1,1,1,1,1,1,1,1,1,1,1,1,1,1,1,1,1,1,1,1,1,1,1,1,1,1,1,1,1,1,1,1,1,1,1,1,1,1,1,1,1,1,1,1,1,1,1,1,1,1,1,1,1,1,1,0,1,0,1,1,1,1,1,1,1,1,1,1,1,1,1,1,1,1,1,1,1,1,1,0,1,1,0,1,1,1,1,1,1,1,1,0,1,1,1,1,1,1,1,1,0,0,1,1,1,1,0,1,1,1,0,1,1,1,1,1,1,1,1,1,0,1,1,1,0,1
PS,none,115.0,-18.0,HP,90.0,600.0,15300,20,4,other,sphere,plasma,7.4,156.0,0.011,buffer,60.0,37,1,Neutral,1,1,1,1,1,1,1,1,1,1,1,1,1,1,1,1,1,1,0,1,1,1,1,0,1,1,1,1,1,1,1,1,1,1,1,1,0,1,1,1,1,1,1,1,1,1,1,1,0,1,0,1,1,1,0,1,0,1,1,1,1,1,1,0,1,1,0,1,1,1,1,1,1,1,1,1,1,0,1,1,0,1,0,1,1,0,1,1,1,0,0,1,1,0,1,1,0,0,1,1,1,1,1,1,0,0,0,0,0,1,0,0,1,1,0,0,0,1,0,0,1,1,0,0,1,0,0,0,1,1,0,1,1,1,1,0,0,0,1,0,0,1,0,0,1,0,0,0,0,0,1,1,1,0,1,0,1,0,0,0,0,0,0,0,0,0,0,0,1,1,0,0,0,0,0,0,1,0
SiO2,COOH,27.2,-18.0,HP,90.0,60.0,15300,20,4,other,sphere,buffer,7.4,28.0,0.063,buffer,120.0,37,1,Anionic,1,1,1,1,1,1,1,1,1,1,1,1,1,1,1,1,1,1,1,1,1,1,1,1,1,1,1,1,1,1,1,1,1,1,1,1,1,1,1,1,1,1,1,1,1,1,1,1,1,1,1,1,1,1,1,1,1,1,1,1,1,1,1,1,1,1,1,1,1,1,1,1,1,1,1,1,1,1,1,1,1,1,1,1,1,1,1,1,1,1,1,1,1,1,1,1,1,1,1,1,1,1,1,1,1,1,1,0,1,0,1,1,1,1,1,1,1,1,1,1,1,1,1,1,1,1,1,1,1,1,1,0,1,1,0,1,1,1,1,1,1,1,1,0,1,1,1,1,1,1,1,1,0,0,1,1,1,1,1,1,1,1,0,1,1,1,1,1,1,1,1,1,0,1,1,1,0,1
SiO2,NH2,144.8,-18.0,HP,90.0,60.0,15300,20,4,other,sphere,buffer,7.4,148.0,0.004,buffer,120.0,37,1,Anionic,1,1,1,1,1,1,1,1,1,1,1,1,1,1,1,1,1,1,1,1,1,1,1,1,1,1,1,1,1,1,1,1,1,1,1,1,1,1,1,1,1,1,1,1,1,1,1,1,0,1,1,1,1,1,1,1,1,1,1,1,1,1,1,1,1,1,1,1,1,1,1,1,1,1,1,1,1,1,1,1,1,1,1,1,1,1,1,1,1,1,1,1,1,1,1,1,1,1,1,1,1,1,1,1,1,1,1,0,1,0,1,1,1,1,1,1,1,1,1,1,1,1,1,1,1,1,1,1,1,1,1,0,1,1,0,1,1,1,1,1,1,0,1,0,1,1,1,1,1,1,1,1,0,0,1,1,1,1,0,1,1,1,0,1,1,1,1,1,1,0,1,1,0,0,1,1,0,1
PS,none,115.0,-18.0,HP,90.0,600.0,15300,20,4,other,sphere,plasma,7.4,156.0,0.011,buffer,120.0,37,1,Neutral,1,1,1,1,1,1,1,1,1,1,1,1,1,1,1,1,1,1,0,1,1,1,1,0,1,1,1,1,1,1,1,1,1,1,1,1,0,1,1,1,1,1,1,1,1,1,1,1,0,1,0,1,1,1,0,1,0,1,1,1,1,1,1,0,1,1,0,1,1,1,1,1,1,1,1,1,1,0,1,1,0,1,0,1,1,0,1,1,1,0,0,1,1,0,1,1,0,0,1,1,1,1,1,1,0,0,0,0,0,1,0,0,1,1,0,0,0,1,0,0,1,1,0,0,1,0,0,0,1,1,0,1,1,1,1,0,0,0,1,0,0,1,0,0,1,0,0,0,0,0,1,1,1,0,1,0,1,0,0,0,0,0,0,0,0,0,0,0,1,1,0,0,0,0,0,0,1,0
SiO2,none,141.0,-21.0,HP,90.0,60.0,15300,20,4,other,sphere,buffer,7.4,141.0,0.002,buffer,0.5,37,1,Neutral,1,1,1,1,1,1,1,1,1,1,1,1,1,1,1,1,1,1,1,1,1,1,1,1,1,1,1,1,1,1,1,1,1,1,1,1,1,1,1,1,1,1,1,1,1,1,1,1,1,1,1,1,1,1,1,1,1,1,1,1,1,1,1,1,1,1,1,1,1,1,1,1,1,1,1,1,1,1,1,1,1,1,1,1,1,1,1,1,1,1,1,1,1,1,1,1,1,1,1,1,1,1,1,1,1,1,1,0,1,0,1,1,1,1,1,1,1,1,1,1,1,1,1,1,1,1,1,1,1,1,1,0,1,1,0,1,1,1,1,1,1,1,1,0,1,1,1,1,1,1,1,1,0,0,1,1,1,1,1,1,1,1,0,1,1,1,1,1,1,1,1,1,0,1,1,1,0,1
SiO2,none,141.0,-21.0,HP,90.0,60.0,15300,20,4,other,sphere,buffer,7.4,141.0,0.002,buffer,2.0,37,1,Neutral,1,1,1,1,1,1,1,1,1,1,1,1,1,1,1,1,1,1,1,1,1,1,1,1,1,1,1,1,1,1,1,1,1,1,1,1,1,1,1,1,1,1,1,1,1,1,1,1,1,1,1,1,1,1,1,1,1,1,1,1,1,1,1,1,1,1,1,1,1,1,1,1,1,1,1,1,1,1,1,1,1,1,1,1,1,1,1,1,1,1,1,1,1,1,1,1,1,1,1,1,1,1,1,1,1,1,1,0,1,0,1,1,1,1,1,1,1,1,1,1,1,1,1,1,1,1,1,1,1,1,1,0,1,1,0,1,1,1,1,1,1,1,1,0,1,1,1,1,1,1,1,1,0,0,1,1,1,1,1,1,1,1,0,1,1,1,1,1,1,1,1,1,0,1,1,1,0,1
SiO2,none,141.0,-21.0,HP,90.0,60.0,15300,20,4,other,sphere,buffer,7.4,141.0,0.002,buffer,5.0,37,1,Neutral,1,1,1,1,1,1,1,1,1,1,1,1,1,1,1,1,1,1,1,1,1,1,1,1,1,1,1,1,1,1,1,1,1,1,1,1,1,1,1,1,1,1,1,1,1,1,1,1,1,1,1,1,1,1,1,1,1,1,1,1,1,1,1,1,1,1,1,1,1,1,1,1,1,1,1,1,1,1,1,1,1,1,1,1,1,1,1,1,1,1,1,1,1,1,1,1,1,1,1,1,1,1,1,1,1,1,1,0,1,0,1,1,1,1,1,1,1,1,1,1,1,1,1,1,1,1,1,1,1,1,1,0,1,1,0,1,1,1,1,1,1,1,1,0,1,1,1,1,1,1,1,1,0,0,1,1,1,1,1,1,1,1,0,1,1,1,1,1,1,1,1,1,0,1,1,1,0,1
SiO2,none,141.0,-21.0,HP,90.0,60.0,15300,20,4,other,sphere,buffer,7.4,141.0,0.002,buffer,15.0,37,1,Neutral,1,1,1,1,1,1,1,1,1,1,1,1,1,1,1,1,1,1,1,1,1,1,1,1,1,1,1,1,1,1,1,1,1,1,1,1,1,1,1,1,1,1,1,1,1,1,1,1,1,1,1,1,1,1,1,1,1,1,1,1,1,1,1,1,1,1,1,1,1,1,1,1,1,1,1,1,1,1,1,1,1,1,1,1,1,1,1,1,1,1,1,1,1,1,1,1,1,1,1,1,1,1,1,1,1,1,1,0,1,0,1,1,1,1,1,1,1,1,1,1,1,1,1,1,1,1,1,1,1,1,1,0,1,1,0,1,1,1,1,1,1,1,1,0,1,1,1,1,1,1,1,1,0,0,1,1,1,1,1,1,1,1,0,1,1,1,1,1,1,1,1,1,0,1,1,1,0,1
SiO2,none,141.0,-21.0,HP,90.0,60.0,15300,20,4,other,sphere,buffer,7.4,141.0,0.002,buffer,30.0,37,1,Neutral,1,1,1,1,1,1,1,1,1,1,1,1,1,1,1,1,1,1,1,1,1,1,1,1,1,1,1,1,1,1,1,1,1,1,1,1,1,1,1,1,1,1,1,1,1,1,1,1,1,1,1,1,1,1,1,1,1,1,1,1,1,1,1,1,1,1,1,1,1,1,1,1,1,1,1,1,1,1,1,1,1,1,1,1,1,1,1,1,1,1,1,1,1,1,1,1,1,1,1,1,1,1,1,1,1,1,1,0,1,0,1,1,1,1,1,1,1,1,1,1,1,1,1,1,1,1,1,1,1,1,1,0,1,1,0,1,1,1,1,1,1,1,1,0,1,1,1,1,1,1,1,1,0,0,1,1,1,1,1,1,1,1,0,1,1,1,1,1,1,1,1,1,0,1,1,1,0,1
SiO2,none,141.0,-21.0,HP,90.0,60.0,15300,20,4,other,sphere,buffer,7.4,141.0,0.002,buffer,60.0,37,1,Neutral,1,1,1,1,1,1,1,1,1,1,1,1,1,1,1,1,1,1,1,1,1,1,1,1,1,1,1,1,1,1,1,1,1,1,1,1,1,1,1,1,1,1,1,1,1,1,1,1,1,1,1,1,1,1,1,1,1,1,1,1,1,1,1,1,1,1,1,1,1,1,1,1,1,1,1,1,1,1,1,1,1,1,1,1,1,1,1,1,1,1,1,1,1,1,1,1,1,1,1,1,1,1,1,1,1,1,1,0,1,0,1,1,1,1,1,1,1,1,1,1,1,1,1,1,1,1,1,1,1,1,1,0,1,1,0,1,1,1,1,1,1,1,1,0,1,1,1,1,1,1,1,1,0,0,1,1,1,1,1,1,1,1,0,1,1,1,1,1,1,1,1,1,0,1,1,1,0,1
SiO2,none,141.0,-21.0,HP,90.0,60.0,15300,20,4,other,sphere,buffer,7.4,141.0,0.002,buffer,120.0,37,1,Neutral,1,1,1,1,1,1,1,1,1,1,1,1,1,1,1,1,1,1,1,1,1,1,1,1,1,1,1,1,1,1,1,1,1,1,1,1,1,1,1,1,1,1,1,1,1,1,1,1,1,1,1,1,1,1,1,1,1,1,1,1,1,1,1,1,1,1,1,1,1,1,1,1,1,1,1,1,1,1,1,1,1,1,1,1,1,1,1,1,1,1,1,1,1,1,1,1,1,1,1,1,1,1,1,1,1,1,1,0,1,0,1,1,1,1,1,1,1,1,1,1,1,1,1,1,1,1,1,1,1,1,1,0,1,1,0,1,1,1,1,1,1,1,1,0,1,1,1,1,1,1,1,1,0,0,1,1,1,1,1,1,1,1,0,1,1,1,1,1,1,1,1,1,0,1,1,1,0,1
PS,none,112.0,-24.0,HP,90.0,600.0,15300,20,4,other,sphere,plasma,7.4,126.0,0.011,buffer,0.5,37,1,Neutral,1,1,1,1,1,1,1,1,1,1,1,1,1,1,1,1,1,1,0,1,1,1,1,1,1,1,1,1,1,1,1,1,1,1,1,1,1,1,1,1,1,1,1,1,1,1,1,1,0,1,0,1,1,1,0,1,0,1,0,1,0,1,1,0,1,1,1,1,0,1,0,1,0,1,1,1,1,1,1,1,0,1,0,1,1,1,1,1,1,1,1,1,1,1,1,1,1,0,0,1,0,1,1,1,1,1,1,0,0,1,1,0,1,1,1,0,0,1,0,1,1,1,0,0,0,0,0,1,1,0,1,1,1,0,1,0,0,0,0,0,0,0,0,0,0,0,0,0,0,0,1,0,1,0,0,1,0,0,0,0,0,0,0,0,0,0,0,0,0,0,0,0,0,0,0,0,1,0
PS,none,112.0,-24.0,HP,90.0,600.0,15300,20,4,other,sphere,plasma,7.4,126.0,0.011,buffer,2.0,37,1,Neutral,1,1,1,1,1,1,1,1,1,1,1,1,1,1,1,1,1,1,0,1,1,1,1,1,1,1,1,1,1,1,1,1,1,1,1,1,1,1,1,1,1,1,1,1,1,1,1,1,0,1,0,1,1,1,0,1,0,1,0,1,0,1,1,0,1,1,1,1,0,1,0,1,0,1,1,1,1,1,1,1,0,1,0,1,1,1,1,1,1,1,1,1,1,1,1,1,1,0,0,1,0,1,1,1,1,1,1,0,0,1,1,0,1,1,1,0,0,1,0,1,1,1,0,0,0,0,0,1,1,0,1,1,1,0,1,0,0,0,0,0,0,0,0,0,0,0,0,0,0,0,1,0,1,0,0,1,0,0,0,0,0,0,0,0,0,0,0,0,0,0,0,0,0,0,0,0,1,0
PS,none,112.0,-24.0,HP,90.0,600.0,15300,20,4,other,sphere,plasma,7.4,126.0,0.011,buffer,5.0,37,1,Neutral,1,1,1,1,1,1,1,1,1,1,1,1,1,1,1,1,1,1,0,1,1,1,1,1,1,1,1,1,1,1,1,1,1,1,1,1,0,1,1,1,1,1,1,1,1,1,1,1,0,1,0,1,1,1,0,1,0,1,0,1,0,1,1,0,1,1,1,1,0,1,0,1,0,1,1,1,1,1,1,1,0,1,0,1,1,1,1,1,1,1,1,1,1,1,1,1,1,0,0,1,0,1,1,1,1,1,1,0,0,1,1,0,1,1,1,0,0,1,0,1,1,1,0,0,0,0,0,1,1,0,1,1,1,0,1,0,0,0,0,0,0,0,0,0,0,0,0,0,0,0,1,0,1,0,0,1,0,0,0,0,0,0,0,0,0,0,0,0,0,0,0,0,0,0,0,0,1,0
PS,none,112.0,-24.0,HP,90.0,600.0,15300,20,4,other,sphere,plasma,7.4,126.0,0.011,buffer,15.0,37,1,Neutral,1,1,1,1,1,1,1,1,1,1,1,1,1,1,1,1,1,1,0,1,1,1,1,1,1,1,1,1,1,1,1,1,1,1,1,1,1,1,1,1,1,1,1,1,1,1,1,1,0,1,0,1,1,1,0,1,0,1,0,1,0,1,1,0,1,1,1,1,0,1,0,1,0,1,1,1,1,1,1,1,0,1,0,1,1,1,1,1,1,1,1,1,1,1,1,1,1,0,0,1,0,1,1,1,1,1,1,0,0,1,1,0,1,1,1,0,0,1,0,1,1,1,0,0,0,0,0,1,1,0,1,1,1,0,1,0,0,0,0,0,0,0,0,0,0,0,0,0,0,0,1,0,1,0,0,1,0,0,0,0,0,0,0,0,0,0,0,0,0,0,0,0,0,0,0,0,1,0
PS,none,112.0,-24.0,HP,90.0,600.0,15300,20,4,other,sphere,plasma,7.4,126.0,0.011,buffer,30.0,37,1,Neutral,1,1,1,1,1,1,1,1,1,1,1,1,1,1,1,1,1,1,0,1,1,1,1,0,1,1,1,1,1,1,1,1,1,1,1,1,0,1,1,1,1,1,1,0,1,1,1,1,0,1,0,1,1,1,0,1,0,1,0,1,1,1,1,0,1,1,1,1,0,1,1,1,1,1,1,1,1,0,1,1,0,1,0,1,1,0,0,1,1,1,1,1,1,0,1,0,0,1,1,0,0,0,1,1,1,0,0,0,1,1,1,0,0,1,1,1,1,0,1,0,1,0,0,0,1,1,0,1,1,0,0,1,1,0,1,0,0,0,0,0,0,0,0,0,0,0,0,0,0,0,0,0,1,0,0,0,0,0,0,0,0,0,0,0,0,0,1,0,0,0,0,0,0,0,0,0,1,0
PS,none,112.0,-24.0,HP,90.0,600.0,15300,20,4,other,sphere,plasma,7.4,126.0,0.011,buffer,60.0,37,1,Neutral,1,1,1,1,1,1,1,1,1,1,1,1,1,1,1,1,1,1,0,1,1,1,1,1,1,1,1,1,1,1,1,1,1,1,1,1,0,1,1,1,1,1,1,1,1,1,1,1,0,1,0,1,1,1,0,1,0,1,0,1,0,1,1,0,1,1,1,1,0,1,0,1,0,1,1,1,1,1,1,1,0,1,0,1,1,1,1,1,1,1,1,1,1,1,1,1,1,0,0,1,0,1,1,1,1,1,1,0,0,1,1,0,1,1,1,0,0,1,0,1,1,1,0,0,0,0,0,1,1,0,1,1,1,0,1,0,0,0,0,0,0,0,0,0,0,0,0,0,0,0,0,0,1,0,0,1,0,0,0,0,0,0,0,0,0,0,0,0,0,0,0,0,0,0,0,0,1,0
PS,none,112.0,-24.0,HP,90.0,600.0,15300,20,4,other,sphere,plasma,7.4,126.0,0.011,buffer,120.0,37,1,Neutral,1,1,1,1,1,1,1,1,1,1,1,1,1,1,1,1,1,1,0,1,1,1,1,1,1,1,1,1,1,1,1,1,1,1,1,1,0,1,1,1,1,1,1,1,1,1,1,1,0,1,0,1,1,1,0,1,0,1,0,1,0,1,1,0,1,1,1,1,0,1,0,1,0,1,1,1,1,1,1,1,0,1,0,1,1,1,1,1,1,1,1,1,1,1,1,1,1,0,0,1,0,1,1,1,1,1,1,0,0,1,1,0,1,1,1,0,0,1,0,1,1,1,0,0,0,0,0,1,1,0,1,1,1,0,1,0,0,0,0,0,0,0,0,0,0,0,0,0,0,0,1,0,1,0,0,1,0,0,0,0,0,0,0,0,0,0,0,0,0,0,0,0,0,0,0,0,1,0
SiO2,none,31.4,-25.0,HP,90.0,60.0,15300,20,4,other,sphere,buffer,7.4,35.2,0.0001,buffer,0.5,37,1,Neutral,1,1,1,1,1,1,1,1,1,1,1,1,1,1,1,1,1,1,0,1,1,1,1,0,1,1,1,1,1,1,1,1,1,1,1,1,0,1,1,1,1,1,1,0,1,1,1,1,0,1,0,1,1,1,0,1,0,1,0,1,1,1,1,0,1,1,1,1,0,1,1,1,1,1,1,1,1,0,1,1,0,1,0,1,1,0,0,1,1,1,1,1,1,0,1,0,0,1,1,0,0,0,1,1,1,0,0,0,1,1,1,0,0,1,1,1,1,0,1,0,1,0,0,0,1,1,0,1,1,0,0,1,1,0,1,0,0,0,0,0,0,0,0,0,0,0,0,0,0,0,0,0,1,0,0,0,0,0,0,0,0,0,0,0,0,0,1,0,0,0,0,0,0,0,0,0,1,0
SiO2,none,31.4,-25.0,HP,90.0,60.0,15300,20,4,other,sphere,buffer,7.4,35.2,0.0001,buffer,2.0,37,1,Neutral,1,1,1,1,1,1,1,1,1,1,1,1,1,1,1,1,1,1,0,1,1,1,1,0,1,1,1,1,1,1,1,1,1,1,1,1,0,1,1,1,1,1,1,0,1,1,1,1,0,1,0,1,1,1,0,1,0,1,0,1,1,1,1,0,1,1,1,1,0,1,1,1,1,1,1,1,1,0,1,1,0,1,0,1,1,0,0,1,0,1,1,1,1,0,1,0,0,1,1,0,0,0,1,1,1,0,0,0,1,1,1,0,0,1,1,1,1,0,1,0,1,0,0,0,1,1,0,1,1,0,0,1,1,0,1,0,0,0,0,0,0,0,0,0,0,0,0,0,0,0,0,0,1,0,0,0,0,0,0,0,0,0,0,0,0,0,1,0,0,0,0,0,0,0,0,0,1,0
SiO2,none,31.4,-25.0,HP,90.0,60.0,15300,20,4,other,sphere,buffer,7.4,35.2,0.0001,buffer,5.0,37,1,Neutral,1,1,1,1,1,1,1,1,1,1,1,1,1,1,1,1,1,1,0,1,1,1,1,0,1,1,1,1,1,1,1,1,1,1,1,1,0,1,1,1,1,1,1,0,1,1,1,1,0,1,0,1,1,1,0,1,0,1,0,1,1,1,1,0,1,1,1,1,0,1,1,1,1,1,1,1,1,0,1,1,0,1,0,1,1,0,0,1,0,1,1,1,1,0,1,0,0,1,1,0,0,0,1,1,1,0,0,0,1,1,1,0,0,1,1,1,1,0,1,0,1,0,0,0,1,1,0,1,1,0,0,1,1,0,1,0,0,0,0,0,0,0,0,0,0,0,0,0,0,0,0,0,1,0,0,0,0,0,0,0,0,0,0,0,0,0,1,0,0,0,0,0,0,0,0,0,1,0
SiO2,none,31.4,-25.0,HP,90.0,60.0,15300,20,4,other,sphere,buffer,7.4,35.2,0.0001,buffer,15.0,37,1,Neutral,1,1,1,1,1,1,1,1,1,1,1,1,1,1,1,1,1,1,0,1,1,1,1,0,1,1,1,1,1,1,1,1,1,1,1,1,0,1,1,1,1,1,1,0,1,1,1,1,0,1,0,1,1,1,0,1,0,1,0,1,1,1,1,0,1,1,1,1,0,1,1,1,1,1,1,1,1,0,1,1,0,1,0,1,1,0,0,1,0,1,1,1,1,0,1,0,0,1,1,0,0,0,1,1,1,0,0,0,1,1,1,0,0,1,1,1,1,0,1,0,1,0,0,0,1,1,0,1,1,0,0,1,1,0,1,0,0,0,0,0,0,0,0,0,0,0,0,0,0,0,0,0,1,0,0,0,0,0,0,0,0,0,0,0,0,0,1,0,0,0,0,0,0,0,0,0,1,0
SiO2,none,31.4,-25.0,HP,90.0,60.0,15300,20,4,other,sphere,buffer,7.4,35.2,0.0001,buffer,30.0,37,1,Neutral,1,1,1,1,1,1,1,1,1,1,1,1,1,1,1,1,1,1,0,1,1,1,1,1,1,1,1,1,1,1,1,1,1,1,1,1,1,1,1,1,1,1,1,1,1,1,1,1,0,1,0,1,1,1,0,1,0,1,0,1,0,1,1,0,1,1,1,1,0,1,0,1,0,1,1,1,1,1,1,1,0,1,0,1,1,1,1,1,1,1,1,1,1,1,1,1,1,0,0,1,0,1,1,1,1,1,1,0,0,1,1,0,1,1,1,0,0,1,0,1,1,1,0,0,0,0,0,1,1,0,1,1,1,0,1,0,0,0,0,0,0,0,0,0,0,0,0,0,0,0,1,0,1,0,0,1,0,0,0,0,0,0,0,0,0,0,0,0,0,0,0,0,0,0,0,0,1,0
SiO2,none,31.4,-25.0,HP,90.0,60.0,15300,20,4,other,sphere,buffer,7.4,35.2,0.0001,buffer,60.0,37,1,Neutral,1,1,1,1,1,1,1,1,1,1,1,1,1,1,1,1,1,1,0,1,1,1,1,0,1,1,1,1,1,1,1,1,1,1,1,1,0,1,1,1,1,1,1,0,1,1,1,1,0,1,0,1,1,1,0,1,0,1,0,1,1,1,1,0,1,1,1,1,0,1,1,1,1,1,1,1,1,0,1,1,0,1,0,1,1,0,0,1,1,1,1,1,1,0,1,0,0,1,1,0,0,0,1,1,1,0,0,0,1,1,1,0,0,1,1,1,1,0,1,0,1,0,0,0,1,1,0,1,1,0,0,1,1,0,1,0,0,0,0,0,0,0,0,0,0,0,0,0,0,0,0,0,1,0,0,0,0,0,0,0,0,0,0,0,0,0,1,0,0,0,0,0,0,0,0,0,1,0
SiO2,none,31.4,-25.0,HP,90.0,60.0,15300,20,4,other,sphere,buffer,7.4,35.2,0.0001,buffer,120.0,37,1,Neutral,1,1,1,1,1,1,1,1,1,1,1,1,1,1,1,1,1,1,0,1,1,1,1,0,1,1,1,1,1,1,1,1,1,1,1,1,0,1,1,1,1,1,1,0,1,1,1,1,0,1,0,1,1,1,0,1,0,1,0,1,1,1,1,0,1,1,1,1,0,1,1,1,0,1,1,1,1,0,1,0,0,1,0,1,1,0,0,1,1,1,1,1,1,0,1,0,0,1,1,0,0,0,1,1,1,0,0,0,1,1,1,0,0,1,1,0,0,0,1,0,1,0,0,0,1,1,0,1,1,0,0,1,1,0,1,0,0,0,0,0,0,0,0,0,0,0,0,0,0,0,0,0,1,0,0,0,0,0,0,0,0,0,0,0,0,0,1,0,0,0,0,0,0,0,0,0,1,0
SiO2,COOH,129.0,-28.0,HP,90.0,60.0,15300,20,4,other,sphere,buffer,7.4,133.0,0.006,buffer,0.5,37,1,Anionic,1,1,1,1,1,1,1,1,1,1,1,1,1,1,1,1,1,1,1,1,1,1,1,1,1,1,1,1,1,1,1,1,1,1,1,1,1,1,1,1,1,1,1,1,1,1,1,1,1,1,1,1,1,1,1,1,1,1,1,1,1,1,1,1,1,1,1,1,1,1,1,1,1,1,1,1,1,1,1,1,1,1,1,1,1,1,1,1,1,1,1,1,1,1,1,1,1,1,1,1,1,1,1,1,1,1,1,0,1,0,1,1,1,1,1,1,1,1,1,1,1,1,1,1,1,1,1,1,1,1,1,0,1,1,0,1,1,1,1,1,1,1,1,0,1,1,1,1,1,1,1,1,0,0,1,1,1,1,0,1,0,1,0,1,1,1,1,1,1,1,1,1,0,1,1,1,0,1
SiO2,COOH,129.0,-28.0,HP,90.0,60.0,15300,20,4,other,sphere,buffer,7.4,133.0,0.006,buffer,2.0,37,1,Anionic,1,1,1,1,1,1,1,1,1,1,1,1,1,1,1,1,1,1,1,1,1,1,1,1,1,1,1,1,1,1,1,1,1,1,1,1,1,1,1,1,1,1,1,1,1,1,1,1,1,1,1,1,1,1,1,1,1,1,1,1,1,1,1,1,1,1,1,1,1,1,1,1,1,1,1,1,1,1,1,1,1,1,1,1,1,1,1,1,1,1,1,1,1,1,1,1,1,1,1,1,1,1,1,1,1,1,1,0,1,0,1,1,1,1,1,1,1,1,1,1,1,1,1,1,1,1,1,1,1,1,1,0,1,1,0,1,1,1,1,1,1,1,1,0,1,1,1,1,1,1,1,1,0,0,1,1,1,1,1,1,1,1,0,1,1,1,1,1,1,1,1,1,0,1,1,1,0,1
SiO2,COOH,129.0,-28.0,HP,90.0,60.0,15300,20,4,other,sphere,buffer,7.4,133.0,0.006,buffer,5.0,37,1,Anionic,1,1,1,1,1,1,1,1,1,1,1,1,1,1,1,1,1,1,1,1,1,1,1,1,1,1,1,1,1,1,1,1,1,1,1,1,1,1,1,1,1,1,1,1,1,1,1,1,1,1,1,1,1,1,1,1,1,1,1,1,1,1,1,1,1,1,1,1,1,1,1,1,1,1,1,1,1,1,1,1,1,1,1,1,1,1,1,0,1,1,1,1,1,1,1,1,1,1,1,1,1,1,1,1,1,1,1,0,1,0,1,1,1,1,1,1,1,1,1,1,1,1,1,0,1,1,1,1,1,1,1,0,1,1,0,1,1,1,1,1,1,1,1,0,1,1,1,1,1,1,1,1,0,0,1,1,1,1,1,1,1,1,0,1,1,1,1,1,1,1,1,1,0,1,1,1,0,1
SiO2,COOH,129.0,-28.0,HP,90.0,60.0,15300,20,4,other,sphere,buffer,7.4,133.0,0.006,buffer,15.0,37,1,Anionic,1,1,1,1,1,1,1,1,1,1,1,1,1,1,1,1,1,1,1,1,1,1,1,1,1,1,1,1,1,1,1,1,1,1,1,1,1,1,1,1,1,1,1,1,1,1,1,1,1,1,1,1,1,1,1,1,1,1,1,1,1,1,1,1,1,1,1,1,1,1,1,1,1,1,1,1,1,1,1,1,1,1,1,1,1,1,1,0,1,1,1,1,1,1,1,1,1,1,1,1,1,1,1,1,1,1,1,0,1,0,1,1,1,1,1,1,1,1,1,1,1,1,1,1,1,1,1,1,1,1,1,0,1,1,0,1,1,1,1,1,1,1,1,0,1,1,1,1,1,1,1,1,0,0,1,1,1,1,1,1,1,1,0,1,1,1,1,1,1,1,1,1,0,1,1,1,0,1
SiO2,COOH,129.0,-28.0,HP,90.0,60.0,15300,20,4,other,sphere,buffer,7.4,133.0,0.006,buffer,30.0,37,1,Anionic,1,1,1,1,1,1,1,1,1,1,1,1,1,1,1,1,1,1,1,1,1,1,1,1,1,1,1,1,1,1,1,1,1,1,1,1,1,1,1,1,1,1,1,1,1,1,1,1,1,1,1,1,1,1,1,1,1,1,1,1,1,1,1,1,1,1,1,1,1,1,1,1,1,1,1,1,1,1,1,1,1,1,1,1,1,1,1,0,1,1,1,1,1,1,1,1,1,1,1,1,1,1,1,1,1,1,1,0,1,0,1,1,1,1,1,1,1,1,1,1,1,1,1,1,1,1,1,1,1,1,1,0,1,1,0,1,1,1,1,1,1,1,1,0,1,1,1,1,1,1,1,1,0,0,1,1,1,1,1,1,1,1,0,1,1,1,1,1,1,1,1,1,0,1,1,1,0,1
SiO2,COOH,129.0,-28.0,HP,90.0,60.0,15300,20,4,other,sphere,buffer,7.4,133.0,0.006,buffer,60.0,37,1,Anionic,1,1,1,1,1,1,1,1,1,1,1,1,1,1,1,1,1,1,1,1,1,1,1,1,1,1,1,1,1,1,1,1,1,1,1,1,1,1,1,1,1,1,1,1,1,1,1,1,1,1,1,1,1,1,1,1,1,1,1,1,1,1,1,1,1,1,1,1,1,1,1,1,1,1,1,1,1,1,1,1,1,1,1,1,1,1,1,1,1,1,1,1,1,1,1,1,1,1,1,1,1,1,1,1,1,1,1,0,1,0,1,1,1,1,1,1,1,1,1,1,1,1,1,1,1,1,1,1,1,1,1,0,1,1,0,1,1,1,1,1,1,1,1,0,1,1,1,1,1,1,1,1,0,0,1,1,1,1,1,1,1,1,0,1,1,1,1,1,1,1,1,1,0,1,1,1,0,1
SiO2,COOH,129.0,-28.0,HP,90.0,60.0,15300,20,4,other,sphere,buffer,7.4,133.0,0.006,buffer,120.0,37,1,Anionic,1,1,1,1,1,1,1,1,1,1,1,1,1,1,1,1,1,1,1,1,1,1,1,1,1,1,1,1,1,1,1,1,1,1,1,1,1,1,1,1,1,1,1,1,1,1,1,1,1,1,1,1,1,1,1,1,1,1,1,1,1,1,1,1,1,1,1,1,1,1,1,1,1,1,1,1,1,1,1,1,1,1,1,1,1,1,1,0,1,1,1,1,1,1,1,1,1,1,1,1,1,1,1,1,1,1,1,0,1,0,1,1,1,1,1,1,1,1,1,1,1,1,1,1,1,1,1,1,1,1,1,0,1,1,0,1,1,1,1,1,1,1,1,0,1,1,1,1,1,1,1,1,0,0,1,1,1,1,1,1,1,1,0,1,1,0,1,1,1,1,1,1,0,1,1,1,0,1
PS,none,112.0,-55.0,HP,90.0,600.0,15300,20,4,other,sphere,buffer,7.4,134.0,0.009,buffer,0.5,37,1,Neutral,1,1,1,1,1,1,1,1,1,1,1,1,1,1,1,1,1,1,0,1,1,1,1,1,1,1,1,1,1,1,1,1,1,1,1,1,1,1,1,1,1,1,1,1,1,1,1,1,0,1,0,1,1,1,0,1,0,1,0,1,0,1,1,0,1,1,1,1,0,1,0,1,0,1,1,1,1,1,1,1,0,1,0,1,1,1,1,1,1,1,1,1,1,1,1,1,1,0,0,1,0,1,1,1,1,1,1,0,0,1,1,0,1,1,1,0,0,1,0,1,1,1,0,0,0,0,0,1,1,0,1,1,1,0,1,0,0,0,0,0,0,0,0,0,0,0,0,0,0,0,1,0,1,0,0,1,0,0,0,0,0,0,0,0,0,0,0,0,0,0,0,0,0,0,0,0,1,0
PS,none,112.0,-55.0,HP,90.0,600.0,15300,20,4,other,sphere,buffer,7.4,134.0,0.009,buffer,2.0,37,1,Neutral,1,1,1,1,1,1,1,1,1,1,1,1,1,1,1,1,1,1,0,1,1,1,1,1,1,1,1,1,1,1,1,1,1,1,1,1,1,1,1,1,1,1,1,1,1,1,1,1,0,1,0,1,1,1,0,1,0,1,0,1,0,1,1,0,1,1,1,1,0,1,0,1,0,1,1,1,1,1,1,1,0,1,0,1,1,1,1,1,1,1,1,1,1,1,1,1,1,0,0,1,0,1,1,1,1,1,1,0,0,1,1,0,1,1,1,0,0,1,0,1,1,1,0,0,0,0,0,1,1,0,1,1,1,0,1,0,0,0,0,0,0,0,0,0,0,0,0,0,0,0,1,0,1,0,0,1,0,0,0,0,0,0,0,0,0,0,0,0,0,0,0,0,0,0,0,0,1,0
PS,none,112.0,-55.0,HP,90.0,600.0,15300,20,4,other,sphere,buffer,7.4,134.0,0.009,buffer,5.0,37,1,Neutral,1,1,1,1,1,1,1,1,1,1,1,1,1,1,1,1,1,1,0,1,1,1,1,1,1,1,1,1,1,1,1,1,1,1,1,1,0,1,1,1,1,1,1,1,1,1,1,1,0,1,0,1,1,1,0,1,0,1,0,1,0,1,1,0,1,1,1,1,0,1,0,1,0,1,1,1,1,1,1,1,0,1,0,1,1,1,1,1,1,1,1,1,1,1,1,1,1,0,0,1,0,1,1,1,1,1,1,0,0,1,1,0,1,1,1,0,0,1,0,1,1,1,0,0,0,0,0,1,1,0,1,1,1,0,1,0,0,0,0,0,0,0,0,0,0,0,0,0,0,0,1,0,1,0,0,1,0,0,0,0,0,0,0,0,0,0,0,0,0,0,0,0,0,0,0,0,1,0
PS,none,112.0,-55.0,HP,90.0,600.0,15300,20,4,other,sphere,buffer,7.4,134.0,0.009,buffer,15.0,37,1,Neutral,1,1,1,1,1,1,1,1,1,1,1,1,1,1,1,1,1,1,0,1,1,1,1,1,1,1,1,1,1,1,1,1,1,1,1,1,1,1,1,1,1,1,1,1,1,1,1,1,0,1,0,1,1,1,0,1,0,1,0,1,0,1,1,0,1,1,1,1,0,1,0,1,0,1,1,1,1,1,1,1,0,1,0,1,1,1,1,1,1,1,1,1,1,1,1,1,1,0,0,1,0,1,1,1,1,1,1,0,0,1,1,0,1,1,1,0,0,1,0,1,1,1,0,0,0,0,0,1,1,0,1,1,1,0,1,0,0,0,0,0,0,0,0,0,0,0,0,0,0,0,1,0,1,0,0,1,0,0,0,0,0,0,0,0,0,0,0,0,0,0,0,0,0,0,0,0,1,0
PS,none,112.0,-55.0,HP,90.0,600.0,15300,20,4,other,sphere,buffer,7.4,134.0,0.009,buffer,30.0,37,1,Neutral,1,1,1,1,1,1,1,1,1,1,1,1,1,1,1,1,1,1,0,1,1,1,1,0,1,1,1,1,1,1,1,1,1,1,1,1,0,1,1,1,1,1,1,0,1,1,1,1,0,1,0,1,1,1,0,1,0,1,0,1,1,1,1,0,1,1,1,1,0,1,1,1,1,1,1,1,1,0,1,1,0,1,0,1,1,0,0,1,1,1,1,1,1,0,1,0,0,1,1,0,0,0,1,1,1,0,0,0,1,1,1,0,0,1,1,1,1,0,1,0,1,0,0,0,1,1,0,1,1,0,0,1,1,0,1,0,0,0,0,0,0,0,0,0,0,0,0,0,0,0,0,0,1,0,0,0,0,0,0,0,0,0,0,0,0,0,1,0,0,0,0,0,0,0,0,0,1,0
PS,none,112.0,-55.0,HP,90.0,600.0,15300,20,4,other,sphere,buffer,7.4,134.0,0.009,buffer,60.0,37,1,Neutral,1,1,1,1,1,1,1,1,1,1,1,1,1,1,1,1,1,1,0,1,1,1,1,1,1,1,1,1,1,1,1,1,1,1,1,1,0,1,1,1,1,1,1,1,1,1,1,1,0,1,0,1,1,1,0,1,0,1,0,1,0,1,1,0,1,1,1,1,0,1,0,1,0,1,1,1,1,1,1,1,0,1,0,1,1,1,1,1,1,1,1,1,1,1,1,1,1,0,0,1,0,1,1,1,1,1,1,0,0,1,1,0,1,1,1,0,0,1,0,1,1,1,0,0,0,0,0,1,1,0,1,1,1,0,1,0,0,0,0,0,0,0,0,0,0,0,0,0,0,0,0,0,1,0,0,1,0,0,0,0,0,0,0,0,0,0,0,0,0,0,0,0,0,0,0,0,1,0
PS,none,112.0,-55.0,HP,90.0,600.0,15300,20,4,other,sphere,buffer,7.4,134.0,0.009,buffer,120.0,37,1,Neutral,1,1,1,1,1,1,1,1,1,1,1,1,1,1,1,1,1,1,0,1,1,1,1,1,1,1,1,1,1,1,1,1,1,1,1,1,0,1,1,1,1,1,1,1,1,1,1,1,0,1,0,1,1,1,0,1,0,1,0,1,0,1,1,0,1,1,1,1,0,1,0,1,0,1,1,1,1,1,1,1,0,1,0,1,1,1,1,1,1,1,1,1,1,1,1,1,1,0,0,1,0,1,1,1,1,1,1,0,0,1,1,0,1,1,1,0,0,1,0,1,1,1,0,0,0,0,0,1,1,0,1,1,1,0,1,0,0,0,0,0,0,0,0,0,0,0,0,0,0,0,1,0,1,0,0,1,0,0,0,0,0,0,0,0,0,0,0,0,0,0,0,0,0,0,0,0,1,0
SiO2,none,141.0,-6.0,HP,90.0,60.0,15300,20,4,other,sphere,plasma,7.4,158.0,0.007,buffer,0.5,37,1,Neutral,1,1,1,1,1,1,1,1,1,1,1,1,1,1,1,1,1,1,1,1,1,1,1,1,1,1,1,1,1,1,1,1,1,1,1,1,1,1,1,1,1,1,1,1,1,1,1,1,1,1,1,1,1,1,1,1,1,1,1,1,1,1,1,1,1,1,1,1,1,1,1,1,1,1,1,1,1,1,1,1,1,1,1,1,1,1,1,1,1,1,1,1,1,1,1,1,1,1,1,1,1,1,1,1,1,1,1,0,1,0,1,1,1,1,1,1,1,1,1,1,1,1,1,1,1,1,1,1,1,1,1,0,1,1,0,1,1,1,1,1,1,1,1,0,1,1,1,1,1,1,1,1,0,0,1,1,1,1,1,1,1,1,0,1,1,1,1,1,1,1,1,1,0,1,1,1,0,1
SiO2,none,141.0,-6.0,HP,90.0,60.0,15300,20,4,other,sphere,plasma,7.4,158.0,0.007,buffer,2.0,37,1,Neutral,1,1,1,1,1,1,1,1,1,1,1,1,1,1,1,1,1,1,1,1,1,1,1,1,1,1,1,1,1,1,1,1,1,1,1,1,1,1,1,1,1,1,1,1,1,1,1,1,1,1,1,1,1,1,1,1,1,1,1,1,1,1,1,1,1,1,1,1,1,1,1,1,1,1,1,1,1,1,1,1,1,1,1,1,1,1,1,1,1,1,1,1,1,1,1,1,1,1,1,1,1,1,1,1,1,1,1,0,1,0,1,1,1,1,1,1,1,1,1,1,1,1,1,1,1,1,1,1,1,1,1,0,1,1,0,1,1,1,1,1,1,1,1,0,1,1,1,1,1,1,1,1,0,0,1,1,1,1,1,1,1,1,0,1,1,1,1,1,1,1,1,1,0,1,1,1,0,1
SiO2,none,141.0,-6.0,HP,90.0,60.0,15300,20,4,other,sphere,plasma,7.4,158.0,0.007,buffer,5.0,37,1,Neutral,1,1,1,1,1,1,1,1,1,1,1,1,1,1,1,1,1,1,1,1,1,1,1,1,1,1,1,1,1,1,1,1,1,1,1,1,1,1,1,1,1,1,1,1,1,1,1,1,1,1,1,1,1,1,1,1,1,1,1,1,1,1,1,1,1,1,1,1,1,1,1,1,1,1,1,1,1,1,1,1,1,1,1,1,1,1,1,1,1,1,1,1,1,1,1,1,1,1,1,1,1,1,1,1,1,1,1,0,1,0,1,1,1,1,1,1,1,1,1,1,1,1,1,1,1,1,1,1,1,1,1,0,1,1,0,1,1,1,1,1,1,1,1,0,1,1,1,1,1,1,1,1,0,0,1,1,1,1,1,1,1,1,0,1,1,1,1,1,1,1,1,1,0,1,1,1,0,1
SiO2,none,141.0,-6.0,HP,90.0,60.0,15300,20,4,other,sphere,plasma,7.4,158.0,0.007,buffer,15.0,37,1,Neutral,1,1,1,1,1,1,1,1,1,1,1,1,1,1,1,1,1,1,1,1,1,1,1,1,1,1,1,1,1,1,1,1,1,1,1,1,1,1,1,1,1,1,1,1,1,1,1,1,1,1,1,1,1,1,1,1,1,1,1,1,1,1,1,1,1,1,1,1,1,1,1,1,1,1,1,1,1,1,1,1,1,1,1,1,1,1,1,1,1,1,1,1,1,1,1,1,1,1,1,1,1,1,1,1,1,1,1,0,1,0,1,1,1,1,1,1,1,1,1,1,1,1,1,1,1,1,1,1,1,1,1,0,1,1,0,1,1,1,1,1,1,1,1,0,1,1,1,1,1,1,1,1,0,0,1,1,1,1,1,1,1,1,0,1,1,1,1,1,1,1,1,1,0,1,1,1,0,1
SiO2,none,141.0,-6.0,HP,90.0,60.0,15300,20,4,other,sphere,plasma,7.4,158.0,0.007,buffer,30.0,37,1,Neutral,1,1,1,1,1,1,1,1,1,1,1,1,1,1,1,1,1,1,1,1,1,1,1,1,1,1,1,1,1,1,1,1,1,1,1,1,1,1,1,1,1,1,1,1,1,1,1,1,1,1,1,1,1,1,1,1,1,1,1,1,1,1,1,1,1,1,1,1,1,1,1,1,1,1,1,1,1,1,1,1,1,1,1,1,1,1,1,1,1,1,1,1,1,1,1,1,1,1,1,1,1,1,1,1,1,1,1,0,1,0,1,1,1,1,1,1,1,1,1,1,1,1,1,1,1,1,1,1,1,1,1,0,1,1,0,1,1,1,1,1,1,1,1,0,1,1,1,1,1,1,1,1,0,0,1,1,1,1,1,1,1,1,0,1,1,1,1,1,1,1,1,1,0,1,1,1,0,1
SiO2,none,141.0,-6.0,HP,90.0,60.0,15300,20,4,other,sphere,plasma,7.4,158.0,0.007,buffer,60.0,37,1,Neutral,1,1,1,1,1,1,1,1,1,1,1,1,1,1,1,1,1,1,1,1,1,1,1,1,1,1,1,1,1,1,1,1,1,1,1,1,1,1,1,1,1,1,1,1,1,1,1,1,1,1,1,1,1,1,1,1,1,1,1,1,1,1,1,1,1,1,1,1,1,1,1,1,1,1,1,1,1,1,1,1,1,1,1,1,1,1,1,1,1,1,1,1,1,1,1,1,1,1,1,1,1,1,1,1,1,1,1,0,1,0,1,1,1,1,1,1,1,1,1,1,1,1,1,1,1,1,1,1,1,1,1,0,1,1,0,1,1,1,1,1,1,1,1,0,1,1,1,1,1,1,1,1,0,0,1,1,1,1,1,1,1,1,0,1,1,1,1,1,1,1,1,1,0,1,1,1,0,1
SiO2,none,141.0,-6.0,HP,90.0,60.0,15300,20,4,other,sphere,plasma,7.4,158.0,0.007,buffer,120.0,37,1,Neutral,1,1,1,1,1,1,1,1,1,1,1,1,1,1,1,1,1,1,1,1,1,1,1,1,1,1,1,1,1,1,1,1,1,1,1,1,1,1,1,1,1,1,1,1,1,1,1,1,1,1,1,1,1,1,1,1,1,1,1,1,1,1,1,1,1,1,1,1,1,1,1,1,1,1,1,1,1,1,1,1,1,1,1,1,1,1,1,1,1,1,1,1,1,1,1,1,1,1,1,1,1,1,1,1,1,1,1,0,1,0,1,1,1,1,1,1,1,1,1,1,1,1,1,1,1,1,1,1,1,1,1,0,1,1,0,1,1,1,1,1,1,1,1,0,1,1,1,1,1,1,1,1,0,0,1,1,1,1,1,1,1,1,0,1,1,1,1,1,1,1,1,1,0,1,1,1,0,1
SiO2,NH2,144.8,-8.0,HP,90.0,60.0,15300,20,4,other,sphere,plasma,7.4,172.0,0.009,buffer,0.5,37,1,Anionic,1,1,1,1,1,1,1,1,1,1,1,1,1,1,1,1,1,1,1,1,1,1,1,1,1,1,1,1,1,1,1,1,1,1,1,1,1,1,1,1,1,1,1,1,1,1,1,1,1,1,1,1,1,1,1,1,1,1,1,1,1,1,1,1,1,1,1,1,1,1,1,1,1,1,1,1,1,1,1,1,1,1,1,1,1,1,1,1,1,1,1,1,1,1,1,1,1,1,1,1,1,1,1,1,1,1,1,0,1,0,1,1,1,1,1,1,1,1,1,1,1,1,1,1,1,1,1,1,1,1,1,0,1,1,0,1,1,1,1,1,1,1,1,0,1,1,1,1,1,1,1,1,0,0,1,1,1,1,0,1,1,1,0,1,1,1,1,1,1,1,1,1,0,1,1,1,0,1
SiO2,COOH,129.0,-8.0,HP,90.0,60.0,15300,20,4,other,sphere,plasma,7.4,180.0,0.007,buffer,0.5,37,1,Anionic,1,1,1,1,1,1,1,1,1,1,1,1,1,1,1,1,1,1,1,1,1,1,1,1,1,1,1,1,1,1,1,1,1,1,1,1,1,1,1,1,1,1,1,1,1,1,1,1,1,1,1,1,1,1,1,1,1,1,1,1,1,1,1,1,1,1,1,1,1,1,1,1,1,1,1,1,1,1,1,1,1,1,1,1,1,1,1,1,1,1,1,1,1,1,1,1,1,1,1,1,1,1,1,1,1,1,1,0,1,0,1,1,1,1,1,1,1,1,1,1,1,1,1,1,1,1,1,1,1,1,1,0,1,1,0,1,1,1,1,1,1,1,1,0,1,1,1,1,1,1,1,1,0,0,1,1,1,1,0,1,0,1,0,1,1,1,1,1,1,1,1,1,0,1,1,1,0,1
SiO2,NH2,144.8,-8.0,HP,90.0,60.0,15300,20,4,other,sphere,plasma,7.4,172.0,0.009,buffer,2.0,37,1,Anionic,1,1,1,1,1,1,1,1,1,1,1,1,1,1,1,1,1,1,1,1,1,1,1,1,1,1,1,1,1,1,1,1,1,1,1,1,1,1,1,1,1,1,1,1,1,1,1,1,1,1,1,1,1,1,1,1,1,1,1,1,1,1,1,1,1,1,1,1,1,1,1,1,1,1,1,1,1,1,1,1,1,1,1,1,1,1,1,1,1,1,1,1,1,1,1,1,1,1,1,1,1,1,1,1,1,1,1,0,1,0,1,1,1,1,1,1,1,1,1,1,1,1,1,1,1,1,1,1,1,1,1,0,1,1,0,1,1,1,1,1,1,1,1,0,1,1,1,1,1,1,1,1,0,0,1,1,1,1,0,1,1,1,0,1,1,1,1,1,1,1,1,1,0,1,1,1,0,1
SiO2,COOH,129.0,-8.0,HP,90.0,60.0,15300,20,4,other,sphere,plasma,7.4,180.0,0.007,buffer,2.0,37,1,Anionic,1,1,1,1,1,1,1,1,1,1,1,1,1,1,1,1,1,1,1,1,1,1,1,1,1,1,1,1,1,1,1,1,1,1,1,1,1,1,1,1,1,1,1,1,1,1,1,1,1,1,1,1,1,1,1,1,1,1,1,1,1,1,1,1,1,1,1,1,1,1,1,1,1,1,1,1,1,1,1,1,1,1,1,1,1,1,1,1,1,1,1,1,1,1,1,1,1,1,1,1,1,1,1,1,1,1,1,0,1,0,1,1,1,1,1,1,1,1,1,1,1,1,1,1,1,1,1,1,1,1,1,0,1,1,0,1,1,1,1,1,1,1,1,0,1,1,1,1,1,1,1,1,0,0,1,1,1,1,1,1,1,1,0,1,1,1,1,1,1,1,1,1,0,1,1,1,0,1
SiO2,NH2,144.8,-8.0,HP,90.0,60.0,15300,20,4,other,sphere,plasma,7.4,172.0,0.009,buffer,5.0,37,1,Anionic,1,1,1,1,1,1,1,1,1,1,1,1,1,1,1,1,1,1,1,1,1,1,1,1,1,1,1,1,1,1,1,1,1,1,1,1,1,1,1,1,1,1,1,1,1,1,1,1,1,1,1,1,1,1,1,1,1,1,1,1,1,1,1,1,1,1,1,1,1,1,1,1,1,1,1,1,1,1,1,1,1,1,1,1,1,1,1,1,1,1,1,1,1,1,1,1,1,1,1,1,1,1,1,1,1,1,1,0,1,0,1,1,1,1,1,1,1,1,1,1,1,1,1,1,1,1,1,1,1,1,1,0,1,1,0,1,1,1,1,1,1,1,1,0,1,1,1,1,1,1,1,1,0,0,1,1,1,1,1,1,1,1,0,1,1,1,1,1,1,1,1,1,0,1,1,1,0,1
SiO2,COOH,129.0,-8.0,HP,90.0,60.0,15300,20,4,other,sphere,plasma,7.4,180.0,0.007,buffer,5.0,37,1,Anionic,1,1,1,1,1,1,1,1,1,1,1,1,1,1,1,1,1,1,1,1,1,1,1,1,1,1,1,1,1,1,1,1,1,1,1,1,1,1,1,1,1,1,1,1,1,1,1,1,1,1,1,1,1,1,1,1,1,1,1,1,1,1,1,1,1,1,1,1,1,1,1,1,1,1,1,1,1,1,1,1,1,1,1,1,1,1,1,0,1,1,1,1,1,1,1,1,1,1,1,1,1,1,1,1,1,1,1,0,1,0,1,1,1,1,1,1,1,1,1,1,1,1,1,0,1,1,1,1,1,1,1,0,1,1,0,1,1,1,1,1,1,1,1,0,1,1,1,1,1,1,1,1,0,0,1,1,1,1,1,1,1,1,0,1,1,1,1,1,1,1,1,1,0,1,1,1,0,1
SiO2,NH2,144.8,-8.0,HP,90.0,60.0,15300,20,4,other,sphere,plasma,7.4,172.0,0.009,buffer,15.0,37,1,Anionic,1,1,1,1,1,1,1,1,1,1,1,1,1,1,1,1,1,1,1,1,1,1,1,1,1,1,1,1,1,1,1,1,1,1,1,1,1,1,1,1,1,1,1,1,1,1,1,1,1,1,1,1,1,1,1,1,1,1,1,1,1,1,1,1,1,1,1,1,1,1,1,1,1,1,1,1,1,1,1,1,1,1,1,1,1,1,1,1,1,1,1,1,1,1,1,1,1,1,1,1,1,1,1,1,1,1,1,0,1,0,1,1,1,1,1,1,1,1,1,1,1,1,1,1,1,1,1,1,1,1,1,0,1,1,0,1,1,1,1,1,1,1,1,0,1,1,1,1,1,1,1,1,0,0,1,1,1,1,1,1,1,1,0,1,1,1,1,1,1,1,1,1,0,1,1,1,0,1
SiO2,COOH,129.0,-8.0,HP,90.0,60.0,15300,20,4,other,sphere,plasma,7.4,180.0,0.007,buffer,15.0,37,1,Anionic,1,1,1,1,1,1,1,1,1,1,1,1,1,1,1,1,1,1,1,1,1,1,1,1,1,1,1,1,1,1,1,1,1,1,1,1,1,1,1,1,1,1,1,1,1,1,1,1,1,1,1,1,1,1,1,1,1,1,1,1,1,1,1,1,1,1,1,1,1,1,1,1,1,1,1,1,1,1,1,1,1,1,1,1,1,1,1,0,1,1,1,1,1,1,1,1,1,1,1,1,1,1,1,1,1,1,1,0,1,0,1,1,1,1,1,1,1,1,1,1,1,1,1,1,1,1,1,1,1,1,1,0,1,1,0,1,1,1,1,1,1,1,1,0,1,1,1,1,1,1,1,1,0,0,1,1,1,1,1,1,1,1,0,1,1,1,1,1,1,1,1,1,0,1,1,1,0,1
SiO2,NH2,144.8,-8.0,HP,90.0,60.0,15300,20,4,other,sphere,plasma,7.4,172.0,0.009,buffer,30.0,37,1,Anionic,1,1,1,1,1,1,1,1,1,1,1,1,1,1,1,1,1,1,1,1,1,1,1,1,1,1,1,1,1,1,1,1,1,1,1,1,1,1,1,1,1,1,1,1,1,1,1,1,1,1,1,1,1,1,1,1,1,1,1,1,1,1,1,1,1,1,1,1,1,1,1,1,1,1,1,1,1,1,1,1,1,1,1,1,1,1,1,1,1,1,1,1,1,1,1,1,1,1,1,1,1,1,1,1,1,1,1,0,1,0,1,1,1,1,1,1,1,1,1,1,1,1,1,1,1,1,1,1,1,1,1,0,1,1,0,1,1,1,1,1,1,1,1,0,1,1,1,1,1,1,1,1,0,0,1,1,1,1,1,1,1,1,0,1,1,1,1,1,1,1,1,1,0,1,1,1,0,1
SiO2,COOH,129.0,-8.0,HP,90.0,60.0,15300,20,4,other,sphere,plasma,7.4,180.0,0.007,buffer,30.0,37,1,Anionic,1,1,1,1,1,1,1,1,1,1,1,1,1,1,1,1,1,1,1,1,1,1,1,1,1,1,1,1,1,1,1,1,1,1,1,1,1,1,1,1,1,1,1,1,1,1,1,1,1,1,1,1,1,1,1,1,1,1,1,1,1,1,1,1,1,1,1,1,1,1,1,1,1,1,1,1,1,1,1,1,1,1,1,1,1,1,1,0,1,1,1,1,1,1,1,1,1,1,1,1,1,1,1,1,1,1,1,0,1,0,1,1,1,1,1,1,1,1,1,1,1,1,1,1,1,1,1,1,1,1,1,0,1,1,0,1,1,1,1,1,1,1,1,0,1,1,1,1,1,1,1,1,0,0,1,1,1,1,1,1,1,1,0,1,1,1,1,1,1,1,1,1,0,1,1,1,0,1
SiO2,NH2,144.8,-8.0,HP,90.0,60.0,15300,20,4,other,sphere,plasma,7.4,172.0,0.009,buffer,60.0,37,1,Anionic,1,1,1,1,1,1,1,1,1,1,1,1,1,1,1,1,1,1,1,1,1,1,1,1,1,1,1,1,1,1,1,1,1,1,1,1,1,1,1,1,1,1,1,1,1,1,1,1,1,1,1,1,1,1,1,1,1,1,1,1,1,1,1,1,1,1,1,1,1,1,1,1,1,1,1,1,1,1,1,1,1,1,1,1,1,1,1,1,1,1,1,1,1,1,1,1,1,1,1,1,1,1,1,1,1,1,1,0,1,0,1,1,1,1,1,1,1,1,1,1,1,1,1,1,1,1,1,1,1,1,1,0,1,1,0,1,1,1,1,1,1,1,1,0,1,1,1,1,1,1,1,1,0,0,1,1,1,1,0,1,1,1,0,1,1,1,1,1,1,1,1,1,0,1,1,1,0,1
SiO2,COOH,129.0,-8.0,HP,90.0,60.0,15300,20,4,other,sphere,plasma,7.4,180.0,0.007,buffer,60.0,37,1,Anionic,1,1,1,1,1,1,1,1,1,1,1,1,1,1,1,1,1,1,1,1,1,1,1,1,1,1,1,1,1,1,1,1,1,1,1,1,1,1,1,1,1,1,1,1,1,1,1,1,1,1,1,1,1,1,1,1,1,1,1,1,1,1,1,1,1,1,1,1,1,1,1,1,1,1,1,1,1,1,1,1,1,1,1,1,1,1,1,1,1,1,1,1,1,1,1,1,1,1,1,1,1,1,1,1,1,1,1,0,1,0,1,1,1,1,1,1,1,1,1,1,1,1,1,1,1,1,1,1,1,1,1,0,1,1,0,1,1,1,1,1,1,1,1,0,1,1,1,1,1,1,1,1,0,0,1,1,1,1,1,1,1,1,0,1,1,1,1,1,1,1,1,1,0,1,1,1,0,1
SiO2,NH2,144.8,-8.0,HP,90.0,60.0,15300,20,4,other,sphere,plasma,7.4,172.0,0.009,buffer,120.0,37,1,Anionic,1,1,1,1,1,1,1,1,1,1,1,1,1,1,1,1,1,1,1,1,1,1,1,1,1,1,1,1,1,1,1,1,1,1,1,1,1,1,1,1,1,1,1,1,1,1,1,1,0,1,1,1,1,1,1,1,1,1,1,1,1,1,1,1,1,1,1,1,1,1,1,1,1,1,1,1,1,1,1,1,1,1,1,1,1,1,1,1,1,1,1,1,1,1,1,1,1,1,1,1,1,1,1,1,1,1,1,0,1,0,1,1,1,1,1,1,1,1,1,1,1,1,1,1,1,1,1,1,1,1,1,0,1,1,0,1,1,1,1,1,1,0,1,0,1,1,1,1,1,1,1,1,0,0,1,1,1,1,0,1,1,1,0,1,1,1,1,1,1,0,1,1,0,0,1,1,0,1
SiO2,COOH,129.0,-8.0,HP,90.0,60.0,15300,20,4,other,sphere,plasma,7.4,180.0,0.007,buffer,120.0,37,1,Anionic,1,1,1,1,1,1,1,1,1,1,1,1,1,1,1,1,1,1,1,1,1,1,1,1,1,1,1,1,1,1,1,1,1,1,1,1,1,1,1,1,1,1,1,1,1,1,1,1,1,1,1,1,1,1,1,1,1,1,1,1,1,1,1,1,1,1,1,1,1,1,1,1,1,1,1,1,1,1,1,1,1,1,1,1,1,1,1,0,1,1,1,1,1,1,1,1,1,1,1,1,1,1,1,1,1,1,1,0,1,0,1,1,1,1,1,1,1,1,1,1,1,1,1,1,1,1,1,1,1,1,1,0,1,1,0,1,1,1,1,1,1,1,1,0,1,1,1,1,1,1,1,1,0,0,1,1,1,1,1,1,1,1,0,1,1,0,1,1,1,1,1,1,0,1,1,1,0,1
SiO2,NH2,30.2,-9.0,HP,90.0,60.0,15300,20,4,other,sphere,plasma,7.4,72.0,0.085,buffer,0.5,37,1,Anionic,1,1,1,1,1,1,1,1,1,1,1,1,1,1,1,1,1,1,1,1,1,1,1,1,1,1,1,1,1,1,1,1,1,1,1,1,1,1,1,1,1,1,1,1,1,1,1,1,1,1,1,1,1,1,1,1,1,1,1,1,1,1,1,1,1,1,1,1,1,1,1,1,1,1,1,1,1,1,1,1,1,1,1,1,1,1,1,1,1,1,1,1,1,1,1,1,1,1,1,1,1,1,1,1,1,1,1,0,1,0,1,1,1,1,1,1,1,1,1,1,1,1,1,1,1,1,1,1,1,1,1,0,1,1,0,1,1,1,1,1,1,0,1,0,1,1,1,1,1,1,1,1,0,0,1,1,1,1,1,1,1,1,0,1,1,1,1,1,1,1,1,1,0,1,1,1,0,1
SiO2,none,31.6,-9.0,HP,90.0,60.0,15300,20,4,other,sphere,plasma,7.4,75.0,0.051,buffer,0.5,37,1,Neutral,1,1,1,1,1,1,1,1,1,1,1,1,1,1,1,1,1,1,1,1,1,1,1,1,1,1,1,1,1,1,1,1,1,1,1,1,1,1,1,1,1,1,1,1,1,1,1,1,1,1,1,1,1,1,1,1,1,1,1,1,1,1,1,1,1,1,1,1,1,1,1,1,1,1,1,1,1,1,1,1,1,1,1,1,1,1,1,1,1,1,1,1,1,1,1,1,1,1,1,1,1,1,1,1,1,1,1,0,1,0,1,1,1,1,1,1,1,1,1,1,1,1,1,1,1,1,1,1,1,1,1,0,1,1,0,1,1,1,1,1,1,1,1,0,1,1,1,1,1,1,1,1,0,0,1,1,1,1,0,1,1,1,0,1,1,1,1,1,1,1,1,1,0,1,1,1,0,1
SiO2,NH2,30.2,-9.0,HP,90.0,60.0,15300,20,4,other,sphere,plasma,7.4,72.0,0.085,buffer,2.0,37,1,Anionic,1,1,1,1,1,1,1,1,1,1,1,1,1,1,1,1,1,1,1,1,1,1,1,1,1,1,1,1,1,1,1,1,1,1,1,1,1,1,1,1,1,1,1,1,1,1,1,1,1,1,1,1,1,1,1,1,1,1,1,1,1,1,1,1,1,1,1,1,1,1,1,1,1,1,1,1,1,1,1,1,1,1,1,1,1,1,1,1,1,1,1,1,1,1,1,1,1,1,1,1,1,1,1,1,1,1,1,0,1,0,1,1,1,1,1,1,1,1,1,1,1,1,1,1,1,1,1,1,1,1,1,0,1,1,0,1,1,1,1,1,1,0,1,0,1,1,1,1,1,1,1,1,0,0,1,1,1,1,0,1,1,1,0,1,1,1,1,1,1,1,1,1,0,0,1,1,0,1
SiO2,none,31.6,-9.0,HP,90.0,60.0,15300,20,4,other,sphere,plasma,7.4,75.0,0.051,buffer,2.0,37,1,Neutral,1,1,1,1,1,1,1,1,1,1,1,1,1,1,1,1,1,1,1,1,1,1,1,1,1,1,1,1,1,1,1,1,1,1,1,1,1,1,1,1,1,1,1,1,1,1,1,1,1,1,1,1,1,1,1,1,1,1,1,1,1,1,1,1,1,1,1,1,1,1,1,1,1,1,1,1,1,1,1,1,1,1,1,1,1,1,1,1,1,1,1,1,1,1,1,1,1,1,1,1,1,1,1,1,1,1,1,0,1,0,1,1,1,1,1,1,1,1,1,1,1,1,1,1,1,1,1,1,1,1,1,0,1,1,0,1,1,1,1,1,1,1,1,0,1,1,1,1,1,1,1,1,0,0,1,1,1,1,1,1,1,1,0,1,1,1,1,1,1,1,1,1,0,1,1,1,0,1
SiO2,NH2,30.2,-9.0,HP,90.0,60.0,15300,20,4,other,sphere,plasma,7.4,72.0,0.085,buffer,5.0,37,1,Anionic,1,1,1,1,1,1,1,1,1,1,1,1,1,1,1,1,1,1,1,1,1,1,1,1,1,1,1,1,1,1,1,1,1,1,1,1,1,1,1,1,1,1,1,1,1,1,1,1,1,1,1,1,1,1,1,1,1,1,1,1,1,1,1,1,1,1,1,1,1,1,1,1,1,1,1,1,1,1,1,1,1,1,1,1,1,1,1,1,1,1,1,1,1,1,1,1,1,1,1,1,1,1,1,1,1,1,1,0,1,0,1,1,1,1,1,1,1,1,1,1,1,1,1,1,1,1,1,1,1,1,1,0,1,1,0,1,1,1,1,1,1,1,1,0,1,1,1,1,1,1,1,1,0,0,1,1,1,1,1,1,1,1,0,1,1,1,1,1,1,1,1,1,0,1,1,1,0,1
SiO2,none,31.6,-9.0,HP,90.0,60.0,15300,20,4,other,sphere,plasma,7.4,75.0,0.051,buffer,5.0,37,1,Neutral,1,1,1,1,1,1,1,1,1,1,1,1,1,1,1,1,1,1,1,1,1,1,1,1,1,1,1,1,1,1,1,1,1,1,1,1,1,1,1,1,1,1,1,1,1,1,1,1,1,1,1,1,1,1,1,1,1,1,1,1,1,1,1,1,1,1,1,1,1,1,1,1,1,1,1,1,1,1,1,1,1,1,1,1,1,1,1,1,1,1,1,1,1,1,1,1,1,1,1,1,1,1,1,1,1,1,1,0,1,0,1,1,1,1,1,1,1,1,1,1,1,1,1,1,1,1,1,1,1,1,1,0,1,1,0,1,1,1,1,1,1,1,1,0,1,1,1,1,1,1,1,1,0,0,1,1,1,1,1,1,1,1,0,1,1,1,1,1,1,1,1,1,0,1,1,1,0,1
SiO2,NH2,30.2,-9.0,HP,90.0,60.0,15300,20,4,other,sphere,plasma,7.4,72.0,0.085,buffer,15.0,37,1,Anionic,1,1,1,1,1,1,1,1,1,1,1,1,1,1,1,1,1,1,1,1,1,1,1,1,1,1,1,1,1,1,1,1,1,1,1,1,1,1,1,1,1,1,1,1,1,1,1,1,1,1,1,1,1,1,1,1,1,1,1,1,1,1,1,1,1,1,1,1,1,1,1,1,1,1,1,1,1,1,1,1,1,1,1,1,1,1,1,1,1,1,1,1,1,1,1,1,1,1,1,1,1,1,1,1,1,1,1,0,1,0,1,1,1,1,1,1,1,1,1,1,1,1,1,1,1,1,1,1,1,1,1,0,1,1,0,1,1,1,1,1,1,0,1,0,1,1,1,1,1,1,1,1,0,0,1,1,1,1,1,1,1,1,0,1,1,1,1,1,1,1,1,1,0,1,1,1,0,1
SiO2,none,31.6,-9.0,HP,90.0,60.0,15300,20,4,other,sphere,plasma,7.4,75.0,0.051,buffer,15.0,37,1,Neutral,1,1,1,1,1,1,1,1,1,1,1,1,1,1,1,1,1,1,1,1,1,1,1,1,1,1,1,1,1,1,1,1,1,1,1,1,1,1,1,1,1,1,1,1,1,1,1,1,1,1,1,1,1,1,1,1,1,1,1,1,1,1,1,1,1,1,1,1,1,1,1,1,1,1,1,1,1,1,1,1,1,1,1,1,1,1,1,1,1,1,1,1,1,1,1,1,1,1,1,1,1,1,1,1,1,1,1,0,1,0,1,1,1,1,1,1,1,1,1,1,1,1,1,1,1,1,1,1,1,1,1,0,1,1,0,1,1,1,1,1,1,1,1,0,1,1,1,1,1,1,1,1,0,0,1,1,1,1,1,1,1,1,0,1,1,1,1,1,1,1,1,1,0,1,1,1,0,1
SiO2,NH2,30.2,-9.0,HP,90.0,60.0,15300,20,4,other,sphere,plasma,7.4,72.0,0.085,buffer,30.0,37,1,Anionic,1,1,1,1,1,1,1,1,1,1,1,1,1,1,1,1,1,1,1,1,1,1,1,1,1,1,1,1,1,1,1,1,1,1,1,1,1,1,1,1,1,1,1,1,1,1,1,1,1,1,1,1,1,1,1,1,1,1,1,1,1,1,1,1,1,1,1,1,1,1,1,1,1,1,1,1,1,1,1,1,1,1,1,1,1,1,1,1,1,1,1,1,1,1,1,1,1,1,1,1,1,1,1,1,1,1,1,0,1,0,1,1,1,1,1,1,1,1,1,1,1,1,1,1,1,1,1,1,1,1,1,0,1,1,0,1,1,1,1,1,1,1,1,0,1,1,1,1,1,1,1,1,0,0,1,1,1,1,1,1,1,1,0,1,1,1,1,1,1,1,1,1,0,1,1,1,0,1
SiO2,none,31.6,-9.0,HP,90.0,60.0,15300,20,4,other,sphere,plasma,7.4,75.0,0.051,buffer,30.0,37,1,Neutral,1,1,1,1,1,1,1,1,1,1,1,1,1,1,1,1,1,1,1,1,1,1,1,1,1,1,1,1,1,1,1,1,1,1,1,1,1,1,1,1,1,1,1,1,1,1,1,1,1,1,1,1,1,1,1,1,1,1,1,1,1,1,1,1,1,1,1,1,1,1,1,1,1,1,1,1,1,1,1,1,1,1,1,1,1,1,1,1,1,1,1,1,1,1,1,1,1,1,1,1,1,1,1,1,1,1,1,0,1,0,1,1,1,1,1,1,1,1,1,1,1,1,1,1,1,1,1,1,1,1,1,0,1,1,0,1,1,1,1,1,1,1,1,0,1,1,1,1,1,1,1,1,0,0,1,1,1,1,1,1,1,1,0,1,1,1,1,1,1,1,1,1,0,1,1,1,0,1
SiO2,NH2,30.2,-9.0,HP,90.0,60.0,15300,20,4,other,sphere,plasma,7.4,72.0,0.085,buffer,60.0,37,1,Anionic,1,1,1,1,1,1,1,1,1,1,1,1,1,1,1,1,1,1,1,1,1,1,1,1,1,1,1,1,1,1,1,1,1,1,1,1,1,1,1,1,1,1,1,1,1,1,1,1,1,1,1,1,1,1,1,1,1,1,1,1,1,1,1,1,1,1,1,1,1,1,1,1,1,1,1,1,1,1,1,1,1,1,1,1,1,1,1,1,1,1,1,1,1,1,1,1,1,1,1,1,1,1,1,1,1,1,1,0,1,0,1,1,1,1,1,1,1,1,1,1,1,1,1,1,1,1,1,1,1,1,1,0,1,1,0,1,1,1,1,1,1,1,1,0,1,1,1,1,1,1,1,1,0,0,1,1,1,1,1,1,1,1,0,1,1,1,1,1,1,1,1,1,0,1,1,1,0,1
SiO2,none,31.6,-9.0,HP,90.0,60.0,15300,20,4,other,sphere,plasma,7.4,75.0,0.051,buffer,60.0,37,1,Neutral,1,1,1,1,1,1,1,1,1,1,1,1,1,1,1,1,1,1,1,1,1,1,1,1,1,1,1,1,1,1,1,1,1,1,1,1,1,1,1,1,1,1,1,1,1,1,1,1,1,1,1,1,1,1,1,1,1,1,1,1,1,1,1,1,1,1,1,1,1,1,1,1,1,1,1,1,1,1,1,1,1,1,1,1,1,1,1,1,1,1,1,1,1,1,1,1,1,1,1,1,1,1,1,1,1,1,1,0,1,0,1,1,1,1,1,1,1,1,1,1,1,1,1,1,1,1,1,1,1,1,1,0,1,1,0,1,1,1,1,1,1,1,1,0,1,1,1,1,1,1,1,1,0,0,1,1,1,1,1,1,1,1,0,1,1,1,1,1,1,1,1,1,0,1,1,1,0,1
SiO2,NH2,30.2,-9.0,HP,90.0,60.0,15300,20,4,other,sphere,plasma,7.4,72.0,0.085,buffer,120.0,37,1,Anionic,1,1,1,1,1,1,1,1,1,1,1,1,1,1,1,1,1,1,1,1,1,1,1,1,1,1,1,1,1,1,1,1,1,1,1,1,1,1,1,1,1,1,1,1,1,1,1,1,1,1,1,1,1,1,1,1,1,1,1,1,1,1,1,1,1,1,1,1,1,1,1,1,1,1,1,1,1,1,1,1,1,1,1,1,1,1,1,1,1,1,1,1,1,1,1,1,1,1,1,1,1,1,1,1,1,1,1,0,1,0,1,1,1,1,1,1,1,1,1,1,1,1,1,1,1,1,1,1,1,1,1,0,1,1,0,1,1,1,1,1,1,1,1,0,1,1,1,1,1,1,1,1,0,0,1,1,1,1,1,1,1,1,0,1,1,1,1,1,1,1,1,1,0,1,1,1,0,1
SiO2,none,31.6,-9.0,HP,90.0,60.0,15300,20,4,other,sphere,plasma,7.4,75.0,0.051,buffer,120.0,37,1,Neutral,1,1,1,1,1,1,1,1,1,1,1,1,1,1,1,1,1,1,1,1,1,1,1,1,1,1,1,1,1,1,1,1,1,1,1,1,1,1,1,1,1,1,1,1,1,1,1,1,1,1,1,1,1,1,1,1,1,1,1,1,1,1,1,1,1,1,1,1,1,1,1,1,1,1,1,1,1,1,1,1,1,1,1,1,1,1,1,1,1,1,1,1,1,1,1,1,1,1,1,1,1,1,1,1,1,1,1,0,1,0,1,1,1,1,1,1,1,1,1,1,1,1,1,1,1,1,1,1,1,1,1,0,1,1,0,1,1,1,1,1,1,1,1,0,1,1,1,1,1,1,1,1,0,0,1,1,1,1,1,1,1,1,0,1,1,1,1,1,1,1,1,1,0,1,1,1,0,1
Au,CIT,15.0,-13.5,FBS,10.0,816.85,15000,20,25,metal,sphere,plasma,7.4,38.88,0.25,DMEM,0.0,37,1,Anionic,0,1,0,1,1,1,0,1,0,1,0,1,0,0,1,0,1,0,1,1,1,1,0,0,1,1,1,1,0,1,0,0,0,1,0,1,0,0,1,1,1,1,0,1,1,1,1,0,1,0,0,1,0,0,1,0,1,0,1,0,0,0,0,1,0,1,1,0,0,1,0,1,0,0,1,0,0,0,0,0,0,0,0,0,0,0,0,0,0,1,0,0,0,0,0,0,0,0,0,1,1,0,0,0,0,0,0,1,0,0,0,0,0,1,0,0,0,0,0,0,0,0,1,1,0,0,0,0,0,0,1,0,0,0,0,0,1,1,0,1,0,1,0,0,0,0,0,1,0,1,0,0,0,1,0,1,0,0,0,0,0,0,1,1,1,0,0,1,0,0,0,0,0,0,0,0,0,0
Au,CIT,15.0,-13.5,FBS,10.0,816.85,15000,20,25,metal,sphere,plasma,7.4,38.88,0.25,DMEM,1.0,37,1,Anionic,0,1,0,1,1,1,0,1,0,1,0,1,0,0,1,0,1,0,1,1,1,1,0,0,1,1,1,1,0,1,0,0,1,1,0,1,0,0,1,1,1,1,0,1,1,1,1,0,1,0,0,1,0,0,1,0,1,0,1,0,0,0,0,1,0,1,1,0,0,1,0,1,0,0,1,0,0,0,0,0,0,0,0,0,0,0,0,0,0,1,0,0,0,0,0,0,0,0,0,1,1,0,0,0,0,0,0,1,0,0,0,0,0,1,0,0,0,0,0,0,0,0,1,1,0,0,0,0,0,0,1,0,0,0,0,0,1,1,0,1,0,1,0,0,0,0,0,1,0,1,0,0,0,1,0,1,0,0,0,0,0,0,1,1,1,0,0,1,0,0,0,0,0,0,0,0,0,0
Au,CIT,15.0,-13.5,FBS,10.0,816.85,15000,20,25,metal,sphere,plasma,7.4,38.88,0.25,DMEM,4.0,37,1,Anionic,0,1,0,1,1,1,0,1,0,1,0,1,0,0,1,0,1,0,1,1,1,1,0,0,1,1,1,1,0,1,0,0,1,1,0,1,0,0,1,1,1,1,0,1,1,1,1,0,1,0,0,1,0,0,1,0,1,0,1,0,0,0,0,1,0,1,1,0,0,1,0,1,0,0,1,0,0,0,0,0,0,0,0,0,0,0,0,0,0,1,0,0,0,0,0,0,0,0,0,1,1,0,0,0,0,0,0,1,0,0,0,0,0,1,0,0,0,0,0,0,0,0,1,1,0,0,0,0,0,0,1,0,0,0,0,0,1,1,0,1,0,1,0,0,0,0,0,1,0,0,0,0,0,1,0,0,0,0,0,0,0,0,1,1,1,0,0,1,0,0,0,0,0,0,0,0,0,0
Au,CIT,15.0,-13.5,FBS,10.0,816.85,15000,20,25,metal,sphere,plasma,7.4,38.88,0.25,DMEM,8.0,37,1,Anionic,0,1,0,1,1,1,0,1,0,1,0,1,0,0,1,0,1,0,1,1,1,1,0,0,1,1,1,1,0,1,0,0,1,1,0,1,0,0,1,1,1,1,0,1,1,1,1,0,1,0,0,1,0,0,1,0,1,0,1,0,0,0,0,1,0,1,1,0,0,1,0,1,0,0,1,0,0,0,0,0,0,0,0,0,0,0,0,0,0,1,0,0,0,0,0,0,0,0,0,1,1,0,0,0,0,0,0,1,0,0,0,0,0,1,0,0,0,0,0,0,0,0,1,1,0,0,0,0,0,0,1,0,0,0,0,0,1,1,0,1,0,1,0,0,0,0,0,1,0,0,0,0,0,1,0,0,0,0,0,0,0,0,1,1,1,0,0,1,0,0,0,0,0,0,0,0,0,0
Au,CIT,15.0,-13.5,FBS,10.0,816.85,15000,20,25,metal,sphere,plasma,7.4,38.88,0.25,DMEM,12.0,37,1,Anionic,0,1,0,1,1,1,0,1,0,1,0,1,0,0,1,0,1,0,1,1,1,1,0,0,1,1,1,1,0,1,0,0,1,1,0,1,0,0,1,1,1,1,0,1,1,1,1,0,1,0,0,1,0,0,1,0,1,0,1,0,0,0,0,1,0,1,1,0,0,1,0,1,0,0,1,0,0,0,0,0,0,0,0,0,0,0,0,0,0,1,0,0,0,0,0,0,0,0,0,1,1,0,0,0,0,0,0,1,0,0,0,0,0,1,0,0,0,0,0,0,0,0,1,1,0,0,0,0,0,0,1,0,0,0,0,0,1,1,0,1,0,1,0,0,0,0,0,1,0,1,0,0,0,1,0,0,0,0,0,0,0,0,1,1,1,0,0,1,0,0,0,0,0,0,0,0,0,0
Au,CIT,15.0,-13.5,FBS,10.0,816.85,15000,20,25,metal,sphere,plasma,7.4,38.88,0.25,DMEM,24.0,37,1,Anionic,0,1,0,1,1,1,0,1,0,1,0,1,0,0,1,0,1,0,1,1,1,1,0,0,1,1,1,1,0,1,0,0,1,1,0,1,0,0,1,1,1,1,0,1,1,1,1,0,1,0,0,1,0,0,1,0,1,0,1,0,0,0,0,1,0,1,1,0,0,1,0,1,0,0,1,0,0,0,0,0,0,0,0,0,0,0,0,0,0,1,0,0,0,0,0,0,0,0,0,1,1,0,0,0,0,0,0,1,0,0,0,0,0,1,0,0,0,0,0,0,0,0,1,1,0,0,0,0,0,0,1,0,0,0,0,0,1,1,0,1,0,1,0,0,0,0,0,1,0,0,0,0,0,1,0,0,0,0,0,0,0,0,1,1,1,0,0,1,0,0,0,0,0,0,0,0,0,0
DOTAP/DNA,none,223.5,49.5,HP,10.0,1000.0,15000,10,25,liposome,sphere,buffer,7.4,223.5,0.126944444,buffer,1.0,37,1,Neutral,0,1,0,0,1,1,0,1,1,1,0,0,0,0,0,0,0,1,1,0,0,0,0,0,0,0,0,0,0,0,0,0,1,0,0,0,1,0,0,0,0,0,0,0,1,0,1,0,0,0,0,0,0,0,0,0,0,0,0,0,1,0,1,0,0,0,0,0,0,0,1,0,0,0,1,0,0,0,0,0,0,0,0,0,0,0,0,0,0,0,0,0,0,0,0,0,0,0,0,0,0,0,0,0,0,0,0,0,0,0,0,0,0,0,0,0,0,0,0,0,0,0,0,0,0,0,0,0,0,0,0,0,0,0,0,0,0,0,0,0,0,0,0,0,0,0,0,0,0,0,0,0,0,0,0,0,0,0,0,0,0,0,0,0,0,0,0,0,0,0,0,0,0,0,0,0,0,0
DOTAP/DNA,none,223.5,49.5,HP,50.0,1000.0,15000,10,25,liposome,sphere,buffer,7.4,223.5,0.126944444,buffer,1.0,37,1,Neutral,0,1,0,0,1,1,0,1,1,1,0,0,0,0,0,0,0,1,1,0,0,0,0,0,0,0,0,0,0,0,0,0,1,0,0,0,1,0,0,0,0,0,0,0,1,0,1,0,0,0,0,0,0,0,0,0,0,0,0,0,1,0,1,0,0,0,0,0,0,0,1,0,0,0,1,0,0,0,0,0,0,0,0,0,0,0,0,0,0,0,0,0,0,0,0,0,0,0,0,0,0,0,0,0,0,0,0,0,0,0,0,0,0,0,0,0,0,0,0,0,0,0,0,0,0,0,0,0,0,0,0,0,0,0,0,0,0,0,0,0,0,0,0,0,0,0,0,0,0,0,0,0,0,0,0,0,0,0,0,0,0,0,0,0,0,0,0,0,0,0,0,0,0,0,0,0,0,0
DOTAP/DNA,none,287.7,-7.6,HP,10.0,1000.0,15000,10,25,liposome,sphere,plasma,7.4,287.7,0.126944444,buffer,1.0,37,1,Neutral,0,1,0,0,1,1,0,1,1,1,0,0,0,0,0,0,0,1,1,0,0,0,0,0,0,0,0,0,0,0,0,0,1,0,0,0,1,0,0,0,0,0,0,0,1,0,1,0,0,0,0,0,0,0,0,0,0,0,0,0,1,0,1,0,0,0,0,0,0,0,1,0,0,0,1,0,0,0,0,0,0,0,0,0,0,0,0,0,0,0,0,0,0,0,0,0,0,0,0,0,0,0,0,0,0,0,0,0,0,0,0,0,0,0,0,0,0,0,0,0,0,0,0,0,0,0,0,0,0,0,0,0,0,0,0,0,0,0,0,0,0,0,0,0,0,0,0,0,0,0,0,0,0,0,0,0,0,0,0,0,0,0,0,0,0,0,0,0,0,0,0,0,0,0,0,0,0,0
DOTAP/DNA,none,287.7,-7.6,HP,50.0,1000.0,15000,10,25,liposome,sphere,plasma,7.4,287.7,0.126944444,buffer,1.0,37,1,Neutral,0,1,0,0,1,1,0,1,1,1,0,0,0,0,0,0,0,1,1,0,0,0,0,0,0,0,0,0,0,0,0,0,1,0,0,0,1,0,0,0,0,0,0,0,1,0,1,0,0,0,0,0,0,0,0,0,0,0,0,0,1,0,1,0,0,0,0,0,0,0,1,0,0,0,1,0,0,0,0,0,0,0,0,0,0,0,0,0,0,0,0,0,0,0,0,0,0,0,0,0,0,0,0,0,0,0,0,0,0,0,0,0,0,0,0,0,0,0,0,0,0,0,0,0,0,0,0,0,0,0,0,0,0,0,0,0,0,0,0,0,0,0,0,0,0,0,0,0,0,0,0,0,0,0,0,0,0,0,0,0,0,0,0,0,0,0,0,0,0,0,0,0,0,0,0,0,0,0
Fe3O4,PVA,7.7,5.6,FBS,77.8,23540.0,20000,10,25,metal,sphere,water,7.0,112.7,0.126944444,buffer,1.0,37,1,Anionic,0,1,1,1,1,0,0,1,0,0,0,1,0,0,1,0,0,0,0,0,0,0,1,0,1,0,1,0,0,0,0,0,0,0,0,0,0,0,1,1,0,1,0,0,0,1,0,0,0,0,0,1,0,0,0,0,0,0,0,0,0,0,0,0,0,1,0,0,0,0,0,0,0,0,0,0,0,0,0,0,0,0,0,0,0,0,0,0,0,0,0,0,0,0,0,0,0,0,0,0,0,0,0,0,0,0,0,0,0,0,0,0,0,1,0,0,0,0,0,0,0,0,0,0,0,0,0,0,0,0,0,0,0,0,0,0,0,0,0,0,0,0,0,0,0,0,0,0,0,0,0,0,0,0,0,1,0,0,0,0,0,0,0,0,0,0,0,0,0,0,0,0,0,0,0,0,0,0
Fe3O4,PVA,7.7,13.6,FBS,77.8,23540.0,20000,10,25,metal,sphere,water,7.0,46.8,0.126944444,buffer,1.0,37,1,Anionic,0,1,1,1,1,0,0,1,0,1,0,1,0,0,1,0,0,0,0,0,0,0,1,0,1,0,1,1,0,0,1,0,0,0,0,0,1,0,1,1,0,0,0,1,0,1,0,0,0,0,0,0,0,0,0,0,1,0,0,0,0,0,0,0,0,1,0,0,0,0,0,0,0,0,0,0,0,0,0,0,0,0,0,0,0,0,0,0,0,0,0,0,0,0,0,1,0,0,0,0,0,0,0,0,0,0,0,1,0,0,0,0,0,0,0,0,0,0,0,0,0,0,0,0,0,0,0,0,0,0,0,0,0,0,0,0,0,0,0,0,0,0,0,0,0,0,0,0,0,0,0,0,0,0,0,1,0,0,0,0,0,0,0,0,0,0,0,1,0,0,0,0,0,0,0,0,0,0
Fe3O4,none,7.7,27.5,FBS,77.8,23540.0,20000,10,25,metal,sphere,water,7.0,28.0,0.126944444,buffer,1.0,37,1,Cationic,0,1,1,1,1,0,0,0,0,1,0,1,0,0,1,0,0,0,0,0,0,0,0,0,1,0,1,0,0,0,1,0,0,1,0,0,0,0,1,0,0,1,0,1,0,0,0,0,0,0,0,1,0,0,0,0,0,0,0,0,0,0,0,0,0,1,0,0,0,0,0,0,0,0,0,0,0,0,0,0,0,0,0,0,0,0,0,0,0,0,0,0,0,1,0,0,0,0,0,0,0,0,0,0,0,0,0,1,0,0,0,0,0,0,0,0,0,0,0,0,0,0,0,0,0,0,0,0,0,0,0,0,0,0,0,0,0,0,0,0,0,0,0,0,0,0,0,0,0,0,0,0,0,0,0,0,0,0,0,0,0,0,0,0,1,0,0,0,0,0,0,0,0,0,0,0,0,0
Fe3O4,PVA,7.7,34.6,FBS,77.8,23540.0,20000,10,25,metal,sphere,water,7.0,71.8,0.126944444,buffer,1.0,37,1,Anionic,0,1,1,1,1,0,0,1,0,1,0,0,0,0,1,0,0,0,0,0,1,0,0,0,0,0,1,1,0,0,1,0,0,0,0,0,1,0,1,1,1,1,0,1,0,1,1,0,1,1,0,0,0,0,1,0,0,0,0,0,0,0,0,0,0,1,0,0,0,0,0,0,0,0,0,0,0,0,0,0,0,0,0,0,0,0,0,0,0,0,0,0,0,0,0,0,0,0,0,0,0,0,0,0,0,0,0,1,0,0,0,0,0,0,0,0,0,0,0,0,0,0,0,1,0,0,0,0,0,1,0,0,0,0,0,0,0,0,1,0,0,0,0,0,0,0,0,0,0,0,0,0,0,0,0,0,0,0,0,0,0,0,0,0,1,0,0,1,0,0,0,0,0,0,0,0,0,0
Fe3O4,SiO2,100.7,36.8,FBS,77.8,35653.0,20000,10,25,metal,sphere,water,7.0,100.7,0.126944444,buffer,1.0,37,1,Neutral,0,1,1,1,1,0,0,1,1,1,0,0,0,0,1,0,0,0,0,0,0,1,1,0,1,0,1,1,0,0,1,0,0,0,0,0,0,0,1,0,0,1,0,0,0,1,0,0,0,0,0,0,0,0,1,0,0,0,0,0,0,0,0,0,0,1,0,0,0,0,0,0,0,0,0,0,0,0,0,0,0,0,0,0,0,0,0,0,0,0,0,0,0,0,0,1,0,0,0,0,0,0,0,0,0,0,0,1,0,0,0,0,0,0,0,0,0,0,0,0,0,0,0,0,0,0,0,0,0,0,0,0,0,0,0,0,0,0,1,0,0,0,0,0,0,0,0,0,0,0,0,0,0,0,0,0,0,0,0,0,0,0,0,0,0,0,0,0,0,0,0,0,0,0,0,0,0,0
Fe3O4,PVA,7.7,-15.5,FBS,77.8,23540.0,20000,10,25,metal,sphere,water,7.0,78.5,0.126944444,buffer,1.0,37,1,Anionic,0,1,0,0,1,0,0,0,0,0,0,0,0,0,0,0,0,0,0,0,0,0,0,0,0,0,1,0,0,0,0,0,0,0,0,0,0,0,1,0,0,0,0,0,0,0,0,0,0,0,0,0,0,0,0,0,0,0,0,0,0,0,0,0,0,0,0,0,0,0,0,0,0,0,0,0,0,0,0,0,0,0,0,0,0,0,0,0,0,0,0,0,0,0,0,0,0,0,0,0,0,0,0,0,0,0,0,0,0,0,0,0,0,0,0,0,0,0,0,0,0,0,0,0,0,0,0,0,0,0,0,0,0,0,0,0,0,0,0,0,0,0,0,0,0,0,0,0,0,0,0,0,0,0,0,0,0,0,0,0,0,0,0,0,0,0,0,0,0,0,0,0,0,0,0,0,0,0
Fe3O4,TiO2,102.1,-24.9,FBS,77.8,64825.0,20000,10,25,metal,sphere,water,7.0,102.1,0.126944444,buffer,1.0,37,1,Cationic,0,1,1,1,1,0,0,1,1,1,0,0,0,0,1,0,0,1,0,0,1,1,1,0,1,1,1,1,0,0,1,0,0,0,0,0,0,0,1,0,0,1,0,1,0,1,0,0,0,0,0,1,0,0,1,0,0,0,0,0,1,0,0,1,0,1,1,0,0,0,0,0,0,0,0,0,0,0,0,0,0,0,0,0,0,0,0,0,0,0,0,0,0,0,0,0,0,0,0,0,0,0,0,0,1,0,0,0,0,0,0,0,0,1,0,0,0,0,0,0,0,0,0,0,0,0,0,0,0,0,0,0,0,0,0,0,0,0,0,1,0,0,0,0,0,0,0,0,0,0,0,0,0,0,0,0,0,0,0,0,0,0,0,0,0,0,0,0,0,0,0,0,0,0,0,0,0,0
Fe3O4,SiO2,102.1,-36.6,FBS,77.8,35653.0,20000,10,25,metal,sphere,water,7.0,102.1,0.126944444,buffer,1.0,37,1,Neutral,0,1,1,1,0,0,0,0,0,0,0,1,0,0,0,0,0,0,0,0,0,1,0,0,1,0,1,0,0,0,0,0,0,0,0,0,0,0,0,0,0,1,0,1,0,1,0,0,0,0,0,1,0,0,0,0,0,0,0,0,0,0,0,0,0,1,0,0,0,0,0,0,0,0,0,0,0,0,0,0,0,0,0,0,0,0,0,0,0,0,0,0,0,0,0,0,0,0,0,0,0,0,0,0,0,0,0,0,0,0,0,0,0,0,0,0,0,0,0,0,0,0,0,0,0,0,0,0,0,0,0,0,0,0,0,0,0,0,0,0,0,0,0,0,0,0,0,0,0,0,0,0,0,0,0,0,0,0,0,0,0,0,0,0,0,0,0,0,0,0,0,0,0,0,0,0,0,0
Fe3O4,none,143.9,-48.2,FBS,77.8,23540.0,20000,10,25,metal,sphere,water,7.0,143.9,0.126944444,buffer,1.0,37,1,Cationic,0,1,1,1,1,0,0,1,1,1,0,0,0,0,1,0,0,1,0,1,0,1,0,0,1,1,1,1,0,1,1,0,0,1,0,1,0,0,1,1,1,1,0,1,1,1,0,0,0,1,0,1,0,0,0,0,1,0,0,0,0,0,0,1,0,1,1,0,0,0,0,0,0,0,0,0,0,0,0,0,0,0,0,0,0,0,0,0,0,0,0,0,0,0,0,0,0,0,0,0,0,0,0,0,1,0,0,1,0,0,0,0,0,1,0,0,0,0,0,0,0,0,0,0,0,0,1,0,0,0,0,0,0,0,0,0,0,0,0,1,0,0,0,0,0,1,1,0,0,0,0,0,0,0,0,0,0,0,0,0,0,0,1,0,0,0,0,0,0,0,0,0,0,0,0,0,0,0
Ag,CIT,112.0,-25.1,FBS,10.0,100.0,3000,15,22,metal,sphere,cell culture,7.4,120.9,0.126944444,DMEM,1.0,37,1,Anionic,0,1,1,1,1,1,0,1,1,1,0,1,0,0,1,0,0,1,1,1,1,1,1,0,1,1,1,1,0,1,1,0,0,1,0,1,0,0,1,1,1,1,0,1,1,1,0,0,0,1,0,1,0,0,0,0,0,0,0,0,0,0,0,1,0,1,0,0,0,0,0,1,0,1,0,0,1,0,0,0,0,0,0,0,0,0,0,0,0,1,0,0,0,0,0,0,0,0,0,0,0,0,0,0,0,0,0,1,0,0,0,0,0,1,0,0,0,0,0,0,0,0,0,0,0,0,1,0,0,0,0,0,0,0,0,0,0,0,0,0,0,0,1,0,0,0,0,0,0,0,0,0,0,0,0,0,0,0,0,0,0,0,1,0,0,0,1,0,0,0,0,0,0,0,0,0,0,0
Ag,CIT,20.5,-25.3,FBS,10.0,100.0,3000,15,22,metal,sphere,cell culture,7.4,23.4,0.126944444,DMEM,1.0,37,1,Anionic,0,1,1,0,1,1,0,0,1,0,0,0,0,0,0,0,0,1,0,0,0,0,0,0,0,0,1,0,0,0,0,0,0,0,0,0,0,0,1,0,0,0,0,0,0,0,0,0,0,0,0,1,0,0,0,0,0,0,0,0,0,0,0,0,0,0,0,0,0,0,0,0,0,0,0,0,0,0,0,0,0,0,0,0,0,0,0,0,0,0,0,0,0,0,0,0,0,0,0,0,0,0,0,0,0,0,0,0,0,0,0,0,0,0,0,0,0,0,0,0,0,0,0,0,0,0,0,0,0,0,0,0,0,0,0,0,0,0,0,0,0,0,0,0,0,0,0,0,0,0,0,0,0,0,0,0,0,0,0,0,0,0,0,0,0,0,0,0,0,0,0,0,0,0,0,0,1,0
Ag,PVP,112.0,-25.5,FBS,10.0,100.0,3000,15,22,metal,sphere,water,7.0,113.2,0.126944444,DMEM,1.0,37,1,Anionic,0,1,1,1,1,1,0,1,1,1,0,1,0,0,1,0,0,1,1,1,1,1,1,0,1,1,1,1,0,1,1,0,0,1,0,1,0,0,1,1,1,1,0,1,1,1,0,0,0,1,0,1,0,0,0,0,0,0,0,0,0,0,1,1,0,1,0,0,0,0,0,1,0,1,0,0,1,0,0,0,0,0,0,0,0,0,0,0,1,1,0,0,0,0,0,0,0,0,0,0,0,0,0,0,0,0,0,1,0,0,0,0,0,1,0,0,0,0,0,0,0,0,0,0,0,0,1,0,0,0,0,0,0,0,0,0,0,0,0,0,0,0,1,0,0,0,0,0,0,0,0,0,0,0,0,0,0,0,0,0,0,0,1,0,0,0,1,0,0,0,0,0,0,0,1,0,0,0
Ag,PVP,21.0,-27.9,FBS,10.0,100.0,3000,15,22,metal,sphere,cell culture,7.4,22.9,0.126944444,DMEM,1.0,37,1,Anionic,0,0,1,0,1,0,0,0,1,0,0,0,0,0,0,0,0,1,1,0,0,0,0,0,0,0,1,0,0,0,0,0,0,0,0,0,0,0,1,0,0,0,0,0,0,0,0,0,0,0,0,0,0,0,0,0,0,0,0,0,0,0,0,0,0,0,0,0,0,0,0,0,0,0,0,0,0,0,0,0,0,0,0,0,0,0,0,0,0,0,0,0,0,0,0,0,0,0,0,0,0,0,0,0,0,0,0,0,0,0,0,0,0,0,0,0,0,0,0,0,0,0,0,0,0,0,0,0,0,0,0,0,0,0,0,0,0,0,0,0,0,0,0,0,0,0,0,0,0,0,0,0,0,0,0,0,0,0,0,0,0,0,0,0,0,0,0,0,0,0,0,0,0,0,0,0,1,0
Ag,PVP,112.0,-30.0,FBS,10.0,100.0,3000,15,22,metal,sphere,cell culture,7.4,121.5,0.126944444,DMEM,1.0,37,1,Anionic,0,1,1,1,1,1,0,1,1,1,0,1,0,0,1,0,0,1,1,1,1,1,1,0,1,1,1,1,0,1,1,0,0,1,0,1,0,0,1,1,1,1,0,1,1,1,0,0,0,1,0,1,0,0,0,0,0,0,0,0,0,0,1,1,0,1,0,0,0,0,0,1,0,1,0,0,1,0,0,0,0,0,0,0,0,0,0,0,1,1,0,0,0,0,0,0,0,0,0,0,0,0,0,0,0,0,0,1,0,0,0,0,0,1,0,0,0,0,0,0,0,0,0,0,0,0,1,0,0,0,0,0,0,0,0,0,0,0,0,0,0,0,1,0,0,0,0,0,0,0,0,0,0,0,0,0,0,0,0,0,0,0,1,0,0,0,1,0,0,0,0,0,0,0,1,0,0,0
Ag,PVP,21.0,-35.9,FBS,10.0,100.0,3000,15,22,metal,sphere,water,7.0,26.6,0.126944444,DMEM,1.0,37,1,Anionic,0,0,1,0,1,0,0,0,1,0,0,0,0,0,0,0,0,1,1,0,0,0,0,0,0,0,1,0,0,0,0,0,0,0,0,0,0,0,1,0,0,0,0,0,0,0,0,0,0,0,0,0,0,0,0,0,0,0,0,0,0,0,0,0,0,0,0,0,0,0,0,0,0,0,0,0,0,0,0,0,0,0,0,0,0,0,0,0,0,0,0,0,0,0,0,0,0,0,0,0,0,0,0,0,0,0,0,0,0,0,0,0,0,0,0,0,0,0,0,0,0,0,0,0,0,0,0,0,0,0,0,0,0,0,0,0,0,0,0,0,0,0,0,0,0,0,0,0,0,0,0,0,0,0,0,0,0,0,0,0,0,0,0,0,0,0,0,0,0,0,0,0,0,0,0,0,1,0
Ag,CIT,112.0,-43.6,FBS,10.0,100.0,3000,15,22,metal,sphere,water,7.0,104.5,0.126944444,DMEM,1.0,37,1,Anionic,0,1,1,1,1,1,0,1,1,1,0,1,0,0,1,0,0,1,1,1,1,1,1,0,1,1,1,1,0,1,1,0,0,1,0,1,0,0,1,1,1,1,0,1,1,1,0,0,0,1,0,1,0,0,0,0,0,0,0,0,0,0,0,1,0,1,0,0,0,0,0,1,0,1,0,0,1,0,0,0,0,0,0,0,0,0,0,0,0,1,0,0,0,0,0,0,0,0,0,0,0,0,0,0,0,0,0,1,0,0,0,0,0,1,0,0,0,0,0,0,0,0,0,0,0,0,1,0,0,0,0,0,0,0,0,0,0,0,0,0,0,0,1,0,0,0,0,0,0,0,0,0,0,0,0,0,0,0,0,0,0,0,1,0,0,0,1,0,0,0,0,0,0,0,0,0,0,0
Ag,CIT,20.5,-46.6,FBS,10.0,100.0,3000,15,22,metal,sphere,water,7.0,24.4,0.126944444,DMEM,1.0,37,1,Anionic,0,1,1,0,1,1,0,0,1,0,0,0,0,0,0,0,0,1,0,0,0,0,0,0,0,0,1,0,0,0,0,0,0,0,0,0,0,0,1,0,0,0,0,0,0,0,0,0,0,0,0,1,0,0,0,0,0,0,0,0,0,0,0,0,0,0,0,0,0,0,0,0,0,0,0,0,0,0,0,0,0,0,0,0,0,0,0,0,0,0,0,0,0,0,0,0,0,0,0,0,0,0,0,0,0,0,0,0,0,0,0,0,0,0,0,0,0,0,0,0,0,0,0,0,0,0,0,0,0,0,0,0,0,0,0,0,0,0,0,0,0,0,0,0,0,0,0,0,0,0,0,0,0,0,0,0,0,0,0,0,0,0,0,0,0,0,0,0,0,0,0,0,0,0,0,0,1,0
Fe3O4,NH2,15.1,-13.9,FBS,90.0,100.0,15000,20,25,metal,sphere,PBS,7.4,32.7,0.126944444,water,1.0,39,1,Anionic,0,0,1,0,1,0,0,0,0,0,0,0,0,0,1,0,0,0,0,1,0,0,0,0,0,0,1,0,0,0,0,0,0,0,0,0,1,0,1,0,1,0,0,0,0,0,0,0,1,0,0,0,0,0,0,0,0,0,0,0,0,0,0,0,0,0,0,0,0,0,0,0,0,0,0,0,1,0,0,0,0,0,0,0,0,0,0,0,0,0,0,0,0,0,0,0,0,0,0,0,0,0,0,0,0,0,0,0,0,0,0,0,0,0,0,0,0,0,0,0,0,0,0,0,0,0,0,0,0,0,0,0,0,0,0,0,0,0,0,0,0,0,0,0,0,0,0,0,0,0,0,0,0,0,0,0,0,0,0,0,0,0,0,0,0,0,0,0,0,0,0,0,0,0,0,0,0,0
Fe3O4,NH2,15.1,-13.9,FBS,90.0,100.0,15000,20,25,metal,sphere,PBS,7.4,32.7,0.126944444,water,1.0,39,1,Anionic,0,0,0,0,1,0,0,0,0,0,0,0,0,0,0,0,0,0,0,0,0,0,0,0,0,0,1,0,0,0,0,0,0,0,0,0,1,0,0,0,0,0,0,0,0,0,0,0,1,0,0,0,0,0,0,0,0,0,0,0,0,0,0,0,0,0,0,0,0,0,0,0,0,0,0,0,0,0,0,0,0,0,0,0,0,0,0,0,0,0,0,0,0,0,0,0,0,0,0,0,0,0,0,0,0,0,0,0,0,0,0,0,0,0,0,0,0,0,0,0,0,0,0,0,0,0,0,0,0,0,0,0,0,0,0,0,0,0,0,0,0,0,0,0,0,0,0,0,0,0,0,0,0,0,0,0,0,0,0,0,0,0,0,0,0,0,0,0,0,0,0,0,0,0,0,0,0,0
Fe3O4,NH2,15.1,-13.9,FBS,90.0,100.0,15000,20,25,metal,sphere,PBS,7.4,32.7,0.126944444,water,1.0,39,1,Anionic,0,1,1,0,1,0,0,0,0,1,0,1,0,0,1,0,0,0,0,1,1,0,0,0,1,0,1,0,0,1,1,0,0,0,0,1,1,0,1,1,1,1,0,1,1,1,1,0,0,0,0,0,0,0,0,0,0,0,0,0,0,0,0,0,0,0,0,0,0,0,0,1,0,1,0,0,1,0,0,0,0,0,1,0,0,0,0,0,0,0,0,0,0,0,0,0,0,0,0,0,0,0,0,0,0,0,0,0,0,0,0,0,0,1,0,0,0,0,0,0,0,0,0,0,0,0,0,1,0,0,0,0,0,0,0,0,0,0,0,0,0,0,0,0,0,0,0,0,0,0,0,0,0,0,0,0,0,0,0,0,0,0,1,0,0,0,0,0,0,0,0,0,0,0,0,0,0,0
Fe3O4,NH2,15.1,-13.9,FBS,90.0,100.0,15000,20,25,metal,sphere,PBS,7.4,32.7,0.126944444,water,1.0,39,1,Anionic,0,0,0,0,1,0,0,0,0,0,0,0,0,0,0,0,0,0,0,1,0,0,0,0,0,0,1,0,0,0,0,0,0,0,0,0,0,0,1,0,0,0,0,0,0,0,0,0,0,0,0,0,0,0,0,0,0,0,0,0,0,0,0,0,0,0,0,0,0,0,0,0,0,0,0,0,0,0,0,0,0,0,0,0,0,0,0,0,0,0,0,0,0,0,0,0,0,0,0,0,0,0,0,0,0,0,0,0,0,0,0,0,0,0,0,0,0,0,0,0,0,0,0,0,0,0,0,0,0,0,0,0,0,0,0,0,0,0,0,0,0,0,0,0,0,0,0,0,0,0,0,0,0,0,0,0,0,0,0,0,0,0,0,0,0,0,0,0,0,0,0,0,0,0,0,0,0,0
Fe3O4,NH2,15.1,-20.8,FBS,90.0,100.0,15000,20,25,metal,sphere,water,7.0,43.8,0.126944444,water,1.0,39,1,Anionic,0,0,1,0,1,0,0,0,0,0,0,0,0,0,1,0,0,0,0,1,0,0,0,0,0,0,1,0,0,0,0,0,0,0,0,0,1,0,1,0,1,0,0,0,0,0,0,0,1,0,0,0,0,0,0,0,0,0,0,0,0,0,0,0,0,0,0,0,0,0,0,0,0,0,0,0,1,0,0,0,0,0,0,0,0,0,0,0,0,0,0,0,0,0,0,0,0,0,0,0,0,0,0,0,0,0,0,0,0,0,0,0,0,0,0,0,0,0,0,0,0,0,0,0,0,0,0,0,0,0,0,0,0,0,0,0,0,0,0,0,0,0,0,0,0,0,0,0,0,0,0,0,0,0,0,0,0,0,0,0,0,0,0,0,0,0,0,0,0,0,0,0,0,0,0,0,0,0
Fe3O4,NH2,15.1,-20.8,FBS,90.0,100.0,15000,20,25,metal,sphere,water,7.0,43.8,0.126944444,water,1.0,39,1,Anionic,0,0,0,0,1,0,0,0,0,0,0,0,0,0,0,0,0,0,0,0,0,0,0,0,0,0,1,0,0,0,0,0,0,0,0,0,1,0,0,0,0,0,0,0,0,0,0,0,1,0,0,0,0,0,0,0,0,0,0,0,0,0,0,0,0,0,0,0,0,0,0,0,0,0,0,0,0,0,0,0,0,0,0,0,0,0,0,0,0,0,0,0,0,0,0,0,0,0,0,0,0,0,0,0,0,0,0,0,0,0,0,0,0,0,0,0,0,0,0,0,0,0,0,0,0,0,0,0,0,0,0,0,0,0,0,0,0,0,0,0,0,0,0,0,0,0,0,0,0,0,0,0,0,0,0,0,0,0,0,0,0,0,0,0,0,0,0,0,0,0,0,0,0,0,0,0,0,0
Fe3O4,NH2,15.1,-20.8,FBS,90.0,100.0,15000,20,25,metal,sphere,water,7.0,43.8,0.126944444,water,1.0,39,1,Anionic,0,1,1,0,1,0,0,0,0,1,0,1,0,0,1,0,0,0,0,1,1,0,0,0,1,0,1,0,0,1,1,0,0,0,0,1,1,0,1,1,1,1,0,1,1,1,1,0,0,0,0,0,0,0,0,0,0,0,0,0,0,0,0,0,0,0,0,0,0,0,0,1,0,1,0,0,1,0,0,0,0,0,1,0,0,0,0,0,0,0,0,0,0,0,0,0,0,0,0,0,0,0,0,0,0,0,0,0,0,0,0,0,0,1,0,0,0,0,0,0,0,0,0,0,0,0,0,1,0,0,0,0,0,0,0,0,0,0,0,0,0,0,0,0,0,0,0,0,0,0,0,0,0,0,0,0,0,0,0,0,0,0,1,0,0,0,0,0,0,0,0,0,0,0,0,0,0,0
Fe3O4,NH2,15.1,-20.8,FBS,90.0,100.0,15000,20,25,metal,sphere,water,7.0,43.8,0.126944444,water,1.0,39,1,Anionic,0,0,0,0,1,0,0,0,0,0,0,0,0,0,0,0,0,0,0,1,0,0,0,0,0,0,1,0,0,0,0,0,0,0,0,0,0,0,1,0,0,0,0,0,0,0,0,0,0,0,0,0,0,0,0,0,0,0,0,0,0,0,0,0,0,0,0,0,0,0,0,0,0,0,0,0,0,0,0,0,0,0,0,0,0,0,0,0,0,0,0,0,0,0,0,0,0,0,0,0,0,0,0,0,0,0,0,0,0,0,0,0,0,0,0,0,0,0,0,0,0,0,0,0,0,0,0,0,0,0,0,0,0,0,0,0,0,0,0,0,0,0,0,0,0,0,0,0,0,0,0,0,0,0,0,0,0,0,0,0,0,0,0,0,0,0,0,0,0,0,0,0,0,0,0,0,0,0
SiO2,none,116.6,-19.9,HS,10.0,1000.0,15000,20,25,other,sphere,plasma,7.4,220.8,0.288,buffer,24.0,37,1,Neutral,1,1,1,1,1,1,1,1,1,1,1,1,1,1,1,1,1,1,1,1,1,1,1,1,1,1,1,1,1,1,0,1,1,1,1,1,0,1,1,1,1,1,1,1,1,0,1,1,0,1,0,0,1,1,1,1,1,1,0,1,1,1,1,1,1,1,1,1,1,1,1,1,1,1,1,1,1,1,0,1,1,1,1,0,1,1,0,0,1,1,1,1,0,1,1,1,1,0,1,0,0,0,0,0,1,1,1,1,1,1,1,1,0,1,0,1,1,0,1,1,1,0,0,0,0,1,1,1,1,0,0,1,0,0,1,1,0,0,0,0,0,0,1,1,1,1,0,0,0,0,1,1,1,0,0,1,0,0,0,0,0,1,1,1,0,0,1,0,0,0,0,0,0,0,1,0,1,0
SiO2,none,116.6,-20.1,FBS,10.0,1000.0,15000,20,25,other,sphere,plasma,7.4,193.3,0.187,buffer,24.0,37,1,Neutral,0,1,1,1,1,0,0,1,1,1,0,1,0,0,1,0,1,0,0,1,1,1,1,0,1,1,1,1,0,1,1,0,0,1,0,1,1,0,1,1,1,1,0,1,1,1,1,1,1,1,0,1,0,0,1,0,1,0,1,0,0,0,1,1,0,1,1,0,0,0,0,0,0,1,1,0,1,0,0,0,0,0,1,0,0,0,0,0,0,0,1,0,0,1,0,0,1,0,1,0,1,0,0,0,1,0,0,1,1,1,0,0,0,1,0,0,0,0,0,0,0,0,0,0,0,0,1,0,0,1,0,0,0,0,0,1,1,1,0,1,0,1,1,0,1,1,1,1,0,0,0,0,0,0,0,1,0,0,0,0,0,0,1,0,1,0,0,0,0,0,0,0,0,0,1,0,0,0
SiO2,none,116.6,-39.1,FBS,10.0,1000.0,15000,20,25,other,sphere,buffer,7.4,143.5,0.111,buffer,24.0,37,1,Neutral,0,1,1,1,1,0,0,1,1,1,0,1,0,0,1,0,1,0,0,1,1,1,1,0,1,1,1,1,0,1,1,0,0,1,0,1,1,0,1,1,1,1,0,1,1,1,1,1,1,1,0,1,0,0,1,0,1,0,1,0,0,0,1,1,0,1,1,0,0,0,0,0,0,1,1,0,1,0,0,0,0,0,1,0,0,0,0,0,0,0,1,0,0,1,0,0,1,0,1,0,1,0,0,0,1,0,0,1,1,1,0,0,0,1,0,0,0,0,0,0,0,0,0,0,0,0,1,0,0,1,0,0,0,0,0,1,1,1,0,1,0,1,1,0,1,1,1,1,0,0,0,0,0,0,0,1,0,0,0,0,0,0,1,0,1,0,0,0,0,0,0,0,0,0,1,0,0,0
SiO2,none,116.6,-39.1,HS,10.0,1000.0,15000,20,25,other,sphere,buffer,7.4,143.5,0.111,buffer,24.0,37,1,Neutral,1,1,1,1,1,1,1,1,1,1,1,1,1,1,1,1,1,1,1,1,1,1,1,1,1,1,1,1,1,1,0,1,1,1,1,1,0,1,1,1,1,1,1,1,1,0,1,1,0,1,0,0,1,1,1,1,1,1,0,1,1,1,1,1,1,1,1,1,1,1,1,1,1,1,1,1,1,1,0,1,1,1,1,0,1,1,0,0,1,1,1,1,0,1,1,1,1,0,1,0,0,0,0,0,1,1,1,1,1,1,1,1,0,1,0,1,1,0,1,1,1,0,0,0,0,1,1,1,1,0,0,1,0,0,1,1,0,0,0,0,0,0,1,1,1,1,0,0,0,0,1,1,1,0,0,1,0,0,0,0,0,1,1,1,0,0,1,0,0,0,0,0,0,0,1,0,1,0
SiO2,none,203.0,-16.2,HP,50.0,1000.0,14000,15,25,other,sphere,plasma,7.4,203.0,0.19,buffer,1.0,37,1,Neutral,1,1,1,1,1,1,1,1,1,1,1,1,1,1,1,1,1,1,1,1,1,1,1,1,1,1,1,1,1,0,1,0,1,1,1,1,1,1,1,1,1,1,1,1,1,1,1,1,1,1,0,0,1,1,1,1,1,1,1,1,1,1,1,1,1,1,1,1,1,1,1,1,1,1,1,0,1,1,1,1,0,1,1,1,0,0,1,1,0,0,0,1,0,0,0,0,0,1,1,0,0,1,0,0,0,0,1,0,0,1,0,0,0,1,0,0,0,0,0,0,1,0,0,0,0,0,0,0,0,0,0,1,0,1,0,0,0,0,0,1,1,0,1,1,0,1,1,0,0,0,0,0,1,1,0,1,0,0,0,0,0,1,0,0,0,0,0,0,0,1,0,0,0,0,1,1,1,0
SiO2,none,152.0,-18.4,HP,50.0,1000.0,14000,15,25,other,sphere,buffer,7.4,152.0,0.18,buffer,1.0,37,1,Neutral,1,1,1,1,1,0,1,1,1,1,1,1,1,1,0,0,0,1,1,1,1,1,1,1,1,0,1,1,1,0,0,0,1,1,1,1,1,1,0,1,0,0,1,0,1,1,1,1,1,0,0,0,0,0,0,0,0,0,0,1,1,1,0,0,0,1,0,0,1,0,1,0,0,0,0,0,0,0,0,1,0,1,0,0,1,0,0,1,0,0,0,0,0,0,0,0,0,0,1,0,0,0,0,0,0,0,0,0,0,1,0,0,0,0,0,0,0,0,0,0,0,0,0,0,0,0,0,0,0,0,0,1,0,0,0,0,0,0,0,0,0,0,0,0,0,0,0,0,0,0,0,0,1,0,0,0,0,0,0,0,0,0,0,0,0,0,0,0,0,0,0,0,0,0,0,0,1,0
CaCO3,none,58.27,-13.5,FBS,5.0,1000.0,16000,10,25,metal,sphere,PBS,7.4,50.0,0.126944444,DMEM,12.0,22,1,Neutral,0,1,1,1,1,0,0,0,1,1,0,0,0,0,0,0,0,0,0,1,0,1,0,0,1,1,1,0,0,1,0,0,1,1,0,0,0,0,1,1,1,1,0,0,0,0,1,1,0,1,0,1,0,0,1,0,0,0,0,0,0,0,1,0,0,0,0,0,0,0,0,0,0,0,0,0,0,0,0,0,0,0,0,0,0,0,0,0,0,0,0,0,0,0,0,1,0,0,0,0,0,0,0,0,0,0,0,0,0,0,0,0,0,0,0,0,0,0,0,0,0,0,0,0,0,0,0,0,0,0,0,0,0,0,0,0,0,0,0,0,0,0,0,0,0,0,0,0,0,0,0,0,0,0,0,0,0,0,0,0,0,0,0,0,0,0,0,0,0,0,0,0,0,0,0,0,0,0
CaCO3,none,65.13,-13.5,FBS,5.0,1000.0,16000,10,25,metal,sphere,PBS,7.4,50.0,0.126944444,DMEM,12.0,22,1,Neutral,0,1,1,1,1,0,0,0,1,1,0,0,0,0,0,0,0,0,0,1,0,1,0,0,1,1,1,0,0,1,0,0,1,1,0,0,0,0,1,1,1,1,0,0,0,0,1,1,0,1,0,1,0,0,1,0,0,0,0,0,0,0,1,0,0,0,0,0,0,0,0,0,0,0,0,0,0,0,0,0,0,0,0,0,0,0,0,0,0,0,0,0,0,0,0,1,0,0,0,0,0,0,0,0,0,0,0,0,0,0,0,0,0,0,0,0,0,0,0,0,0,0,0,0,0,0,0,0,0,0,0,0,0,0,0,0,0,0,0,0,0,0,0,0,0,0,0,0,0,0,0,0,0,0,0,0,0,0,0,0,0,0,0,0,0,0,0,0,0,0,0,0,0,0,0,0,0,0
Ca3(PO4)2,none,45.58,-13.5,FBS,5.0,1000.0,16000,10,25,metal,sphere,PBS,7.4,100.0,0.126944444,DMEM,12.0,22,1,Anionic,0,1,1,1,1,0,0,0,1,1,0,0,0,0,0,0,0,0,0,1,0,1,0,0,1,1,1,0,0,1,0,0,1,1,0,0,0,0,1,0,1,1,0,0,0,0,1,0,0,1,0,1,0,0,1,0,0,0,0,0,0,0,1,0,0,0,0,0,0,0,0,0,0,0,0,0,0,0,0,0,0,0,0,0,0,0,0,0,0,0,0,0,0,1,0,1,1,0,0,0,0,0,0,0,0,0,0,0,0,0,0,0,0,0,0,0,0,0,0,0,0,0,0,0,0,0,0,0,0,0,0,0,0,0,0,0,0,0,0,0,0,0,0,0,0,0,0,0,0,0,0,0,0,0,0,0,0,0,0,0,0,0,0,0,0,0,0,0,0,0,0,0,0,0,0,0,0,0
DOTAP-Chol-DPPC,none,246.3,34.0,RP,50.0,500.0,18000,15,25,liposome,sphere,buffer,7.4,246.3,0.126944444,buffer,1.0,37,1,Neutral,1,1,0,1,1,1,1,1,1,1,1,1,1,1,1,0,1,1,1,1,1,1,1,1,0,1,1,0,0,1,1,0,0,0,1,1,1,1,0,1,1,1,1,1,1,1,1,0,1,1,1,1,1,0,1,1,1,1,1,0,1,1,1,0,1,1,1,1,1,1,1,1,1,1,1,0,1,1,1,0,1,1,1,1,0,0,1,0,1,1,0,0,0,1,0,1,1,0,1,1,1,0,0,0,0,1,0,1,1,1,0,1,1,0,0,1,0,0,1,0,0,1,1,1,1,1,1,0,1,0,0,1,0,1,0,1,1,0,1,0,0,1,1,1,1,1,1,1,0,1,1,1,0,1,1,0,0,0,0,0,1,1,1,1,1,1,1,1,0,0,1,1,0,1,0,0,1,1
DOTAP-Chol-DPPC,none,246.3,34.0,HP,50.0,500.0,18000,15,25,liposome,sphere,buffer,7.4,246.3,0.126944444,buffer,1.0,37,1,Neutral,1,0,0,1,1,1,1,1,0,1,1,1,1,0,1,1,1,1,1,1,1,1,1,1,1,1,1,1,1,1,0,1,1,0,1,1,1,1,1,1,1,1,0,0,1,0,1,1,1,1,1,1,1,0,0,1,0,1,1,1,0,1,1,0,1,1,1,1,1,1,1,1,1,1,1,1,0,0,0,1,1,1,0,1,1,1,0,1,1,1,1,0,1,1,1,0,1,1,1,1,0,1,1,1,0,1,0,1,0,1,1,0,1,0,1,0,1,0,0,1,0,1,1,1,0,0,0,1,1,0,1,1,0,1,0,0,0,0,0,0,1,0,1,1,1,0,1,0,0,1,0,0,1,1,1,0,0,0,0,0,1,0,1,0,0,0,0,1,0,0,0,1,0,0,0,1,1,0
DOTAP-Chol-DSPC,none,421.8,37.1,RP,50.0,500.0,18000,15,25,liposome,sphere,buffer,7.4,421.8,0.126944444,buffer,1.0,37,1,Neutral,1,1,1,1,1,1,1,1,1,1,1,1,1,1,1,0,1,1,1,1,1,1,1,1,0,1,1,0,0,1,1,0,0,0,1,1,1,1,0,1,1,1,1,1,1,1,1,0,1,1,1,1,1,0,1,1,1,1,1,0,1,1,1,0,1,1,1,1,1,1,1,1,1,1,1,0,0,1,1,0,1,1,1,1,0,0,1,0,1,1,0,0,0,1,0,1,1,0,1,1,1,0,0,0,0,1,0,1,1,1,0,1,1,0,0,1,1,0,1,0,0,1,1,1,1,1,1,0,1,0,0,1,0,1,0,0,1,0,1,0,0,0,0,1,1,1,1,1,0,1,1,1,0,1,1,0,1,0,0,0,1,1,1,1,1,1,1,1,0,0,1,1,0,1,0,0,1,1
DOTAP-Chol-DSPC,none,421.8,37.1,HP,50.0,500.0,18000,15,25,liposome,sphere,buffer,7.4,421.8,0.126944444,buffer,1.0,37,1,Neutral,1,0,0,1,1,1,1,1,0,1,1,1,1,0,1,1,1,1,1,1,1,1,1,1,1,1,1,1,1,1,0,1,1,0,1,1,1,1,1,1,1,1,0,1,1,0,1,1,1,1,1,1,1,0,0,1,0,1,1,1,0,1,1,0,1,1,1,1,1,1,1,1,1,1,1,1,0,0,0,1,1,1,0,1,1,1,0,1,1,1,1,0,1,1,0,0,1,1,1,1,0,1,1,1,0,1,0,1,0,1,1,0,1,0,1,0,1,1,0,1,0,1,0,1,1,1,0,1,1,0,1,1,0,1,0,0,0,0,1,0,1,0,1,1,1,0,1,0,0,1,0,1,1,1,1,0,0,0,1,0,0,0,1,0,0,0,0,1,0,0,0,1,0,0,0,1,1,1
Shingosine-Chol-DSPC,none,203.0,40.8,RP,50.0,500.0,18000,15,25,liposome,sphere,buffer,7.4,203.0,0.126944444,buffer,1.0,37,1,Cationic,1,1,0,1,1,1,1,1,1,1,1,1,1,1,1,0,1,1,1,1,1,1,1,1,0,1,1,0,0,1,1,0,0,0,1,1,1,1,0,1,1,1,1,1,1,1,1,0,1,1,1,1,1,0,1,1,1,1,1,0,1,1,1,0,1,1,1,1,1,1,1,1,1,1,1,0,0,1,1,0,1,1,1,1,0,1,1,0,1,1,0,0,0,1,0,1,1,0,1,1,1,0,0,0,0,1,0,1,1,1,0,1,1,0,0,1,1,0,1,0,0,1,1,1,0,1,1,0,1,0,1,1,0,1,0,1,1,0,1,0,0,1,0,1,1,1,1,1,0,1,0,1,0,1,1,0,1,1,0,0,1,0,1,1,1,1,1,1,0,0,1,1,0,1,0,0,1,1
Shingosine-Chol-DSPC,none,203.0,40.8,HP,50.0,500.0,18000,15,25,liposome,sphere,buffer,7.4,203.0,0.126944444,buffer,1.0,37,1,Cationic,1,0,0,1,1,1,1,1,0,1,1,1,1,0,1,1,1,1,1,1,1,1,1,1,1,1,1,1,1,1,0,1,1,0,1,0,1,1,1,1,1,1,0,1,1,0,1,1,1,1,1,1,1,0,0,1,1,1,1,1,0,1,1,0,1,1,1,1,1,1,1,1,1,1,1,1,0,0,0,1,1,1,0,1,1,1,1,1,1,1,1,0,1,0,0,1,1,1,1,1,0,1,1,0,0,1,0,1,0,1,1,0,1,0,1,0,1,0,0,1,0,1,1,1,1,1,1,1,1,0,1,1,1,1,0,0,0,0,0,0,1,0,1,1,1,0,1,0,0,1,0,1,1,1,1,0,0,0,0,0,0,0,1,1,0,0,0,0,0,0,0,0,0,1,0,1,1,1
DOTAP-Chol-PC,none,244.3,45.7,RP,50.0,500.0,18000,15,25,liposome,sphere,buffer,7.4,244.3,0.126944444,buffer,1.0,37,1,Neutral,1,1,1,1,1,1,1,1,1,1,1,1,1,1,1,0,1,1,1,1,1,1,1,1,0,1,1,0,0,1,1,0,0,0,1,1,1,1,0,1,1,1,1,1,1,1,1,0,1,1,1,1,1,0,1,1,1,1,1,0,1,1,1,0,1,1,1,1,1,1,1,0,1,1,1,0,0,1,1,0,1,1,1,1,0,0,1,0,1,1,0,0,0,1,0,1,1,0,1,1,1,0,0,0,0,1,0,1,1,1,0,1,1,0,0,1,0,0,1,0,0,1,1,1,1,1,1,0,1,0,0,1,0,1,0,1,1,0,1,0,0,1,0,1,1,1,1,0,0,1,1,1,0,1,1,0,1,0,0,0,1,0,1,1,1,1,1,1,0,0,1,1,0,1,0,0,1,1
DOTAP-Chol-PC,none,244.3,45.7,HP,50.0,500.0,18000,15,25,liposome,sphere,buffer,7.4,244.3,0.126944444,buffer,1.0,37,1,Neutral,1,0,0,1,1,1,1,1,0,1,1,1,1,0,1,1,1,1,1,1,1,1,1,1,1,1,1,1,1,1,0,1,1,0,1,1,1,1,1,1,1,1,0,1,1,0,1,1,1,1,1,1,1,0,0,1,0,1,1,1,0,1,1,0,1,1,1,1,1,1,1,1,1,1,1,1,0,0,0,1,1,1,0,1,1,1,0,1,1,1,1,0,1,1,0,0,1,1,1,1,0,1,1,0,0,1,0,1,0,1,0,0,1,0,1,0,1,1,1,1,0,1,1,1,1,1,0,1,1,0,1,1,0,1,0,0,0,0,0,0,1,0,1,1,1,0,1,0,0,1,0,1,1,1,1,0,0,0,0,0,1,0,1,0,0,0,0,1,0,1,0,1,0,0,0,1,1,0
Chol-PC,none,248.8,-10.9,RP,50.0,500.0,18000,15,25,liposome,sphere,buffer,7.4,248.8,0.126944444,buffer,1.0,37,1,Anionic,1,1,1,1,1,1,1,1,1,1,1,1,1,1,1,0,1,1,1,1,1,1,1,1,0,1,1,0,0,1,1,0,0,0,1,1,1,1,0,1,0,1,1,1,1,1,1,0,1,1,1,1,1,0,1,1,1,1,1,0,1,1,1,0,1,0,1,1,1,1,1,1,1,1,0,1,1,1,1,0,1,1,1,1,0,0,1,0,1,1,0,0,0,0,0,0,0,0,0,1,1,0,0,0,0,1,0,1,1,1,0,1,1,0,0,1,1,0,1,0,0,1,1,1,0,0,1,0,1,0,0,1,0,1,0,0,1,1,1,0,0,1,0,1,1,0,1,1,0,0,1,1,0,1,1,0,1,1,0,0,1,0,1,1,1,0,0,1,0,0,1,0,0,0,0,0,1,1
Chol-PC,none,248.8,-10.9,HP,50.0,500.0,18000,15,25,liposome,sphere,buffer,7.4,248.8,0.126944444,buffer,1.0,37,1,Anionic,1,0,0,1,1,1,1,1,0,1,1,1,1,0,1,1,1,1,1,1,1,1,1,1,1,1,1,1,1,1,0,1,1,0,1,0,1,1,1,1,1,1,0,1,1,0,1,1,1,1,1,0,1,0,0,1,0,1,1,1,0,1,1,0,1,0,1,1,1,1,1,1,1,1,0,0,0,0,0,1,1,1,0,1,1,1,1,1,1,1,1,0,1,0,1,1,0,1,0,1,0,0,1,1,0,0,0,1,0,1,0,0,1,0,1,0,1,1,0,1,0,0,0,1,0,0,1,1,1,0,0,1,1,1,0,0,0,0,1,0,1,0,1,0,1,0,0,0,0,0,0,1,1,1,1,0,1,0,0,0,0,0,1,1,0,0,0,0,0,1,0,0,0,1,0,1,1,0
Au,PEG,81.7,12.8,HP,55.0,250.0,20000,30,20,metal,sphere,water,7.0,112.2,0.212,buffer,1.0,37,1,Neutral,1,1,1,1,1,1,1,1,0,0,1,1,1,1,0,0,1,0,0,1,0,1,1,1,1,0,0,0,1,0,0,0,1,0,1,1,1,0,0,0,0,0,0,0,0,0,0,1,1,0,0,1,0,0,1,1,0,0,1,0,0,0,0,0,0,1,0,0,0,0,0,0,0,0,0,0,0,0,0,0,0,1,0,0,0,0,0,0,0,0,0,0,0,0,0,0,0,0,0,0,1,0,0,0,0,0,0,0,0,1,0,0,0,0,0,0,0,0,0,0,0,0,1,0,0,0,0,0,0,1,0,1,0,1,0,0,1,1,1,0,0,0,0,0,0,0,0,0,0,0,0,0,0,1,1,0,1,0,0,0,0,0,0,0,0,0,0,0,1,1,0,1,0,0,0,0,0,0
Au,BPEI,39.7,63.1,HP,55.0,250.0,20000,30,20,metal,sphere,water,7.0,52.64,0.207,buffer,1.0,37,1,Cationic,1,1,1,1,1,1,1,1,0,1,1,0,1,1,1,0,0,0,0,1,0,0,1,1,1,0,0,0,1,0,0,0,1,0,1,1,1,0,0,1,0,0,0,0,0,0,0,0,1,1,0,1,0,0,0,1,0,0,1,0,0,0,0,0,0,1,0,0,0,0,0,0,0,0,0,0,0,0,0,0,0,1,0,0,0,0,0,0,0,0,0,0,0,0,0,0,0,0,0,0,0,0,0,0,0,0,0,0,0,1,0,0,0,0,0,0,0,0,0,0,0,0,1,0,0,0,0,0,0,0,0,1,0,1,0,0,1,0,0,0,0,0,0,0,0,0,0,0,0,0,0,0,0,1,0,0,1,0,0,0,0,0,0,0,0,0,0,0,1,0,0,1,0,0,0,0,0,0
Au,BPEI,82.3,69.3,HP,55.0,250.0,20000,30,20,metal,sphere,water,7.0,106.7,0.132,buffer,1.0,37,1,Cationic,1,1,1,1,1,1,1,1,0,1,1,0,1,1,1,0,0,0,0,1,0,0,1,1,1,0,0,0,1,0,0,0,1,0,1,1,1,0,0,1,0,0,0,0,0,0,0,0,1,1,0,0,0,0,0,1,0,0,1,0,0,0,0,0,0,1,0,0,0,0,0,0,0,0,0,0,0,0,0,0,0,1,0,0,0,0,0,0,0,0,0,0,0,0,0,0,0,0,0,0,0,0,0,0,0,0,0,0,0,0,0,0,0,0,0,0,0,0,0,0,0,0,1,0,0,0,0,0,0,0,0,1,0,1,0,0,1,0,0,0,0,0,0,0,0,0,0,0,0,0,0,0,0,1,0,0,1,0,0,0,0,0,0,0,0,0,0,0,1,0,0,0,0,0,0,0,0,0
Au,PEG,81.7,-1.98,HP,55.0,250.0,20000,30,20,metal,sphere,cell culture,7.4,133.0,0.035,buffer,1.0,37,1,Neutral,1,1,1,1,1,1,1,1,0,0,1,1,1,1,0,0,1,0,0,1,0,1,1,1,1,0,0,0,1,0,0,0,1,0,1,1,1,0,0,0,0,0,0,0,0,0,0,1,1,0,0,1,0,0,1,1,0,0,1,0,0,0,0,0,0,1,0,0,0,0,0,0,0,0,0,0,0,0,0,0,0,1,0,0,0,0,0,0,0,0,0,0,0,0,0,0,0,0,0,0,1,0,0,0,0,0,0,0,0,1,0,0,0,0,0,0,0,0,0,0,0,0,1,0,0,0,0,0,0,1,0,1,0,1,0,0,1,1,1,0,0,0,0,0,0,0,0,0,0,0,0,0,0,1,1,0,1,0,0,0,0,0,0,0,0,0,0,0,1,1,0,1,0,0,0,0,0,0
Au,PEG,41.5,-10.8,HP,55.0,250.0,20000,30,20,metal,sphere,water,7.0,68.87,0.143,buffer,1.0,37,1,Neutral,1,1,1,1,1,1,1,1,0,0,1,1,1,1,1,0,1,0,0,1,0,1,1,1,1,0,0,0,1,0,0,0,1,0,1,1,1,0,0,0,0,0,0,0,0,0,0,1,1,1,0,1,0,0,1,1,0,0,1,0,0,0,0,0,0,1,0,0,0,0,0,0,0,0,0,0,0,0,0,0,0,1,0,0,0,0,0,0,0,0,0,0,0,0,0,0,0,0,0,0,0,0,0,0,0,0,0,0,0,0,0,0,0,0,0,0,0,0,0,0,0,0,1,0,0,0,0,0,0,1,0,1,0,1,0,0,1,1,1,0,0,0,0,0,0,0,0,0,0,0,0,0,1,1,1,0,1,0,0,0,0,0,0,0,0,0,0,0,1,1,0,1,0,0,0,0,0,0
Au,PEG,41.5,-3.58,HP,55.0,250.0,20000,30,20,metal,sphere,cell culture,7.4,69.7,0.074,buffer,1.0,37,1,Neutral,1,1,1,1,1,1,1,1,0,0,1,1,1,1,1,0,1,0,0,1,0,1,1,1,1,0,0,0,1,0,0,0,1,0,1,1,1,0,0,0,0,0,0,0,0,0,0,1,1,1,0,1,0,0,1,1,0,0,1,0,0,0,0,0,0,1,0,0,0,0,0,0,0,0,0,0,0,0,0,0,0,1,0,0,0,0,0,0,0,0,0,0,0,0,0,0,0,0,0,0,0,0,0,0,0,0,0,0,0,0,0,0,0,0,0,0,0,0,0,0,0,0,1,0,0,0,0,0,0,1,0,1,0,1,0,0,1,1,1,0,0,0,0,0,0,0,0,0,0,0,0,0,1,1,1,0,1,0,0,0,0,0,0,0,0,0,0,0,1,1,0,1,0,0,0,0,0,0
Au,LA,81.8,-43.9,HP,55.0,250.0,20000,30,20,metal,sphere,water,7.0,92.19,0.083,buffer,1.0,37,1,Anionic,1,1,1,1,1,1,1,1,0,0,1,0,1,1,1,0,1,0,0,1,0,1,1,1,1,0,0,0,1,0,0,0,1,0,1,1,1,0,0,1,0,0,0,0,0,0,0,1,1,1,0,1,0,0,1,1,0,0,1,0,0,0,0,0,0,1,0,0,0,0,0,0,0,0,0,0,0,0,0,0,0,1,0,0,0,0,0,0,0,0,0,0,0,0,0,0,0,0,0,0,1,0,0,0,0,0,0,0,0,1,0,0,0,0,0,0,0,0,0,0,0,0,1,0,0,0,0,0,0,1,0,1,0,1,0,0,1,1,1,0,0,0,0,0,0,0,0,0,0,0,0,0,1,1,1,0,1,0,0,0,0,0,0,0,0,0,0,0,1,1,0,1,0,0,0,0,0,0
Au,BPEI,82.3,-5.32,HP,55.0,250.0,20000,30,20,metal,sphere,cell culture,7.4,317.82,0.181,buffer,1.0,37,1,Cationic,1,1,1,1,1,1,1,1,0,1,1,0,1,1,1,0,0,0,0,1,0,0,1,1,1,0,0,0,1,0,0,0,1,0,1,1,1,0,0,1,0,0,0,0,0,0,0,0,1,1,0,0,0,0,0,1,0,0,1,0,0,0,0,0,0,1,0,0,0,0,0,0,0,0,0,0,0,0,0,0,0,1,0,0,0,0,0,0,0,0,0,0,0,0,0,0,0,0,0,0,0,0,0,0,0,0,0,0,0,0,0,0,0,0,0,0,0,0,0,0,0,0,1,0,0,0,0,0,0,0,0,1,0,1,0,0,1,0,0,0,0,0,0,0,0,0,0,0,0,0,0,0,0,1,0,0,1,0,0,0,0,0,0,0,0,0,0,0,1,0,0,0,0,0,0,0,0,0
Au,BPEI,39.7,-7.43,HP,55.0,250.0,20000,30,20,metal,sphere,cell culture,7.4,331.3,0.205,buffer,1.0,37,1,Cationic,1,1,1,1,1,1,1,1,0,1,1,0,1,1,1,0,0,0,0,1,0,0,1,1,1,0,0,0,1,0,0,0,1,0,1,1,1,0,0,1,0,0,0,0,0,0,0,0,1,1,0,1,0,0,0,1,0,0,1,0,0,0,0,0,0,1,0,0,0,0,0,0,0,0,0,0,0,0,0,0,0,1,0,0,0,0,0,0,0,0,0,0,0,0,0,0,0,0,0,0,0,0,0,0,0,0,0,0,0,1,0,0,0,0,0,0,0,0,0,0,0,0,1,0,0,0,0,0,0,0,0,1,0,1,0,0,1,0,0,0,0,0,0,0,0,0,0,0,0,0,0,0,0,1,0,0,1,0,0,0,0,0,0,0,0,0,0,0,1,0,0,1,0,0,0,0,0,0
Au,LA,40.2,-73.3,HP,55.0,250.0,20000,30,20,metal,sphere,water,7.0,50.15,0.161,buffer,1.0,37,1,Anionic,1,1,1,1,1,1,1,1,0,0,1,0,1,1,1,0,1,0,0,1,0,1,1,1,1,0,0,0,1,0,0,0,1,0,1,1,1,0,0,1,0,0,0,0,0,0,0,1,1,1,0,1,0,0,1,1,0,0,1,0,0,0,0,0,0,1,0,0,0,0,0,0,0,0,0,0,0,0,0,0,0,1,0,0,0,0,0,0,0,0,0,0,0,0,0,0,0,0,0,0,1,0,0,0,0,0,0,0,0,1,0,0,0,0,0,0,0,0,0,0,0,0,1,0,0,0,0,0,0,1,0,1,0,1,0,0,1,1,1,0,0,0,0,0,0,0,0,0,0,0,0,0,1,1,1,0,1,0,0,0,0,0,0,0,0,0,0,0,1,1,0,1,0,0,0,0,0,0
Au,LA,40.2,-8.29,HP,55.0,250.0,20000,30,20,metal,sphere,cell culture,7.4,69.32,0.27,buffer,1.0,37,1,Anionic,1,1,1,1,1,1,1,1,0,0,1,0,1,1,1,0,1,0,0,1,0,1,1,1,1,0,0,0,1,0,0,0,1,0,1,1,1,0,0,1,0,0,0,0,0,0,0,1,1,1,0,1,0,0,1,1,0,0,1,0,0,0,0,0,0,1,0,0,0,0,0,0,0,0,0,0,0,0,0,0,0,1,0,0,0,0,0,0,0,0,0,0,0,0,0,0,0,0,0,0,1,0,0,0,0,0,0,0,0,1,0,0,0,0,0,0,0,0,0,0,0,0,1,0,0,0,0,0,0,1,0,1,0,1,0,0,1,1,1,0,0,0,0,0,0,0,0,0,0,0,0,0,1,1,1,0,1,0,0,0,0,0,0,0,0,0,0,0,1,1,0,1,0,0,0,0,0,0
Au,LA,81.8,-8.99,HP,55.0,250.0,20000,30,20,metal,sphere,cell culture,7.4,159.5,0.215,buffer,1.0,37,1,Anionic,1,1,1,1,1,1,1,1,0,0,1,0,1,1,1,0,1,0,0,1,0,1,1,1,1,0,0,0,1,0,0,0,1,0,1,1,1,0,0,1,0,0,0,0,0,0,0,1,1,1,0,1,0,0,1,1,0,0,1,0,0,0,0,0,0,1,0,0,0,0,0,0,0,0,0,0,0,0,0,0,0,1,0,0,0,0,0,0,0,0,0,0,0,0,0,0,0,0,0,0,1,0,0,0,0,0,0,0,0,1,0,0,0,0,0,0,0,0,0,0,0,0,1,0,0,0,0,0,0,1,0,1,0,1,0,0,1,1,1,0,0,0,0,0,0,0,0,0,0,0,0,0,1,1,1,0,1,0,0,0,0,0,0,0,0,0,0,0,1,1,0,1,0,0,0,0,0,0
Fe3O4,OAOA,8.95,-10.7,HP,10.0,1107.3,20000,30,4,metal,sphere,plasma,7.4,131.0,0.126944444,buffer,1.0,25,1,Anionic,1,1,1,1,1,1,1,1,0,0,1,1,1,0,0,0,1,0,1,0,0,1,1,0,1,1,1,1,0,1,0,0,1,1,1,1,1,0,0,0,0,0,1,0,1,0,1,1,1,0,0,0,1,0,0,0,1,0,0,1,0,1,0,0,1,0,1,1,1,1,0,0,0,0,1,0,1,1,0,1,0,0,1,0,0,0,0,0,0,1,1,1,0,1,0,0,0,0,1,0,0,0,0,0,1,0,0,0,0,0,0,0,0,0,0,0,0,0,0,0,0,0,0,0,1,0,0,1,0,0,0,0,0,0,0,0,0,0,0,0,0,0,0,0,0,0,0,0,0,0,0,0,0,0,0,0,0,0,0,0,0,0,0,0,0,0,0,0,0,0,0,0,0,0,0,0,0,0
Fe3O4,CA,9.95,-29.8,HP,10.0,1107.3,20000,30,4,metal,sphere,PBS,7.4,99.6,0.126944444,buffer,1.0,25,1,Anionic,1,1,0,1,1,1,1,0,0,0,1,1,1,0,0,0,1,0,1,0,0,1,0,0,1,1,0,1,1,0,0,0,1,1,1,1,1,1,0,1,0,0,1,0,1,0,1,1,1,0,0,0,1,0,1,0,1,0,0,0,0,1,1,1,1,0,1,1,0,1,0,0,0,0,0,0,0,1,0,1,0,0,1,0,0,0,0,0,0,0,0,0,0,0,0,0,0,0,0,1,0,0,0,0,0,0,1,0,0,0,0,1,1,0,1,1,0,0,0,0,0,0,0,0,0,0,0,1,0,0,0,0,0,0,0,0,0,0,0,0,1,0,0,0,0,1,0,0,0,0,0,0,0,0,0,0,0,0,0,0,0,0,0,0,0,0,0,0,0,0,0,0,0,0,0,0,0,0
Fe3O4,CA,9.95,-29.8,HP,10.0,1107.3,20000,30,4,metal,sphere,plasma,7.4,134.6,0.126944444,buffer,1.0,25,1,Anionic,1,1,0,1,1,1,1,0,0,0,1,1,1,0,0,0,1,0,1,0,0,1,0,0,1,1,0,1,1,0,0,0,1,1,1,1,1,1,0,1,0,0,1,0,1,0,1,1,1,0,0,0,1,0,1,0,1,0,0,0,0,1,1,1,1,0,1,1,0,1,0,0,0,0,0,0,0,1,0,1,0,0,1,0,0,0,0,0,0,0,0,0,0,0,0,0,0,0,0,1,0,0,0,0,0,0,1,0,0,0,0,1,1,0,1,1,0,0,0,0,0,0,0,0,0,0,0,1,0,0,0,0,0,0,0,0,0,0,0,0,1,0,0,0,0,1,0,0,0,0,0,0,0,0,0,0,0,0,0,0,0,0,0,0,0,0,0,0,0,0,0,0,0,0,0,0,0,0
Fe3O4,CA,9.95,-35.3,HP,55.0,3555.6,20000,30,4,metal,sphere,PBS,7.4,95.4,0.126944444,buffer,1.0,25,1,Anionic,1,1,1,1,1,1,1,0,0,0,1,1,1,1,0,0,1,0,1,0,0,1,0,0,1,1,1,1,1,0,0,0,1,1,1,1,1,1,0,0,0,0,1,1,0,0,0,0,1,0,0,1,1,1,1,0,1,0,0,0,0,1,0,1,1,1,1,1,0,1,0,0,0,0,1,0,0,1,0,0,0,0,1,0,0,1,0,0,0,0,0,1,1,0,0,0,0,0,1,1,0,0,0,0,0,0,1,0,0,0,0,1,1,1,0,1,0,0,0,1,0,0,0,1,0,0,0,1,0,0,0,0,0,0,0,1,0,0,0,0,0,0,0,0,0,1,0,0,0,0,0,0,0,0,0,0,0,0,0,0,0,0,0,1,0,0,0,0,0,0,0,0,0,0,0,0,0,0
Fe3O4,OAOA,8.95,-51.4,HP,55.0,3555.6,20000,30,4,metal,sphere,PBS,7.4,313.0,0.126944444,buffer,1.0,25,1,Anionic,1,1,1,1,1,1,1,1,0,0,1,1,0,0,0,0,1,0,1,0,0,1,1,0,1,1,1,1,1,1,0,0,0,1,0,1,1,0,0,1,1,0,0,1,0,0,0,1,1,0,0,0,1,0,1,0,1,0,0,0,0,0,0,1,0,0,1,0,0,0,0,0,0,0,0,0,0,1,0,1,0,0,1,0,0,1,0,0,0,0,1,0,0,0,0,0,0,0,0,0,0,0,0,0,0,0,1,0,0,0,0,0,0,0,0,0,0,0,0,0,0,0,0,0,0,0,0,0,0,0,0,0,0,0,0,0,0,0,0,0,0,0,0,0,0,0,0,0,0,0,0,0,0,0,0,0,0,0,0,0,0,0,0,0,0,0,0,0,0,0,0,0,0,0,0,1,0,0
Fe3O4,OAOA,8.95,-55.9,HP,10.0,1107.3,20000,30,4,metal,sphere,PBS,7.4,127.0,0.126944444,buffer,1.0,25,1,Anionic,1,1,1,1,1,1,1,1,0,0,1,1,1,0,0,0,1,0,1,0,0,1,1,0,1,1,1,1,0,1,0,0,1,1,1,1,1,0,0,0,0,0,1,0,1,0,1,1,1,0,0,0,1,0,0,0,1,0,0,1,0,1,0,0,1,0,1,1,1,1,0,0,0,0,1,0,1,1,0,1,0,0,1,0,0,0,0,0,0,1,1,1,0,1,0,0,0,0,1,0,0,0,0,0,1,0,0,0,0,0,0,0,0,0,0,0,0,0,0,0,0,0,0,0,1,0,0,1,0,0,0,0,0,0,0,0,0,0,0,0,0,0,0,0,0,0,0,0,0,0,0,0,0,0,0,0,0,0,0,0,0,0,0,0,0,0,0,0,0,0,0,0,0,0,0,0,0,0
Fe3O4,OAOA,8.95,-7.6,HP,55.0,3555.6,20000,30,4,metal,sphere,plasma,7.4,1303.3,0.126944444,buffer,1.0,25,1,Anionic,1,1,1,1,1,1,1,1,0,0,1,1,0,0,0,0,1,0,1,0,0,1,1,0,1,1,1,1,1,1,0,0,0,1,0,1,1,0,0,1,1,0,0,1,0,0,0,1,1,0,0,0,1,0,1,0,1,0,0,0,0,0,0,1,0,0,1,0,0,0,0,0,0,0,0,0,0,1,0,1,0,0,1,0,0,1,0,0,0,0,1,0,0,0,0,0,0,0,0,0,0,0,0,0,0,0,1,0,0,0,0,0,0,0,0,0,0,0,0,0,0,0,0,0,0,0,0,0,0,0,0,0,0,0,0,0,0,0,0,0,0,0,0,0,0,0,0,0,0,0,0,0,0,0,0,0,0,0,0,0,0,0,0,0,0,0,0,0,0,0,0,0,0,0,0,1,0,0
Fe3O4,CA,9.95,-8.9,HP,55.0,3555.6,20000,30,4,metal,sphere,plasma,7.4,169.0,0.126944444,buffer,1.0,25,1,Anionic,1,1,1,1,1,1,1,0,0,0,1,1,1,1,0,0,1,0,1,0,0,1,0,0,1,1,1,1,1,0,0,0,1,1,1,1,1,1,0,0,0,0,1,1,0,0,0,0,1,0,0,1,1,1,1,0,1,0,0,0,0,1,0,1,1,1,1,1,0,1,0,0,0,0,1,0,0,1,0,0,0,0,1,0,0,1,0,0,0,0,0,1,1,0,0,0,0,0,1,1,0,0,0,0,0,0,1,0,0,0,0,1,1,1,0,1,0,0,0,1,0,0,0,1,0,0,0,1,0,0,0,0,0,0,0,1,0,0,0,0,0,0,0,0,0,1,0,0,0,0,0,0,0,0,0,0,0,0,0,0,0,0,0,1,0,0,0,0,0,0,0,0,0,0,0,0,0,0
TiO2,none,10.0,-5.87,FBS,10.0,100.0,2700,5,4,metal,powder,cell culture,7.4,880.7,0.396,buffer,1.0,37,1,Cationic,0,1,1,1,1,1,0,1,1,1,0,1,0,0,1,0,1,1,1,1,1,1,1,0,1,1,1,1,0,0,1,0,1,0,0,1,1,0,1,1,1,1,0,1,1,1,0,1,1,1,0,1,0,0,1,0,0,0,1,0,0,0,1,1,0,0,1,0,0,0,0,1,0,0,1,0,0,0,0,0,0,1,1,0,0,1,0,0,1,1,0,0,0,1,0,1,1,0,1,0,1,0,0,0,1,0,0,1,0,0,0,1,0,1,0,1,0,0,1,0,0,0,0,1,0,0,0,0,0,1,1,0,0,0,0,0,1,1,1,1,0,0,0,0,0,0,1,1,0,0,0,1,0,1,0,1,0,0,0,0,0,0,1,1,0,0,1,1,0,0,0,0,0,0,0,0,0,0
TiO2,none,10.0,-5.87,FBS,10.0,100.0,2700,5,4,metal,powder,cell culture,7.4,880.7,0.396,buffer,1.0,37,1,Cationic,0,1,1,1,1,1,0,1,1,1,0,1,0,0,1,0,1,1,1,1,1,1,1,0,1,1,1,1,0,0,1,0,1,0,0,1,1,0,1,1,1,1,0,1,1,1,0,1,1,1,0,1,0,0,1,0,0,0,1,0,0,0,1,1,0,0,1,0,0,0,0,1,0,0,1,0,0,0,0,0,0,1,1,0,0,1,0,0,1,1,0,0,0,1,0,1,1,0,1,0,1,0,0,0,1,0,0,1,0,0,0,1,0,1,0,1,0,0,1,0,0,0,0,1,0,0,0,0,0,1,1,0,0,0,0,0,1,1,1,1,0,1,0,0,0,0,1,1,0,0,0,1,1,1,0,1,0,0,0,0,0,0,1,1,0,0,1,1,0,0,0,0,0,0,0,0,0,0
TiO2,none,10.0,-5.87,FBS,10.0,100.0,2700,5,4,metal,powder,cell culture,7.4,880.7,0.396,buffer,1.0,37,1,Cationic,0,1,1,1,1,1,0,1,1,1,0,1,0,0,1,0,1,1,1,1,0,1,0,0,1,1,1,1,0,0,1,0,1,0,0,1,1,0,1,1,1,1,0,1,1,1,0,1,1,1,0,1,0,0,1,0,0,0,1,0,0,0,1,1,0,0,1,0,0,0,0,1,0,0,1,0,0,0,0,0,0,1,1,0,0,1,0,0,1,1,0,0,0,1,0,1,1,0,1,0,1,0,0,0,1,0,0,1,0,0,0,1,0,1,0,1,0,0,1,0,0,0,0,1,0,0,0,0,0,1,1,0,0,0,0,0,1,1,1,1,0,0,0,0,0,0,1,1,0,0,0,0,0,1,0,1,0,0,0,0,0,0,1,1,0,0,1,1,0,0,0,0,0,0,0,0,0,0
TiO2,none,10.0,-5.87,FBS,10.0,100.0,2700,5,4,metal,powder,cell culture,7.4,880.7,0.396,buffer,1.0,37,1,Cationic,0,1,1,1,1,1,0,1,1,1,0,1,0,0,1,0,0,0,0,1,0,1,0,0,1,1,1,1,0,0,1,0,0,0,0,0,0,0,1,1,1,1,0,0,1,1,0,1,0,0,0,1,0,0,1,0,0,0,0,0,0,0,0,1,0,0,0,0,0,0,0,1,0,0,0,0,0,0,0,0,0,1,1,0,0,0,0,0,0,1,0,0,0,0,0,0,0,0,0,0,0,0,0,0,1,0,0,1,0,0,0,0,0,1,0,0,0,0,0,0,0,0,0,0,0,0,0,0,0,0,0,1,0,0,0,0,1,1,0,1,0,0,0,0,0,0,0,1,0,0,0,0,1,1,0,1,0,0,0,0,0,0,0,0,0,0,0,1,0,0,0,0,0,0,0,0,0,0
TiO2,none,10.0,-5.87,FBS,10.0,100.0,2700,5,4,metal,powder,cell culture,7.4,880.7,0.396,buffer,1.0,37,1,Cationic,0,1,1,0,1,1,0,0,1,1,0,1,0,0,1,0,0,0,0,0,1,1,0,0,0,1,1,1,0,0,1,0,0,0,0,0,0,0,1,1,0,1,0,0,1,1,0,1,0,0,0,1,0,0,0,0,0,0,1,0,0,0,0,0,0,0,0,0,0,0,0,1,0,0,0,0,0,0,0,0,0,1,1,0,0,1,0,0,0,1,0,0,0,0,0,0,0,0,0,0,0,0,0,0,0,0,0,1,0,0,0,0,0,1,0,0,0,0,0,0,0,0,0,0,0,0,0,0,0,1,0,1,0,0,0,0,0,1,0,1,0,0,0,0,0,0,0,1,0,0,0,0,1,1,0,0,0,0,0,0,0,0,0,0,0,0,0,1,0,0,0,0,0,0,0,0,0,0
TiO2,none,10.0,-5.87,FBS,10.0,100.0,2700,5,4,metal,powder,cell culture,7.4,880.7,0.396,buffer,1.0,37,1,Cationic,0,1,1,0,1,1,0,0,1,1,0,1,0,0,1,0,0,0,1,0,1,1,0,0,0,1,1,1,0,0,1,0,0,0,0,0,0,0,1,1,0,1,0,0,1,1,0,1,1,0,0,1,0,0,0,0,0,0,0,0,0,0,0,1,0,0,0,0,0,0,0,1,0,0,0,0,0,0,0,0,0,1,1,0,0,1,0,0,1,1,0,0,0,0,0,0,0,0,0,0,0,0,0,0,0,0,0,1,0,0,0,0,0,1,0,0,0,0,0,0,0,0,0,0,0,0,0,0,0,1,0,0,0,0,0,0,0,1,0,1,0,0,0,0,0,0,0,1,0,0,0,1,1,1,0,0,0,0,0,0,0,0,0,0,0,0,0,1,0,0,0,0,0,0,0,0,0,0
TiO2,none,10.0,-9.62,FBS,10.0,100.0,2700,5,4,metal,powder,water,7.0,858.5,0.241,buffer,1.0,37,1,Cationic,0,1,1,1,1,1,0,1,1,1,0,1,0,0,1,0,1,1,1,1,1,1,1,0,1,1,1,1,0,0,1,0,1,0,0,1,1,0,1,1,1,1,0,1,1,1,0,1,1,1,0,1,0,0,1,0,0,0,1,0,0,0,1,1,0,0,1,0,0,0,0,1,0,0,1,0,0,0,0,0,0,1,1,0,0,1,0,0,1,1,0,0,0,1,0,1,1,0,1,0,1,0,0,0,1,0,0,1,0,0,0,1,0,1,0,1,0,0,1,0,0,0,0,1,0,0,0,0,0,1,1,0,0,0,0,0,1,1,1,1,0,0,0,0,0,0,1,1,0,0,0,1,0,1,0,1,0,0,0,0,0,0,1,1,0,0,1,1,0,0,0,0,0,0,0,0,0,0
TiO2,none,10.0,-9.62,FBS,10.0,100.0,2700,5,4,metal,powder,water,7.0,858.5,0.241,buffer,1.0,37,1,Cationic,0,1,1,1,1,1,0,1,1,1,0,1,0,0,1,0,1,1,1,1,1,1,1,0,1,1,1,1,0,0,1,0,1,0,0,1,1,0,1,1,1,1,0,1,1,1,0,1,1,1,0,1,0,0,1,0,0,0,1,0,0,0,1,1,0,0,1,0,0,0,0,1,0,0,1,0,0,0,0,0,0,1,1,0,0,1,0,0,1,1,0,0,0,1,0,1,1,0,1,0,1,0,0,0,1,0,0,1,0,0,0,1,0,1,0,1,0,0,1,0,0,0,0,1,0,0,0,0,0,1,1,0,0,0,0,0,1,1,1,1,0,1,0,0,0,0,1,1,0,0,0,1,1,1,0,1,0,0,0,0,0,0,1,1,0,0,1,1,0,0,0,0,0,0,0,0,0,0
TiO2,none,10.0,-9.62,FBS,10.0,100.0,2700,5,4,metal,powder,water,7.0,858.5,0.241,buffer,1.0,37,1,Cationic,0,1,1,1,1,1,0,1,1,1,0,1,0,0,1,0,1,1,1,1,0,1,0,0,1,1,1,1,0,0,1,0,1,0,0,1,1,0,1,1,1,1,0,1,1,1,0,1,1,1,0,1,0,0,1,0,0,0,1,0,0,0,1,1,0,0,1,0,0,0,0,1,0,0,1,0,0,0,0,0,0,1,1,0,0,1,0,0,1,1,0,0,0,1,0,1,1,0,1,0,1,0,0,0,1,0,0,1,0,0,0,1,0,1,0,1,0,0,1,0,0,0,0,1,0,0,0,0,0,1,1,0,0,0,0,0,1,1,1,1,0,0,0,0,0,0,1,1,0,0,0,0,0,1,0,1,0,0,0,0,0,0,1,1,0,0,1,1,0,0,0,0,0,0,0,0,0,0
TiO2,none,10.0,-9.62,FBS,10.0,100.0,2700,5,4,metal,powder,water,7.0,858.5,0.241,buffer,1.0,37,1,Cationic,0,1,1,1,1,1,0,1,1,1,0,1,0,0,1,0,0,0,0,1,0,1,0,0,1,1,1,1,0,0,1,0,0,0,0,0,0,0,1,1,1,1,0,0,1,1,0,1,0,0,0,1,0,0,1,0,0,0,0,0,0,0,0,1,0,0,0,0,0,0,0,1,0,0,0,0,0,0,0,0,0,1,1,0,0,0,0,0,0,1,0,0,0,0,0,0,0,0,0,0,0,0,0,0,1,0,0,1,0,0,0,0,0,1,0,0,0,0,0,0,0,0,0,0,0,0,0,0,0,0,0,1,0,0,0,0,1,1,0,1,0,0,0,0,0,0,0,1,0,0,0,0,1,1,0,1,0,0,0,0,0,0,0,0,0,0,0,1,0,0,0,0,0,0,0,0,0,0
TiO2,none,10.0,-9.62,FBS,10.0,100.0,2700,5,4,metal,powder,water,7.0,858.5,0.241,buffer,1.0,37,1,Cationic,0,1,1,0,1,1,0,0,1,1,0,1,0,0,1,0,0,0,0,0,1,1,0,0,0,1,1,1,0,0,1,0,0,0,0,0,0,0,1,1,0,1,0,0,1,1,0,1,0,0,0,1,0,0,0,0,0,0,1,0,0,0,0,0,0,0,0,0,0,0,0,1,0,0,0,0,0,0,0,0,0,1,1,0,0,1,0,0,0,1,0,0,0,0,0,0,0,0,0,0,0,0,0,0,0,0,0,1,0,0,0,0,0,1,0,0,0,0,0,0,0,0,0,0,0,0,0,0,0,1,0,1,0,0,0,0,0,1,0,1,0,0,0,0,0,0,0,1,0,0,0,0,1,1,0,0,0,0,0,0,0,0,0,0,0,0,0,1,0,0,0,0,0,0,0,0,0,0
TiO2,none,10.0,-9.62,FBS,10.0,100.0,2700,5,4,metal,powder,water,7.0,858.5,0.241,buffer,1.0,37,1,Cationic,0,1,1,0,1,1,0,0,1,1,0,1,0,0,1,0,0,0,1,0,1,1,0,0,0,1,1,1,0,0,1,0,0,0,0,0,0,0,1,1,0,1,0,0,1,1,0,1,1,0,0,1,0,0,0,0,0,0,0,0,0,0,0,1,0,0,0,0,0,0,0,1,0,0,0,0,0,0,0,0,0,1,1,0,0,1,0,0,1,1,0,0,0,0,0,0,0,0,0,0,0,0,0,0,0,0,0,1,0,0,0,0,0,1,0,0,0,0,0,0,0,0,0,0,0,0,0,0,0,1,0,0,0,0,0,0,0,1,0,1,0,0,0,0,0,0,0,1,0,0,0,1,1,1,0,0,0,0,0,0,0,0,0,0,0,0,0,1,0,0,0,0,0,0,0,0,0,0
Si,PEG,184.0,0.0,RP,50.0,166.7,15000,20,25,other,sphere,water,7.0,184.0,0.126944444,buffer,0.25,37,1,Neutral,0,1,1,1,1,0,1,1,1,1,1,1,1,1,0,0,1,0,1,1,1,1,1,1,1,0,1,0,1,0,1,0,1,0,0,1,1,0,0,1,1,0,0,0,0,1,1,1,1,1,0,0,1,0,0,1,1,1,1,0,0,0,1,0,1,0,1,1,1,1,1,0,0,1,1,1,0,1,0,0,1,1,1,0,0,0,1,0,0,1,1,0,0,1,0,1,1,0,0,1,1,0,0,0,0,1,0,1,1,1,0,1,0,0,1,0,0,0,1,0,0,1,1,1,0,1,0,0,0,1,0,1,0,0,0,0,1,1,1,0,0,0,1,0,1,1,0,1,0,0,1,1,0,0,0,0,1,0,0,0,1,0,1,0,1,0,0,1,1,1,0,0,0,0,1,0,1,0
Si,PEG,184.0,0.0,RP,50.0,166.7,15000,20,25,other,sphere,water,7.0,184.0,0.126944444,buffer,1.5,37,1,Neutral,0,1,1,1,1,0,1,1,1,1,1,1,1,1,1,0,1,0,1,1,0,1,1,1,1,0,1,0,1,0,1,0,1,0,0,1,1,0,0,1,1,0,0,0,0,1,1,1,1,1,0,0,1,0,0,1,1,1,1,0,0,0,1,0,0,1,1,0,1,0,1,0,0,1,0,0,0,0,0,0,1,1,0,0,0,0,1,0,0,1,1,0,0,0,0,1,0,0,0,1,1,1,0,0,0,1,0,1,0,1,0,1,0,0,1,0,0,0,1,0,0,1,1,0,0,1,0,0,0,1,0,1,0,0,0,0,1,1,1,0,0,0,0,0,1,1,0,1,0,0,0,1,0,0,0,0,1,0,0,0,1,0,1,0,1,1,0,1,1,1,0,1,0,0,0,0,1,0
Si,none,82.0,-37.0,RP,50.0,166.7,15000,20,25,other,sphere,water,7.0,165.0,0.126944444,buffer,0.25,37,1,Neutral,0,1,1,1,1,0,1,1,1,1,1,1,1,1,1,0,1,0,1,1,1,1,1,1,1,0,1,0,1,0,1,0,1,0,0,1,1,0,0,1,1,0,0,0,0,1,1,1,1,1,0,0,1,0,0,1,1,1,1,0,0,0,1,0,0,1,1,1,1,1,1,1,0,1,1,0,1,1,0,0,1,1,1,0,0,0,1,0,0,1,1,0,0,1,0,1,0,0,0,1,1,0,0,0,0,1,0,1,0,1,0,1,0,0,1,0,0,0,1,0,0,1,0,1,0,1,0,0,0,1,0,1,0,0,0,0,1,1,1,0,0,0,1,0,1,1,0,1,0,0,1,1,0,0,0,0,1,0,0,0,1,0,1,0,1,0,0,1,1,1,0,0,0,0,1,0,1,0
Si,none,82.0,-37.0,RP,50.0,166.7,15000,20,25,other,sphere,water,7.0,165.0,0.126944444,buffer,1.5,37,1,Neutral,0,1,1,1,1,0,1,1,1,1,1,1,1,1,0,0,1,0,1,1,0,1,1,1,1,0,1,0,1,0,1,0,1,0,0,1,1,0,0,1,1,0,0,0,0,1,1,1,1,1,0,0,1,0,0,1,1,1,1,0,0,0,1,0,0,1,1,0,1,0,1,0,0,1,0,0,0,0,0,0,1,1,0,0,0,0,1,0,0,1,1,0,0,0,0,1,0,0,0,1,1,0,0,0,0,1,0,1,0,1,0,1,0,0,1,0,0,0,1,0,0,1,1,1,0,0,0,0,0,1,0,1,0,0,0,0,1,1,1,0,0,0,0,0,1,0,0,1,0,0,0,1,0,0,0,0,1,0,0,0,1,0,1,0,1,1,0,1,1,1,0,1,0,0,0,0,0,0
DC-Chol-DOPE,none,130.0,55.0,HP,50.0,500.0,14000,15,25,liposome,sphere,water,7.0,130.0,0.2,buffer,0.016666667,37,1,Neutral,0,1,1,1,1,1,1,0,1,1,1,0,1,0,1,1,1,1,1,1,1,0,0,1,1,1,1,1,1,0,1,1,1,0,0,0,1,0,1,1,1,1,1,1,1,1,1,1,1,1,0,1,1,0,1,1,1,1,1,1,1,1,1,0,1,1,0,0,1,1,1,1,1,1,0,0,1,1,0,1,0,0,1,0,0,0,0,1,1,1,0,0,1,1,1,0,1,1,1,0,1,0,0,1,0,1,0,1,0,1,0,0,0,0,1,1,1,0,1,0,1,0,1,0,0,0,1,0,0,1,0,1,1,1,1,0,0,0,1,0,0,0,1,1,1,0,1,1,1,0,0,1,1,1,1,0,0,0,1,0,0,0,0,0,1,1,0,1,1,0,0,1,0,0,0,1,1,0
DC-Chol-DOPE,none,130.0,55.0,HP,50.0,500.0,14000,15,25,liposome,sphere,water,7.0,130.0,0.2,buffer,0.5,37,1,Neutral,1,1,0,1,1,1,1,1,1,1,1,1,1,1,1,1,1,1,1,1,1,1,1,1,1,1,1,1,1,1,1,1,0,0,1,0,1,0,1,1,1,1,1,1,1,1,1,1,1,1,1,1,0,0,0,1,1,1,1,1,1,1,1,0,1,1,0,1,1,1,1,1,1,0,1,0,1,1,0,1,1,1,1,0,0,0,0,1,1,1,1,0,1,1,1,0,1,1,1,1,1,0,0,1,1,1,0,1,0,1,0,1,0,0,1,1,1,0,1,0,1,1,1,0,1,0,1,0,1,1,1,1,1,1,1,0,1,1,1,0,0,1,1,1,0,0,1,0,1,0,1,1,1,1,1,0,1,0,1,0,0,1,0,0,1,1,0,1,1,1,1,1,0,0,0,1,1,0
DC-Chol-DOPE,none,130.0,55.0,HP,50.0,500.0,14000,15,25,liposome,sphere,water,7.0,130.0,0.2,buffer,1.0,37,1,Neutral,0,1,0,1,1,1,1,1,1,1,1,0,1,0,1,1,0,1,1,1,1,0,0,1,1,1,1,1,1,0,1,1,0,0,1,0,1,0,1,0,0,1,1,1,1,1,1,1,1,1,0,1,0,0,0,1,1,1,0,1,1,1,1,0,1,0,0,0,1,1,0,1,1,0,0,0,0,1,0,1,0,0,1,0,0,0,0,1,1,1,0,0,1,1,1,0,0,0,1,0,0,0,0,1,0,1,0,1,0,1,0,0,0,0,1,1,1,0,1,0,1,0,1,0,1,0,1,0,1,1,0,1,1,1,1,0,0,0,1,0,0,0,0,1,0,0,1,0,1,0,0,1,1,1,0,0,0,0,1,0,0,0,0,0,1,1,0,1,1,0,0,1,0,0,0,1,1,0
HSPC-Chol-DSPE,PEG,87.0,-36.2,RP,100.0,500.0,1300,12,4,liposome,sphere,plasma,7.4,114.0,0.056,water,0.166666667,37,1,Neutral,1,1,1,1,1,0,0,0,1,0,0,0,0,0,1,0,0,1,1,1,0,0,0,0,0,0,0,0,0,0,1,0,0,0,0,0,0,0,0,0,0,0,0,0,0,0,0,0,0,0,0,0,0,0,0,0,0,0,0,0,0,0,0,0,0,0,0,0,0,0,0,0,0,0,0,0,0,0,0,0,0,0,0,0,0,0,0,0,0,0,0,0,0,0,0,0,0,0,0,0,0,0,0,0,0,0,0,0,0,0,0,0,0,0,0,0,0,0,0,0,0,0,0,0,0,0,0,0,0,0,0,0,0,0,0,0,0,0,0,0,0,0,0,0,0,0,0,0,0,0,0,0,0,0,0,0,0,0,0,0,0,0,0,0,0,0,0,0,0,0,0,0,0,0,0,0,0,1
HSPC-Chol-DSPE,PEG,115.46,-36.2,RP,100.0,500.0,1300,12,4,liposome,sphere,plasma,7.4,114.0,0.056,water,1.0,37,1,Neutral,1,1,1,1,1,0,0,0,1,0,1,0,0,0,1,0,0,1,1,1,0,0,0,0,0,0,0,0,0,0,1,0,0,0,0,0,0,0,0,0,0,0,0,0,0,0,0,0,0,0,0,0,0,0,0,0,0,0,0,0,0,0,0,0,0,0,0,0,0,0,0,0,0,1,0,0,0,0,0,0,0,0,0,0,0,0,0,0,0,0,0,0,0,0,0,0,0,0,0,0,0,0,0,0,0,0,0,0,0,0,0,0,0,0,0,0,0,0,0,0,0,0,0,0,0,0,0,0,0,0,0,0,0,0,0,0,0,0,0,0,0,0,0,0,0,0,0,0,0,0,0,0,0,0,0,0,0,0,0,0,0,0,0,0,0,0,0,0,0,0,0,0,0,0,0,0,0,0
HSPC-Chol-DSPE,PEG,80.33,-36.2,RP,100.0,500.0,1300,12,4,liposome,sphere,plasma,7.4,114.0,0.056,water,3.0,37,1,Neutral,1,0,1,1,1,0,0,0,1,0,0,0,0,0,1,0,0,1,1,0,0,0,0,0,1,0,0,0,0,0,1,0,0,0,0,0,1,0,0,0,0,0,0,0,0,0,0,0,1,0,0,0,0,0,0,0,0,0,0,0,0,0,0,0,0,0,0,0,0,0,0,0,0,0,0,0,0,0,0,0,0,0,0,0,0,0,0,0,0,0,0,0,0,0,0,0,0,0,0,0,0,0,0,0,0,0,0,0,0,0,0,0,0,0,0,0,0,0,0,0,0,0,0,0,0,0,0,0,0,0,0,0,0,0,0,0,0,0,0,0,0,0,0,0,0,0,0,0,0,0,0,0,0,0,0,0,0,0,0,0,0,0,0,0,0,0,0,0,0,0,0,0,0,0,0,0,0,0
SiO2,none,103.0,-11.6,FBS,50.0,500.0,15000,20,25,other,sphere,plasma,7.4,235.0,0.126944444,buffer,0.008333333,37,1,Neutral,0,1,1,1,1,0,0,1,1,1,0,1,0,0,1,0,1,0,0,1,1,1,1,0,1,1,1,1,0,1,1,0,0,1,0,1,1,0,1,1,1,1,0,1,1,1,1,1,1,1,0,1,0,0,1,0,1,0,0,0,0,0,1,1,0,1,1,0,0,0,0,0,0,1,1,0,1,0,0,0,0,0,1,0,0,0,0,0,0,0,0,0,0,0,0,0,1,0,0,0,0,0,0,0,1,0,0,1,1,1,0,0,0,1,0,0,0,0,0,0,0,0,0,0,0,0,1,0,0,1,0,0,0,0,0,1,1,0,0,1,0,0,1,0,0,1,1,1,0,0,0,0,0,0,0,0,0,0,0,0,0,0,1,0,0,0,0,0,0,0,0,0,0,0,1,0,0,0
SiO2,none,103.0,-11.6,FBS,50.0,500.0,15000,20,25,other,sphere,plasma,7.4,235.0,0.126944444,buffer,0.083333333,37,1,Neutral,0,1,1,1,1,0,0,1,1,1,0,1,0,0,1,0,1,0,0,1,1,1,1,0,1,1,1,1,0,1,1,0,0,1,0,1,1,0,1,1,1,1,0,1,1,1,1,1,1,1,0,1,0,0,1,0,1,0,1,0,0,0,1,1,0,1,1,0,0,0,0,0,0,1,1,0,1,0,0,0,0,0,1,0,0,0,0,0,0,0,0,0,0,1,0,0,1,0,0,0,0,0,0,0,1,0,0,1,1,1,0,0,0,1,0,0,0,0,0,0,0,0,0,0,0,0,1,0,0,1,0,0,0,0,0,1,1,0,0,1,0,0,1,0,0,1,1,1,0,0,0,0,0,0,0,1,0,0,0,0,0,0,1,0,0,0,0,0,0,0,0,0,0,0,1,0,0,0
SiO2,none,103.0,-11.6,FBS,50.0,500.0,15000,20,25,other,sphere,plasma,7.4,235.0,0.126944444,buffer,0.25,37,1,Neutral,0,1,1,1,1,0,0,1,1,1,0,1,0,0,1,0,1,0,0,1,1,1,1,0,1,1,1,1,0,1,1,0,0,1,0,1,1,0,1,1,1,1,0,1,1,1,1,1,1,1,0,1,0,0,1,0,1,0,0,0,0,0,1,1,0,1,1,0,0,0,0,0,0,1,1,0,1,0,0,0,0,0,1,0,0,0,0,0,0,0,0,0,0,0,0,0,1,0,0,0,0,0,0,0,1,0,0,1,1,1,0,0,0,1,0,0,0,0,0,0,0,0,0,0,0,0,1,0,0,1,0,0,0,0,0,1,1,0,0,1,0,0,1,0,0,1,1,1,0,0,0,0,0,0,0,1,0,0,0,0,0,0,1,0,0,0,0,0,0,0,0,0,0,0,1,0,0,0
SiO2,none,103.0,-11.6,FBS,50.0,500.0,15000,20,25,other,sphere,plasma,7.4,235.0,0.126944444,buffer,0.5,37,1,Neutral,0,1,1,1,1,0,0,1,1,1,0,1,0,0,1,0,1,0,0,1,1,1,1,0,1,1,1,1,0,1,1,0,0,1,0,1,1,0,1,1,1,1,0,1,1,1,1,1,1,1,0,1,0,0,1,0,1,0,0,0,0,0,1,1,0,1,1,0,0,0,0,0,0,1,1,0,1,0,0,0,0,0,1,0,0,0,0,0,0,0,0,0,0,1,0,0,1,0,1,0,0,0,0,0,1,0,0,1,1,1,0,0,0,1,0,0,0,0,0,0,0,0,0,0,0,0,1,0,0,1,0,0,0,0,0,1,1,0,0,1,0,0,1,0,1,1,1,1,0,0,0,0,0,0,0,1,0,0,0,0,0,0,1,0,1,0,0,0,0,0,0,0,0,0,1,0,0,0
SiO2,none,103.0,-11.6,FBS,50.0,500.0,15000,20,25,other,sphere,plasma,7.4,235.0,0.126944444,buffer,1.0,37,1,Neutral,0,1,1,1,1,0,0,1,1,1,0,1,0,0,1,0,1,0,0,1,1,1,1,0,1,1,1,1,0,1,1,0,0,1,0,1,1,0,1,1,1,1,0,1,1,1,1,1,1,1,0,1,0,0,1,0,1,0,1,0,0,0,1,1,0,1,1,0,0,0,0,0,0,1,1,0,1,0,0,0,0,0,1,0,0,0,0,0,0,0,0,0,0,1,0,0,1,0,1,0,0,0,0,0,1,0,0,1,1,1,0,0,0,1,0,0,0,0,0,0,0,0,0,0,0,0,1,0,0,1,0,0,0,0,0,1,1,1,0,1,0,0,1,0,1,1,1,1,0,0,0,0,0,0,0,1,0,0,0,0,0,0,1,0,1,0,0,0,0,0,0,0,0,0,1,0,0,0
SiO2,none,103.0,-11.6,FBS,50.0,500.0,15000,20,25,other,sphere,plasma,7.4,235.0,0.126944444,buffer,2.0,37,1,Neutral,0,1,1,1,1,0,0,1,1,1,0,1,0,0,1,0,1,0,0,1,1,1,1,0,1,1,1,1,0,1,1,0,0,1,0,1,1,0,1,1,1,1,0,1,1,1,1,1,1,1,0,1,0,0,1,0,1,0,1,0,0,0,1,1,0,1,1,0,0,0,0,0,0,1,1,0,1,0,0,0,0,0,1,0,0,0,0,0,0,0,0,0,0,1,0,0,1,0,1,0,1,0,0,0,1,0,0,1,1,1,0,0,0,1,0,0,0,0,0,0,0,0,0,0,0,0,1,0,0,1,0,0,0,0,0,1,1,1,0,1,0,0,1,0,1,1,1,1,0,0,0,0,0,0,0,1,0,0,0,0,0,0,1,0,1,0,0,0,0,0,0,0,0,0,1,0,0,0
SiO2,none,103.0,-11.6,FBS,50.0,500.0,15000,20,25,other,sphere,plasma,7.4,235.0,0.126944444,buffer,8.0,37,1,Neutral,0,1,1,1,1,0,0,1,1,1,0,1,0,0,1,0,1,0,0,1,1,1,1,0,1,1,1,1,0,1,1,0,0,1,0,1,1,0,1,1,1,1,0,1,1,1,1,1,1,1,0,1,0,0,1,0,1,0,1,0,0,0,1,1,0,1,1,0,0,0,0,0,0,1,1,0,1,0,0,0,0,0,1,0,0,0,0,0,0,0,0,0,0,1,0,0,1,0,1,0,1,0,0,0,1,0,0,1,1,1,0,0,0,1,0,0,0,0,0,0,0,0,0,0,0,0,1,0,0,1,0,0,0,0,0,1,1,1,0,1,0,0,1,0,1,1,1,1,0,0,0,0,0,0,0,1,0,0,0,0,0,0,1,0,1,0,0,0,0,0,0,0,0,0,1,0,0,0
SiO2,none,103.0,-11.6,FBS,50.0,500.0,15000,20,25,other,sphere,plasma,7.4,235.0,0.126944444,buffer,24.0,37,1,Neutral,0,1,1,1,1,0,0,1,1,1,0,1,0,0,1,0,1,0,0,1,1,1,1,0,1,1,1,1,0,1,1,0,0,1,0,1,1,0,1,1,1,1,0,1,1,1,1,1,1,1,0,1,0,0,1,0,1,0,1,0,0,0,1,1,0,1,1,0,0,0,0,0,0,1,1,0,1,0,0,0,0,0,1,0,0,0,0,0,0,0,1,0,0,1,0,0,1,0,1,0,1,0,0,0,1,0,0,1,1,1,0,0,0,1,0,0,0,0,0,0,0,0,0,0,0,0,1,0,0,1,0,0,0,0,0,1,1,1,0,1,0,1,1,0,1,1,1,1,0,0,0,0,0,0,0,1,0,0,0,0,0,0,1,0,1,0,0,0,0,0,0,0,0,0,1,0,0,0
SiO2,none,103.0,-11.6,FBS,50.0,500.0,15000,20,25,other,sphere,plasma,7.4,235.0,0.126944444,buffer,48.0,37,1,Neutral,0,1,1,1,1,0,0,1,1,1,0,1,0,0,1,0,1,0,0,1,1,1,1,0,1,1,1,1,0,1,1,0,0,1,0,1,1,0,1,1,1,1,0,1,1,1,1,1,1,1,0,1,0,0,1,0,1,0,1,0,0,0,1,1,0,1,1,0,0,0,0,0,0,1,1,0,1,0,0,0,0,0,1,0,0,0,0,0,0,0,1,0,0,1,0,0,1,0,1,0,1,0,0,0,1,0,0,1,1,1,0,0,0,1,0,0,0,0,0,0,0,0,0,0,0,0,1,0,0,1,0,0,0,0,0,1,1,1,0,1,0,1,1,0,1,1,1,1,0,0,0,0,0,0,0,1,0,0,0,0,0,0,1,0,1,0,0,0,0,0,0,0,0,0,1,0,0,0
SiO2,none,103.0,-11.6,FBS,50.0,500.0,15000,20,25,other,sphere,plasma,7.4,235.0,0.126944444,buffer,168.0,37,1,Neutral,0,1,1,1,1,0,0,1,1,1,0,1,0,0,1,0,1,0,0,1,1,1,1,0,1,1,1,1,0,1,1,0,0,1,0,1,1,0,1,1,1,1,0,1,1,1,1,1,1,1,0,1,0,0,1,0,1,0,1,0,0,0,0,1,0,1,1,0,0,0,0,0,0,1,1,0,1,0,0,0,0,0,1,0,0,0,0,0,0,0,1,0,0,1,0,0,0,0,1,0,1,0,0,0,1,0,0,1,1,1,0,0,0,1,0,0,0,0,0,0,0,0,0,1,0,0,1,0,0,1,0,0,0,0,0,1,1,1,0,1,0,1,1,0,1,1,1,1,0,0,0,0,0,0,0,1,0,0,0,0,0,0,1,0,1,0,0,0,0,0,0,0,0,0,1,0,0,0
SiO2,none,103.0,-15.1,HS,50.0,500.0,15000,20,25,other,sphere,plasma,7.4,190.0,0.126944444,buffer,0.008333333,37,1,Neutral,1,1,1,1,1,1,1,1,1,1,1,1,1,1,1,1,1,1,0,1,1,1,1,1,1,1,1,1,1,1,0,1,1,1,1,1,0,1,1,1,1,1,1,1,1,0,1,1,0,1,0,0,1,1,1,1,0,1,0,1,1,1,1,1,1,1,1,1,1,1,1,1,1,1,1,1,1,1,0,1,1,1,1,0,1,1,0,0,1,1,1,1,1,0,1,1,0,0,1,0,0,0,0,1,1,1,1,1,1,1,0,1,0,1,0,1,1,0,1,0,0,0,0,0,0,1,0,1,1,0,0,1,0,0,1,0,0,0,0,0,0,0,1,1,1,0,0,0,0,0,1,1,1,0,0,1,0,0,0,0,0,1,1,1,0,0,0,0,0,0,0,0,0,0,0,0,1,0
SiO2,none,103.0,-15.1,HS,50.0,500.0,15000,20,25,other,sphere,plasma,7.4,190.0,0.126944444,buffer,0.083333333,37,1,Neutral,1,1,1,1,1,1,1,1,1,1,1,1,1,1,1,1,1,1,0,1,1,1,1,1,1,1,1,1,1,1,0,1,1,1,1,1,0,1,1,1,1,1,1,1,1,0,1,1,0,1,0,0,1,1,1,1,0,1,0,1,0,1,1,1,1,1,1,1,1,1,1,1,1,1,1,1,1,1,0,1,1,1,1,0,1,1,0,0,1,1,1,1,1,1,1,1,1,0,1,0,0,0,0,1,1,1,1,1,1,1,1,1,0,1,0,1,1,0,1,1,1,0,0,0,0,1,1,1,1,0,0,1,0,0,1,1,0,0,0,0,0,0,1,1,1,1,0,0,0,0,1,1,1,0,0,1,0,0,0,0,0,1,1,0,0,0,1,0,0,0,0,0,0,0,1,0,1,0
SiO2,none,103.0,-15.1,HS,50.0,500.0,15000,20,25,other,sphere,plasma,7.4,190.0,0.126944444,buffer,0.25,37,1,Neutral,1,1,1,1,1,1,1,1,1,1,1,1,1,1,1,1,1,1,1,1,1,1,1,1,1,1,1,1,1,1,0,1,1,1,1,1,0,1,1,1,1,1,1,1,1,0,1,1,0,1,0,0,1,1,1,1,1,1,0,1,1,1,1,1,1,1,1,1,1,1,1,1,1,1,1,1,1,1,0,1,1,1,1,0,1,1,0,0,1,1,1,1,1,1,1,1,0,0,1,0,0,0,0,1,1,1,1,1,1,1,1,1,0,1,0,1,1,0,1,1,0,0,0,0,0,1,1,1,1,0,0,1,0,0,1,1,0,0,0,0,0,0,1,1,1,1,0,0,0,0,1,1,1,0,0,1,0,0,0,0,0,1,1,1,0,0,1,0,0,0,0,0,0,0,1,0,1,0
SiO2,none,103.0,-15.1,HS,50.0,500.0,15000,20,25,other,sphere,plasma,7.4,190.0,0.126944444,buffer,0.5,37,1,Neutral,1,1,1,1,1,1,1,1,1,1,1,1,1,1,1,1,1,1,1,1,1,1,1,1,1,1,1,1,1,1,0,1,1,1,1,1,0,1,1,1,1,1,1,1,1,0,1,1,0,1,0,0,1,1,1,1,0,1,0,1,1,1,1,1,1,1,1,1,1,1,1,1,1,1,1,1,1,1,1,1,1,1,1,0,1,1,0,0,1,1,1,1,1,1,1,1,1,0,1,0,0,0,0,1,1,1,1,1,1,1,1,1,0,1,0,1,1,0,1,1,0,0,0,0,0,1,1,1,1,0,0,1,0,0,1,1,0,0,0,0,0,0,1,1,1,1,0,0,0,0,1,1,1,0,0,0,0,0,0,0,0,1,1,1,0,0,1,0,0,0,0,0,0,0,1,0,1,0
SiO2,none,103.0,-15.1,HS,50.0,500.0,15000,20,25,other,sphere,plasma,7.4,190.0,0.126944444,buffer,1.0,37,1,Neutral,1,1,1,1,1,1,1,1,1,1,1,1,1,1,1,1,1,1,1,1,1,1,1,1,1,1,1,1,1,1,1,1,1,1,1,1,0,1,1,1,1,1,1,1,1,0,1,1,0,1,0,0,1,1,1,1,1,1,0,1,1,1,1,1,1,1,1,1,1,1,1,1,1,1,1,1,1,1,1,1,1,1,1,0,1,1,0,0,1,1,1,1,1,1,1,1,1,0,1,0,0,0,0,1,1,1,1,1,1,1,1,1,0,1,0,1,1,0,1,1,0,0,0,0,0,1,1,1,1,0,0,1,0,0,1,1,0,0,0,0,0,0,1,1,1,1,0,0,0,0,1,1,1,0,0,1,0,0,0,0,0,1,1,1,0,0,1,0,0,0,0,0,0,0,1,0,1,0
SiO2,none,103.0,-15.1,HS,50.0,500.0,15000,20,25,other,sphere,plasma,7.4,190.0,0.126944444,buffer,2.0,37,1,Neutral,1,1,1,1,1,1,1,1,1,1,1,1,1,1,1,1,1,1,1,1,1,1,1,1,1,1,1,1,1,1,1,1,1,1,1,1,0,1,1,1,1,1,1,1,1,0,1,1,0,1,0,0,1,1,1,1,1,1,0,1,0,1,1,1,1,1,1,1,1,1,1,1,1,1,1,1,1,1,0,1,1,1,1,0,1,1,0,0,1,1,1,1,1,1,1,1,1,0,1,0,0,0,0,1,1,1,1,1,1,1,0,1,0,1,0,1,1,0,1,1,1,0,0,0,0,1,1,1,1,0,0,1,0,0,1,1,0,0,0,0,0,0,1,1,1,1,0,0,0,0,1,1,1,0,0,1,0,0,0,0,0,1,1,1,0,0,1,0,0,0,0,0,0,0,1,0,1,0
SiO2,none,103.0,-15.1,HS,50.0,500.0,15000,20,25,other,sphere,plasma,7.4,190.0,0.126944444,buffer,8.0,37,1,Neutral,1,1,1,1,1,1,1,1,1,1,1,1,1,1,1,1,1,1,1,1,1,1,1,1,1,1,1,1,1,1,1,1,1,1,1,1,0,1,1,1,1,1,1,1,1,0,1,1,0,1,0,0,1,1,1,1,1,1,0,1,1,1,1,1,1,1,1,1,1,1,1,1,1,1,1,1,1,1,1,1,1,1,1,0,1,1,0,0,1,1,1,1,1,1,1,1,1,0,1,0,0,0,0,1,1,1,1,1,1,1,1,1,0,1,0,1,1,0,1,1,1,0,0,0,0,1,1,1,1,0,0,1,0,0,1,1,0,0,0,0,0,0,1,1,1,1,0,0,0,0,1,1,1,0,0,0,0,0,0,0,0,1,1,1,0,0,1,0,0,0,0,0,0,0,1,0,1,0
SiO2,none,103.0,-15.1,HS,50.0,500.0,15000,20,25,other,sphere,plasma,7.4,190.0,0.126944444,buffer,24.0,37,1,Neutral,1,1,1,1,1,1,1,1,1,1,1,1,1,1,1,1,1,1,1,1,1,1,1,1,1,1,1,1,1,1,0,1,1,1,1,1,0,1,1,1,1,1,1,1,1,0,1,1,0,1,0,0,1,1,1,1,1,1,0,1,1,1,1,1,1,1,1,1,1,1,1,1,1,1,1,1,1,1,0,1,1,1,1,0,1,1,0,0,1,1,1,1,1,1,1,1,1,0,1,0,0,0,0,0,1,1,1,1,1,1,1,1,0,1,0,1,1,0,1,1,1,0,0,0,0,1,1,1,1,0,0,1,0,0,1,1,0,0,0,0,0,0,1,1,1,1,0,0,0,0,1,1,1,0,0,1,0,0,0,0,0,1,1,1,0,0,1,0,0,0,0,0,0,0,1,0,1,0
SiO2,none,103.0,-15.1,HS,50.0,500.0,15000,20,25,other,sphere,plasma,7.4,190.0,0.126944444,buffer,48.0,37,1,Neutral,1,1,1,1,1,1,1,1,1,1,1,1,1,1,1,1,1,1,1,1,1,1,1,1,1,1,1,1,1,1,0,1,1,1,1,1,0,1,1,1,1,1,1,1,1,0,1,1,0,1,0,0,1,1,1,1,1,1,0,1,1,1,1,1,1,1,1,1,1,1,1,1,1,1,1,1,1,1,0,1,1,1,1,0,1,1,0,0,1,1,1,1,1,1,1,1,1,0,1,0,0,0,0,1,1,1,1,1,1,1,1,1,0,1,0,1,1,0,1,1,1,0,0,0,0,1,1,1,1,0,0,1,0,0,1,1,0,0,0,0,0,0,1,1,1,1,0,0,0,0,1,1,1,0,0,1,0,0,0,0,0,1,1,1,0,0,1,0,0,0,0,0,0,0,1,0,1,0
SiO2,none,103.0,-15.1,HS,50.0,500.0,15000,20,25,other,sphere,plasma,7.4,190.0,0.126944444,buffer,168.0,37,1,Neutral,1,1,1,1,1,1,1,1,1,1,1,1,1,1,1,1,1,1,1,1,1,1,1,1,1,1,1,1,1,1,0,1,1,1,1,1,0,1,1,1,1,1,1,1,1,0,1,1,0,1,0,0,1,1,1,1,1,1,0,1,1,1,1,1,1,1,1,1,1,1,1,1,1,1,1,1,1,1,0,1,1,1,1,0,0,1,0,0,1,1,1,1,0,1,1,1,0,0,1,0,0,0,0,1,1,1,1,1,1,1,0,1,0,1,0,1,1,0,1,1,1,0,0,0,0,1,1,1,1,0,0,1,0,0,1,1,0,0,0,0,0,0,1,1,1,1,0,0,0,0,1,1,1,0,0,1,0,0,0,0,0,1,1,1,0,0,1,0,0,0,0,0,0,0,1,0,1,0
SiO2,none,103.0,-38.7,HS,50.0,500.0,15000,20,25,other,sphere,PBS,7.4,159.0,0.126944444,buffer,0.008333333,37,1,Neutral,1,1,1,1,1,1,1,1,1,1,1,1,1,1,1,1,1,1,0,1,1,1,1,1,1,1,1,1,1,1,0,1,1,1,1,1,0,1,1,1,1,1,1,1,1,0,1,1,0,1,0,0,1,1,1,1,0,1,0,1,1,1,1,1,1,1,1,1,1,1,1,1,1,1,1,1,1,1,0,1,1,1,1,0,1,1,0,0,1,1,1,1,1,0,1,1,0,0,1,0,0,0,0,1,1,1,1,1,1,1,0,1,0,1,0,1,1,0,1,0,0,0,0,0,0,1,0,1,1,0,0,1,0,0,1,0,0,0,0,0,0,0,1,1,1,0,0,0,0,0,1,1,1,0,0,1,0,0,0,0,0,1,1,1,0,0,0,0,0,0,0,0,0,0,0,0,1,0
SiO2,none,103.0,-38.7,HS,50.0,500.0,15000,20,25,other,sphere,PBS,7.4,159.0,0.126944444,buffer,0.083333333,37,1,Neutral,1,1,1,1,1,1,1,1,1,1,1,1,1,1,1,1,1,1,0,1,1,1,1,1,1,1,1,1,1,1,0,1,1,1,1,1,0,1,1,1,1,1,1,1,1,0,1,1,0,1,0,0,1,1,1,1,0,1,0,1,0,1,1,1,1,1,1,1,1,1,1,1,1,1,1,1,1,1,0,1,1,1,1,0,1,1,0,0,1,1,1,1,1,1,1,1,1,0,1,0,0,0,0,1,1,1,1,1,1,1,1,1,0,1,0,1,1,0,1,1,1,0,0,0,0,1,1,1,1,0,0,1,0,0,1,1,0,0,0,0,0,0,1,1,1,1,0,0,0,0,1,1,1,0,0,1,0,0,0,0,0,1,1,0,0,0,1,0,0,0,0,0,0,0,1,0,1,0
SiO2,none,103.0,-38.7,HS,50.0,500.0,15000,20,25,other,sphere,PBS,7.4,159.0,0.126944444,buffer,0.25,37,1,Neutral,1,1,1,1,1,1,1,1,1,1,1,1,1,1,1,1,1,1,1,1,1,1,1,1,1,1,1,1,1,1,0,1,1,1,1,1,0,1,1,1,1,1,1,1,1,0,1,1,0,1,0,0,1,1,1,1,1,1,0,1,1,1,1,1,1,1,1,1,1,1,1,1,1,1,1,1,1,1,0,1,1,1,1,0,1,1,0,0,1,1,1,1,1,1,1,1,0,0,1,0,0,0,0,1,1,1,1,1,1,1,1,1,0,1,0,1,1,0,1,1,0,0,0,0,0,1,1,1,1,0,0,1,0,0,1,1,0,0,0,0,0,0,1,1,1,1,0,0,0,0,1,1,1,0,0,1,0,0,0,0,0,1,1,1,0,0,1,0,0,0,0,0,0,0,1,0,1,0
SiO2,none,103.0,-38.7,HS,50.0,500.0,15000,20,25,other,sphere,PBS,7.4,159.0,0.126944444,buffer,0.5,37,1,Neutral,1,1,1,1,1,1,1,1,1,1,1,1,1,1,1,1,1,1,1,1,1,1,1,1,1,1,1,1,1,1,0,1,1,1,1,1,0,1,1,1,1,1,1,1,1,0,1,1,0,1,0,0,1,1,1,1,0,1,0,1,1,1,1,1,1,1,1,1,1,1,1,1,1,1,1,1,1,1,1,1,1,1,1,0,1,1,0,0,1,1,1,1,1,1,1,1,1,0,1,0,0,0,0,1,1,1,1,1,1,1,1,1,0,1,0,1,1,0,1,1,0,0,0,0,0,1,1,1,1,0,0,1,0,0,1,1,0,0,0,0,0,0,1,1,1,1,0,0,0,0,1,1,1,0,0,0,0,0,0,0,0,1,1,1,0,0,1,0,0,0,0,0,0,0,1,0,1,0
SiO2,none,103.0,-38.7,HS,50.0,500.0,15000,20,25,other,sphere,PBS,7.4,159.0,0.126944444,buffer,1.0,37,1,Neutral,1,1,1,1,1,1,1,1,1,1,1,1,1,1,1,1,1,1,1,1,1,1,1,1,1,1,1,1,1,1,1,1,1,1,1,1,0,1,1,1,1,1,1,1,1,0,1,1,0,1,0,0,1,1,1,1,1,1,0,1,1,1,1,1,1,1,1,1,1,1,1,1,1,1,1,1,1,1,1,1,1,1,1,0,1,1,0,0,1,1,1,1,1,1,1,1,1,0,1,0,0,0,0,1,1,1,1,1,1,1,1,1,0,1,0,1,1,0,1,1,0,0,0,0,0,1,1,1,1,0,0,1,0,0,1,1,0,0,0,0,0,0,1,1,1,1,0,0,0,0,1,1,1,0,0,1,0,0,0,0,0,1,1,1,0,0,1,0,0,0,0,0,0,0,1,0,1,0
SiO2,none,103.0,-38.7,HS,50.0,500.0,15000,20,25,other,sphere,PBS,7.4,159.0,0.126944444,buffer,2.0,37,1,Neutral,1,1,1,1,1,1,1,1,1,1,1,1,1,1,1,1,1,1,1,1,1,1,1,1,1,1,1,1,1,1,1,1,1,1,1,1,0,1,1,1,1,1,1,1,1,0,1,1,0,1,0,0,1,1,1,1,1,1,0,1,0,1,1,1,1,1,1,1,1,1,1,1,1,1,1,1,1,1,0,1,1,1,1,0,1,1,0,0,1,1,1,1,1,1,1,1,1,0,1,0,0,0,0,1,1,1,1,1,1,1,0,1,0,1,0,1,1,0,1,1,1,0,0,0,0,1,1,1,1,0,0,1,0,0,1,1,0,0,0,0,0,0,1,1,1,1,0,0,0,0,1,1,1,0,0,1,0,0,0,0,0,1,1,1,0,0,1,0,0,0,0,0,0,0,1,0,1,0
SiO2,none,103.0,-38.7,HS,50.0,500.0,15000,20,25,other,sphere,PBS,7.4,159.0,0.126944444,buffer,8.0,37,1,Neutral,1,1,1,1,1,1,1,1,1,1,1,1,1,1,1,1,1,1,1,1,1,1,1,1,1,1,1,1,1,1,1,1,1,1,1,1,0,1,1,1,1,1,1,1,1,0,1,1,0,1,0,0,1,1,1,1,1,1,0,1,1,1,1,1,1,1,1,1,1,1,1,1,1,1,1,1,1,1,1,1,1,1,1,0,1,1,0,0,1,1,1,1,1,1,1,1,1,0,1,0,0,0,0,1,1,1,1,1,1,1,1,1,0,1,0,1,1,0,1,1,1,0,0,0,0,1,1,1,1,0,0,1,0,0,1,1,0,0,0,0,0,0,1,1,1,1,0,0,0,0,1,1,1,0,0,0,0,0,0,0,0,1,1,1,0,0,1,0,0,0,0,0,0,0,1,0,1,0
SiO2,none,103.0,-38.7,HS,50.0,500.0,15000,20,25,other,sphere,PBS,7.4,159.0,0.126944444,buffer,24.0,37,1,Neutral,1,1,1,1,1,1,1,1,1,1,1,1,1,1,1,1,1,1,1,1,1,1,1,1,1,1,1,1,1,1,0,1,1,1,1,1,0,1,1,1,1,1,1,1,1,0,1,1,0,1,0,0,1,1,1,1,1,1,0,1,1,1,1,1,1,1,1,1,1,1,1,1,1,1,1,1,1,1,0,1,1,1,1,0,1,1,0,0,1,1,1,1,1,1,1,1,1,0,1,0,0,0,0,0,1,1,1,1,1,1,1,1,0,1,0,1,1,0,1,1,1,0,0,0,0,1,1,1,1,0,0,1,0,0,1,1,0,0,0,0,0,0,1,1,1,1,0,0,0,0,1,1,1,0,0,1,0,0,0,0,0,1,1,1,0,0,1,0,0,0,0,0,0,0,1,0,1,0
SiO2,none,103.0,-38.7,HS,50.0,500.0,15000,20,25,other,sphere,PBS,7.4,159.0,0.126944444,buffer,48.0,37,1,Neutral,1,1,1,1,1,1,1,1,1,1,1,1,1,1,1,1,1,1,1,1,1,1,1,1,1,1,1,1,1,1,0,1,1,1,1,1,0,1,1,1,1,1,1,1,1,0,1,1,0,1,0,0,1,1,1,1,1,1,0,1,1,1,1,1,1,1,1,1,1,1,1,1,1,1,1,1,1,1,0,1,1,1,1,0,1,1,0,0,1,1,1,1,1,1,1,1,1,0,1,0,0,0,0,1,1,1,1,1,1,1,1,1,0,1,0,1,1,0,1,1,1,0,0,0,0,1,1,1,1,0,0,1,0,0,1,1,0,0,0,0,0,0,1,1,1,1,0,0,0,0,1,1,1,0,0,1,0,0,0,0,0,1,1,1,0,0,1,0,0,0,0,0,0,0,1,0,1,0
SiO2,none,103.0,-38.7,HS,50.0,500.0,15000,20,25,other,sphere,PBS,7.4,159.0,0.126944444,buffer,168.0,37,1,Neutral,1,1,1,1,1,1,1,1,1,1,1,1,1,1,1,1,1,1,1,1,1,1,1,1,1,1,1,1,1,1,0,1,1,1,1,1,0,1,1,1,1,1,1,1,1,0,1,1,0,1,0,0,1,1,1,1,1,1,0,1,1,1,1,1,1,1,1,1,1,1,1,1,1,1,1,1,1,1,0,1,1,1,1,0,0,1,0,0,1,1,1,1,0,1,1,1,0,0,1,0,0,0,0,1,1,1,1,1,1,1,0,1,0,1,0,1,1,0,1,1,1,0,0,0,0,1,1,1,1,0,0,1,0,0,1,1,0,0,0,0,0,0,1,1,1,1,0,0,0,0,1,1,1,0,0,1,0,0,0,0,0,1,1,1,0,0,1,0,0,0,0,0,0,0,1,0,1,0
SiO2,none,103.0,-38.7,FBS,50.0,500.0,15000,20,25,other,sphere,PBS,7.4,159.0,0.126944444,buffer,0.008333333,37,1,Neutral,0,1,1,1,1,0,0,1,1,1,0,1,0,0,1,0,1,0,0,1,1,1,1,0,1,1,1,1,0,1,1,0,0,1,0,1,1,0,1,1,1,1,0,1,1,1,1,1,1,1,0,1,0,0,1,0,1,0,0,0,0,0,1,1,0,1,1,0,0,0,0,0,0,1,1,0,1,0,0,0,0,0,1,0,0,0,0,0,0,0,0,0,0,0,0,0,1,0,0,0,0,0,0,0,1,0,0,1,1,1,0,0,0,1,0,0,0,0,0,0,0,0,0,0,0,0,1,0,0,1,0,0,0,0,0,1,1,0,0,1,0,0,1,0,0,1,1,1,0,0,0,0,0,0,0,0,0,0,0,0,0,0,1,0,0,0,0,0,0,0,0,0,0,0,1,0,0,0
SiO2,none,103.0,-38.7,FBS,50.0,500.0,15000,20,25,other,sphere,PBS,7.4,159.0,0.126944444,buffer,0.083333333,37,1,Neutral,0,1,1,1,1,0,0,1,1,1,0,1,0,0,1,0,1,0,0,1,1,1,1,0,1,1,1,1,0,1,1,0,0,1,0,1,1,0,1,1,1,1,0,1,1,1,1,1,1,1,0,1,0,0,1,0,1,0,1,0,0,0,1,1,0,1,1,0,0,0,0,0,0,1,1,0,1,0,0,0,0,0,1,0,0,0,0,0,0,0,0,0,0,1,0,0,1,0,0,0,0,0,0,0,1,0,0,1,1,1,0,0,0,1,0,0,0,0,0,0,0,0,0,0,0,0,1,0,0,1,0,0,0,0,0,1,1,0,0,1,0,0,1,0,0,1,1,1,0,0,0,0,0,0,0,1,0,0,0,0,0,0,1,0,0,0,0,0,0,0,0,0,0,0,1,0,0,0
SiO2,none,103.0,-38.7,FBS,50.0,500.0,15000,20,25,other,sphere,PBS,7.4,159.0,0.126944444,buffer,0.25,37,1,Neutral,0,1,1,1,1,0,0,1,1,1,0,1,0,0,1,0,1,0,0,1,1,1,1,0,1,1,1,1,0,1,1,0,0,1,0,1,1,0,1,1,1,1,0,1,1,1,1,1,1,1,0,1,0,0,1,0,1,0,0,0,0,0,1,1,0,1,1,0,0,0,0,0,0,1,1,0,1,0,0,0,0,0,1,0,0,0,0,0,0,0,0,0,0,0,0,0,1,0,0,0,0,0,0,0,1,0,0,1,1,1,0,0,0,1,0,0,0,0,0,0,0,0,0,0,0,0,1,0,0,1,0,0,0,0,0,1,1,0,0,1,0,0,1,0,0,1,1,1,0,0,0,0,0,0,0,1,0,0,0,0,0,0,1,0,0,0,0,0,0,0,0,0,0,0,1,0,0,0
SiO2,none,103.0,-38.7,FBS,50.0,500.0,15000,20,25,other,sphere,PBS,7.4,159.0,0.126944444,buffer,0.5,37,1,Neutral,0,1,1,1,1,0,0,1,1,1,0,1,0,0,1,0,1,0,0,1,1,1,1,0,1,1,1,1,0,1,1,0,0,1,0,1,1,0,1,1,1,1,0,1,1,1,1,1,1,1,0,1,0,0,1,0,1,0,0,0,0,0,1,1,0,1,1,0,0,0,0,0,0,1,1,0,1,0,0,0,0,0,1,0,0,0,0,0,0,0,0,0,0,1,0,0,1,0,1,0,0,0,0,0,1,0,0,1,1,1,0,0,0,1,0,0,0,0,0,0,0,0,0,0,0,0,1,0,0,1,0,0,0,0,0,1,1,0,0,1,0,0,1,0,1,1,1,1,0,0,0,0,0,0,0,1,0,0,0,0,0,0,1,0,1,0,0,0,0,0,0,0,0,0,1,0,0,0
SiO2,none,103.0,-38.7,FBS,50.0,500.0,15000,20,25,other,sphere,PBS,7.4,159.0,0.126944444,buffer,1.0,37,1,Neutral,0,1,1,1,1,0,0,1,1,1,0,1,0,0,1,0,1,0,0,1,1,1,1,0,1,1,1,1,0,1,1,0,0,1,0,1,1,0,1,1,1,1,0,1,1,1,1,1,1,1,0,1,0,0,1,0,1,0,1,0,0,0,1,1,0,1,1,0,0,0,0,0,0,1,1,0,1,0,0,0,0,0,1,0,0,0,0,0,0,0,0,0,0,1,0,0,1,0,1,0,0,0,0,0,1,0,0,1,1,1,0,0,0,1,0,0,0,0,0,0,0,0,0,0,0,0,1,0,0,1,0,0,0,0,0,1,1,1,0,1,0,0,1,0,1,1,1,1,0,0,0,0,0,0,0,1,0,0,0,0,0,0,1,0,1,0,0,0,0,0,0,0,0,0,1,0,0,0
SiO2,none,103.0,-38.7,FBS,50.0,500.0,15000,20,25,other,sphere,PBS,7.4,159.0,0.126944444,buffer,2.0,37,1,Neutral,0,1,1,1,1,0,0,1,1,1,0,1,0,0,1,0,1,0,0,1,1,1,1,0,1,1,1,1,0,1,1,0,0,1,0,1,1,0,1,1,1,1,0,1,1,1,1,1,1,1,0,1,0,0,1,0,1,0,1,0,0,0,1,1,0,1,1,0,0,0,0,0,0,1,1,0,1,0,0,0,0,0,1,0,0,0,0,0,0,0,0,0,0,1,0,0,1,0,1,0,1,0,0,0,1,0,0,1,1,1,0,0,0,1,0,0,0,0,0,0,0,0,0,0,0,0,1,0,0,1,0,0,0,0,0,1,1,1,0,1,0,0,1,0,1,1,1,1,0,0,0,0,0,0,0,1,0,0,0,0,0,0,1,0,1,0,0,0,0,0,0,0,0,0,1,0,0,0
SiO2,none,103.0,-38.7,FBS,50.0,500.0,15000,20,25,other,sphere,PBS,7.4,159.0,0.126944444,buffer,8.0,37,1,Neutral,0,1,1,1,1,0,0,1,1,1,0,1,0,0,1,0,1,0,0,1,1,1,1,0,1,1,1,1,0,1,1,0,0,1,0,1,1,0,1,1,1,1,0,1,1,1,1,1,1,1,0,1,0,0,1,0,1,0,1,0,0,0,1,1,0,1,1,0,0,0,0,0,0,1,1,0,1,0,0,0,0,0,1,0,0,0,0,0,0,0,0,0,0,1,0,0,1,0,1,0,1,0,0,0,1,0,0,1,1,1,0,0,0,1,0,0,0,0,0,0,0,0,0,0,0,0,1,0,0,1,0,0,0,0,0,1,1,1,0,1,0,0,1,0,1,1,1,1,0,0,0,0,0,0,0,1,0,0,0,0,0,0,1,0,1,0,0,0,0,0,0,0,0,0,1,0,0,0
SiO2,none,103.0,-38.7,FBS,50.0,500.0,15000,20,25,other,sphere,PBS,7.4,159.0,0.126944444,buffer,24.0,37,1,Neutral,0,1,1,1,1,0,0,1,1,1,0,1,0,0,1,0,1,0,0,1,1,1,1,0,1,1,1,1,0,1,1,0,0,1,0,1,1,0,1,1,1,1,0,1,1,1,1,1,1,1,0,1,0,0,1,0,1,0,1,0,0,0,1,1,0,1,1,0,0,0,0,0,0,1,1,0,1,0,0,0,0,0,1,0,0,0,0,0,0,0,1,0,0,1,0,0,1,0,1,0,1,0,0,0,1,0,0,1,1,1,0,0,0,1,0,0,0,0,0,0,0,0,0,0,0,0,1,0,0,1,0,0,0,0,0,1,1,1,0,1,0,1,1,0,1,1,1,1,0,0,0,0,0,0,0,1,0,0,0,0,0,0,1,0,1,0,0,0,0,0,0,0,0,0,1,0,0,0
SiO2,none,103.0,-38.7,FBS,50.0,500.0,15000,20,25,other,sphere,PBS,7.4,159.0,0.126944444,buffer,48.0,37,1,Neutral,0,1,1,1,1,0,0,1,1,1,0,1,0,0,1,0,1,0,0,1,1,1,1,0,1,1,1,1,0,1,1,0,0,1,0,1,1,0,1,1,1,1,0,1,1,1,1,1,1,1,0,1,0,0,1,0,1,0,1,0,0,0,1,1,0,1,1,0,0,0,0,0,0,1,1,0,1,0,0,0,0,0,1,0,0,0,0,0,0,0,1,0,0,1,0,0,1,0,1,0,1,0,0,0,1,0,0,1,1,1,0,0,0,1,0,0,0,0,0,0,0,0,0,0,0,0,1,0,0,1,0,0,0,0,0,1,1,1,0,1,0,1,1,0,1,1,1,1,0,0,0,0,0,0,0,1,0,0,0,0,0,0,1,0,1,0,0,0,0,0,0,0,0,0,1,0,0,0
SiO2,none,103.0,-38.7,FBS,50.0,500.0,15000,20,25,other,sphere,PBS,7.4,159.0,0.126944444,buffer,168.0,37,1,Neutral,0,1,1,1,1,0,0,1,1,1,0,1,0,0,1,0,1,0,0,1,1,1,1,0,1,1,1,1,0,1,1,0,0,1,0,1,1,0,1,1,1,1,0,1,1,1,1,1,1,1,0,1,0,0,1,0,1,0,1,0,0,0,0,1,0,1,1,0,0,0,0,0,0,1,1,0,1,0,0,0,0,0,1,0,0,0,0,0,0,0,1,0,0,1,0,0,0,0,1,0,1,0,0,0,1,0,0,1,1,1,0,0,0,1,0,0,0,0,0,0,0,0,0,1,0,0,1,0,0,1,0,0,0,0,0,1,1,1,0,1,0,1,1,0,1,1,1,1,0,0,0,0,0,0,0,1,0,0,0,0,0,0,1,0,1,0,0,0,0,0,0,0,0,0,1,0,0,0
Au,none,14.0,-13.5,FBS,10.0,913.8369,20000,30,10,metal,rod,plasma,7.4,16.0,0.126944444,buffer,1.0,45,1,Neutral,0,0,1,0,1,0,0,0,1,0,0,0,0,0,0,0,0,1,0,0,0,0,0,0,0,0,1,0,0,0,0,0,0,0,0,0,0,0,1,0,0,0,0,0,0,0,0,0,0,0,0,0,0,0,0,0,0,0,0,0,0,0,0,0,0,0,0,0,0,0,0,0,0,0,0,0,0,0,0,0,0,0,0,0,0,0,0,0,0,0,0,0,0,0,0,0,0,0,0,0,0,0,0,0,0,0,0,0,0,0,0,0,0,0,0,0,0,0,0,0,0,0,0,0,0,0,0,0,0,0,0,0,0,0,0,0,0,0,0,0,0,0,0,0,0,0,0,0,0,0,0,0,0,0,0,0,0,0,0,0,0,0,0,0,0,0,0,0,0,0,0,0,0,0,0,0,0,0
Au,none,14.0,-13.5,FBS,10.0,913.8369,20000,30,10,metal,rod,plasma,7.4,16.0,0.126944444,buffer,1.0,55,1,Neutral,0,0,1,0,1,0,0,0,1,0,0,0,0,0,0,0,0,1,0,0,0,0,0,0,0,0,1,0,0,0,0,0,0,0,0,0,0,0,1,0,0,0,0,0,0,0,0,0,0,0,0,0,0,0,0,0,0,0,0,0,0,0,0,0,0,0,0,0,0,0,0,0,0,0,0,0,0,0,0,0,0,0,0,0,0,0,0,0,0,0,0,0,0,0,0,0,0,0,0,0,0,0,0,0,0,0,0,0,0,0,0,0,0,0,0,0,0,0,0,0,0,0,0,0,0,0,0,0,0,0,0,0,0,0,0,0,0,0,0,0,0,0,0,0,0,0,0,0,0,0,0,0,0,0,0,0,0,0,0,0,0,0,0,0,0,0,0,0,0,0,0,0,0,0,0,0,0,0
Au,none,14.0,-13.5,FBS,100.0,913.8369,20000,30,10,metal,rod,plasma,7.4,16.0,0.126944444,buffer,1.0,45,1,Neutral,0,0,1,0,1,0,0,0,1,0,0,0,0,0,0,0,0,1,0,0,0,0,0,0,0,0,1,0,0,0,0,0,0,0,0,0,0,0,1,0,0,0,0,0,0,0,0,0,0,0,0,0,0,0,0,0,0,0,0,0,0,0,0,0,0,0,0,0,0,0,0,0,0,0,0,0,0,0,0,0,0,0,0,0,0,0,0,0,0,0,0,0,0,0,0,0,0,0,0,0,0,0,0,0,0,0,0,0,0,0,0,0,0,0,0,0,0,0,0,0,0,0,0,0,0,0,0,0,0,0,0,0,0,0,0,0,0,0,0,0,0,0,0,0,0,0,0,0,0,0,0,0,0,0,0,0,0,0,0,0,0,0,0,0,0,0,0,0,0,0,0,0,0,0,0,0,0,0
Au,none,14.0,-13.5,FBS,100.0,913.8369,20000,30,10,metal,rod,plasma,7.4,16.0,0.126944444,buffer,1.0,55,1,Neutral,0,0,1,0,1,0,0,0,1,0,0,0,0,0,0,0,0,1,0,0,0,0,0,0,0,0,1,0,0,0,0,0,0,0,0,0,0,0,1,0,0,0,0,0,0,0,0,0,0,0,0,0,0,0,0,0,0,0,0,0,0,0,0,0,0,0,0,0,0,0,0,0,0,0,0,0,0,0,0,0,0,0,0,0,0,0,0,0,0,0,0,0,0,0,0,0,0,0,0,0,0,0,0,0,0,0,0,0,0,0,0,0,0,0,0,0,0,0,0,0,0,0,0,0,0,0,0,0,0,0,0,0,0,0,0,0,0,0,0,0,0,0,0,0,0,0,0,0,0,0,0,0,0,0,0,0,0,0,0,0,0,0,0,0,0,0,0,0,0,0,0,0,0,0,0,0,0,0
Au,none,14.0,-13.5,FBS,10.0,913.8369,20000,30,10,metal,rod,plasma,7.4,16.0,0.126944444,buffer,1.0,45,1,Neutral,0,1,1,0,1,0,0,1,1,1,0,1,0,0,0,0,0,1,0,1,0,0,1,0,1,0,1,1,0,0,0,0,0,1,0,0,1,0,1,0,1,0,1,1,0,0,0,0,0,0,0,0,0,0,0,0,1,0,0,0,1,0,0,0,0,0,0,0,1,0,0,1,1,1,0,0,1,0,0,0,0,0,0,0,0,0,0,0,0,0,0,0,0,0,0,0,0,0,0,0,0,1,0,0,0,0,0,0,0,0,0,0,0,0,0,0,0,0,0,0,0,0,0,0,0,0,1,0,0,0,0,0,0,0,0,0,0,0,0,0,0,0,0,0,0,0,0,0,0,0,0,0,0,0,0,0,0,0,0,0,0,0,1,0,0,0,0,0,0,0,0,0,0,0,0,0,0,0
Au,none,14.0,-13.5,FBS,10.0,913.8369,20000,30,10,metal,rod,plasma,7.4,16.0,0.126944444,buffer,1.0,55,1,Neutral,0,1,1,0,1,0,0,1,1,1,0,1,0,0,0,0,0,1,0,1,0,0,1,0,1,0,1,1,0,0,0,0,0,1,0,0,1,0,1,0,1,0,1,1,0,0,0,0,0,0,0,0,0,0,0,0,1,0,0,0,1,0,0,0,0,0,0,0,1,0,0,1,1,1,0,0,1,0,0,0,0,0,0,0,0,0,0,0,0,0,0,0,0,0,0,0,0,0,0,0,0,1,0,0,0,0,0,0,0,0,0,0,0,0,0,0,0,0,0,0,0,0,0,0,0,0,1,0,0,0,0,0,0,0,0,0,0,0,0,0,0,0,0,0,0,0,0,0,0,0,0,0,0,0,0,0,0,0,0,0,0,0,1,0,0,0,0,0,0,0,0,0,0,0,0,0,0,0
Au,none,14.0,-13.5,FBS,100.0,913.8369,20000,30,10,metal,rod,plasma,7.4,16.0,0.126944444,buffer,1.0,45,1,Neutral,0,1,1,0,1,0,0,1,1,1,0,1,0,0,0,0,0,1,0,1,0,0,1,0,1,0,1,0,0,0,0,0,0,1,0,0,1,0,1,0,1,0,1,1,0,0,0,0,0,0,0,0,0,0,0,0,1,0,0,0,1,0,0,0,0,0,0,0,1,0,0,1,1,1,0,0,1,0,0,0,0,0,0,0,0,0,0,0,0,0,0,0,0,0,0,0,0,0,0,0,0,1,0,0,0,0,0,0,0,0,0,0,0,0,0,0,0,0,0,0,0,0,0,0,0,0,1,0,0,0,0,0,0,0,0,0,0,0,0,0,0,0,0,0,0,0,0,0,0,0,0,0,0,0,0,0,0,0,0,0,0,0,1,0,0,0,0,0,0,0,0,0,0,0,0,0,0,0
Au,none,14.0,-13.5,FBS,100.0,913.8369,20000,30,10,metal,rod,plasma,7.4,16.0,0.126944444,buffer,1.0,55,1,Neutral,0,1,1,0,1,0,0,1,1,1,0,1,0,0,0,0,0,1,0,1,0,0,1,0,1,0,1,0,0,0,0,0,0,1,0,0,1,0,1,0,1,0,1,1,0,0,0,0,0,0,0,0,0,0,0,0,1,0,0,0,1,0,0,0,0,0,0,0,1,0,0,1,1,1,0,0,1,0,0,0,0,0,0,0,0,0,0,0,0,0,0,0,0,0,0,0,0,0,0,0,0,1,0,0,0,0,0,0,0,0,0,0,0,0,0,0,0,0,0,0,0,0,0,0,0,0,1,0,0,0,0,0,0,0,0,0,0,0,0,0,0,0,0,0,0,0,0,0,0,0,0,0,0,0,0,0,0,0,0,0,0,0,1,0,0,0,0,0,0,0,0,0,0,0,0,0,0,0
Au,none,14.0,-18.9,FBS,10.0,913.8369,20000,30,10,metal,rod,plasma,7.4,16.0,0.126944444,buffer,1.0,37,1,Neutral,0,0,1,0,1,0,0,0,1,0,0,0,0,0,0,0,0,1,0,0,0,0,0,0,0,0,1,0,0,0,0,0,0,0,0,0,0,0,1,0,0,0,0,0,0,0,0,0,0,0,0,0,0,0,0,0,0,0,0,0,0,0,0,0,0,0,0,0,0,0,0,0,0,0,0,0,0,0,0,0,0,0,0,0,0,0,0,0,0,0,0,0,0,0,0,0,0,0,0,0,0,0,0,0,0,0,0,0,0,0,0,0,0,0,0,0,0,0,0,0,0,0,0,0,0,0,0,0,0,0,0,0,0,0,0,0,0,0,0,0,0,0,0,0,0,0,0,0,0,0,0,0,0,0,0,0,0,0,0,0,0,0,0,0,0,0,0,0,0,0,0,0,0,0,0,0,0,0
Au,none,14.0,-18.9,FBS,10.0,913.8369,20000,30,10,metal,rod,plasma,7.4,16.0,0.126944444,buffer,1.0,55,1,Neutral,0,0,1,0,1,0,0,0,1,0,0,0,0,0,0,0,0,1,0,0,0,0,0,0,0,0,1,0,0,0,0,0,0,0,0,0,0,0,1,0,0,0,0,0,0,0,0,0,0,0,0,0,0,0,0,0,0,0,0,0,0,0,0,0,0,0,0,0,0,0,0,0,0,0,0,0,0,0,0,0,0,0,0,0,0,0,0,0,0,0,0,0,0,0,0,0,0,0,0,0,0,0,0,0,0,0,0,0,0,0,0,0,0,0,0,0,0,0,0,0,0,0,0,0,0,0,0,0,0,0,0,0,0,0,0,0,0,0,0,0,0,0,0,0,0,0,0,0,0,0,0,0,0,0,0,0,0,0,0,0,0,0,0,0,0,0,0,0,0,0,0,0,0,0,0,0,0,0
Au,none,14.0,-18.9,FBS,100.0,913.8369,20000,30,10,metal,rod,plasma,7.4,16.0,0.126944444,buffer,1.0,37,1,Neutral,0,0,1,0,1,0,0,0,1,0,0,0,0,0,0,0,0,1,0,0,0,0,0,0,0,0,1,0,0,0,0,0,0,0,0,0,0,0,1,0,0,0,0,0,0,0,0,0,0,0,0,0,0,0,0,0,0,0,0,0,0,0,0,0,0,0,0,0,0,0,0,0,0,0,0,0,0,0,0,0,0,0,0,0,0,0,0,0,0,0,0,0,0,0,0,0,0,0,0,0,0,0,0,0,0,0,0,0,0,0,0,0,0,0,0,0,0,0,0,0,0,0,0,0,0,0,0,0,0,0,0,0,0,0,0,0,0,0,0,0,0,0,0,0,0,0,0,0,0,0,0,0,0,0,0,0,0,0,0,0,0,0,0,0,0,0,0,0,0,0,0,0,0,0,0,0,0,0
Au,none,14.0,-18.9,FBS,100.0,913.8369,20000,30,10,metal,rod,plasma,7.4,16.0,0.126944444,buffer,1.0,55,1,Neutral,0,0,1,0,1,0,0,0,1,0,0,0,0,0,0,0,0,1,0,0,0,0,0,0,0,0,1,0,0,0,0,0,0,0,0,0,0,0,1,0,0,0,0,0,0,0,0,0,0,0,0,0,0,0,0,0,0,0,0,0,0,0,0,0,0,0,0,0,0,0,0,0,0,0,0,0,0,0,0,0,0,0,0,0,0,0,0,0,0,0,0,0,0,0,0,0,0,0,0,0,0,0,0,0,0,0,0,0,0,0,0,0,0,0,0,0,0,0,0,0,0,0,0,0,0,0,0,0,0,0,0,0,0,0,0,0,0,0,0,0,0,0,0,0,0,0,0,0,0,0,0,0,0,0,0,0,0,0,0,0,0,0,0,0,0,0,0,0,0,0,0,0,0,0,0,0,0,0
Au,none,14.0,-18.9,FBS,10.0,913.8369,20000,30,10,metal,rod,plasma,7.4,16.0,0.126944444,buffer,1.0,37,1,Neutral,0,1,1,0,1,0,0,1,1,1,0,1,0,0,0,0,0,1,0,1,0,0,1,0,1,0,1,1,0,0,0,0,0,1,0,0,1,0,1,0,1,0,1,1,0,0,0,0,0,0,0,0,0,0,0,0,1,0,0,0,1,0,0,0,0,0,0,0,1,0,0,1,1,1,0,0,1,0,0,0,0,0,0,0,0,0,0,0,0,0,0,0,0,0,0,0,0,0,0,0,0,1,0,0,0,0,0,0,0,0,0,0,0,0,0,0,0,0,0,0,0,0,0,0,0,0,1,0,0,0,0,0,0,0,0,0,0,0,0,0,0,0,0,0,0,0,0,0,0,0,0,0,0,0,0,0,0,0,0,0,0,0,1,0,0,0,0,0,0,0,0,0,0,0,0,0,0,0
Au,none,14.0,-18.9,FBS,10.0,913.8369,20000,30,10,metal,rod,plasma,7.4,16.0,0.126944444,buffer,1.0,55,1,Neutral,0,1,1,0,1,0,0,1,1,1,0,1,0,0,0,0,0,1,0,1,0,0,1,0,1,0,1,1,0,0,0,0,0,1,0,0,1,0,1,0,1,0,1,1,0,0,0,0,0,0,0,0,0,0,0,0,1,0,0,0,1,0,0,0,0,0,0,0,1,0,0,1,1,1,0,0,1,0,0,0,0,0,0,0,0,0,0,0,0,0,0,0,0,0,0,0,0,0,0,0,0,1,0,0,0,0,0,0,0,0,0,0,0,0,0,0,0,0,0,0,0,0,0,0,0,0,1,0,0,0,0,0,0,0,0,0,0,0,0,0,0,0,0,0,0,0,0,0,0,0,0,0,0,0,0,0,0,0,0,0,0,0,1,0,0,0,0,0,0,0,0,0,0,0,0,0,0,0
Au,none,14.0,-18.9,FBS,100.0,913.8369,20000,30,10,metal,rod,plasma,7.4,16.0,0.126944444,buffer,1.0,37,1,Neutral,0,1,1,0,1,0,0,1,1,1,0,1,0,0,0,0,0,1,0,1,0,0,1,0,1,0,1,0,0,0,0,0,0,1,0,0,1,0,1,0,1,0,1,1,0,0,0,0,0,0,0,0,0,0,0,0,1,0,0,0,1,0,0,0,0,0,0,0,1,0,0,1,1,1,0,0,1,0,0,0,0,0,0,0,0,0,0,0,0,0,0,0,0,0,0,0,0,0,0,0,0,1,0,0,0,0,0,0,0,0,0,0,0,0,0,0,0,0,0,0,0,0,0,0,0,0,1,0,0,0,0,0,0,0,0,0,0,0,0,0,0,0,0,0,0,0,0,0,0,0,0,0,0,0,0,0,0,0,0,0,0,0,1,0,0,0,0,0,0,0,0,0,0,0,0,0,0,0
Au,none,14.0,-18.9,FBS,100.0,913.8369,20000,30,10,metal,rod,plasma,7.4,16.0,0.126944444,buffer,1.0,55,1,Neutral,0,1,1,0,1,0,0,1,1,1,0,1,0,0,0,0,0,1,0,1,0,0,1,0,1,0,1,0,0,0,0,0,0,1,0,0,1,0,1,0,1,0,1,1,0,0,0,0,0,0,0,0,0,0,0,0,1,0,0,0,1,0,0,0,0,0,0,0,1,0,0,1,1,1,0,0,1,0,0,0,0,0,0,0,0,0,0,0,0,0,0,0,0,0,0,0,0,0,0,0,0,1,0,0,0,0,0,0,0,0,0,0,0,0,0,0,0,0,0,0,0,0,0,0,0,0,1,0,0,0,0,0,0,0,0,0,0,0,0,0,0,0,0,0,0,0,0,0,0,0,0,0,0,0,0,0,0,0,0,0,0,0,1,0,0,0,0,0,0,0,0,0,0,0,0,0,0,0
SWCNT,none,1.45,-13.5,RS,10.0,1000.0,14000,10,25,carbon,tube,PBS,7.4,1.45,0.126944444,water,8.0,4,1,Neutral,1,1,1,1,1,0,1,1,1,1,1,1,1,1,0,0,1,1,0,1,1,1,1,1,1,1,1,0,0,0,0,0,0,0,0,1,0,0,0,1,1,1,0,0,0,0,0,0,1,1,0,1,1,0,1,1,1,1,0,0,1,1,0,0,1,0,0,1,0,1,0,0,0,0,0,0,1,1,1,0,0,0,1,1,0,0,0,1,0,0,0,0,0,0,0,0,0,0,0,1,1,0,0,0,0,0,0,0,0,0,0,0,1,1,0,0,0,0,0,0,0,1,0,0,0,0,0,0,0,0,0,0,0,0,0,0,0,0,0,1,0,0,1,0,0,0,0,0,0,1,0,0,0,0,0,0,0,0,0,0,0,0,1,0,0,0,0,0,0,0,0,0,0,0,0,0,0,1
SWCNT,none,1.45,-13.5,RS,10.0,1000.0,14000,10,25,carbon,tube,PBS,7.4,1.45,0.126944444,water,8.0,4,1,Neutral,1,1,1,1,1,1,1,1,1,1,1,1,1,1,0,0,1,1,0,1,1,1,1,1,1,1,1,0,0,1,1,0,0,0,0,1,0,0,0,1,1,1,0,0,0,0,0,0,1,1,1,1,1,0,1,1,1,1,1,0,1,1,0,0,1,1,0,1,0,1,0,0,0,0,0,1,1,1,1,0,0,0,1,1,0,0,0,1,0,1,0,0,0,0,0,0,0,0,0,1,1,0,0,0,0,0,0,0,0,0,0,0,1,1,0,0,0,0,0,0,0,1,0,0,0,0,0,0,0,0,0,0,0,0,0,0,0,0,0,1,0,0,1,0,0,1,0,0,0,1,0,0,0,0,0,0,0,0,0,0,0,0,1,1,0,0,0,0,0,0,0,0,0,0,0,0,0,1
SWCNT,none,1.45,-13.5,RS,10.0,1000.0,14000,10,25,carbon,tube,PBS,7.4,1.45,0.126944444,water,8.0,4,1,Neutral,1,1,1,1,1,0,1,1,1,1,1,1,0,1,0,0,1,1,1,1,1,1,1,1,1,1,1,0,0,0,1,0,0,0,0,1,1,0,0,1,1,0,0,1,0,1,0,0,1,1,1,1,1,0,0,0,1,1,1,0,1,1,0,0,1,0,0,1,0,1,0,0,0,0,0,0,1,0,1,0,0,1,0,1,0,0,0,0,0,0,0,0,0,0,0,0,0,0,0,1,0,0,0,0,0,0,0,0,0,1,0,0,1,0,0,0,0,0,0,0,0,1,0,0,0,0,0,0,0,0,0,1,0,0,0,0,0,0,0,0,0,0,0,0,0,0,0,0,0,1,0,0,0,0,0,0,0,0,0,0,0,0,0,0,0,0,0,0,0,0,0,0,0,0,0,0,0,1
SWCNT,none,1.45,-13.5,RS,10.0,1000.0,14000,10,25,carbon,tube,PBS,7.4,1.45,0.126944444,water,8.0,4,1,Neutral,1,1,1,1,1,0,1,1,1,1,1,1,0,1,0,0,1,1,0,1,1,1,1,1,1,1,1,0,0,0,0,0,0,0,0,1,0,0,0,1,1,0,0,0,0,1,0,0,1,1,1,1,1,0,0,0,1,1,0,0,1,1,0,0,1,0,0,1,0,1,0,0,0,0,0,0,1,0,1,0,0,0,0,1,0,0,0,0,0,0,0,0,0,0,0,0,0,0,0,1,0,0,0,0,0,0,0,0,0,0,0,0,1,0,0,0,0,0,0,0,0,1,0,0,0,0,0,0,0,0,0,1,0,0,0,0,0,0,0,0,0,0,0,0,0,0,0,0,0,1,0,0,0,0,0,0,0,0,0,0,0,0,0,0,0,0,0,0,0,0,0,0,0,0,0,0,0,1
SWCNT,none,1.45,-13.5,RS,10.0,1000.0,14000,10,25,carbon,tube,PBS,7.4,1.45,0.126944444,water,8.0,4,1,Neutral,1,1,1,1,1,0,1,1,1,1,1,0,0,1,0,0,1,1,1,1,1,1,1,1,1,1,1,0,0,0,1,0,0,0,0,0,1,0,0,0,1,0,0,0,0,1,0,0,1,1,1,1,1,0,0,0,1,1,0,0,1,1,0,0,1,0,0,1,0,1,0,0,0,0,0,0,0,0,1,0,1,0,0,1,0,0,1,0,0,0,0,0,0,0,0,0,0,0,0,1,0,0,0,0,0,0,0,0,0,1,0,0,1,1,0,0,0,0,0,0,0,1,0,0,0,0,0,0,0,0,0,1,0,0,0,0,0,0,0,0,0,0,0,0,0,0,0,0,0,1,0,0,0,0,0,0,0,0,0,0,0,0,0,0,0,0,0,0,0,0,0,0,0,0,0,0,0,1
SWCNT,none,1.45,-13.5,RS,10.0,1000.0,14000,10,25,carbon,tube,PBS,7.4,1.45,0.126944444,water,8.0,4,1,Neutral,1,1,1,1,1,0,1,1,1,1,1,0,0,1,0,0,1,1,0,1,1,1,1,1,1,1,1,0,0,0,0,0,0,0,0,0,0,0,0,0,1,0,0,0,0,1,0,0,1,1,0,1,1,0,0,0,1,1,0,0,1,1,0,0,1,0,0,1,0,1,0,0,0,0,0,0,0,0,1,0,0,0,0,1,0,0,0,0,0,0,0,0,0,0,0,0,0,0,0,1,0,0,0,0,0,0,0,0,0,0,0,0,1,1,0,0,0,0,0,0,0,1,0,0,0,0,0,0,0,0,0,1,0,0,0,0,0,0,0,0,0,0,0,0,0,0,0,0,0,1,0,0,0,0,0,0,0,0,0,0,0,0,0,0,0,0,0,0,0,0,0,0,0,0,0,0,0,1
SWCNT,none,1.45,-13.5,RS,10.0,1000.0,14000,10,25,carbon,tube,PBS,7.4,1.45,0.126944444,water,8.0,4,1,Neutral,1,1,1,1,1,0,1,1,1,1,1,0,0,1,0,0,1,1,1,1,1,1,1,1,1,1,1,0,0,0,1,0,0,0,0,1,1,0,0,0,1,0,0,0,0,1,0,0,1,1,1,1,1,0,1,0,1,1,0,0,1,1,0,0,1,1,0,1,0,1,0,0,0,0,0,0,0,0,1,0,0,1,0,1,0,0,0,0,1,0,0,0,0,0,0,0,0,0,0,1,0,0,0,0,0,0,0,0,0,1,0,0,1,0,0,0,0,0,0,0,0,1,0,0,0,0,0,0,0,0,0,0,0,0,0,0,0,0,0,0,0,0,0,0,1,0,0,0,0,1,0,0,0,0,0,0,0,0,0,0,0,0,0,1,0,0,0,0,0,0,0,0,0,0,0,0,1,1
SWCNT,none,1.45,-13.5,RS,10.0,1000.0,14000,10,25,carbon,tube,PBS,7.4,1.45,0.126944444,water,8.0,4,1,Neutral,1,1,1,1,1,0,1,1,1,1,1,0,0,1,0,0,1,1,0,1,1,1,1,1,1,1,1,0,0,0,0,0,0,0,0,1,0,0,0,0,1,0,0,0,0,1,0,0,1,1,1,1,1,0,1,0,1,1,0,0,1,1,0,0,1,0,0,1,0,1,0,0,0,0,0,0,0,0,1,0,0,0,0,1,0,0,0,0,0,0,0,0,0,0,0,0,0,0,0,1,0,0,0,0,0,0,0,0,0,0,0,0,1,0,0,0,0,0,0,0,0,1,0,0,0,0,0,0,0,0,0,0,0,0,0,0,0,0,0,0,0,0,0,0,0,0,0,0,0,1,0,0,0,0,0,0,0,0,0,0,0,0,0,0,0,0,0,0,0,0,0,0,0,0,0,0,0,1
SWCNT,none,1.45,-13.5,RS,10.0,1000.0,14000,10,25,carbon,tube,PBS,7.4,1.45,0.126944444,water,8.0,4,1,Neutral,1,1,1,1,1,0,1,1,1,1,1,1,0,0,0,0,1,1,1,1,1,1,1,1,1,1,1,0,0,0,0,0,0,0,0,0,1,0,0,0,1,0,0,0,0,1,0,0,1,1,1,1,1,0,0,0,1,1,0,0,1,1,0,0,1,1,0,1,0,1,0,0,0,0,0,0,0,0,1,0,0,0,0,1,0,0,0,0,0,0,0,0,0,0,0,0,0,0,0,1,0,0,0,0,0,0,0,0,0,1,0,0,1,0,0,0,0,0,0,0,0,1,0,0,0,0,0,0,0,0,0,0,0,0,0,0,0,0,0,0,0,0,0,0,0,0,0,0,0,1,0,0,0,0,0,0,0,0,0,0,0,0,0,0,0,0,0,0,0,0,0,0,0,0,0,0,0,1
SWCNT,none,1.45,-13.5,RS,10.0,1000.0,14000,10,25,carbon,tube,PBS,7.4,1.45,0.126944444,water,8.0,4,1,Neutral,1,1,1,1,1,0,1,1,1,1,1,1,0,0,0,0,1,1,0,1,1,1,1,1,1,1,1,0,0,0,0,0,0,0,0,0,0,0,0,0,1,0,0,0,0,1,0,0,1,1,0,1,1,0,0,0,1,1,0,0,1,1,0,0,1,0,0,1,0,1,0,0,0,0,0,0,0,0,1,0,0,0,0,1,0,0,0,0,0,0,0,0,0,0,0,0,0,0,0,1,0,0,0,0,0,0,0,0,0,0,0,0,1,0,0,0,0,0,0,0,0,1,0,0,0,0,0,0,0,0,0,0,0,0,0,0,0,0,0,0,0,0,0,0,0,0,0,0,0,1,0,0,0,0,0,0,0,0,0,0,0,0,0,0,0,0,0,0,0,0,0,0,0,0,0,0,0,1
PS,none,73.0,-13.5,HS,77.0,10000.0,20000,60,4,other,sphere,water,7.0,73.0,0.126944444,buffer,1.0,37,1,Neutral,1,1,1,1,1,1,1,1,1,1,1,0,1,1,1,0,1,0,1,1,1,0,1,0,0,1,1,1,0,1,0,0,1,1,1,1,0,1,1,1,1,1,1,0,1,0,1,0,0,1,1,0,1,1,0,1,0,0,0,1,0,0,0,0,0,0,0,1,0,0,1,1,0,1,0,1,1,0,1,0,0,0,0,0,1,0,0,0,0,0,0,0,0,0,0,0,0,0,0,0,0,0,0,0,0,0,0,0,0,0,0,0,0,0,0,0,0,0,0,0,0,0,0,0,0,1,0,0,1,0,0,0,0,0,0,0,0,0,0,0,0,0,0,1,0,0,0,0,0,0,1,0,0,0,0,0,0,0,0,0,0,0,0,0,0,0,0,0,0,0,0,0,0,0,0,0,0,0
PS,none,73.0,-13.5,HS,77.0,10000.0,20000,60,4,other,sphere,water,7.0,73.0,0.126944444,buffer,1.0,37,1,Neutral,1,1,1,1,1,1,1,1,1,1,1,0,1,1,1,0,0,1,1,1,1,1,1,1,0,1,0,0,0,1,1,0,0,0,1,1,0,1,0,0,0,0,0,0,0,0,0,1,0,1,1,0,1,1,1,1,0,0,0,1,1,1,0,0,1,0,0,1,0,1,0,0,0,0,0,1,1,0,1,0,0,0,0,0,1,0,0,1,0,0,0,0,0,0,0,0,0,0,1,0,0,0,0,0,0,0,0,0,1,0,0,0,1,0,0,0,1,0,1,0,0,0,0,0,0,1,0,0,1,0,0,0,1,0,0,0,0,0,0,0,0,0,0,1,0,0,0,0,0,0,1,0,0,0,0,0,0,0,0,0,0,0,0,0,0,0,0,0,0,0,0,0,0,0,0,0,0,0
PS,none,73.0,-13.5,HS,77.0,10000.0,20000,60,4,other,sphere,water,7.0,73.0,0.126944444,buffer,1.0,37,1,Neutral,1,1,1,1,1,1,1,1,1,1,1,0,1,1,1,0,0,1,1,1,1,1,1,1,0,1,0,0,0,1,1,0,0,0,1,1,0,1,0,0,0,0,0,0,0,0,0,1,0,1,1,0,1,1,1,1,0,0,0,1,1,1,0,0,1,0,0,1,0,1,0,0,0,0,0,1,1,0,1,0,0,0,0,0,1,0,0,1,0,0,0,0,0,0,0,0,0,0,1,0,0,0,0,0,0,0,0,0,1,0,0,0,1,0,0,0,1,0,1,0,0,0,0,0,0,1,0,0,1,0,0,0,1,0,0,0,0,0,0,0,0,0,0,1,0,0,0,0,0,0,1,0,0,0,0,0,0,0,0,0,0,0,0,0,0,0,0,0,0,0,0,0,0,0,0,0,0,0
PS,none,73.0,-13.5,HS,77.0,10000.0,20000,60,4,other,sphere,water,7.0,73.0,0.126944444,buffer,1.0,37,1,Neutral,1,1,1,1,1,1,1,1,1,1,1,0,1,1,1,0,0,1,1,1,1,1,1,1,0,1,0,0,0,1,1,0,0,0,1,1,0,1,0,0,0,0,0,0,0,0,0,1,0,1,1,0,1,1,1,1,0,0,0,1,1,1,0,0,1,0,0,1,0,1,0,0,0,0,0,1,1,0,1,0,0,0,0,0,1,0,0,1,0,0,0,0,0,0,0,0,0,0,1,0,0,0,0,0,0,0,0,0,1,0,0,0,1,0,0,0,1,0,1,0,0,0,0,0,0,1,0,0,1,0,0,0,1,0,0,0,0,0,0,0,0,0,0,1,0,0,0,0,0,0,0,0,0,0,0,0,0,0,0,0,0,0,0,0,0,0,0,0,0,0,0,0,0,0,0,0,0,0
PS,COOH,70.0,-13.5,HS,77.0,10000.0,20000,60,4,other,sphere,water,7.0,70.0,0.126944444,buffer,1.0,37,1,Anionic,1,1,1,1,1,1,1,1,0,1,1,0,1,1,1,0,0,0,1,1,1,0,1,1,0,1,1,1,1,1,1,0,1,0,1,1,0,1,1,1,1,1,1,0,1,0,1,0,0,1,1,0,1,1,0,1,0,0,0,1,0,0,0,0,0,0,1,0,0,0,0,1,0,1,0,1,1,0,0,1,0,0,0,0,1,0,1,0,0,0,0,0,0,0,0,0,0,0,0,0,0,0,1,0,0,0,0,0,0,0,0,0,0,0,0,0,0,0,0,0,0,0,0,0,0,0,0,0,1,0,0,0,0,0,0,0,0,0,0,0,0,0,1,1,0,0,0,0,0,1,1,0,0,0,0,0,0,0,0,0,0,0,0,0,0,0,0,0,0,0,0,0,0,0,0,0,0,0
PS,COOH,70.0,-13.5,HS,77.0,10000.0,20000,60,4,other,sphere,water,7.0,70.0,0.126944444,buffer,1.0,37,1,Anionic,1,1,1,1,1,1,1,1,0,1,1,0,1,1,1,0,1,1,1,1,1,1,1,0,0,1,0,1,0,1,0,0,0,1,1,1,0,1,0,1,0,0,0,1,0,0,1,1,0,1,1,0,1,1,1,0,0,0,1,0,0,1,0,1,1,0,1,1,1,1,0,0,0,0,0,1,0,1,1,1,1,0,0,1,1,1,1,1,0,0,0,1,0,0,0,0,0,0,0,1,0,0,0,1,0,0,1,0,1,0,0,0,1,0,0,1,1,0,0,1,1,0,0,0,0,0,0,0,0,0,0,0,1,0,0,0,0,1,0,0,0,1,0,0,0,0,0,0,1,0,0,0,0,0,0,0,0,1,0,0,0,0,0,0,0,0,0,0,0,0,1,0,0,0,0,0,0,0
PS,NH2,74.0,-13.5,HS,77.0,10000.0,20000,60,4,other,sphere,water,7.0,74.0,0.126944444,buffer,1.0,37,1,Anionic,1,1,1,1,1,1,1,1,0,1,1,0,1,1,1,0,0,0,1,1,1,0,1,1,0,1,1,1,1,1,1,0,1,0,1,1,0,1,1,1,1,1,1,0,1,0,1,0,0,1,1,0,1,1,0,1,0,0,0,1,0,0,0,0,0,0,1,0,0,0,0,1,0,1,0,1,1,0,0,1,0,0,0,0,1,0,1,0,0,0,0,0,0,0,0,0,0,0,0,0,0,0,1,0,0,0,0,0,0,0,0,0,0,0,0,0,0,0,0,0,0,0,0,0,0,0,0,0,1,0,0,0,0,0,0,0,0,0,0,0,0,0,1,1,0,0,0,0,0,1,1,0,0,0,0,0,0,0,0,0,0,0,0,0,0,0,0,0,0,0,0,0,0,0,0,0,0,0
PS,NH2,74.0,-13.5,HS,77.0,10000.0,20000,60,4,other,sphere,water,7.0,74.0,0.126944444,buffer,1.0,37,1,Anionic,1,1,1,1,1,1,1,1,1,1,1,0,1,1,1,0,0,1,1,1,1,1,1,1,1,1,0,1,0,1,1,0,1,1,1,1,0,1,1,0,1,0,0,0,0,0,0,1,0,1,1,0,1,1,1,1,0,0,0,1,1,1,0,0,1,1,0,1,0,1,1,0,0,0,0,1,1,0,1,0,1,0,0,1,1,0,1,1,1,0,1,1,0,0,0,0,0,1,1,1,0,0,1,1,1,0,0,0,1,0,0,0,1,0,0,1,1,0,1,1,1,0,0,0,0,1,0,0,1,1,0,0,1,1,0,0,0,0,0,0,0,0,0,1,1,0,0,0,0,0,0,0,0,0,1,0,0,0,0,0,1,0,0,0,0,0,0,0,0,1,0,0,0,0,0,0,0,0
PS,none,73.0,-13.5,HS,77.0,10000.0,20000,60,4,other,sphere,water,7.0,73.0,0.126944444,buffer,1.0,37,1,Neutral,1,1,1,1,1,1,1,1,1,1,1,0,1,1,1,0,1,0,1,1,1,0,1,0,0,1,1,1,0,1,0,0,1,1,1,1,0,1,1,1,1,1,1,0,1,0,1,0,0,1,1,0,1,1,0,1,0,0,0,1,0,0,0,0,0,0,0,1,0,0,1,1,0,1,0,1,1,0,1,0,0,0,0,0,1,0,0,0,0,0,0,0,0,0,0,0,0,0,0,0,0,0,0,0,0,0,0,0,0,0,0,0,0,0,0,0,0,0,0,0,0,0,0,0,0,1,0,0,1,0,0,0,0,0,0,0,0,0,0,0,0,0,0,1,0,0,0,0,0,0,1,0,0,0,0,0,0,0,0,0,0,0,0,0,0,0,0,0,0,0,0,0,0,0,0,0,0,0
PS,none,73.0,-13.5,HS,77.0,10000.0,20000,60,4,other,sphere,water,7.0,73.0,0.126944444,buffer,1.0,37,1,Neutral,1,1,1,1,1,1,1,1,1,1,1,0,1,1,1,0,0,1,1,1,1,1,1,1,0,1,0,0,0,1,1,0,0,0,1,1,0,1,0,0,0,0,0,0,0,0,0,1,0,1,1,0,1,1,1,1,0,0,0,1,1,1,0,0,1,0,0,1,0,1,0,0,0,0,0,1,1,0,1,0,0,0,0,0,1,0,0,1,0,0,0,0,0,0,0,0,0,0,1,0,0,0,0,0,0,0,0,0,1,0,0,0,1,0,0,0,1,0,1,0,0,0,0,0,0,1,0,0,1,0,0,0,1,0,0,0,0,0,0,0,0,0,0,1,0,0,0,0,0,0,1,0,0,0,0,0,0,0,0,0,0,0,0,0,0,0,0,0,0,0,0,0,0,0,0,0,0,0
PS,none,73.0,-13.5,HS,77.0,10000.0,20000,60,4,other,sphere,water,7.0,73.0,0.126944444,buffer,1.0,37,1,Neutral,1,1,1,1,1,1,1,1,1,1,1,0,1,1,1,0,0,1,1,1,1,1,1,1,0,1,0,0,0,1,1,0,0,0,1,1,0,1,0,0,0,0,0,0,0,0,0,1,0,1,1,0,1,1,1,1,0,0,0,1,1,1,0,0,1,0,0,1,0,1,0,0,0,0,0,1,1,0,1,0,0,0,0,0,1,0,0,1,0,0,0,0,0,0,0,0,0,0,1,0,0,0,0,0,0,0,0,0,1,0,0,0,1,0,0,0,1,0,1,0,0,0,0,0,0,1,0,0,1,0,0,0,1,0,0,0,0,0,0,0,0,0,0,1,0,0,0,0,0,0,1,0,0,0,0,0,0,0,0,0,0,0,0,0,0,0,0,0,0,0,0,0,0,0,0,0,0,0
PS,none,73.0,-13.5,HS,77.0,10000.0,20000,60,4,other,sphere,water,7.0,73.0,0.126944444,buffer,1.0,37,1,Neutral,1,1,1,1,1,1,1,1,1,1,1,0,1,1,1,0,0,1,1,1,1,1,1,1,0,1,0,0,0,1,1,0,0,0,1,1,0,1,0,0,0,0,0,0,0,0,0,1,0,1,1,0,1,1,1,1,0,0,0,1,1,1,0,0,1,0,0,1,0,1,0,0,0,0,0,1,1,0,1,0,0,0,0,0,1,0,0,1,0,0,0,0,0,0,0,0,0,0,1,0,0,0,0,0,0,0,0,0,1,0,0,0,1,0,0,0,1,0,1,0,0,0,0,0,0,1,0,0,1,0,0,0,1,0,0,0,0,0,0,0,0,0,0,1,0,0,0,0,0,0,0,0,0,0,0,0,0,0,0,0,0,0,0,0,0,0,0,0,0,0,0,0,0,0,0,0,0,0
PS,COOH,70.0,-13.5,HS,77.0,10000.0,20000,60,4,other,sphere,water,7.0,70.0,0.126944444,buffer,1.0,37,1,Anionic,1,1,1,1,1,1,1,1,0,1,1,0,1,1,1,0,0,0,1,1,1,0,1,1,0,1,1,1,1,1,1,0,1,0,1,1,0,1,1,1,1,1,1,0,1,0,1,0,0,1,1,0,1,1,0,1,0,0,0,1,0,0,0,0,0,0,1,0,0,0,0,1,0,1,0,1,1,0,0,1,0,0,0,0,1,0,1,0,0,0,0,0,0,0,0,0,0,0,0,0,0,0,1,0,0,0,0,0,0,0,0,0,0,0,0,0,0,0,0,0,0,0,0,0,0,0,0,0,1,0,0,0,0,0,0,0,0,0,0,0,0,0,1,1,0,0,0,0,0,1,1,0,0,0,0,0,0,0,0,0,0,0,0,0,0,0,0,0,0,0,0,0,0,0,0,0,0,0
PS,COOH,70.0,-13.5,HS,77.0,10000.0,20000,60,4,other,sphere,water,7.0,70.0,0.126944444,buffer,1.0,37,1,Anionic,1,1,1,1,1,1,1,1,0,1,1,0,1,1,1,0,1,1,1,1,1,1,1,0,0,1,0,1,0,1,0,0,0,1,1,1,0,1,0,1,0,0,0,1,0,0,1,1,0,1,1,0,1,1,1,0,0,0,1,0,0,1,0,1,1,0,1,1,1,1,0,0,0,0,0,1,0,1,1,1,1,0,0,1,1,1,1,1,0,0,0,1,0,0,0,0,0,0,0,1,0,0,0,1,0,0,1,0,1,0,0,0,1,0,0,1,1,0,0,1,1,0,0,0,0,0,0,0,0,0,0,0,1,0,0,0,0,1,0,0,0,1,0,0,0,0,0,0,1,0,0,0,0,0,0,0,0,1,0,0,0,0,0,0,0,0,0,0,0,0,1,0,0,0,0,0,0,0
PS,NH2,74.0,-13.5,HS,77.0,10000.0,20000,60,4,other,sphere,water,7.0,74.0,0.126944444,buffer,1.0,37,1,Anionic,1,1,1,1,1,1,1,1,0,1,1,0,1,1,1,0,0,0,1,1,1,0,1,1,0,1,1,1,1,1,1,0,1,0,1,1,0,1,1,1,1,1,1,0,1,0,1,0,0,1,1,0,1,1,0,1,0,0,0,1,0,0,0,0,0,0,1,0,0,0,0,1,0,1,0,1,1,0,0,1,0,0,0,0,1,0,1,0,0,0,0,0,0,0,0,0,0,0,0,0,0,0,1,0,0,0,0,0,0,0,0,0,0,0,0,0,0,0,0,0,0,0,0,0,0,0,0,0,1,0,0,0,0,0,0,0,0,0,0,0,0,0,1,1,0,0,0,0,0,1,1,0,0,0,0,0,0,0,0,0,0,0,0,0,0,0,0,0,0,0,0,0,0,0,0,0,0,0
PS,NH2,74.0,-13.5,HS,77.0,10000.0,20000,60,4,other,sphere,water,7.0,74.0,0.126944444,buffer,1.0,37,1,Anionic,1,1,1,1,1,1,1,1,1,1,1,0,1,1,1,0,0,1,1,1,1,1,1,1,1,1,0,1,0,1,1,0,1,1,1,1,0,1,1,0,1,0,0,0,0,0,0,1,0,1,1,0,1,1,1,1,0,0,0,1,1,1,0,0,1,1,0,1,0,1,1,0,0,0,0,1,1,0,1,0,1,0,0,1,1,0,1,1,1,0,1,1,0,0,0,0,0,1,1,1,0,0,1,1,1,0,0,0,1,0,0,0,1,0,0,1,1,0,1,1,1,0,0,0,0,1,0,0,1,1,0,0,1,1,0,0,0,0,0,0,0,0,0,1,1,0,0,0,0,0,0,0,0,0,1,0,0,0,0,0,1,0,0,0,0,0,0,0,0,1,0,0,0,0,0,0,0,0
zeolite,EMT,10.0,-44.0,HP,10.0,40000.0,24000,30,25,other,sphere,water,7.0,10.0,0.126944444,buffer,1.0,37,1,Neutral,1,1,1,0,1,1,1,1,1,0,0,0,1,1,0,0,1,1,1,0,1,0,1,1,1,1,0,0,1,0,0,0,1,1,1,0,1,0,0,1,0,1,1,0,1,0,1,0,1,0,1,0,0,0,1,0,1,0,0,0,1,1,1,0,1,0,0,0,0,0,0,0,0,0,0,0,0,0,0,0,0,0,0,0,1,0,0,0,1,0,1,0,1,0,0,0,0,1,0,1,0,0,1,0,1,0,1,0,0,0,0,1,0,0,0,0,0,0,0,0,0,0,0,0,0,0,0,1,0,0,0,0,0,0,0,0,0,0,0,0,0,0,0,0,0,0,0,0,0,0,0,0,0,0,0,0,0,0,0,0,0,1,0,0,0,0,0,0,0,0,0,0,0,0,0,0,0,0
zeolite,EMT,10.0,-44.0,HP,10.0,40000.0,24000,30,25,other,sphere,water,7.0,10.0,0.126944444,buffer,1.0,37,1,Neutral,0,1,1,1,1,1,1,1,0,0,0,1,1,1,0,0,1,0,1,0,0,0,0,1,1,1,0,0,1,0,0,0,1,1,0,1,1,0,0,1,0,1,1,0,1,0,1,0,1,0,1,0,0,0,0,0,1,0,0,0,1,1,0,0,0,0,0,0,0,0,0,0,0,0,0,0,0,0,0,0,0,0,0,0,1,0,0,0,1,0,1,0,1,0,0,0,0,0,0,0,0,0,0,0,0,0,1,0,0,0,0,1,0,0,0,1,0,0,1,0,0,0,0,0,0,0,0,1,0,0,0,0,0,0,0,0,0,0,0,0,0,0,0,0,0,0,0,0,0,0,0,0,0,0,0,0,0,0,0,0,0,1,0,0,0,0,0,0,0,0,0,0,0,0,0,0,0,0
zeolite,EMT,10.0,-44.0,HP,10.0,80000.0,24000,30,25,other,sphere,water,7.0,10.0,0.126944444,buffer,1.0,37,1,Neutral,1,1,1,0,1,1,1,1,1,0,0,0,1,1,0,0,1,1,1,0,1,0,1,1,1,1,0,0,1,0,0,0,1,1,1,0,1,0,0,1,0,1,1,0,1,0,1,0,1,0,1,0,0,0,1,0,1,0,0,0,1,1,1,0,1,0,0,0,0,0,0,0,0,0,0,0,0,0,0,0,0,0,0,0,1,0,0,0,1,0,1,0,1,0,0,0,0,1,0,1,0,0,1,0,1,0,1,0,0,0,0,1,0,0,0,0,0,0,0,0,0,0,0,0,0,0,0,1,0,0,0,0,0,0,0,0,0,0,0,0,0,0,0,0,0,0,0,0,0,0,0,0,0,0,0,0,0,0,0,0,0,1,0,0,0,0,0,0,0,0,0,0,0,0,0,0,0,0
zeolite,EMT,10.0,-44.0,HP,10.0,80000.0,24000,30,25,other,sphere,water,7.0,10.0,0.126944444,buffer,1.0,37,1,Neutral,1,1,1,1,1,1,0,1,0,0,0,1,1,1,0,1,1,1,1,1,1,1,1,1,1,1,0,1,1,0,0,1,1,1,1,1,1,1,0,1,0,1,1,0,0,0,1,1,1,1,0,0,0,1,0,0,1,0,0,1,0,1,1,0,1,0,1,0,0,0,0,0,0,0,0,0,0,0,0,0,0,0,1,0,1,0,0,0,1,0,1,0,1,0,0,0,0,0,0,0,0,0,0,0,1,0,0,0,0,0,1,1,0,0,0,1,1,0,0,0,0,0,0,1,0,0,0,1,0,0,0,0,0,0,1,0,0,0,0,0,0,0,0,1,0,0,0,0,0,0,0,0,0,0,0,0,0,0,0,0,0,0,0,0,0,0,0,0,0,0,0,0,0,0,0,0,0,0
zeolite,EMT,10.0,-44.0,HP,10.0,120000.0,24000,30,25,other,sphere,water,7.0,10.0,0.126944444,buffer,1.0,37,1,Neutral,1,1,1,0,1,1,1,1,1,0,0,0,1,1,0,0,1,1,1,1,1,0,1,1,1,1,0,0,1,0,0,0,1,1,1,1,1,1,0,1,1,1,1,0,1,0,0,1,1,0,1,0,0,0,1,0,1,0,0,0,0,0,0,0,1,0,1,0,0,0,0,0,0,0,0,0,0,0,0,1,0,0,0,0,1,0,0,0,1,0,1,0,0,0,0,0,0,0,0,0,0,0,1,0,1,0,1,0,0,0,0,1,0,0,0,1,0,0,0,0,0,0,0,0,0,1,0,1,0,0,0,0,0,0,0,0,0,0,0,0,0,0,0,0,0,0,0,0,0,0,0,0,0,0,0,0,0,0,0,0,0,0,0,0,0,0,0,0,0,0,0,0,0,0,0,0,0,0
zeolite,EMT,10.0,-44.0,HP,10.0,120000.0,24000,30,25,other,sphere,water,7.0,10.0,0.126944444,buffer,1.0,37,1,Neutral,0,1,1,1,1,1,0,1,0,0,0,1,1,1,0,0,1,1,1,0,1,0,1,1,1,1,0,0,1,0,0,0,1,1,0,0,1,1,0,1,0,1,1,0,1,0,0,0,1,1,1,0,0,0,0,0,1,0,0,0,0,0,0,0,1,0,0,0,1,0,0,0,0,0,0,0,0,0,0,0,0,0,1,0,1,0,0,0,1,1,0,0,0,0,0,0,0,0,0,1,0,0,0,0,0,0,0,0,0,0,0,1,0,0,0,1,0,0,0,0,0,0,0,0,0,1,0,1,0,0,0,0,0,0,0,0,0,0,0,0,0,0,0,0,0,0,0,0,0,0,0,0,0,0,0,0,0,0,0,0,0,1,0,0,0,0,0,0,0,0,0,0,0,0,0,0,0,0
zeolite,EMT,10.0,-44.0,HP,100.0,40000.0,24000,30,25,other,sphere,water,7.0,10.0,0.126944444,buffer,1.0,37,1,Neutral,0,1,1,0,1,1,0,0,0,0,0,1,0,0,0,0,1,1,1,1,1,0,0,0,1,1,0,0,0,0,0,0,0,0,0,0,1,0,0,0,0,0,1,0,0,0,0,0,1,0,0,0,0,0,0,0,0,0,0,0,0,1,0,0,0,0,1,0,0,0,0,0,0,0,0,0,0,0,0,0,0,0,0,0,0,0,0,0,0,0,0,0,0,0,0,0,0,0,0,0,0,0,0,0,0,0,0,0,0,0,0,0,0,0,0,0,0,0,0,0,0,0,0,0,0,0,0,0,0,0,0,0,0,0,0,0,0,0,0,0,0,0,0,1,0,0,0,0,0,0,0,0,0,0,0,0,0,0,0,0,0,0,0,0,0,0,0,0,0,0,0,0,0,0,0,0,0,0
zeolite,EMT,10.0,-44.0,HP,100.0,40000.0,24000,30,25,other,sphere,water,7.0,10.0,0.126944444,buffer,1.0,37,1,Neutral,0,1,1,0,1,1,0,0,0,0,0,1,0,0,0,0,0,1,1,1,1,0,0,1,1,0,0,0,0,0,0,0,0,1,0,1,1,0,0,0,0,0,1,0,0,0,0,0,1,0,0,0,0,0,0,0,0,0,0,0,0,1,0,0,1,0,0,0,0,0,0,0,0,0,0,0,0,0,0,0,0,0,0,0,0,0,0,0,0,0,0,0,0,0,0,0,0,0,0,0,0,0,0,0,0,0,0,0,0,0,0,0,0,0,0,0,0,0,0,0,0,0,0,0,0,0,0,0,0,0,0,0,0,0,0,0,0,0,0,0,0,0,0,0,0,0,0,0,0,0,0,0,0,0,0,0,0,0,0,0,0,0,0,0,0,0,0,0,0,0,0,0,0,0,0,0,0,0
zeolite,EMT,10.0,-44.0,HP,100.0,80000.0,24000,30,25,other,sphere,water,7.0,10.0,0.126944444,buffer,1.0,37,1,Neutral,0,1,1,0,1,0,0,1,0,0,0,1,1,0,0,0,0,1,1,1,0,0,0,1,1,0,0,0,0,0,0,0,1,1,0,0,1,0,0,1,0,0,1,0,0,0,1,0,1,0,0,0,0,0,0,0,0,0,0,0,0,0,0,0,1,0,0,0,0,0,0,0,0,0,0,0,0,0,0,0,0,0,0,0,0,0,0,0,0,0,0,0,0,0,0,0,0,0,0,0,0,0,0,0,0,0,0,0,0,0,0,0,0,0,0,0,0,0,0,0,0,0,0,0,0,0,0,0,0,0,0,0,0,0,0,0,0,0,0,0,0,0,0,0,0,0,0,0,0,0,0,0,0,0,0,0,0,0,0,0,0,0,0,0,0,0,0,0,0,0,0,0,0,0,0,0,0,0
zeolite,EMT,10.0,-44.0,HP,100.0,80000.0,24000,30,25,other,sphere,water,7.0,10.0,0.126944444,buffer,1.0,37,1,Neutral,0,1,1,1,1,1,0,0,0,0,0,1,0,0,0,0,0,0,1,0,0,0,0,0,1,0,1,0,0,0,0,0,0,0,0,1,1,0,0,0,0,0,1,0,0,0,0,0,1,0,0,0,0,0,0,0,0,0,0,0,0,1,0,0,0,0,1,0,0,0,0,0,0,0,0,0,0,0,0,0,0,0,0,0,0,0,0,0,0,0,0,0,0,0,0,0,0,0,0,0,0,0,0,0,0,0,0,0,0,0,0,0,0,0,0,0,0,0,0,0,0,0,0,0,0,0,0,0,0,0,0,0,0,0,0,1,0,0,0,0,0,0,0,1,0,0,0,0,0,0,0,0,0,0,0,0,0,0,0,0,0,0,0,0,0,0,0,0,0,0,0,0,0,0,0,0,0,0
zeolite,EMT,10.0,-44.0,HP,100.0,120000.0,24000,30,25,other,sphere,water,7.0,10.0,0.126944444,buffer,1.0,37,1,Neutral,0,1,1,0,1,1,0,0,0,0,0,0,0,0,0,0,0,1,1,1,0,0,0,0,1,0,0,0,0,0,0,0,1,0,0,0,1,0,0,0,0,1,1,0,0,0,0,0,1,0,0,0,0,0,0,0,0,0,0,0,0,1,0,0,0,0,0,0,0,0,0,0,0,0,0,0,0,0,0,0,0,0,0,0,0,0,0,0,0,0,0,0,0,0,0,0,0,0,0,0,0,0,0,0,0,0,0,0,0,0,0,0,0,0,0,0,0,0,0,0,0,0,0,0,0,0,0,0,0,0,0,0,0,0,0,0,0,0,0,0,0,0,0,0,0,0,0,0,0,0,0,0,0,0,0,0,0,0,0,0,0,0,0,0,0,0,0,0,0,0,0,0,0,0,0,0,0,0
zeolite,EMT,10.0,-44.0,HP,100.0,120000.0,24000,30,25,other,sphere,water,7.0,10.0,0.126944444,buffer,1.0,37,1,Neutral,0,1,1,0,1,1,0,0,0,0,0,1,1,0,0,0,0,1,1,1,0,0,0,0,1,0,0,0,0,0,0,0,1,0,0,1,1,0,0,0,0,0,1,0,0,0,0,1,1,0,0,0,0,0,0,0,0,0,0,0,0,0,0,0,0,0,0,0,0,0,0,0,0,0,0,0,0,0,0,0,0,0,0,0,0,0,0,0,0,0,0,0,0,0,0,0,0,0,0,0,0,0,0,0,0,0,0,0,0,0,0,1,0,0,0,0,0,0,0,0,0,0,0,0,0,0,0,0,0,0,0,0,0,0,0,0,0,0,0,0,0,0,0,0,0,0,0,0,0,0,0,0,0,0,0,0,0,0,0,0,0,0,0,0,0,0,0,0,0,0,0,0,0,0,0,0,0,0
zeolite,FAU,10.0,-50.0,HP,10.0,40000.0,24000,30,25,other,sphere,water,7.0,10.0,0.126944444,buffer,1.0,37,1,Neutral,0,1,1,1,1,1,0,1,0,0,0,1,1,1,0,1,1,1,1,1,0,1,0,1,1,1,0,0,1,0,0,1,1,1,1,1,1,0,0,1,0,1,1,0,1,0,0,1,1,0,0,0,0,1,0,1,1,0,0,0,0,0,0,0,1,0,1,0,0,1,0,0,0,0,0,0,0,0,0,0,0,0,0,0,0,0,0,0,0,0,0,0,0,0,0,0,0,0,0,0,0,0,0,0,0,0,0,0,1,0,0,1,0,0,0,0,1,0,0,0,0,0,0,0,0,1,0,1,0,0,0,0,0,0,1,0,0,0,0,0,0,0,0,0,0,0,0,0,0,0,0,0,0,0,0,0,0,0,0,0,0,0,0,0,0,0,0,0,0,0,0,0,0,0,0,0,0,0
zeolite,FAU,10.0,-50.0,HP,10.0,40000.0,24000,30,25,other,sphere,water,7.0,10.0,0.126944444,buffer,1.0,37,1,Neutral,1,1,1,0,1,1,1,0,0,0,0,1,1,1,0,0,1,1,1,0,0,0,0,1,1,1,0,0,1,0,0,0,1,1,0,0,1,0,0,1,0,1,1,0,1,0,1,1,1,0,1,0,0,0,1,0,1,0,0,0,0,0,0,0,1,0,1,0,0,0,0,0,0,0,0,0,0,0,0,0,0,0,1,0,0,0,0,0,1,0,0,0,0,0,0,0,0,0,0,0,0,0,0,0,1,0,0,0,0,0,0,1,0,0,0,0,0,0,0,0,0,0,0,0,0,1,0,1,0,0,0,0,0,0,0,0,0,0,0,0,0,0,0,1,0,0,0,0,0,0,0,0,0,0,0,0,0,0,0,0,0,0,0,0,0,0,0,0,0,0,0,0,0,0,0,0,0,0
zeolite,FAU,10.0,-50.0,HP,10.0,80000.0,24000,30,25,other,sphere,water,7.0,10.0,0.126944444,buffer,1.0,37,1,Neutral,0,1,1,0,1,1,0,0,0,0,0,0,1,1,0,0,0,0,1,0,0,0,0,1,1,1,0,1,0,0,0,0,0,1,0,0,1,0,0,1,0,0,1,0,1,0,0,1,1,0,0,0,0,0,0,0,1,1,0,0,0,0,0,0,0,0,0,0,0,0,0,0,0,0,0,0,0,0,0,0,0,0,0,0,0,0,0,0,1,0,1,0,0,0,0,0,0,0,0,0,0,0,0,0,0,0,0,0,0,0,0,0,0,0,0,0,0,1,0,0,0,0,0,0,0,1,0,1,0,0,0,0,0,0,1,0,0,0,0,0,0,0,0,0,0,0,0,0,0,0,0,0,0,0,0,0,0,0,0,0,0,0,0,0,0,0,0,0,0,0,0,0,0,0,0,0,0,0
zeolite,FAU,10.0,-50.0,HP,10.0,80000.0,24000,30,25,other,sphere,water,7.0,10.0,0.126944444,buffer,1.0,37,1,Neutral,0,1,1,1,1,1,0,0,0,0,0,0,1,1,0,0,1,0,1,0,0,0,0,1,1,0,0,0,0,0,0,0,0,1,0,0,1,0,0,1,0,1,1,0,1,0,0,0,1,0,0,0,0,0,0,0,0,0,0,0,0,0,0,0,0,0,0,0,0,0,0,0,0,0,0,0,0,0,0,0,0,0,0,0,0,0,0,0,0,0,1,0,0,0,0,0,0,0,0,0,0,0,0,0,0,0,0,0,0,0,0,1,0,0,0,0,0,0,0,0,0,0,0,0,0,0,0,1,0,0,0,0,0,0,0,0,0,0,0,0,0,0,0,0,0,0,0,0,0,0,0,0,0,0,0,0,0,0,0,0,0,0,0,0,0,0,0,0,0,0,0,0,0,0,0,0,0,0
zeolite,FAU,10.0,-50.0,HP,10.0,120000.0,24000,30,25,other,sphere,water,7.0,10.0,0.126944444,buffer,1.0,37,1,Neutral,1,1,1,1,1,1,1,0,0,0,0,1,1,1,0,1,1,0,1,0,0,0,0,1,1,1,0,0,1,0,0,0,1,1,1,1,1,0,0,1,0,0,1,0,1,0,1,1,1,1,0,0,0,0,0,0,1,0,0,0,0,0,0,0,1,0,0,0,0,1,0,0,0,0,0,0,0,0,0,0,0,0,0,0,0,0,0,0,0,0,0,0,0,0,0,0,0,0,0,0,0,0,0,0,1,0,0,0,1,0,0,1,0,1,0,1,1,0,0,0,0,0,0,0,0,0,0,1,0,0,0,0,0,0,0,0,0,0,0,0,0,0,0,0,0,0,0,0,0,0,0,0,0,0,0,0,0,0,0,0,0,0,0,0,0,0,0,0,0,0,0,0,0,0,0,0,0,0
zeolite,FAU,10.0,-50.0,HP,10.0,120000.0,24000,30,25,other,sphere,water,7.0,10.0,0.126944444,buffer,1.0,37,1,Neutral,0,1,1,1,1,1,0,1,0,0,0,1,1,1,0,0,1,1,1,0,0,1,0,1,1,1,0,0,0,0,0,0,1,1,0,0,1,0,0,1,0,1,1,0,1,0,1,0,1,0,0,0,0,0,0,0,1,0,0,0,0,0,0,0,0,0,0,0,0,0,0,0,0,0,0,0,0,0,0,0,0,0,0,0,1,0,0,0,1,0,0,0,0,0,0,0,0,0,0,0,0,0,0,0,0,0,0,0,0,0,0,1,0,0,0,0,0,0,0,0,0,0,0,0,0,0,0,1,0,0,0,0,0,0,0,0,0,0,0,0,0,0,0,0,0,0,0,0,0,0,0,0,0,0,0,0,0,0,0,0,0,0,0,0,0,0,0,0,0,0,0,0,0,0,0,0,0,0
zeolite,FAU,10.0,-50.0,HP,100.0,40000.0,24000,30,25,other,sphere,water,7.0,10.0,0.126944444,buffer,1.0,37,1,Neutral,0,1,1,1,1,1,0,0,0,0,0,1,1,0,0,0,0,1,1,0,0,0,0,0,1,1,1,0,0,0,0,0,1,0,0,1,1,0,0,0,0,1,1,0,1,0,0,0,1,0,0,0,0,0,0,1,1,0,0,0,0,0,0,0,1,0,1,0,0,1,0,0,1,0,0,0,0,0,0,0,0,0,1,0,0,0,0,0,0,0,1,0,0,0,0,0,0,0,0,0,0,0,0,0,0,0,0,0,0,0,0,1,0,0,0,0,1,0,0,0,0,0,0,0,0,0,0,0,0,0,0,0,0,0,0,0,0,0,0,0,0,0,0,1,0,0,0,0,0,0,0,0,0,0,0,0,0,0,0,0,0,0,0,0,0,0,0,0,0,0,0,0,0,0,0,0,0,0
zeolite,FAU,10.0,-50.0,HP,100.0,40000.0,24000,30,25,other,sphere,water,7.0,10.0,0.126944444,buffer,1.0,37,1,Neutral,0,1,1,0,1,1,0,0,0,0,0,1,0,0,0,0,0,1,1,0,0,1,0,0,1,0,0,0,0,0,0,0,1,0,0,1,1,0,0,1,0,0,1,0,1,0,0,0,1,0,0,0,0,0,0,0,0,0,0,0,0,0,0,0,0,0,0,0,0,0,0,0,0,0,0,0,0,0,0,0,0,0,1,0,0,0,0,0,0,0,1,0,0,0,0,0,0,0,0,0,0,0,0,0,0,0,0,0,0,0,0,0,0,0,0,0,0,0,0,0,0,0,0,0,0,0,0,0,0,0,0,0,0,0,0,1,0,0,0,0,0,0,0,0,0,0,0,0,0,0,0,0,0,0,0,0,0,0,0,0,0,0,0,0,0,0,0,0,0,0,0,0,0,0,0,0,0,0
zeolite,FAU,10.0,-50.0,HP,100.0,80000.0,24000,30,25,other,sphere,water,7.0,10.0,0.126944444,buffer,1.0,37,1,Neutral,0,1,1,1,1,1,0,0,0,0,0,1,1,0,0,0,0,1,1,0,0,0,1,1,1,1,1,0,0,0,0,0,0,1,0,1,1,0,0,0,0,1,1,0,1,0,1,1,1,1,0,0,0,0,0,1,1,0,0,0,0,0,0,0,0,0,1,0,0,0,0,0,1,0,0,0,0,0,0,0,0,0,1,0,0,0,0,0,0,0,0,0,0,0,0,0,0,0,0,0,0,0,0,0,0,0,0,0,0,0,0,1,0,0,0,1,0,0,0,0,0,0,0,0,0,0,0,0,0,0,0,0,0,0,0,0,0,0,0,0,0,0,0,0,0,0,0,0,0,0,0,0,0,0,0,0,0,0,0,0,0,0,0,0,0,0,0,0,0,0,0,0,0,0,0,0,0,0
zeolite,FAU,10.0,-50.0,HP,100.0,80000.0,24000,30,25,other,sphere,water,7.0,10.0,0.126944444,buffer,1.0,37,1,Neutral,0,1,1,0,1,1,0,0,0,0,0,0,0,0,0,0,0,1,1,0,0,0,0,1,1,0,0,0,0,0,0,0,0,1,0,1,1,0,0,0,0,1,1,0,1,0,1,1,1,0,0,0,0,0,0,0,0,0,0,0,0,1,0,0,1,0,0,0,0,0,0,0,0,0,0,0,0,0,0,0,0,0,1,0,1,0,0,0,0,0,0,0,0,0,0,0,0,0,0,0,0,0,0,0,0,0,0,0,0,0,0,1,0,0,0,0,0,0,0,0,0,0,0,1,0,0,0,0,0,0,0,0,0,0,0,0,0,0,0,0,0,0,0,0,0,0,0,0,0,0,0,0,0,0,0,0,0,0,0,0,0,0,0,0,0,0,0,0,0,0,0,0,0,0,0,0,0,0
zeolite,FAU,10.0,-50.0,HP,100.0,120000.0,24000,30,25,other,sphere,water,7.0,10.0,0.126944444,buffer,1.0,37,1,Neutral,0,1,1,1,1,1,0,0,0,1,0,1,0,0,0,0,1,1,1,0,0,0,0,1,1,1,1,0,0,0,0,0,0,1,0,1,1,0,0,1,0,1,1,0,1,0,0,0,1,0,0,0,0,0,0,1,1,0,0,0,0,1,0,0,0,0,0,0,0,0,0,0,1,0,0,0,0,0,0,0,0,0,1,0,0,0,0,0,0,0,0,0,0,0,0,0,0,0,0,0,0,0,0,0,0,0,0,0,0,0,0,1,0,0,0,0,1,0,0,0,0,0,0,0,0,0,0,0,0,0,0,0,0,0,0,0,0,0,0,0,0,0,0,1,0,0,0,0,0,0,0,0,0,0,0,0,0,0,0,0,0,0,0,0,0,0,0,0,0,0,0,0,0,0,0,0,0,0
zeolite,FAU,10.0,-50.0,HP,100.0,120000.0,24000,30,25,other,sphere,water,7.0,10.0,0.126944444,buffer,1.0,37,1,Neutral,0,1,1,0,1,1,0,0,0,0,0,1,0,0,0,0,0,1,1,0,0,1,0,1,1,0,0,0,0,0,0,0,1,1,0,0,1,0,0,1,0,0,1,0,1,0,1,0,1,0,0,0,0,0,0,0,0,0,0,0,0,0,0,0,0,0,0,0,0,0,0,0,0,0,0,0,0,0,0,0,0,0,0,0,0,0,0,0,0,0,1,0,0,0,0,0,0,0,0,0,0,0,0,0,0,0,0,0,0,0,0,0,0,0,0,0,0,0,0,0,0,0,0,0,0,0,0,0,0,0,0,0,0,0,0,0,0,0,0,0,0,0,0,1,0,0,0,0,0,0,0,0,0,0,0,0,0,0,0,0,0,0,0,0,0,0,0,0,0,0,0,0,0,0,0,0,0,0
Au,none,71.4,-18.88,RP,100.0,500.0,3000,20,4,metal,star,plasma,7.4,93.36,0.388,water,0.166666667,37,2,Neutral,0,1,1,1,1,0,0,0,0,0,1,0,0,0,1,0,0,0,0,0,0,0,0,0,1,0,0,0,0,0,0,0,0,0,0,0,1,0,0,0,0,0,0,0,0,0,0,0,1,0,0,0,0,0,0,0,0,0,0,0,0,0,0,0,0,0,0,0,0,0,0,0,0,1,0,0,0,0,0,0,0,0,0,0,0,0,0,0,0,0,0,0,0,0,0,0,0,0,0,0,0,0,0,0,0,0,0,0,0,0,0,0,0,0,0,0,0,0,0,0,0,0,0,0,0,0,0,0,0,0,0,0,0,0,0,0,0,0,0,0,0,0,0,1,0,0,0,0,0,0,0,0,0,0,0,0,0,0,0,0,0,0,0,0,0,0,0,0,0,0,0,0,0,0,0,0,0,0
Au,none,14.5,-20.32,RP,100.0,500.0,3000,20,4,metal,rod,plasma,7.4,75.67,0.388,water,0.166666667,37,2,Neutral,0,1,1,1,1,0,0,0,0,0,1,0,0,0,1,0,0,0,0,0,0,0,0,0,1,0,0,0,0,0,1,0,0,0,0,0,1,0,0,0,0,0,0,0,0,0,0,0,1,0,0,0,0,0,0,0,0,0,0,0,0,0,0,0,0,0,0,0,0,0,0,0,0,1,0,0,0,0,0,0,0,0,0,0,0,0,0,0,0,0,0,0,0,0,0,0,0,0,0,0,0,0,0,0,0,0,0,0,0,0,0,0,0,0,0,0,0,0,0,0,0,0,0,0,0,0,0,0,0,0,0,0,0,0,0,0,0,0,0,0,0,0,0,1,0,0,0,0,0,0,0,0,0,0,0,0,0,0,0,0,0,0,0,0,0,0,0,0,0,0,0,0,0,0,0,0,0,0
Au,none,11.2,-28.57,RP,100.0,500.0,3000,20,4,metal,rod,water,7.0,21.25,0.786,water,0.166666667,37,2,Neutral,0,1,1,1,1,0,0,0,0,0,0,0,0,0,1,0,0,1,0,0,0,0,0,0,0,0,0,0,0,0,1,0,0,0,0,0,1,0,0,0,0,0,0,0,0,0,0,0,1,0,0,0,0,0,0,0,0,1,0,0,0,0,0,0,0,0,1,0,0,0,0,0,0,0,0,0,0,0,0,0,0,0,0,0,0,0,0,0,0,0,0,1,0,0,0,0,0,0,0,0,0,0,0,0,0,0,0,0,0,0,0,0,0,0,0,0,0,0,0,0,0,0,0,0,0,0,0,0,0,0,0,0,0,0,0,0,0,0,0,0,0,0,0,0,0,0,0,0,0,0,0,0,0,0,0,0,0,0,0,0,0,0,0,0,0,0,0,0,0,0,0,0,0,0,0,0,0,0
Au,none,14.5,-28.77,RP,100.0,500.0,3000,20,4,metal,rod,water,7.0,24.91,0.378,water,0.166666667,37,2,Neutral,0,1,1,1,1,0,0,0,0,0,1,0,0,0,1,0,0,0,0,0,0,0,0,0,1,0,0,0,0,0,1,0,0,0,0,0,1,0,0,0,0,0,0,0,0,0,0,0,1,0,0,0,0,0,0,0,0,0,0,0,0,0,0,0,0,0,0,0,0,0,0,0,0,1,0,0,0,0,0,0,0,0,0,0,0,0,0,0,0,0,0,0,0,0,0,0,0,0,0,0,0,0,0,0,0,0,0,0,0,0,0,0,0,0,0,0,0,0,0,0,0,0,0,0,0,0,0,0,0,0,0,0,0,0,0,0,0,0,0,0,0,0,0,1,0,0,0,0,0,0,0,0,0,0,0,0,0,0,0,0,0,0,0,0,0,0,0,0,0,0,0,0,0,0,0,0,0,0
Au,none,42.3,-29.33,RP,100.0,500.0,3000,20,4,metal,star,water,7.0,82.09,0.245,water,0.166666667,37,2,Neutral,0,1,1,1,1,0,0,0,0,0,0,0,0,0,1,0,0,0,0,0,0,0,0,0,1,0,0,0,0,0,1,0,0,0,0,0,1,0,0,0,0,1,0,0,0,0,0,0,1,0,0,0,0,0,0,0,0,0,0,0,0,0,0,0,0,0,1,0,0,0,0,0,0,0,0,0,0,0,0,0,0,0,0,0,0,0,0,0,0,0,0,1,0,0,0,0,0,0,0,0,0,0,0,0,0,0,0,0,0,0,0,0,0,0,0,0,0,0,0,0,0,0,0,0,0,0,0,0,0,0,0,0,0,0,0,0,0,0,0,0,0,0,0,0,0,0,0,0,0,0,0,0,0,0,0,0,0,0,0,0,0,0,0,0,0,0,0,0,0,0,0,0,0,0,0,0,0,0
Au,none,42.3,-31.78,RP,100.0,500.0,3000,20,4,metal,star,plasma,7.4,79.98,0.232,water,0.166666667,37,2,Neutral,0,1,1,1,1,0,0,0,0,0,0,0,0,0,1,0,0,0,0,0,0,0,0,0,1,0,0,0,0,0,1,0,0,0,0,0,1,0,0,0,0,1,0,0,0,0,0,0,1,0,0,0,0,0,0,0,0,0,0,0,0,0,0,0,0,0,1,0,0,0,0,0,0,0,0,0,0,0,0,0,0,0,0,0,0,0,0,0,0,0,0,1,0,0,0,0,0,0,0,0,0,0,0,0,0,0,0,0,0,0,0,0,0,0,0,0,0,0,0,0,0,0,0,0,0,0,0,0,0,0,0,0,0,0,0,0,0,0,0,0,0,0,0,0,0,0,0,0,0,0,0,0,0,0,0,0,0,0,0,0,0,0,0,0,0,0,0,0,0,0,0,0,0,0,0,0,0,0
Au,none,71.4,-33.63,RP,100.0,500.0,3000,20,4,metal,star,water,7.0,122.0,0.101,water,0.166666667,37,2,Neutral,0,1,1,1,1,0,0,0,0,0,1,0,0,0,1,0,0,0,0,0,0,0,0,0,1,0,0,0,0,0,0,0,0,0,0,0,1,0,0,0,0,0,0,0,0,0,0,0,1,0,0,0,0,0,0,0,0,0,0,0,0,0,0,0,0,0,0,0,0,0,0,0,0,1,0,0,0,0,0,0,0,0,0,0,0,0,0,0,0,0,0,0,0,0,0,0,0,0,0,0,0,0,0,0,0,0,0,0,0,0,0,0,0,0,0,0,0,0,0,0,0,0,0,0,0,0,0,0,0,0,0,0,0,0,0,0,0,0,0,0,0,0,0,1,0,0,0,0,0,0,0,0,0,0,0,0,0,0,0,0,0,0,0,0,0,0,0,0,0,0,0,0,0,0,0,0,0,0
Au,none,11.2,-36.76,RP,100.0,500.0,3000,20,4,metal,rod,plasma,7.4,83.28,0.315,water,0.166666667,37,2,Neutral,0,1,1,1,1,0,0,0,0,0,0,0,0,0,1,0,0,1,0,0,0,0,0,0,0,0,0,0,0,0,1,0,0,0,0,0,1,0,0,0,0,0,0,0,0,0,0,0,1,0,0,0,0,0,0,0,0,1,0,0,0,0,0,0,0,0,1,0,0,0,0,0,0,0,0,0,0,0,0,0,0,0,0,0,0,0,0,0,0,0,0,1,0,0,0,0,0,0,0,0,0,0,0,0,0,0,0,0,0,0,0,0,0,0,0,0,0,0,0,0,0,0,0,0,0,0,0,0,0,0,0,0,0,0,0,0,0,0,0,0,0,0,0,0,0,0,0,0,0,0,0,0,0,0,0,0,0,0,0,0,0,0,0,0,0,0,0,0,0,0,0,0,0,0,0,0,0,0
